ticker,total,allext_count,nasdaq_count,first_news,last_news,y2009,y2010,y2011,y2012,y2013,y2014,y2015,y2016,y2017,y2018,y2019,y2020,y2021,y2022,y2023,y2024,y2025
A,5117,2369,2748,2009-04-29,2023-12-16,1108,130,278,332,360,264,406,246,276,478,610,250,0,75,304,0,0
AA,7431,2953,4478,2009-08-10,2023-12-16,96,1091,915,656,641,684,496,500,336,436,556,306,174,332,212,0,0
AAAU,7,0,7,2023-01-10,2023-12-05,0,0,0,0,0,0,0,0,0,0,0,0,0,0,7,0,0
AAC,758,379,379,2010-03-25,2019-11-12,0,10,0,4,0,24,194,102,60,162,202,0,0,0,0,0,0
AACG,49,0,49,2018-09-28,2023-08-31,0,0,0,0,0,0,0,0,0,9,14,1,14,9,2,0,0
AADR,141,32,109,2010-07-23,2023-07-10,0,1,2,4,19,15,21,26,24,18,4,6,0,0,1,0,0
AAL,7703,494,7209,2010-03-24,2023-12-16,0,9,2,4,18,288,356,475,627,559,744,1835,912,863,1011,0,0
AAMC,288,132,156,2014-01-02,2023-12-08,0,0,0,0,0,26,99,62,13,28,38,11,0,0,11,0,0
AAME,200,87,113,2010-04-28,2022-09-13,0,8,17,5,5,22,22,18,21,32,29,9,9,3,0,0,0
AAN,3343,1309,2034,2009-08-10,2023-12-11,2,54,126,175,181,455,458,204,470,298,416,358,21,58,67,0,0
AAOI,1722,452,1270,2013-09-11,2023-12-13,0,0,0,0,16,42,94,105,796,329,136,127,12,17,48,0,0
AAON,872,326,546,2009-08-10,2023-12-13,4,22,40,57,39,37,68,96,37,124,146,103,19,31,49,0,0
AAP,5888,2214,3674,2009-08-13,2023-12-13,4,150,265,583,302,532,672,519,571,887,613,266,79,168,277,0,0
AAPL,9811,473,9338,2020-03-09,2023-12-16,0,0,0,0,0,0,0,0,0,0,0,946,0,3094,5771,0,0
AAT,329,0,329,2012-03-05,2023-12-16,0,0,0,8,12,22,57,18,44,27,22,12,19,53,35,0,0
AAU,198,85,113,2009-12-04,2023-03-24,2,18,24,6,0,28,25,33,11,27,18,2,3,0,1,0,0
AAV,254,127,127,2009-08-12,2019-08-02,2,2,32,20,10,6,32,66,22,60,2,0,0,0,0,0,0
AAVL,382,191,191,2014-07-21,2016-05-23,0,0,0,0,0,56,286,40,0,0,0,0,0,0,0,0,0
AAWW,644,322,322,2009-12-12,2020-06-08,4,64,44,38,44,48,38,54,44,54,138,74,0,0,0,0,0
AAXJ,305,76,229,2010-05-19,2023-12-13,0,1,3,15,8,13,17,18,23,13,13,143,15,5,18,0,0
AB,2678,1065,1613,2009-08-07,2023-12-11,30,79,99,149,163,212,241,173,174,342,424,390,39,90,73,0,0
ABAC,144,72,72,2014-08-21,2019-01-16,0,0,0,0,0,6,16,26,16,46,34,0,0,0,0,0,0
ABAX,200,100,100,2014-02-28,2018-09-01,0,0,0,0,0,32,26,38,16,88,0,0,0,0,0,0,0
ABB,2866,1433,1433,2009-11-27,2020-06-03,4,114,76,74,222,208,402,212,190,404,560,400,0,0,0,0,0
ABBV,7204,753,6451,2013-01-02,2023-12-16,0,0,0,0,180,432,528,423,712,863,687,1051,551,809,968,0,0
ABC,1444,722,722,2009-08-10,2020-06-05,32,130,138,82,156,68,120,122,130,156,162,148,0,0,0,0,0
ABCB,391,20,371,2012-05-23,2023-12-14,0,0,0,1,14,12,14,22,15,40,26,86,47,56,58,0,0
ABCD,260,130,130,2011-05-24,2019-09-12,0,0,8,22,10,8,24,30,32,120,6,0,0,0,0,0,0
ABCO,816,408,408,2009-11-25,2017-11-17,2,10,68,130,58,108,114,92,234,0,0,0,0,0,0,0,0
ABCW,74,37,37,2009-12-02,2016-05-03,2,14,6,4,4,2,20,22,0,0,0,0,0,0,0,0,0
ABDC,232,116,116,2014-05-08,2020-05-15,0,0,0,0,0,34,10,14,24,40,100,10,0,0,0,0,0
ABEO,135,0,135,2015-11-04,2023-11-27,0,0,0,0,0,0,2,14,24,17,15,7,14,36,6,0,0
ABEQ,1,0,1,2021-05-03,2021-05-03,0,0,0,0,0,0,0,0,0,0,0,0,1,0,0,0,0
ABEV,953,309,644,2013-12-04,2023-11-15,0,0,0,0,5,45,115,113,107,162,216,60,43,42,45,0,0
ABG,1190,323,867,2010-04-20,2023-12-16,0,21,39,47,70,100,108,48,47,69,207,157,33,146,98,0,0
ABGB,408,204,204,2013-10-17,2016-12-15,0,0,0,0,4,62,296,46,0,0,0,0,0,0,0,0,0
ABIO,252,100,152,2013-12-04,2023-02-08,0,0,0,0,2,0,1,0,2,6,109,118,6,7,1,0,0
ABM,932,139,793,2010-02-25,2023-12-16,0,2,0,21,40,31,42,51,88,161,118,101,52,108,117,0,0
ABMD,478,239,239,2019-03-08,2020-06-05,0,0,0,0,0,0,0,0,0,0,352,126,0,0,0,0,0
ABR,2338,771,1567,2009-10-23,2023-12-16,2,16,20,60,52,65,272,163,144,554,474,184,44,115,173,0,0
ABT,4055,0,4055,2009-11-04,2023-12-16,2,20,61,148,119,122,122,256,340,236,307,543,432,598,749,0,0
ABTL,772,386,386,2010-06-27,2017-10-09,0,12,2,26,64,152,350,70,96,0,0,0,0,0,0,0,0
ABUS,187,0,187,2015-12-28,2023-10-05,0,0,0,0,0,0,1,39,14,9,5,33,30,27,29,0,0
ABX,5734,2867,2867,2009-09-02,2019-08-02,44,264,352,170,754,338,880,1440,646,826,20,0,0,0,0,0,0
ABY,476,238,238,2014-06-02,2017-11-29,0,0,0,0,0,76,222,110,68,0,0,0,0,0,0,0,0
AC,476,0,476,2016-04-26,2023-12-16,0,0,0,0,0,0,0,6,10,8,3,161,134,82,72,0,0
ACA,239,0,239,2018-11-02,2023-12-05,0,0,0,0,0,0,0,0,0,4,26,18,30,83,78,0,0
ACAD,2829,985,1844,2009-07-27,2023-12-13,8,6,29,68,153,47,107,289,275,570,724,182,74,98,199,0,0
ACAS,1138,569,569,2009-09-04,2019-02-10,16,68,78,82,168,162,328,196,30,8,2,0,0,0,0,0,0
ACAT,942,471,471,2010-04-15,2019-10-23,0,18,108,202,78,112,218,124,80,0,2,0,0,0,0,0,0
ACB,2632,0,2632,2018-10-28,2023-12-15,0,0,0,0,0,0,0,0,0,116,1070,772,379,189,106,0,0
ACC,1334,667,667,2009-08-07,2020-06-05,12,38,84,128,74,48,170,150,148,180,198,104,0,0,0,0,0
ACCO,1648,576,1072,2012-04-13,2023-11-22,0,0,0,53,79,231,230,203,231,260,179,103,27,27,25,0,0
ACCU,30,15,15,2012-01-27,2018-12-31,0,0,0,6,4,0,8,0,8,4,0,0,0,0,0,0,0
ACE,1850,925,925,2009-08-12,2020-02-25,8,114,330,336,232,360,434,26,0,0,8,2,0,0,0,0,0
ACEL,72,0,72,2020-05-12,2023-12-13,0,0,0,0,0,0,0,0,0,0,0,7,14,28,23,0,0
ACES,155,0,155,2018-11-01,2023-12-16,0,0,0,0,0,0,0,0,0,2,6,21,48,50,28,0,0
ACET,744,372,372,2010-08-04,2019-05-31,0,22,16,34,36,36,86,92,98,262,62,0,0,0,0,0,0
ACFC,162,81,81,2010-04-06,2018-05-23,0,14,14,10,24,4,36,16,26,18,0,0,0,0,0,0,0
ACFN,264,132,132,2009-11-09,2020-05-13,2,22,30,30,38,38,22,18,2,24,36,2,0,0,0,0,0
ACG,110,55,55,2014-06-25,2019-09-19,0,0,0,0,0,2,38,34,6,10,20,0,0,0,0,0,0
ACGL,2294,539,1755,2009-11-06,2023-12-16,2,38,69,58,82,141,195,214,110,245,399,188,44,205,304,0,0
ACGLO,9014,0,9014,2023-11-28,2023-12-16,0,0,0,0,0,0,0,0,0,0,0,0,0,0,9014,0,0
ACH,1064,532,532,2009-08-13,2020-05-27,4,128,148,158,78,46,72,38,90,112,134,56,0,0,0,0,0
ACHC,2159,811,1348,2011-12-05,2023-12-13,0,0,8,104,204,194,294,184,231,382,246,107,34,78,93,0,0
ACHN,2458,1229,1229,2009-12-16,2020-02-17,12,12,120,318,144,442,474,156,210,226,322,22,0,0,0,0,0
ACHV,42,0,42,2017-10-26,2023-05-31,0,0,0,0,0,0,0,0,1,9,14,11,2,1,4,0,0
ACI,556,0,556,2020-06-25,2023-12-12,0,0,0,0,0,0,0,0,0,0,0,49,84,205,218,0,0
ACIM,78,39,39,2012-03-04,2019-09-20,0,0,0,8,4,4,12,16,10,12,12,0,0,0,0,0,0
ACIO,4,0,4,2020-11-30,2023-09-26,0,0,0,0,0,0,0,0,0,0,0,1,0,0,3,0,0
ACIU,112,0,112,2016-09-13,2023-12-13,0,0,0,0,0,0,0,3,1,11,20,19,23,10,25,0,0
ACIW,1322,520,802,2009-09-14,2023-11-21,2,12,94,62,96,145,98,129,141,135,214,100,38,31,25,0,0
ACLS,1394,318,1076,2009-10-13,2023-12-16,6,15,25,16,31,51,73,43,124,188,183,102,33,268,236,0,0
ACM,2427,790,1637,2009-08-07,2023-12-16,6,26,109,125,145,169,140,159,202,287,441,230,60,156,172,0,0
ACMP,368,184,184,2012-08-05,2016-11-27,0,0,0,78,98,162,26,4,0,0,0,0,0,0,0,0,0
ACMR,216,0,216,2018-01-23,2023-12-16,0,0,0,0,0,0,0,0,0,13,10,25,26,51,91,0,0
ACN,6039,1652,4387,2009-10-01,2023-12-16,62,275,343,393,400,347,366,436,469,432,763,627,277,369,480,0,0
ACNB,193,58,135,2012-02-27,2023-12-16,0,0,0,3,6,5,10,10,12,41,42,22,9,2,31,0,0
ACOR,3224,1383,1841,2009-10-09,2023-10-05,6,80,166,154,166,207,566,281,423,457,542,155,11,7,3,0,0
ACP,1558,757,801,2010-12-01,2023-05-11,0,4,8,4,7,14,198,301,193,456,319,40,11,1,2,0,0
ACPW,390,195,195,2009-10-22,2017-11-22,2,6,36,44,66,60,110,64,2,0,0,0,0,0,0,0,0
ACRE,788,310,478,2012-04-26,2023-12-06,0,0,0,38,63,53,86,108,37,124,131,85,17,21,25,0,0
ACRS,7,0,7,2023-11-13,2023-12-06,0,0,0,0,0,0,0,0,0,0,0,0,0,0,7,0,0
ACRX,1863,840,1023,2011-02-16,2023-08-22,0,0,20,46,87,143,292,130,204,568,213,131,10,10,9,0,0
ACSF,88,44,44,2015-02-04,2018-08-28,0,0,0,0,0,0,10,8,4,66,0,0,0,0,0,0,0
ACSI,49,0,49,2016-12-14,2022-09-23,0,0,0,0,0,0,0,1,13,25,7,0,0,3,0,0,0
ACST,934,419,515,2013-10-02,2023-11-09,0,0,0,0,14,35,52,66,71,158,368,147,11,3,9,0,0
ACT,4185,1760,2425,2013-01-29,2023-12-11,0,0,0,0,629,1848,1382,2,4,46,193,5,4,23,49,0,0
ACTA,254,127,127,2014-09-15,2018-05-23,0,0,0,0,0,16,86,78,66,8,0,0,0,0,0,0,0
ACTG,2149,959,1190,2009-11-09,2023-03-03,4,56,214,428,328,249,253,243,103,114,66,47,19,23,2,0,0
ACTS,174,87,87,2010-08-05,2018-09-20,0,4,12,14,22,26,50,44,0,2,0,0,0,0,0,0,0
ACU,560,248,312,2010-04-12,2023-08-02,0,12,26,22,33,23,75,88,61,89,113,9,6,2,1,0,0
ACUR,586,293,293,2010-02-23,2020-03-30,0,32,68,46,84,58,102,62,40,64,22,8,0,0,0,0,0
ACV,60,0,60,2010-04-20,2023-09-08,0,4,0,0,0,0,6,10,4,12,5,5,13,0,1,0,0
ACWI,479,75,404,2009-11-20,2023-12-16,1,5,0,11,7,20,23,30,44,52,32,160,17,40,37,0,0
ACWV,201,24,177,2011-10-19,2023-12-11,0,0,6,17,10,10,13,25,24,26,12,27,7,10,14,0,0
ACWX,276,75,201,2009-08-15,2023-09-26,1,3,3,4,9,8,7,14,12,19,99,69,11,9,8,0,0
ACXM,948,474,474,2009-08-10,2018-12-30,6,26,80,106,68,112,104,122,86,238,0,0,0,0,0,0,0
ACY,338,169,169,2010-05-13,2020-06-09,0,6,2,12,30,30,46,28,58,44,54,28,0,0,0,0,0
ADAP,236,0,236,2015-04-27,2023-11-30,0,0,0,0,0,0,11,30,44,11,7,29,24,30,50,0,0
ADAT,148,74,74,2009-12-08,2016-10-19,2,10,30,14,18,14,40,20,0,0,0,0,0,0,0,0,0
ADBE,8696,2126,6570,2009-08-17,2023-12-16,53,548,460,326,484,408,506,584,745,876,802,776,417,613,1098,0,0
ADC,2424,897,1527,2009-09-02,2023-12-16,2,54,102,152,234,86,308,198,236,272,294,147,52,131,156,0,0
ADCT,143,0,143,2020-05-15,2023-11-07,0,0,0,0,0,0,0,0,0,0,0,10,20,34,79,0,0
ADEP,308,154,154,2010-04-19,2016-06-02,0,2,10,36,38,82,138,2,0,0,0,0,0,0,0,0,0
ADES,976,407,569,2010-03-26,2023-12-07,0,20,68,65,45,97,186,30,59,151,183,56,6,1,9,0,0
ADGE,152,76,76,2010-06-09,2017-04-13,0,6,10,20,10,34,30,34,8,0,0,0,0,0,0,0,0
ADHD,678,339,339,2013-01-14,2017-11-09,0,0,0,0,54,132,220,132,140,0,0,0,0,0,0,0,0
ADI,6505,2198,4307,2009-08-12,2023-12-16,22,183,268,305,279,397,636,613,808,782,751,317,168,573,403,0,0
ADIL,40,0,40,2017-12-09,2023-10-30,0,0,0,0,0,0,0,0,1,4,4,13,2,9,7,0,0
ADK,346,173,173,2010-06-30,2017-09-20,0,6,32,40,28,50,78,76,36,0,0,0,0,0,0,0,0
ADM,3758,853,2905,2009-08-12,2023-12-16,15,158,259,237,239,270,220,202,221,371,300,269,164,505,328,0,0
ADMA,805,399,406,2014-12-03,2023-12-16,0,0,0,0,0,8,62,60,58,206,254,150,0,0,7,0,0
ADME,6,0,6,2019-12-31,2023-06-22,0,0,0,0,0,0,0,0,0,0,1,1,0,2,2,0,0
ADMP,1046,523,523,2011-09-22,2020-06-08,0,0,2,0,6,12,68,92,122,326,348,70,0,0,0,0,0
ADMS,1334,667,667,2014-03-31,2020-06-08,0,0,0,0,0,100,160,110,188,340,312,124,0,0,0,0,0
ADNC,346,173,173,2012-05-10,2015-07-27,0,0,0,100,80,68,98,0,0,0,0,0,0,0,0,0,0
ADNT,349,0,349,2016-10-31,2023-12-12,0,0,0,0,0,0,0,2,46,46,61,23,37,53,81,0,0
ADP,4648,1681,2967,2009-08-13,2023-12-16,14,126,187,239,224,314,260,302,746,1063,858,266,0,0,49,0,0
ADPT,797,297,500,2009-08-07,2023-12-12,6,18,8,6,0,46,134,80,54,0,156,155,33,44,57,0,0
ADRA,144,72,72,2013-05-07,2019-12-05,0,0,0,0,4,0,0,0,0,92,48,0,0,0,0,0,0
ADRD,102,51,51,2013-03-05,2019-10-13,0,0,0,0,2,0,0,4,28,54,14,0,0,0,0,0,0
ADRE,106,53,53,2012-10-24,2020-02-14,0,0,0,2,2,0,0,0,2,0,98,2,0,0,0,0,0
ADRU,108,54,54,2012-01-13,2019-12-13,0,0,0,4,4,0,0,0,0,0,100,0,0,0,0,0,0
ADS,1874,937,937,2009-06-19,2020-06-08,30,178,244,126,114,122,76,116,88,134,394,252,0,0,0,0,0
ADSK,4245,1371,2874,2009-08-17,2023-12-16,25,182,275,217,235,280,235,275,310,357,762,441,209,230,212,0,0
ADT,1803,616,1187,2012-10-15,2023-12-12,0,0,0,52,187,211,240,149,6,319,311,154,47,59,68,0,0
ADTN,2386,961,1425,2009-11-18,2023-12-06,4,93,243,318,205,185,173,169,160,243,380,69,20,55,69,0,0
ADTX,43,0,43,2020-08-06,2023-12-12,0,0,0,0,0,0,0,0,0,0,0,14,8,6,15,0,0
ADUS,388,0,388,2009-12-31,2023-12-12,1,0,0,7,39,33,28,45,39,17,8,10,27,28,106,0,0
ADVM,128,0,128,2016-06-20,2023-11-02,0,0,0,0,0,0,0,7,8,41,15,15,23,9,10,0,0
ADVS,660,330,330,2010-01-19,2015-10-11,0,38,54,78,190,132,168,0,0,0,0,0,0,0,0,0,0
ADX,493,206,287,2009-11-13,2023-11-28,2,10,18,8,6,9,72,61,63,102,70,35,9,9,19,0,0
ADXN,46,0,46,2020-07-24,2023-11-29,0,0,0,0,0,0,0,0,0,0,0,10,11,18,7,0,0
ADXS,1800,822,978,2011-04-11,2022-10-19,0,0,19,10,86,177,292,168,126,355,441,107,12,7,0,0,0
ADZ,142,71,71,2012-02-09,2019-12-15,0,0,0,2,0,0,0,0,0,0,140,0,0,0,0,0,0
AE,524,135,389,2010-06-08,2023-10-26,0,7,36,24,17,6,32,55,101,120,49,29,5,27,16,0,0
AEB,10,5,5,2012-04-15,2019-07-17,0,0,0,2,4,0,0,0,2,0,2,0,0,0,0,0,0
AEC,200,100,100,2012-06-25,2018-07-26,0,0,0,24,16,68,90,0,0,2,0,0,0,0,0,0,0
AED,16,8,8,2015-05-13,2019-05-14,0,0,0,0,0,0,6,2,2,4,2,0,0,0,0,0,0
AEE,3605,1235,2370,2009-10-27,2023-12-16,1,74,169,309,256,241,266,243,255,741,428,230,60,140,192,0,0
AEF,18,0,18,2012-11-26,2023-11-10,0,0,0,1,0,0,0,0,0,0,1,2,8,1,5,0,0
AEFC,2,0,2,2021-11-30,2022-10-20,0,0,0,0,0,0,0,0,0,0,0,0,1,1,0,0,0
AEG,1374,465,909,2009-08-16,2023-12-16,6,40,75,55,144,110,102,136,87,151,183,155,26,48,56,0,0
AEGN,944,472,472,2009-11-27,2020-05-20,2,0,18,56,132,152,54,78,78,120,212,42,0,0,0,0,0
AEGR,704,352,352,2011-03-28,2016-11-30,0,0,36,106,160,108,146,148,0,0,0,0,0,0,0,0,0
AEH,6,3,3,2013-08-31,2019-01-10,0,0,0,0,2,0,0,0,0,0,4,0,0,0,0,0,0
AEHR,646,228,418,2010-04-01,2023-12-16,0,3,0,12,6,0,20,28,105,107,155,53,24,21,112,0,0
AEIS,1151,328,823,2009-10-21,2023-12-12,6,34,81,48,102,133,66,78,166,137,96,60,40,42,62,0,0
AEL,1944,612,1332,2009-08-10,2023-12-13,2,9,34,46,144,121,229,114,231,345,179,187,28,102,173,0,0
AEM,1999,520,1479,2009-07-27,2023-12-12,33,110,126,149,172,158,110,147,105,136,193,198,79,105,178,0,0
AEMD,61,0,61,2012-04-09,2023-10-31,0,0,0,12,3,0,2,3,7,6,0,14,11,1,2,0,0
AEO,9851,3491,6360,2009-10-08,2023-12-16,44,525,680,891,617,744,1601,949,756,950,752,386,167,228,561,0,0
AEP,1637,0,1637,2009-10-09,2023-12-16,1,6,26,75,109,135,142,110,131,141,100,75,87,279,220,0,0
AEPI,222,111,111,2009-10-09,2017-06-14,4,4,18,16,38,16,26,84,16,0,0,0,0,0,0,0,0
AER,879,436,443,2009-08-13,2023-12-13,2,36,52,36,58,36,82,68,90,58,172,182,0,0,7,0,0
AERI,440,220,220,2017-10-03,2020-06-01,0,0,0,0,0,0,0,0,54,98,184,104,0,0,0,0,0
AES,4150,1525,2625,2009-08-10,2023-12-16,10,104,278,445,374,220,294,290,340,560,538,318,79,139,161,0,0
AESR,1,0,1,2020-04-22,2020-04-22,0,0,0,0,0,0,0,0,0,0,0,1,0,0,0,0,0
AET,5646,2823,2823,2009-10-13,2020-02-11,28,240,310,332,264,426,1248,812,976,976,32,2,0,0,0,0,0
AETI,250,125,125,2010-04-27,2019-07-24,0,2,6,12,8,22,8,34,20,90,48,0,0,0,0,0,0
AEY,383,184,199,2010-05-11,2023-08-21,0,8,14,28,10,7,34,40,28,67,58,77,9,2,1,0,0
AEYE,81,0,81,2018-12-14,2023-09-04,0,0,0,0,0,0,0,0,0,1,19,6,14,18,23,0,0
AEZS,1398,618,780,2009-09-16,2023-12-11,5,31,70,116,82,43,183,119,258,208,193,64,7,8,11,0,0
AF,596,298,298,2009-08-10,2018-02-27,10,46,70,110,44,52,100,80,80,4,0,0,0,0,0,0,0
AFA,4,2,2,2014-09-10,2016-06-29,0,0,0,0,0,2,0,2,0,0,0,0,0,0,0,0,0
AFAM,852,426,426,2010-01-26,2018-10-29,0,20,120,76,42,196,176,78,90,54,0,0,0,0,0,0,0
AFB,779,347,432,2010-10-13,2023-05-25,0,2,3,7,11,12,57,133,86,238,165,48,12,1,4,0,0
AFC,34,17,17,2011-07-27,2020-05-13,0,0,4,0,0,0,4,0,0,2,18,6,0,0,0,0,0
AFCB,42,21,21,2012-04-18,2018-07-25,0,0,0,6,2,2,10,0,4,18,0,0,0,0,0,0,0
AFFX,1310,655,655,2009-08-10,2016-04-02,8,46,112,82,40,348,516,158,0,0,0,0,0,0,0,0,0
AFG,2541,795,1746,2009-08-10,2023-12-13,8,26,44,115,103,205,233,231,303,516,273,114,58,215,97,0,0
AFGB,1,0,1,2023-08-03,2023-08-03,0,0,0,0,0,0,0,0,0,0,0,0,0,0,1,0,0
AFGC,1,0,1,2023-08-03,2023-08-03,0,0,0,0,0,0,0,0,0,0,0,0,0,0,1,0,0
AFGD,8399,0,8399,2023-11-30,2023-12-16,0,0,0,0,0,0,0,0,0,0,0,0,0,0,8399,0,0
AFGE,2,1,1,2019-03-23,2019-03-23,0,0,0,0,0,0,0,0,0,0,2,0,0,0,0,0,0
AFH,662,331,331,2013-02-12,2020-06-05,0,0,0,0,28,162,34,34,108,148,128,20,0,0,0,0,0
AFIF,2,0,2,2019-08-23,2020-04-14,0,0,0,0,0,0,0,0,0,0,1,1,0,0,0,0,0
AFK,415,161,254,2009-06-09,2022-09-28,7,35,45,43,18,8,55,57,52,50,38,0,4,3,0,0,0
AFL,5471,2051,3420,2009-08-16,2023-12-15,14,160,250,440,515,277,539,606,409,777,661,309,73,171,270,0,0
AFLG,7,0,7,2022-08-12,2023-04-27,0,0,0,0,0,0,0,0,0,0,0,0,0,4,3,0,0
AFM,14,7,7,2014-12-04,2016-07-06,0,0,0,0,0,2,4,8,0,0,0,0,0,0,0,0,0
AFMC,7,0,7,2022-06-13,2023-10-12,0,0,0,0,0,0,0,0,0,0,0,0,0,5,2,0,0
AFMD,1058,449,609,2014-09-02,2023-10-25,0,0,0,0,0,24,153,73,105,374,193,55,25,32,24,0,0
AFOP,600,300,300,2010-07-23,2016-06-06,0,10,14,26,168,192,134,56,0,0,0,0,0,0,0,0,0
AFSI,670,335,335,2010-01-11,2019-08-04,0,24,50,14,52,72,56,48,142,202,10,0,0,0,0,0,0
AFSM,5,0,5,2021-06-09,2023-07-19,0,0,0,0,0,0,0,0,0,0,0,0,1,2,2,0,0
AFT,407,179,228,2011-02-04,2023-12-13,0,0,2,6,10,15,15,31,22,138,125,25,11,0,7,0,0
AFTY,5,0,5,2015-03-16,2019-04-18,0,0,0,0,0,0,2,0,1,1,1,0,0,0,0,0,0
AFYA,126,0,126,2019-07-12,2023-12-11,0,0,0,0,0,0,0,0,0,0,4,8,12,31,71,0,0
AG,3198,1342,1856,2009-08-07,2023-12-04,46,12,101,98,77,74,194,369,143,268,818,818,62,53,65,0,0
AGA,930,465,465,2009-10-26,2019-12-15,6,14,50,8,0,10,90,126,60,280,286,0,0,0,0,0,0
AGBA,8,0,8,2020-12-10,2023-09-22,0,0,0,0,0,0,0,0,0,0,0,1,0,1,6,0,0
AGBAW,1,0,1,2020-11-30,2020-11-30,0,0,0,0,0,0,0,0,0,0,0,1,0,0,0,0,0
AGC,102,51,51,2017-10-02,2019-09-07,0,0,0,0,0,0,0,0,14,68,20,0,0,0,0,0,0
AGCO,3869,1448,2421,2009-08-10,2023-12-07,10,65,199,320,290,284,496,261,663,275,469,146,55,193,143,0,0
AGD,357,140,217,2009-08-12,2023-05-11,2,0,0,5,11,9,31,32,42,100,74,33,11,4,3,0,0
AGE,24,0,24,2018-12-17,2023-11-17,0,0,0,0,0,0,0,0,0,1,5,11,1,3,3,0,0
AGEN,2081,792,1289,2009-08-07,2023-12-16,4,10,57,80,170,284,254,155,284,286,226,138,34,55,44,0,0
AGF,104,52,52,2012-02-09,2019-12-15,0,0,0,4,0,0,0,0,0,0,100,0,0,0,0,0,0
AGG,4829,2029,2800,2009-09-30,2023-12-12,9,56,111,99,81,85,531,1106,603,750,775,405,50,56,112,0,0
AGGY,22,0,22,2017-07-11,2023-09-25,0,0,0,0,0,0,0,0,1,3,1,2,7,3,5,0,0
AGI,766,0,766,2010-04-15,2023-12-16,0,3,0,0,9,39,54,130,139,77,52,58,39,20,146,0,0
AGII,520,260,260,2010-01-11,2018-05-06,0,18,66,32,40,50,114,60,104,36,0,0,0,0,0,0,0
AGIO,2085,863,1222,2013-07-12,2023-12-05,0,0,0,0,37,167,408,318,263,366,377,121,0,0,28,0,0
AGLS,16,8,8,2014-06-04,2015-08-04,0,0,0,0,0,8,8,0,0,0,0,0,0,0,0,0,0
AGM,764,244,520,2009-12-03,2023-12-16,2,14,12,65,30,43,75,64,66,106,110,47,18,23,89,0,0
AGM-A,8507,0,8507,2023-11-30,2023-12-16,0,0,0,0,0,0,0,0,0,0,0,0,0,0,8507,0,0
AGM.A,20,10,10,2019-11-14,2020-05-29,0,0,0,0,0,0,0,0,0,0,4,16,0,0,0,0,0
AGMH,8,0,8,2018-06-04,2023-07-27,0,0,0,0,0,0,0,0,0,1,2,0,4,0,1,0,0
AGN,4834,2417,2417,2009-10-05,2020-05-22,6,170,158,128,218,1072,600,936,474,438,500,134,0,0,0,0,0
AGNC,3279,961,2318,2009-08-13,2023-12-16,2,100,133,174,143,119,139,156,152,524,681,297,137,263,259,0,0
AGNCB,84,42,42,2017-10-20,2019-11-03,0,0,0,0,0,0,0,0,2,44,38,0,0,0,0,0,0
AGNCM,2,0,2,2023-02-28,2023-03-24,0,0,0,0,0,0,0,0,0,0,0,0,0,0,2,0,0
AGNCN,2,0,2,2023-02-28,2023-03-24,0,0,0,0,0,0,0,0,0,0,0,0,0,0,2,0,0
AGNCO,2,0,2,2023-02-28,2023-03-24,0,0,0,0,0,0,0,0,0,0,0,0,0,0,2,0,0
AGNCP,8,0,8,2020-10-26,2023-09-21,0,0,0,0,0,0,0,0,0,0,0,1,1,4,2,0,0
AGND,22,11,11,2016-11-23,2019-03-26,0,0,0,0,0,0,0,2,0,18,2,0,0,0,0,0,0
AGO,2425,963,1462,2009-08-10,2023-12-11,18,131,197,122,317,170,513,153,152,223,255,84,23,23,44,0,0
AGOL,106,53,53,2011-05-01,2015-11-30,0,0,6,0,0,0,100,0,0,0,0,0,0,0,0,0,0
AGQ,2820,1385,1435,2009-04-08,2023-08-29,23,172,237,83,39,17,160,241,257,902,669,6,3,4,7,0,0
AGR,446,0,446,2016-02-17,2023-11-28,0,0,0,0,0,0,0,46,64,46,32,36,59,81,82,0,0
AGRO,870,306,564,2011-01-24,2023-12-16,0,0,42,58,31,54,119,114,54,98,129,44,32,39,56,0,0
AGRX,1127,517,610,2014-03-17,2023-09-28,0,0,0,0,0,53,97,55,184,179,332,198,8,13,8,0,0
AGS,223,0,223,2012-05-16,2023-12-12,0,0,0,3,0,0,0,0,0,14,32,7,12,54,101,0,0
AGTC,910,455,455,2014-01-10,2020-05-28,0,0,0,0,0,52,138,106,64,210,174,166,0,0,0,0,0
AGU,3130,1565,1565,2009-09-14,2019-10-26,32,256,382,574,450,262,416,498,248,8,4,0,0,0,0,0,0
AGX,741,304,437,2009-08-07,2023-11-15,8,4,22,71,22,30,67,110,112,129,99,33,14,6,14,0,0
AGYS,693,283,410,2009-11-04,2023-12-16,2,36,69,72,45,12,44,44,27,66,101,79,14,36,46,0,0
AGZ,105,50,55,2010-02-16,2023-11-10,0,1,0,0,0,0,1,0,0,0,80,20,1,0,2,0,0
AGZD,95,30,65,2013-12-23,2023-07-07,0,0,0,0,1,11,31,15,10,14,4,0,3,5,1,0,0
AHC,438,219,219,2009-10-30,2020-06-05,2,8,10,44,24,50,50,54,24,78,62,32,0,0,0,0,0
AHCO,133,0,133,2020-05-06,2023-12-10,0,0,0,0,0,0,0,0,0,0,0,16,31,36,50,0,0
AHGP,708,354,354,2009-12-23,2018-05-25,4,26,42,14,44,56,154,152,136,80,0,0,0,0,0,0,0
AHH,934,355,579,2013-03-26,2023-11-02,0,0,0,0,33,41,205,99,66,158,163,89,17,33,30,0,0
AHL,1206,603,603,2009-08-10,2019-10-22,4,38,72,90,136,360,96,82,118,172,38,0,0,0,0,0,0
AHP,660,330,330,2013-12-03,2018-04-18,0,0,0,0,4,34,196,256,124,46,0,0,0,0,0,0,0
AHPI,404,190,214,2010-11-05,2022-09-28,0,2,2,2,6,20,0,8,24,40,11,277,10,2,0,0,0
AHT,2316,918,1398,2010-01-05,2023-11-22,0,34,98,93,99,208,624,276,153,216,299,111,50,30,25,0,0
AI,4103,966,3137,2009-08-12,2023-12-16,2,12,27,82,69,193,268,389,557,635,417,398,158,146,750,0,0
AIA,246,59,187,2009-10-13,2023-12-11,1,0,12,20,7,11,5,6,6,29,66,20,14,16,33,0,0
AIB,318,159,159,2009-08-10,2013-12-17,20,172,116,0,10,0,0,0,0,0,0,0,0,0,0,0,0
AIC,7,0,7,2015-11-24,2021-01-15,0,0,0,0,0,0,1,3,1,1,0,0,1,0,0,0,0
AIEQ,32,0,32,2017-10-26,2023-11-29,0,0,0,0,0,0,0,0,2,6,3,0,0,1,20,0,0
AIF,1554,743,811,2013-05-15,2023-12-07,0,0,0,0,6,22,206,284,183,462,329,31,19,3,9,0,0
AIG,6861,1698,5163,2009-10-21,2023-12-16,8,55,585,821,842,665,713,663,587,461,296,481,153,218,313,0,0
AIH,7,0,7,2019-10-25,2021-11-29,0,0,0,0,0,0,0,0,0,0,1,1,5,0,0,0,0
AIHS,9,0,9,2019-06-18,2021-09-27,0,0,0,0,0,0,0,0,0,0,3,3,3,0,0,0,0
AIM,36,0,36,2019-09-19,2023-11-08,0,0,0,0,0,0,0,0,0,0,4,18,7,5,2,0,0
AIMC,960,480,480,2010-01-19,2020-05-21,0,20,22,38,26,22,14,38,156,380,174,70,0,0,0,0,0
AIN,1197,415,782,2010-05-20,2023-12-11,0,28,28,31,64,23,164,87,50,146,381,87,29,36,43,0,0
AINC,442,189,253,2014-11-17,2023-10-03,0,0,0,0,0,10,34,59,35,113,124,31,2,20,14,0,0
AINV,668,323,345,2009-08-12,2023-12-05,14,48,54,46,46,38,34,32,22,42,182,88,0,3,19,0,0
AIO,27,0,27,2019-12-17,2023-09-07,0,0,0,0,0,0,0,0,0,0,2,5,13,3,4,0,0
AIQ,371,151,220,2010-07-12,2023-12-11,0,46,51,38,22,11,44,47,24,26,9,6,5,0,42,0,0
AIR,4627,945,3682,2009-09-08,2023-12-16,8,94,161,285,131,183,235,204,170,304,572,562,563,589,566,0,0
AIRG,113,0,113,2016-07-15,2023-12-16,0,0,0,0,0,0,0,18,11,3,10,12,14,28,17,0,0
AIRM,394,197,197,2010-03-11,2017-08-24,0,20,34,44,54,48,44,66,84,0,0,0,0,0,0,0,0
AIRR,258,0,258,2014-03-13,2023-12-05,0,0,0,0,0,46,42,44,63,28,6,1,0,7,21,0,0
AIRT,281,131,150,2010-03-15,2023-11-09,0,12,2,26,19,29,32,41,22,48,33,8,5,2,2,0,0
AIT,2354,663,1691,2010-03-04,2023-12-16,0,20,100,151,87,57,116,159,258,546,206,77,30,299,248,0,0
AIV,1440,515,925,2009-10-21,2023-12-11,2,42,66,99,55,84,125,93,81,270,326,147,17,15,18,0,0
AIW,10,5,5,2019-03-26,2019-12-02,0,0,0,0,0,0,0,0,0,0,10,0,0,0,0,0,0
AIXG,360,180,180,2011-05-06,2017-02-25,0,0,30,38,12,20,92,160,8,0,0,0,0,0,0,0,0
AIY,8,4,4,2018-09-29,2019-08-21,0,0,0,0,0,0,0,0,0,2,6,0,0,0,0,0,0
AIZ,3020,999,2021,2010-02-03,2023-12-16,0,54,120,268,300,200,397,203,258,299,329,175,50,146,221,0,0
AJG,2529,1261,1268,2009-12-09,2023-12-16,2,30,128,168,162,266,288,138,194,466,486,194,0,0,7,0,0
AJX,83,0,83,2015-01-05,2023-10-23,0,0,0,0,0,0,9,10,2,6,3,9,9,15,20,0,0
AJXA,2,0,2,2023-08-03,2023-11-01,0,0,0,0,0,0,0,0,0,0,0,0,0,0,2,0,0
AKAM,2085,320,1765,2009-11-06,2023-12-15,1,23,31,28,76,93,99,100,141,122,441,384,134,113,299,0,0
AKAO,1282,641,641,2014-02-25,2019-06-17,0,0,0,0,0,44,80,222,210,582,144,0,0,0,0,0,0
AKBA,479,140,339,2014-03-07,2023-11-27,0,0,0,0,0,8,14,16,32,14,180,143,15,16,41,0,0
AKER,756,378,378,2014-03-12,2020-05-26,0,0,0,0,0,46,82,88,80,252,104,104,0,0,0,0,0
AKG,638,319,319,2013-12-17,2020-04-30,0,0,0,0,4,38,168,100,124,94,80,30,0,0,0,0,0
AKO-A,8191,0,8191,2023-11-30,2023-12-16,0,0,0,0,0,0,0,0,0,0,0,0,0,0,8191,0,0
AKO-B,6815,0,6815,2023-11-30,2023-12-16,0,0,0,0,0,0,0,0,0,0,0,0,0,0,6815,0,0
AKO.A,20,10,10,2017-02-14,2019-11-12,0,0,0,0,0,0,0,0,2,8,10,0,0,0,0,0,0
AKO.B,86,43,43,2011-06-01,2020-04-24,0,0,4,2,2,4,6,8,18,10,22,10,0,0,0,0,0
AKP,110,55,55,2017-06-23,2019-06-28,0,0,0,0,0,0,0,0,4,74,32,0,0,0,0,0,0
AKR,1170,450,720,2010-08-10,2023-12-06,0,16,32,52,101,110,215,110,87,138,136,68,16,34,55,0,0
AKRO,201,0,201,2019-06-19,2023-12-16,0,0,0,0,0,0,0,0,0,0,5,14,6,35,141,0,0
AKRX,3000,1500,1500,2009-11-04,2020-06-03,2,28,124,168,176,540,454,284,282,404,398,140,0,0,0,0,0
AKS,6294,3147,3147,2009-10-27,2020-04-15,18,456,590,676,426,528,618,708,816,772,606,80,0,0,0,0,0
AKTS,78,0,78,2017-12-18,2023-11-22,0,0,0,0,0,0,0,0,1,7,6,6,21,17,20,0,0
AKTX,119,0,119,2016-04-01,2023-12-13,0,0,0,0,0,0,0,10,72,12,12,5,2,4,2,0,0
AL,2654,1039,1615,2010-05-26,2023-12-16,0,1,56,126,199,252,247,177,277,348,491,240,47,104,89,0,0
ALB,5866,1691,4175,2009-12-14,2023-12-16,2,80,208,130,168,162,398,412,522,815,853,426,231,725,734,0,0
ALC,7,0,7,2023-11-13,2023-12-11,0,0,0,0,0,0,0,0,0,0,0,0,0,0,7,0,0
ALCO,534,208,326,2010-01-20,2023-12-15,0,9,12,68,43,36,81,35,44,47,42,35,19,36,27,0,0
ALD,268,134,134,2009-10-26,2019-08-21,4,12,58,66,44,0,12,36,14,14,8,0,0,0,0,0,0
ALDR,120,60,60,2019-08-05,2020-02-17,0,0,0,0,0,0,0,0,0,0,116,4,0,0,0,0,0
ALDW,768,384,384,2012-11-09,2018-02-07,0,0,0,12,30,104,394,106,108,14,0,0,0,0,0,0,0
ALDX,669,252,417,2014-03-17,2023-12-16,0,0,0,0,0,10,72,42,40,104,208,116,22,16,39,0,0
ALE,1800,652,1148,2009-08-10,2023-12-16,2,4,70,59,302,198,193,148,184,155,240,75,29,55,86,0,0
ALEC,102,0,102,2019-07-18,2023-12-14,0,0,0,0,0,0,0,0,0,0,6,19,29,14,34,0,0
ALEX,896,349,547,2010-02-04,2023-12-16,0,20,58,92,32,71,115,106,57,89,91,84,22,25,34,0,0
ALFA,118,59,59,2012-05-31,2020-02-11,0,0,0,8,6,0,50,14,20,4,14,2,0,0,0,0,0
ALG,1476,473,1003,2010-01-11,2023-12-16,0,4,18,73,283,251,87,73,121,143,140,57,29,22,175,0,0
ALGN,5847,1830,4017,2010-01-28,2023-12-16,0,38,65,140,225,234,277,341,1352,1241,806,430,140,201,357,0,0
ALGT,3856,1524,2332,2009-09-14,2023-12-13,6,43,72,196,112,199,696,379,304,581,692,250,29,87,210,0,0
ALIM,1024,450,574,2010-06-09,2023-10-26,0,35,70,60,72,123,126,127,76,70,149,60,10,23,23,0,0
ALJ,968,484,484,2009-08-09,2018-02-15,4,110,50,74,94,92,264,196,82,2,0,0,0,0,0,0,0
ALJJ,15,0,15,2020-05-18,2022-01-29,0,0,0,0,0,0,0,0,0,0,0,8,6,1,0,0,0
ALK,8992,3362,5630,2009-08-10,2023-12-16,6,106,213,314,497,702,1561,1317,873,924,914,747,162,212,444,0,0
ALKS,4292,1565,2727,2009-11-18,2023-12-12,2,114,150,124,362,551,314,291,265,687,691,178,67,358,138,0,0
ALL,4759,1611,3148,2009-08-10,2023-12-15,20,241,277,259,223,202,593,385,411,600,647,385,132,186,198,0,0
ALLB,22,11,11,2011-12-14,2015-03-09,0,0,2,0,8,0,12,0,0,0,0,0,0,0,0,0,0
ALLE,2059,654,1405,2013-12-02,2023-12-16,0,0,0,0,12,158,313,199,211,335,306,150,47,97,231,0,0
ALLK,92,0,92,2018-07-20,2023-12-16,0,0,0,0,0,0,0,0,0,3,19,12,23,22,13,0,0
ALLO,271,0,271,2018-10-05,2023-12-08,0,0,0,0,0,0,0,0,0,4,8,22,34,29,174,0,0
ALLT,1274,560,714,2009-11-11,2023-11-16,2,15,149,263,122,113,177,69,47,92,117,57,14,20,17,0,0
ALLY,1770,885,885,2011-07-27,2020-06-05,0,0,6,28,14,134,232,152,222,336,464,182,0,0,0,0,0
ALNY,1614,240,1374,2010-12-10,2023-12-15,0,1,6,26,37,60,129,76,136,127,353,312,87,108,156,0,0
ALOG,904,452,452,2009-12-09,2018-06-21,4,20,70,108,100,156,122,90,116,118,0,0,0,0,0,0,0
ALOT,528,234,294,2011-03-15,2023-12-06,0,0,16,18,32,28,50,52,56,123,103,28,10,5,7,0,0
ALPN,113,0,113,2017-08-02,2023-12-16,0,0,0,0,0,0,0,0,2,1,2,11,13,29,55,0,0
ALQA,484,242,242,2013-07-19,2019-05-06,0,0,0,0,6,26,74,72,90,134,82,0,0,0,0,0,0
ALR,1624,812,812,2010-11-17,2018-02-26,0,36,152,126,268,198,158,464,216,6,0,0,0,0,0,0,0
ALRM,487,0,487,2015-05-22,2023-12-16,0,0,0,0,0,0,22,87,84,83,85,28,33,29,36,0,0
ALRN,33,0,33,2017-06-02,2023-04-04,0,0,0,0,0,0,0,0,5,0,4,6,7,7,4,0,0
ALRS,148,0,148,2013-09-03,2023-12-15,0,0,0,0,1,0,0,0,0,0,3,14,30,58,42,0,0
ALSK,598,299,299,2009-09-23,2020-06-08,4,40,100,56,50,40,50,60,56,62,64,16,0,0,0,0,0
ALSN,3381,1115,2266,2012-03-12,2023-12-13,0,0,0,114,83,192,332,254,498,930,428,127,48,165,210,0,0
ALT,229,0,229,2009-11-18,2023-12-13,1,4,1,1,4,0,0,0,1,14,16,69,35,46,37,0,0
ALTG,56,0,56,2020-05-15,2023-11-29,0,0,0,0,0,0,0,0,0,0,0,1,10,22,23,0,0
ALTL,8,4,4,2012-09-07,2015-06-25,0,0,0,6,0,0,2,0,0,0,0,0,0,0,0,0,0
ALTR,2681,1063,1618,2009-10-13,2023-12-11,16,212,317,193,142,163,765,18,36,298,299,79,16,63,64,0,0
ALTS,34,17,17,2014-10-21,2019-01-04,0,0,0,0,0,2,8,4,16,2,2,0,0,0,0,0,0
ALTV,56,28,28,2014-05-09,2015-12-22,0,0,0,0,0,12,44,0,0,0,0,0,0,0,0,0,0
ALTY,22,0,22,2015-07-31,2022-09-02,0,0,0,0,0,0,3,1,4,5,2,0,3,4,0,0,0
ALU,2398,1199,1199,2009-08-10,2018-01-03,16,184,308,332,376,294,798,82,6,2,0,0,0,0,0,0,0
ALV,2884,1090,1794,2009-11-17,2023-12-16,6,76,108,173,163,156,317,342,336,416,372,126,51,87,155,0,0
ALX,538,182,356,2009-11-05,2023-12-12,6,9,51,33,29,19,47,47,33,68,54,36,18,48,40,0,0
ALXA,606,303,303,2009-08-27,2016-06-24,2,48,102,204,70,42,84,54,0,0,0,0,0,0,0,0,0
ALXN,1874,937,937,2016-03-03,2020-06-08,0,0,0,0,0,0,0,308,292,194,660,420,0,0,0,0,0
AM,2742,1023,1719,2009-05-22,2023-12-13,50,48,125,175,95,59,109,275,200,350,698,226,66,112,154,0,0
AMAG,1560,780,780,2015-01-21,2020-05-29,0,0,0,0,0,0,448,132,152,338,384,106,0,0,0,0,0
AMAL,159,0,159,2018-08-09,2023-12-13,0,0,0,0,0,0,0,0,0,19,18,5,17,61,39,0,0
AMAT,5396,958,4438,2010-04-15,2023-12-16,0,20,36,72,97,100,202,510,982,729,585,723,357,377,606,0,0
AMBA,1825,279,1546,2012-09-26,2023-12-11,0,0,0,3,8,124,198,224,218,177,379,130,90,132,142,0,0
AMBC,857,362,495,2013-05-01,2023-12-13,0,0,0,0,20,50,110,200,112,155,99,50,12,21,28,0,0
AMBO,35,0,35,2010-08-17,2022-11-23,0,2,2,3,0,0,0,0,0,5,0,14,3,6,0,0,0
AMBR,420,210,210,2014-03-05,2019-07-08,0,0,0,0,0,66,80,54,26,104,90,0,0,0,0,0,0
AMC,6128,1071,5057,2011-07-01,2023-12-15,0,0,4,3,15,138,284,335,440,719,568,674,1766,732,450,0,0
AMCC,334,167,167,2010-04-30,2017-01-26,0,16,46,38,40,56,36,96,6,0,0,0,0,0,0,0,0
AMCF,86,43,43,2010-01-15,2019-12-23,0,16,32,8,4,12,10,0,0,0,4,0,0,0,0,0,0
AMCO,46,23,23,2014-04-16,2020-03-27,0,0,0,0,0,6,24,12,0,0,0,4,0,0,0,0,0
AMCX,640,320,320,2015-02-26,2020-06-10,0,0,0,0,0,0,120,178,78,96,90,78,0,0,0,0,0
AMD,9459,250,9209,2016-12-12,2024-01-09,0,0,0,0,0,0,0,34,1389,926,905,1299,812,1864,2160,70,0
AMDA,438,219,219,2014-01-29,2018-10-31,0,0,0,0,0,40,52,146,64,136,0,0,0,0,0,0,0
AME,3014,1059,1955,2010-01-26,2023-12-12,0,52,93,159,175,218,239,191,261,587,504,221,58,96,160,0,0
AMED,1375,299,1076,2010-02-01,2023-11-25,0,8,4,20,12,109,158,122,166,302,188,115,49,46,76,0,0
AMEH,109,0,109,2015-08-26,2023-12-13,0,0,0,0,0,0,1,0,0,5,1,1,22,32,47,0,0
AMFW,136,68,68,2014-12-10,2017-07-12,0,0,0,0,0,8,24,60,44,0,0,0,0,0,0,0,0
AMG,727,0,727,2010-04-20,2023-12-12,0,1,1,6,33,67,63,72,66,72,58,43,52,86,107,0,0
AMGN,5417,159,5258,2010-02-09,2023-12-16,0,12,37,96,161,387,510,475,600,494,415,581,330,558,761,0,0
AMH,1377,505,872,2013-07-19,2023-12-12,0,0,0,0,55,81,150,162,132,233,220,155,31,64,94,0,0
AMIC,116,58,58,2010-03-15,2016-10-11,0,4,8,20,16,10,18,40,0,0,0,0,0,0,0,0,0
AMID,1164,582,582,2011-07-18,2019-12-06,0,0,18,30,24,82,154,274,114,308,160,0,0,0,0,0,0
AMJ,1213,514,699,2009-10-05,2023-10-18,6,85,83,93,58,54,140,171,108,217,87,66,28,11,6,0,0
AMKR,686,79,607,2010-08-31,2023-12-12,0,3,1,6,19,40,49,121,36,26,44,169,59,52,61,0,0
AMLP,331,0,331,2010-09-07,2023-12-12,0,1,1,7,40,50,22,0,0,7,2,5,43,82,71,0,0
AMN,1305,0,1305,2011-02-24,2023-12-08,0,0,6,0,0,0,0,11,28,61,23,25,44,911,196,0,0
AMNA,13,0,13,2021-09-15,2023-02-24,0,0,0,0,0,0,0,0,0,0,0,0,8,4,1,0,0
AMNB,423,146,277,2010-10-29,2023-10-31,0,12,12,13,31,18,16,34,42,89,84,34,12,17,9,0,0
AMOM,22,0,22,2020-12-03,2023-12-11,0,0,0,0,0,0,0,0,0,0,0,1,4,0,17,0,0
AMOT,184,92,92,2010-10-28,2020-04-30,0,8,2,6,6,18,10,12,12,26,64,20,0,0,0,0,0
AMOV,112,56,56,2009-12-07,2020-05-31,2,6,8,0,0,26,16,6,12,20,4,12,0,0,0,0,0
AMP,3258,1629,1629,2009-09-30,2020-06-08,10,108,184,320,312,226,378,278,244,450,536,212,0,0,0,0,0
AMPE,935,430,505,2011-05-31,2023-08-31,0,0,42,105,54,88,101,43,85,248,107,46,9,5,2,0,0
AMPH,631,158,473,2010-03-02,2023-12-12,0,32,0,0,0,18,21,61,30,105,142,48,17,45,112,0,0
AMPS,24,12,12,2012-02-24,2018-11-04,0,0,0,10,2,0,8,0,2,2,0,0,0,0,0,0,0
AMPY,94,0,94,2019-08-30,2023-12-11,0,0,0,0,0,0,0,0,0,0,2,12,26,18,36,0,0
AMRB,200,100,100,2009-07-27,2020-04-16,2,24,4,10,6,8,16,10,18,22,42,38,0,0,0,0,0
AMRC,1067,407,660,2011-03-07,2023-12-13,0,0,41,39,51,73,141,100,66,163,130,113,26,54,70,0,0
AMRE,140,70,70,2012-08-21,2015-02-03,0,0,0,16,30,82,12,0,0,0,0,0,0,0,0,0,0
AMRI,320,160,160,2011-04-07,2018-02-21,0,0,22,18,52,76,34,42,74,2,0,0,0,0,0,0,0
AMRK,331,162,169,2014-03-12,2023-11-17,0,0,0,0,0,6,44,48,56,66,76,28,0,0,7,0,0
AMRN,287,140,147,2019-12-13,2023-12-13,0,0,0,0,0,0,0,0,0,0,36,244,0,0,7,0,0
AMRS,120,60,60,2019-12-11,2020-06-05,0,0,0,0,0,0,0,0,0,0,10,110,0,0,0,0,0
AMS,7,0,7,2023-02-07,2023-10-31,0,0,0,0,0,0,0,0,0,0,0,0,0,0,7,0,0
AMSC,278,40,238,2010-02-08,2023-12-11,0,10,13,4,3,1,5,11,11,15,47,66,19,24,49,0,0
AMSF,380,0,380,2012-02-10,2023-11-30,0,0,0,16,36,47,38,39,33,35,11,9,23,34,59,0,0
AMSG,570,285,285,2011-02-25,2017-02-23,0,0,44,44,34,134,174,138,2,0,0,0,0,0,0,0,0
AMSGP,4,2,2,2014-11-13,2015-09-29,0,0,0,0,0,2,2,0,0,0,0,0,0,0,0,0,0
AMSWA,701,285,416,2009-09-03,2023-11-17,4,10,24,58,54,70,66,58,52,129,94,26,10,26,20,0,0
AMT,9667,1755,7912,2009-09-16,2023-12-16,9,190,255,323,777,856,905,928,1267,1565,1172,511,189,313,407,0,0
AMTB,98,0,98,2019-10-29,2023-11-02,0,0,0,0,0,0,0,0,0,0,1,11,10,43,33,0,0
AMTD,6491,2668,3823,2009-08-16,2023-09-22,27,270,380,574,638,443,523,472,719,848,1163,399,1,27,7,0,0
AMTG,624,312,312,2011-07-22,2017-03-09,0,0,26,72,58,62,118,278,10,0,0,0,0,0,0,0,0
AMTI,25,0,25,2020-06-04,2023-07-06,0,0,0,0,0,0,0,0,0,0,0,3,10,5,7,0,0
AMTX,579,219,360,2014-07-07,2023-10-30,0,0,0,0,0,15,46,71,22,137,118,59,42,32,37,0,0
AMUB,6,0,6,2021-12-23,2023-02-17,0,0,0,0,0,0,0,0,0,0,0,0,1,4,1,0,0
AMWD,1134,317,817,2010-06-04,2023-12-14,0,11,43,31,54,56,80,89,122,159,225,82,21,20,141,0,0
AMX,3134,1220,1914,2009-10-27,2023-11-27,6,117,218,288,443,432,450,258,281,180,174,146,22,51,68,0,0
AMZA,221,59,162,2014-10-06,2023-12-12,0,0,0,0,0,1,27,28,9,31,84,26,1,6,8,0,0
AMZG,134,67,67,2013-11-18,2018-02-21,0,0,0,0,4,76,52,0,0,2,0,0,0,0,0,0,0
AMZN,5338,278,5060,2020-04-27,2023-12-16,0,0,0,0,0,0,0,0,0,0,0,556,0,0,4782,0,0
AN,4544,1730,2814,2009-08-08,2023-12-15,12,107,306,548,358,355,518,379,308,313,388,443,92,258,159,0,0
ANAB,161,0,161,2015-09-09,2023-12-07,0,0,0,0,0,0,1,0,24,38,17,11,14,22,34,0,0
ANAC,656,328,328,2010-11-24,2017-01-24,0,10,62,46,78,38,246,172,4,0,0,0,0,0,0,0,0
ANAD,548,274,274,2009-10-19,2017-04-11,2,26,74,82,82,82,144,54,2,0,0,0,0,0,0,0,0
ANAT,294,147,147,2009-11-24,2020-05-11,4,6,10,14,10,10,44,42,28,48,48,30,0,0,0,0,0
ANCB,40,20,20,2017-09-27,2018-11-20,0,0,0,0,0,0,0,0,6,34,0,0,0,0,0,0,0
ANCI,106,53,53,2009-11-20,2016-03-04,2,0,36,4,16,6,38,4,0,0,0,0,0,0,0,0,0
ANCX,176,88,88,2010-10-19,2019-02-04,0,6,10,6,16,14,22,24,16,48,14,0,0,0,0,0,0
AND,126,63,63,2011-02-07,2019-08-29,0,0,28,46,6,2,8,8,4,16,8,0,0,0,0,0,0
ANDE,681,0,681,2011-02-07,2023-12-12,0,0,3,15,51,70,29,32,32,34,13,15,22,90,275,0,0
ANET,5802,1659,4143,2014-05-28,2023-12-16,0,0,0,0,0,230,468,481,776,854,972,358,119,474,1070,0,0
ANF,7658,2523,5135,2010-02-18,2023-12-16,0,52,407,596,451,626,544,1009,938,777,1180,287,101,137,553,0,0
ANGI,628,100,528,2011-11-21,2023-11-07,0,0,1,4,20,26,62,42,42,42,101,162,42,45,39,0,0
ANGL,1616,718,898,2012-04-11,2023-12-08,0,0,0,38,17,8,302,355,194,357,226,39,28,26,26,0,0
ANGO,80,40,40,2019-11-01,2020-04-27,0,0,0,0,0,0,0,0,0,0,10,70,0,0,0,0,0
ANH,1226,613,613,2009-11-04,2020-06-05,2,32,58,80,58,42,162,338,98,176,140,40,0,0,0,0,0
ANIK,845,0,845,2011-02-15,2023-12-11,0,0,2,10,40,4,175,409,70,33,11,8,10,18,55,0,0
ANIP,897,20,877,2013-12-30,2023-12-07,0,0,0,0,2,194,68,316,18,40,26,51,28,35,119,0,0
ANSS,508,40,468,2010-08-18,2023-12-16,0,2,2,1,7,22,8,14,42,43,29,108,57,70,103,0,0
ANTE,143,0,143,2010-11-22,2022-09-19,0,1,0,3,12,9,43,9,21,24,8,7,3,3,0,0,0
ANTH,1052,526,526,2010-04-23,2020-03-24,0,12,62,136,48,42,268,178,132,168,4,2,0,0,0,0,0
ANTM,5116,2558,2558,2014-12-08,2020-06-08,0,0,0,0,0,20,1170,770,768,878,1044,466,0,0,0,0,0
ANV,476,238,238,2009-08-07,2019-05-31,6,44,74,50,124,110,64,0,2,0,2,0,0,0,0,0,0
ANVS,157,0,157,2019-07-03,2023-12-01,0,0,0,0,0,0,0,0,0,0,2,13,28,14,100,0,0
ANW,974,487,487,2009-11-17,2019-03-27,2,42,98,56,48,52,120,102,134,314,6,0,0,0,0,0,0
ANY,535,227,308,2014-10-15,2022-08-08,0,0,0,0,0,23,104,41,56,186,75,21,20,9,0,0,0
AOA,109,35,74,2011-05-11,2023-09-25,0,0,1,5,1,6,8,3,16,17,28,10,3,4,7,0,0
AOD,398,199,199,2011-06-07,2020-05-18,0,0,10,2,0,0,24,24,82,128,90,38,0,0,0,0,0
AOI,394,197,197,2010-05-14,2018-09-12,0,18,28,16,6,14,74,64,26,148,0,0,0,0,0,0,0
AOK,138,47,91,2010-12-07,2023-10-16,0,1,0,7,2,3,17,9,7,36,26,16,0,10,4,0,0
AOL,3510,1755,1755,2010-01-12,2018-03-05,0,306,618,806,556,504,688,26,4,2,0,0,0,0,0,0,0
AOM,150,50,100,2012-07-09,2023-11-14,0,0,0,1,1,6,23,4,22,25,38,13,2,5,10,0,0
AON,3673,1242,2431,2010-07-12,2023-12-16,0,98,205,350,228,314,315,260,273,394,456,333,153,108,186,0,0
AOR,157,50,107,2012-04-16,2023-11-14,0,0,0,3,5,2,2,8,11,33,53,20,3,7,10,0,0
AOS,2967,1480,1487,2010-03-02,2023-12-16,0,60,106,138,246,332,644,172,170,398,576,118,0,0,7,0,0
AOSL,591,292,299,2010-07-13,2023-12-03,0,8,18,24,22,34,50,62,46,128,96,96,0,0,7,0,0
AP,577,235,342,2009-11-16,2023-06-29,1,4,38,14,23,40,45,49,36,105,82,96,22,15,7,0,0
APA,2171,0,2171,2010-02-10,2023-12-15,0,46,36,76,88,92,133,143,181,186,153,256,173,311,297,0,0
APAGF,62,31,31,2011-03-28,2015-01-26,0,0,4,40,4,6,8,0,0,0,0,0,0,0,0,0,0
APAM,1063,528,535,2013-03-08,2023-12-13,0,0,0,0,104,96,70,82,138,190,258,118,0,0,7,0,0
APB,42,21,21,2009-11-19,2019-02-05,2,0,0,0,0,0,0,0,0,30,10,0,0,0,0,0,0
APC,5460,2730,2730,2009-08-07,2020-05-20,36,564,458,410,266,272,296,400,440,924,1334,60,0,0,0,0,0
APD,1855,0,1855,2011-12-02,2023-12-16,0,0,4,102,147,71,205,102,174,210,81,85,100,225,349,0,0
APDN,112,0,112,2015-02-05,2023-08-24,0,0,0,0,0,0,4,1,7,1,8,50,11,17,13,0,0
APDNW,4,2,2,2016-04-29,2016-05-11,0,0,0,0,0,0,0,4,0,0,0,0,0,0,0,0,0
APEI,496,40,456,2010-04-21,2023-12-16,0,1,3,11,22,32,25,62,45,59,62,39,20,41,74,0,0
APF,48,24,24,2010-10-08,2019-07-12,0,2,8,0,0,2,0,0,0,14,22,0,0,0,0,0,0
APG,165,0,165,2020-06-02,2023-12-15,0,0,0,0,0,0,0,0,0,0,0,3,15,26,121,0,0
APH,2601,842,1759,2009-08-07,2023-12-16,2,44,97,188,118,124,270,246,301,379,380,174,72,86,120,0,0
API,337,123,214,2009-08-07,2023-11-24,12,34,54,50,32,32,18,10,2,0,2,7,55,22,7,0,0
APL,550,275,275,2010-03-25,2019-10-02,0,32,116,92,104,162,28,10,0,2,4,0,0,0,0,0,0
APLE,427,0,427,2015-06-25,2023-12-16,0,0,0,0,0,0,19,66,62,39,46,32,26,63,74,0,0
APLS,349,0,349,2016-02-08,2023-12-15,0,0,0,0,0,0,0,1,0,7,17,24,33,63,204,0,0
APLT,64,0,64,2019-09-13,2023-11-14,0,0,0,0,0,0,0,0,0,0,3,11,7,33,10,0,0
APM,42,0,42,2020-06-10,2023-10-02,0,0,0,0,0,0,0,0,0,0,0,21,6,11,4,0,0
APO,5060,1739,3321,2010-02-27,2023-12-16,0,2,40,202,263,375,382,714,441,633,759,434,264,237,314,0,0
APOG,1410,403,1007,2009-12-17,2023-12-16,4,43,34,59,73,81,107,149,195,173,262,85,32,37,76,0,0
APOL,2520,1260,1260,2010-03-05,2018-04-06,0,80,244,598,482,352,352,362,48,2,0,0,0,0,0,0,0
APP,1028,514,514,2010-03-16,2016-11-08,0,54,126,78,74,566,112,18,0,0,0,0,0,0,0,0,0
APPF,301,0,301,2015-06-26,2023-12-11,0,0,0,0,0,0,4,14,82,57,20,14,21,32,57,0,0
APPN,402,0,402,2017-05-05,2023-12-05,0,0,0,0,0,0,0,0,11,35,35,74,109,76,62,0,0
APPS,371,0,371,2015-04-06,2023-11-24,0,0,0,0,0,0,7,9,5,7,29,32,117,106,59,0,0
APPY,262,131,131,2009-12-29,2016-12-02,2,26,8,50,36,58,28,54,0,0,0,0,0,0,0,0,0
APRE,47,0,47,2019-09-06,2023-09-22,0,0,0,0,0,0,0,0,0,0,9,11,17,2,8,0,0
APRI,698,349,349,2010-09-29,2019-01-25,0,16,72,52,38,54,56,90,112,198,10,0,0,0,0,0,0
APSA,24,12,12,2011-01-05,2014-06-26,0,0,6,10,0,8,0,0,0,0,0,0,0,0,0,0,0
APT,418,0,418,2012-04-24,2023-12-12,0,0,0,2,0,10,1,4,1,1,0,101,254,30,14,0,0
APTO,797,369,428,2014-12-30,2023-08-02,0,0,0,0,0,2,19,66,110,218,240,118,3,17,4,0,0
APTV,645,0,645,2017-12-06,2023-12-16,0,0,0,0,0,0,0,0,5,132,59,40,80,100,229,0,0
APVO,49,0,49,2016-09-09,2023-08-02,0,0,0,0,0,0,0,3,13,6,2,15,3,4,3,0,0
APWC,144,67,77,2012-03-21,2022-01-18,0,0,0,4,2,6,8,24,19,35,33,8,3,2,0,0,0
APYX,66,0,66,2019-01-16,2023-11-28,0,0,0,0,0,0,0,0,0,0,15,4,9,17,21,0,0
AQB,53,0,53,2017-11-07,2023-10-31,0,0,0,0,0,0,0,0,1,3,10,11,15,7,6,0,0
AQMS,65,0,65,2015-06-25,2023-12-12,0,0,0,0,0,0,2,7,13,6,2,6,17,4,8,0,0
AQNB,2,0,2,2023-08-31,2023-11-01,0,0,0,0,0,0,0,0,0,0,0,0,0,0,2,0,0
AQQ,66,33,33,2010-11-23,2015-02-19,0,2,20,32,4,6,2,0,0,0,0,0,0,0,0,0,0
AQST,121,0,121,2018-07-20,2023-12-13,0,0,0,0,0,0,0,0,0,2,7,22,15,25,50,0,0
AQXP,240,120,120,2015-09-22,2019-08-11,0,0,0,0,0,0,28,58,18,114,22,0,0,0,0,0,0
AR,3609,1127,2482,2011-05-03,2023-12-13,0,0,2,2,59,139,337,475,441,597,852,244,85,229,147,0,0
ARAV,60,0,60,2019-04-29,2023-10-13,0,0,0,0,0,0,0,0,0,0,7,2,4,19,28,0,0
ARAY,1871,671,1200,2011-01-28,2023-12-06,0,0,144,207,169,300,133,97,80,221,227,189,27,46,31,0,0
ARB,7,0,7,2021-12-23,2023-10-19,0,0,0,0,0,0,0,0,0,0,0,0,1,2,4,0,0
ARC,588,294,294,2011-01-21,2020-05-05,0,0,30,40,24,132,62,54,30,106,66,44,0,0,0,0,0
ARCB,1563,462,1101,2014-05-02,2023-12-01,0,0,0,0,0,28,75,122,84,556,302,62,42,215,77,0,0
ARCC,3873,1530,2343,2009-10-08,2023-12-16,8,50,81,134,94,112,432,616,319,634,765,212,45,137,234,0,0
ARCH,516,0,516,2016-10-07,2023-12-12,0,0,0,0,0,0,0,5,52,86,47,31,45,147,103,0,0
ARCI,360,180,180,2010-08-12,2019-09-05,0,2,14,22,14,32,48,34,24,28,142,0,0,0,0,0,0
ARCO,1848,503,1345,2011-04-14,2023-12-16,0,0,77,139,56,95,124,132,126,209,185,81,11,270,343,0,0
ARCPP,2,1,1,2015-06-14,2015-06-14,0,0,0,0,0,0,2,0,0,0,0,0,0,0,0,0,0
ARCT,215,0,215,2012-06-22,2023-12-13,0,0,0,12,2,0,0,0,0,5,1,85,38,21,51,0,0
ARCW,366,183,183,2011-05-31,2020-03-23,0,0,4,8,14,92,86,46,44,44,24,4,0,0,0,0,0
ARCX,224,112,112,2013-01-15,2018-02-04,0,0,0,0,10,30,56,56,70,2,0,0,0,0,0,0,0
ARDC,1446,682,764,2013-01-18,2023-08-17,0,0,0,0,14,11,209,264,176,469,257,28,12,0,6,0,0
ARDM,476,238,238,2011-01-20,2019-02-16,0,0,6,8,8,16,40,48,82,256,12,0,0,0,0,0,0
ARDX,1133,465,668,2014-05-19,2023-12-15,0,0,0,0,0,62,168,117,158,168,298,39,25,24,74,0,0
ARE,2828,953,1875,2009-08-10,2023-12-16,4,45,52,151,123,81,147,178,214,403,523,419,80,179,229,0,0
AREC,51,0,51,2019-08-21,2023-12-05,0,0,0,0,0,0,0,0,0,0,1,6,15,11,18,0,0
ARES,1629,559,1070,2014-03-31,2023-12-16,0,0,0,0,0,57,190,166,129,277,330,203,81,66,130,0,0
AREX,1546,773,773,2010-08-04,2019-11-22,0,12,74,146,102,122,124,416,162,184,204,0,0,0,0,0,0
ARGD,6821,0,6821,2023-12-05,2023-12-16,0,0,0,0,0,0,0,0,0,0,0,0,0,0,6821,0,0
ARGS,520,260,260,2014-02-07,2018-08-31,0,0,0,0,0,48,116,132,110,114,0,0,0,0,0,0,0
ARGT,1313,560,753,2011-03-03,2023-12-11,0,0,57,107,47,96,112,238,68,350,182,19,2,2,33,0,0
ARGX,236,0,236,2017-05-08,2023-12-16,0,0,0,0,0,0,0,0,25,50,14,21,22,40,64,0,0
ARI,1627,667,960,2010-05-26,2023-12-15,0,28,24,53,46,60,115,353,201,299,223,110,21,37,57,0,0
ARIA,2600,1300,1300,2009-11-09,2018-04-17,8,76,238,306,482,514,410,434,130,2,0,0,0,0,0,0,0
ARII,370,185,185,2010-01-15,2019-08-29,0,16,22,52,38,38,20,42,18,118,6,0,0,0,0,0,0
ARIS,208,104,104,2013-12-16,2017-07-26,0,0,0,0,2,20,82,60,44,0,0,0,0,0,0,0,0
ARKF,315,0,315,2019-07-08,2023-12-13,0,0,0,0,0,0,0,0,0,0,2,21,131,91,70,0,0
ARKG,492,53,439,2014-11-04,2023-12-16,0,0,0,0,0,1,3,0,1,16,79,59,143,95,95,0,0
ARKK,1415,58,1357,2014-11-04,2023-12-16,0,0,0,0,0,2,4,5,40,39,85,83,439,424,294,0,0
ARKQ,409,60,349,2014-10-10,2023-12-14,0,0,0,0,0,3,17,15,24,45,35,36,90,67,77,0,0
ARKR,414,185,229,2010-08-27,2023-06-19,0,6,10,32,55,14,53,62,36,72,45,17,3,6,3,0,0
ARKW,44,22,22,2015-06-17,2020-05-06,0,0,0,0,0,0,6,2,12,0,0,24,0,0,0,0,0
ARL,206,103,103,2010-11-15,2020-06-08,0,4,8,16,10,10,20,36,16,26,40,20,0,0,0,0,0
ARLO,179,0,179,2018-07-23,2023-12-16,0,0,0,0,0,0,0,0,0,17,26,28,17,40,51,0,0
ARLP,2541,830,1711,2010-05-13,2023-12-16,0,6,43,125,198,170,329,312,271,315,349,131,49,124,119,0,0
ARMF,52,26,26,2015-01-07,2015-07-28,0,0,0,0,0,0,52,0,0,0,0,0,0,0,0,0,0
ARMH,3344,1672,1672,2009-10-19,2019-07-18,6,242,466,532,656,312,616,476,10,24,4,0,0,0,0,0,0
ARMK,1892,711,1181,2013-12-02,2023-12-12,0,0,0,0,21,324,165,171,258,219,367,206,40,43,78,0,0
ARMP,41,0,41,2020-01-28,2023-11-13,0,0,0,0,0,0,0,0,0,0,0,10,4,13,14,0,0
ARMR,4,0,4,2022-06-15,2023-12-08,0,0,0,0,0,0,0,0,0,0,0,0,0,3,1,0,0
ARNA,4090,2045,2045,2009-09-14,2020-06-04,12,242,122,1000,430,220,712,270,234,438,254,156,0,0,0,0,0
ARO,3182,1591,1591,2009-08-06,2018-09-21,48,354,572,466,486,472,648,132,0,4,0,0,0,0,0,0,0
AROC,350,0,350,2016-01-05,2023-12-16,0,0,0,0,0,0,0,8,15,54,44,27,40,24,138,0,0
AROW,538,198,340,2010-08-30,2023-12-16,0,13,26,23,58,33,46,39,30,66,81,26,17,44,36,0,0
ARPI,52,26,26,2013-06-03,2016-06-22,0,0,0,0,18,10,16,8,0,0,0,0,0,0,0,0,0
ARQL,1390,695,695,2010-03-21,2020-05-13,0,30,22,106,72,70,116,66,78,312,498,20,0,0,0,0,0
ARQT,79,0,79,2020-02-06,2023-12-15,0,0,0,0,0,0,0,0,0,0,0,8,7,19,45,0,0
ARR,3257,1387,1870,2010-12-17,2023-12-16,0,2,79,146,113,77,672,762,262,413,390,137,29,77,98,0,0
ARRS,1826,913,913,2009-10-06,2019-05-15,4,64,100,152,188,302,228,234,190,292,72,0,0,0,0,0,0
ARRY,2086,1043,1043,2009-09-04,2019-11-28,16,12,42,144,196,94,192,246,328,390,426,0,0,0,0,0,0
ARTL,21,0,21,2020-04-23,2022-08-17,0,0,0,0,0,0,0,0,0,0,0,8,6,7,0,0,0
ARTLW,8677,0,8677,2023-11-30,2023-12-16,0,0,0,0,0,0,0,0,0,0,0,0,0,0,8677,0,0
ARTNA,580,290,290,2010-04-12,2020-06-02,0,8,30,82,30,54,98,54,52,70,76,26,0,0,0,0,0
ARTW,288,137,151,2010-07-07,2022-01-02,0,12,8,30,14,9,37,24,26,52,46,27,2,1,0,0,0
ARTX,704,352,352,2009-08-26,2020-03-11,2,8,34,20,58,144,84,64,72,106,106,6,0,0,0,0,0
ARVN,129,0,129,2019-10-01,2023-12-16,0,0,0,0,0,0,0,0,0,0,3,27,26,24,49,0,0
ARW,2525,940,1585,2009-08-07,2023-11-28,4,120,182,298,184,181,222,192,221,356,256,96,39,121,53,0,0
ARWR,2308,973,1335,2010-03-22,2023-12-16,0,18,36,71,45,194,291,282,126,423,520,176,43,24,59,0,0
ASA,1525,737,788,2009-08-10,2023-09-26,8,36,16,14,9,6,38,162,218,518,458,30,5,3,4,0,0
ASB,1491,455,1036,2009-08-03,2023-12-14,2,2,2,8,2,3,168,132,147,326,220,175,39,144,121,0,0
ASBI,56,28,28,2010-09-27,2015-10-22,0,4,8,8,2,2,32,0,0,0,0,0,0,0,0,0,0
ASC,1054,359,695,2013-07-22,2023-12-16,0,0,0,0,26,82,181,158,54,102,138,95,12,88,118,0,0
ASCMA,494,247,247,2010-08-30,2019-08-30,0,14,8,32,40,24,54,64,42,144,72,0,0,0,0,0,0
ASEA,250,125,125,2011-02-20,2020-02-20,0,0,74,40,36,0,12,10,24,34,18,2,0,0,0,0,0
ASET,21,0,21,2021-04-14,2022-07-05,0,0,0,0,0,0,0,0,0,0,0,0,11,10,0,0,0
ASFI,336,168,168,2009-12-16,2020-06-01,4,14,32,28,18,14,20,60,18,80,34,14,0,0,0,0,0
ASG,63,0,63,2010-07-13,2023-11-27,0,1,0,0,4,4,5,3,4,0,7,8,11,9,7,0,0
ASGN,1577,598,979,2010-11-24,2023-12-16,0,2,32,130,172,134,167,107,107,297,198,105,21,56,49,0,0
ASH,2557,918,1639,2009-12-02,2023-12-14,20,114,227,214,214,280,185,194,153,314,268,148,37,96,93,0,0
ASHR,2502,1139,1363,2013-11-07,2023-12-11,0,0,0,0,9,93,691,451,178,539,380,64,32,40,25,0,0
ASHS,167,59,108,2014-05-21,2023-12-12,0,0,0,0,0,10,25,8,0,5,102,14,0,0,3,0,0
ASHX,21,0,21,2015-11-11,2023-12-12,0,0,0,0,0,0,4,1,0,0,3,9,2,0,2,0,0
ASIX,414,0,414,2016-10-03,2023-11-06,0,0,0,0,0,0,0,1,18,15,10,4,24,303,39,0,0
ASLN,59,0,59,2018-04-19,2023-10-12,0,0,0,0,0,0,0,0,0,3,9,5,8,22,12,0,0
ASM,127,0,127,2011-12-21,2023-12-01,0,0,1,0,1,6,14,15,9,11,4,8,14,15,29,0,0
ASMB,518,259,259,2015-02-18,2020-05-27,0,0,0,0,0,0,20,8,32,168,266,24,0,0,0,0,0
ASMI,154,77,77,2009-11-18,2017-03-03,2,36,54,12,8,8,26,6,2,0,0,0,0,0,0,0,0
ASML,4875,1355,3520,2009-08-10,2023-12-16,10,188,207,303,282,195,346,271,374,672,560,340,215,338,574,0,0
ASNA,2712,1356,1356,2011-01-24,2020-06-09,0,0,104,302,234,248,404,308,292,290,436,94,0,0,0,0,0
ASPN,153,0,153,2013-05-17,2023-12-16,0,0,0,0,1,7,33,11,6,0,2,9,20,29,35,0,0
ASPS,1022,511,511,2010-07-24,2020-05-27,0,10,34,102,20,88,268,188,74,114,72,52,0,0,0,0,0
ASPX,56,28,28,2014-02-05,2016-05-07,0,0,0,0,0,22,32,2,0,0,0,0,0,0,0,0,0
ASR,616,308,308,2009-11-13,2020-06-04,2,64,62,52,6,16,26,40,40,128,120,60,0,0,0,0,0
ASRT,219,0,219,2018-10-23,2023-11-09,0,0,0,0,0,0,0,0,0,4,20,9,11,121,54,0,0
ASRV,221,89,132,2010-04-13,2023-10-05,0,2,6,6,6,17,26,34,26,41,28,12,10,2,5,0,0
AST,464,232,232,2014-10-15,2019-02-08,0,0,0,0,0,10,134,108,40,164,8,0,0,0,0,0,0
ASTC,693,319,374,2009-09-29,2023-06-27,2,8,20,30,18,61,40,43,62,223,89,90,5,1,1,0,0
ASTE,1716,611,1105,2010-02-12,2023-12-01,0,32,75,79,129,88,316,171,76,216,299,61,30,37,107,0,0
ASUR,1342,404,938,2009-08-10,2023-11-24,4,4,12,42,24,65,65,145,147,177,212,29,8,120,288,0,0
ASX,1425,426,999,2009-08-07,2023-12-14,28,8,35,93,93,130,147,106,67,159,164,129,49,127,90,0,0
ASYS,1074,460,614,2009-12-18,2023-12-16,4,85,111,47,34,71,181,55,118,188,98,27,11,27,17,0,0
AT,1146,573,573,2010-10-07,2020-06-03,0,4,38,92,88,54,114,92,84,146,158,276,0,0,0,0,0
ATAX,332,166,166,2010-09-02,2020-05-26,0,4,10,14,6,10,38,34,52,72,74,18,0,0,0,0,0
ATE,186,93,93,2010-02-03,2018-01-31,0,30,30,34,6,26,40,16,2,2,0,0,0,0,0,0,0
ATEC,1172,463,709,2010-02-22,2023-10-27,0,26,35,38,62,398,65,50,74,84,187,79,18,23,33,0,0
ATEN,976,376,600,2014-02-18,2023-11-14,0,0,0,0,0,119,197,77,109,189,106,57,24,58,40,0,0
ATEX,76,0,76,2019-06-21,2023-12-14,0,0,0,0,0,0,0,0,0,0,4,12,11,15,34,0,0
ATHE,78,0,78,2011-03-22,2023-12-16,0,0,3,1,4,9,3,4,3,0,6,21,12,5,7,0,0
ATHM,2643,1070,1573,2013-11-04,2023-11-23,0,0,0,0,43,391,498,193,373,406,513,96,56,28,46,0,0
ATHN,3162,1581,1581,2009-08-10,2019-09-17,6,220,324,352,386,304,266,224,240,786,54,0,0,0,0,0,0
ATHX,1435,596,839,2009-12-21,2023-10-17,14,14,26,46,271,100,169,107,118,193,161,182,9,18,7,0,0
ATI,3361,1119,2242,2009-08-07,2023-12-05,8,98,229,192,232,170,400,262,259,431,354,177,26,352,171,0,0
ATIF,16,0,16,2019-07-11,2022-06-23,0,0,0,0,0,0,0,0,0,0,2,4,5,5,0,0,0
ATK,1374,687,687,2009-08-28,2016-06-16,4,68,208,272,468,308,44,2,0,0,0,0,0,0,0,0,0
ATKR,311,0,311,2016-05-31,2023-12-12,0,0,0,0,0,0,0,5,19,112,14,13,23,32,93,0,0
ATL,110,55,55,2012-09-25,2016-08-15,0,0,0,2,54,30,18,6,0,0,0,0,0,0,0,0,0
ATLC,180,90,90,2015-04-21,2020-05-08,0,0,0,0,0,0,10,2,4,80,68,16,0,0,0,0,0
ATLO,77,22,55,2012-07-13,2023-05-16,0,0,0,2,4,6,6,3,4,10,24,4,10,2,2,0,0
ATLS,678,339,339,2010-01-02,2017-07-25,0,124,68,68,118,124,128,42,6,0,0,0,0,0,0,0,0
ATML,1576,788,788,2009-10-16,2017-04-06,4,92,206,268,184,206,464,148,4,0,0,0,0,0,0,0,0
ATMP,149,71,78,2013-05-06,2019-12-03,0,0,0,0,3,3,3,0,0,96,44,0,0,0,0,0,0
ATNI,834,336,498,2010-01-15,2023-12-16,0,24,30,41,77,58,70,93,48,151,142,58,16,17,9,0,0
ATNM,682,309,373,2014-07-07,2023-12-11,0,0,0,0,0,20,129,109,105,87,119,79,7,16,11,0,0
ATNY,268,134,134,2010-09-20,2016-03-24,0,16,24,64,28,58,58,20,0,0,0,0,0,0,0,0,0
ATO,889,0,889,2012-02-22,2023-12-16,0,0,0,9,44,39,41,26,53,75,50,56,72,166,258,0,0
ATOM,81,0,81,2017-12-06,2023-12-12,0,0,0,0,0,0,0,0,1,4,3,2,35,27,9,0,0
ATOS,228,0,228,2012-11-07,2023-12-11,0,0,0,1,4,1,2,3,6,0,12,28,72,55,44,0,0
ATR,596,0,596,2010-04-20,2023-12-13,0,1,3,17,24,16,53,47,64,65,27,29,55,60,135,0,0
ATRA,1329,560,769,2014-06-20,2023-12-11,0,0,0,0,0,46,195,116,100,344,327,96,22,62,21,0,0
ATRC,1085,455,630,2010-05-10,2023-11-29,0,12,40,71,82,105,111,85,52,146,155,158,13,27,28,0,0
ATRI,450,179,271,2009-11-05,2023-12-06,6,8,8,45,21,20,42,39,28,85,70,35,20,10,13,0,0
ATRM,82,41,41,2010-02-18,2019-07-03,0,8,2,10,18,16,14,6,0,6,2,0,0,0,0,0,0
ATRO,1140,481,659,2010-05-05,2023-11-02,0,30,50,70,125,126,133,92,58,136,186,67,15,17,35,0,0
ATRS,1088,544,544,2012-06-06,2020-05-27,0,0,0,70,78,42,140,118,162,248,150,80,0,0,0,0,0
ATSG,1352,492,860,2010-03-31,2023-12-13,0,20,45,76,63,69,91,182,110,180,192,121,27,86,90,0,0
ATTO,458,229,229,2014-08-06,2020-05-21,0,0,0,0,0,18,46,42,80,120,102,50,0,0,0,0,0
ATTU,638,319,319,2014-07-31,2019-05-05,0,0,0,0,0,58,174,54,66,210,76,0,0,0,0,0,0
ATU,1678,839,839,2009-08-07,2019-09-27,6,48,106,202,168,154,232,176,138,262,186,0,0,0,0,0,0
ATUS,414,0,414,2017-06-02,2023-12-13,0,0,0,0,0,0,0,0,30,72,36,54,57,79,86,0,0
ATV,534,267,267,2009-10-01,2020-05-04,4,36,34,36,18,24,88,56,52,92,58,36,0,0,0,0,0
ATVI,3906,1953,1953,2009-08-25,2020-06-10,26,238,314,288,270,286,324,374,310,446,694,336,0,0,0,0,0
ATW,1796,898,898,2009-08-12,2018-05-13,6,74,94,136,120,128,420,546,266,6,0,0,0,0,0,0,0
ATXI,54,0,54,2017-05-22,2023-09-12,0,0,0,0,0,0,0,0,5,2,3,13,16,10,5,0,0
AU,3878,1939,1939,2009-09-04,2020-06-09,24,312,594,302,278,258,286,348,170,256,826,224,0,0,0,0,0
AUB,217,0,217,2012-11-06,2023-12-14,0,0,0,2,8,5,8,9,13,25,18,18,34,25,52,0,0
AUBN,262,110,152,2011-11-14,2023-11-26,0,0,2,15,8,3,30,41,28,51,55,15,11,1,2,0,0
AUDC,961,346,615,2009-12-15,2023-12-13,2,12,32,30,44,105,85,67,44,173,127,100,21,52,67,0,0
AUMA,2,1,1,2016-10-06,2016-10-06,0,0,0,0,0,0,0,2,0,0,0,0,0,0,0,0,0
AUMAU,4,2,2,2014-10-02,2014-10-02,0,0,0,0,0,4,0,0,0,0,0,0,0,0,0,0,0
AUMN,314,157,157,2010-10-06,2020-06-03,0,6,10,28,32,52,32,28,14,50,42,20,0,0,0,0,0
AUPH,1049,521,528,2015-01-08,2023-12-15,0,0,0,0,0,0,30,242,312,104,310,44,0,0,7,0,0
AUQ,532,266,266,2011-05-16,2015-10-06,0,0,90,120,68,78,176,0,0,0,0,0,0,0,0,0,0
AUXL,1166,583,583,2009-12-16,2015-05-13,2,68,188,198,188,496,26,0,0,0,0,0,0,0,0,0,0
AUY,3764,1882,1882,2009-09-08,2020-06-01,22,228,214,690,298,160,384,522,186,352,488,220,0,0,0,0,0
AV,416,208,208,2010-07-09,2019-07-10,0,14,58,94,64,40,48,76,10,10,2,0,0,0,0,0,0
AVA,1495,744,751,2010-09-27,2023-12-14,0,12,70,88,90,102,214,200,134,216,262,100,0,0,7,0,0
AVAL,323,158,165,2014-09-23,2023-08-11,0,0,0,0,0,6,24,84,22,108,60,12,0,3,4,0,0
AVAV,2397,1195,1202,2009-11-16,2023-12-16,4,66,172,204,138,170,256,192,206,502,388,92,0,0,7,0,0
AVB,2711,1352,1359,2009-10-21,2023-12-11,4,78,208,216,176,188,352,254,232,452,392,152,0,0,7,0,0
AVCO,7,0,7,2023-12-16,2023-12-16,0,0,0,0,0,0,0,0,0,0,0,0,0,0,7,0,0
AVD,888,444,444,2009-11-19,2020-05-13,2,16,28,132,166,62,90,74,66,108,120,24,0,0,0,0,0
AVDE,7,0,7,2023-05-26,2023-11-14,0,0,0,0,0,0,0,0,0,0,0,0,0,0,7,0,0
AVDL,7,0,7,2023-08-22,2023-12-01,0,0,0,0,0,0,0,0,0,0,0,0,0,0,7,0,0
AVDV,7,0,7,2023-06-30,2023-11-09,0,0,0,0,0,0,0,0,0,0,0,0,0,0,7,0,0
AVEM,7,0,7,2023-07-14,2023-11-03,0,0,0,0,0,0,0,0,0,0,0,0,0,0,7,0,0
AVEO,1960,980,980,2011-01-11,2020-06-01,0,0,84,144,146,86,320,72,192,340,450,126,0,0,0,0,0
AVG,688,344,344,2012-02-02,2019-03-09,0,0,0,86,230,68,184,110,4,4,2,0,0,0,0,0,0
AVGO,8305,4149,4156,2010-06-03,2023-12-16,0,20,104,112,174,196,346,702,1622,2240,2174,608,0,0,7,0,0
AVGR,168,0,168,2015-01-20,2023-10-26,0,0,0,0,0,0,7,14,85,7,6,14,12,12,11,0,0
AVH,732,366,366,2013-11-06,2020-05-12,0,0,0,0,4,50,108,162,44,150,178,36,0,0,0,0,0
AVHI,328,164,164,2012-03-26,2018-11-14,0,0,0,6,10,56,76,42,44,94,0,0,0,0,0,0,0
AVID,1384,692,692,2009-08-07,2020-06-03,2,28,120,98,48,26,148,92,160,208,276,178,0,0,0,0,0
AVIV,234,117,117,2013-03-21,2018-05-11,0,0,0,0,38,138,56,0,0,2,0,0,0,0,0,0,0
AVK,63,28,35,2011-09-18,2023-06-04,0,0,2,0,0,0,0,0,0,14,8,32,4,0,3,0,0
AVL,402,201,201,2011-01-04,2015-09-02,0,0,206,88,46,36,26,0,0,0,0,0,0,0,0,0,0
AVNR,846,423,423,2009-08-13,2016-10-17,10,94,104,84,242,280,22,10,0,0,0,0,0,0,0,0,0
AVNS,7,0,7,2023-10-31,2023-12-10,0,0,0,0,0,0,0,0,0,0,0,0,0,0,7,0,0
AVNW,595,294,301,2010-04-13,2023-12-15,0,40,38,30,38,44,86,64,48,70,94,36,0,0,7,0,0
AVOL,248,124,124,2014-07-25,2019-05-14,0,0,0,0,0,26,202,12,6,0,2,0,0,0,0,0,0
AVP,2084,1042,1042,2009-11-17,2020-05-15,8,156,206,296,200,176,286,170,164,136,274,12,0,0,0,0,0
AVRO,45,0,45,2018-06-20,2023-11-08,0,0,0,0,0,0,0,0,0,2,7,9,7,9,11,0,0
AVT,2181,1087,1094,2009-10-14,2023-12-16,8,90,184,288,166,150,176,264,184,302,244,118,0,0,7,0,0
AVTR,7,0,7,2023-11-21,2023-12-16,0,0,0,0,0,0,0,0,0,0,0,0,0,0,7,0,0
AVUS,7,0,7,2023-07-12,2023-11-09,0,0,0,0,0,0,0,0,0,0,0,0,0,0,7,0,0
AVUV,7,0,7,2023-10-19,2023-12-04,0,0,0,0,0,0,0,0,0,0,0,0,0,0,7,0,0
AVV,2,1,1,2017-06-01,2017-06-01,0,0,0,0,0,0,0,0,2,0,0,0,0,0,0,0,0
AVX,826,413,413,2009-11-17,2020-04-03,2,42,22,76,42,76,74,70,52,128,194,48,0,0,0,0,0
AVY,2689,973,1716,2009-10-27,2023-12-14,6,44,188,334,177,122,230,175,287,350,398,148,55,72,103,0,0
AWAY,1248,624,624,2011-05-31,2020-05-08,0,0,88,156,420,238,332,8,2,0,0,4,0,0,0,0,0
AWF,509,251,258,2010-01-30,2023-07-28,0,4,10,0,0,0,30,54,30,224,114,36,0,2,5,0,0
AWH,960,480,480,2009-10-28,2018-03-13,2,16,114,76,152,206,220,114,58,2,0,0,0,0,0,0,0
AWI,2135,809,1326,2009-10-28,2023-12-14,2,21,84,127,202,219,168,144,180,361,300,144,23,66,94,0,0
AWK,2799,1396,1403,2009-11-09,2023-12-15,4,44,144,206,200,160,278,366,212,432,484,262,0,0,7,0,0
AWP,461,227,234,2010-04-20,2023-08-15,0,2,2,8,0,0,20,60,68,122,120,52,1,1,5,0,0
AWR,1579,786,793,2009-10-23,2023-12-16,2,18,48,162,140,128,158,156,94,254,296,116,0,0,7,0,0
AWRE,225,109,116,2010-09-24,2023-07-13,0,4,4,22,10,38,16,32,16,30,30,16,5,0,2,0,0
AWX,322,161,161,2011-11-10,2020-05-14,0,0,2,12,0,6,16,24,16,182,56,8,0,0,0,0,0
AXAS,1658,829,829,2009-10-06,2020-06-10,2,28,84,70,330,214,144,170,120,168,228,100,0,0,0,0,0
AXDX,739,366,373,2013-07-01,2023-11-29,0,0,0,0,4,12,60,72,258,152,110,64,0,0,7,0,0
AXE,1180,590,590,2010-01-26,2020-06-01,0,22,68,108,52,44,112,68,58,134,420,94,0,0,0,0,0
AXGN,909,451,458,2012-10-10,2023-11-02,0,0,0,4,18,34,58,52,78,238,340,80,0,0,7,0,0
AXJL,68,34,34,2011-08-04,2019-08-21,0,0,4,10,4,0,4,8,8,26,4,0,0,0,0,0,0
AXJS,24,12,12,2012-06-15,2018-10-25,0,0,0,6,0,0,4,4,0,10,0,0,0,0,0,0,0
AXJV,42,21,21,2014-06-10,2019-09-13,0,0,0,0,0,2,6,8,2,20,4,0,0,0,0,0,0
AXL,2626,1313,1313,2009-08-13,2020-06-10,10,94,184,210,176,160,360,256,232,364,450,130,0,0,0,0,0
AXLA,62,0,62,2019-12-08,2023-10-31,0,0,0,0,0,0,0,0,0,0,2,13,10,26,11,0,0
AXLL,340,170,170,2013-02-07,2016-09-23,0,0,0,0,122,34,90,94,0,0,0,0,0,0,0,0,0
AXN,164,82,82,2010-06-28,2017-01-23,0,2,32,6,2,8,94,18,2,0,0,0,0,0,0,0,0
AXNX,7,0,7,2023-11-10,2023-12-11,0,0,0,0,0,0,0,0,0,0,0,0,0,0,7,0,0
AXP,7573,3783,3790,2009-08-07,2023-12-16,58,514,396,228,328,298,400,1100,1030,1260,1178,776,0,0,7,0,0
AXPW,98,49,49,2011-07-14,2016-01-29,0,0,2,14,2,12,66,2,0,0,0,0,0,0,0,0,0
AXR,229,111,118,2010-07-06,2023-12-13,0,22,4,6,6,22,28,34,28,38,26,8,0,5,2,0,0
AXS,1799,896,903,2009-09-22,2023-12-16,2,52,138,174,208,92,412,110,108,220,198,78,0,0,7,0,0
AXTA,1940,728,1212,2014-10-30,2023-12-16,0,0,0,0,0,40,237,177,332,263,383,230,38,38,202,0,0
AXTI,888,444,444,2009-10-30,2020-05-15,6,16,28,38,34,134,72,74,126,140,180,40,0,0,0,0,0
AXU,530,265,265,2009-08-13,2020-05-28,4,8,38,32,18,58,28,44,16,68,182,34,0,0,0,0,0
AXX,52,26,26,2012-03-09,2016-06-20,0,0,0,8,4,28,10,2,0,0,0,0,0,0,0,0,0
AY,7,0,7,2023-10-19,2023-11-13,0,0,0,0,0,0,0,0,0,0,0,0,0,0,7,0,0
AYI,2396,1198,1198,2009-10-07,2020-06-09,6,38,126,208,170,188,348,334,208,338,344,88,0,0,0,0,0
AYN,24,12,12,2015-03-04,2018-07-20,0,0,0,0,0,0,8,4,6,6,0,0,0,0,0,0,0
AYR,1262,631,631,2010-01-15,2020-04-08,0,34,86,104,78,58,220,146,94,162,240,40,0,0,0,0,0
AYRO,7,0,7,2021-12-26,2023-10-04,0,0,0,0,0,0,0,0,0,0,0,0,2,4,1,0,0
AYT,100,50,50,2018-08-21,2019-12-12,0,0,0,0,0,0,0,0,0,66,34,0,0,0,0,0,0
AZEK,7,0,7,2023-11-29,2023-12-16,0,0,0,0,0,0,0,0,0,0,0,0,0,0,7,0,0
AZIA,40,20,20,2013-04-03,2016-01-14,0,0,0,0,12,0,26,2,0,0,0,0,0,0,0,0,0
AZN,3987,1990,1997,2009-08-30,2023-12-16,26,204,200,230,234,548,394,460,376,364,596,348,0,0,7,0,0
AZO,4499,2246,2253,2009-08-13,2023-12-16,18,202,192,226,216,476,556,464,424,642,852,224,0,0,7,0,0
AZPN,1454,727,727,2010-09-23,2020-05-21,0,8,46,108,168,202,176,100,66,302,208,70,0,0,0,0,0
AZUL,7,0,7,2023-12-11,2023-12-15,0,0,0,0,0,0,0,0,0,0,0,0,0,0,7,0,0
AZZ,1421,707,714,2010-01-15,2023-12-16,0,26,60,96,122,62,204,124,100,162,392,66,0,0,7,0,0
B,2403,989,1414,2009-06-09,2023-12-08,210,58,128,122,160,210,150,98,293,348,286,152,37,69,82,0,0
BA,6085,10,6075,2018-05-24,2023-12-16,0,0,0,0,0,0,0,0,0,703,1327,2035,677,926,417,0,0
BAA,360,180,180,2010-05-05,2018-03-09,0,4,30,20,34,76,98,68,28,2,0,0,0,0,0,0,0
BAB,304,117,187,2010-07-18,2023-12-12,0,14,14,36,12,6,18,22,22,44,34,15,30,22,15,0,0
BABA,14488,2863,11625,2014-11-07,2023-12-16,0,0,0,0,0,79,1704,1750,2461,2165,1687,1530,1113,838,1161,0,0
BABS,82,41,41,2011-08-03,2016-09-03,0,0,10,8,0,8,32,24,0,0,0,0,0,0,0,0,0
BABY,1270,635,635,2009-09-14,2019-07-26,6,6,28,34,250,230,170,142,98,180,126,0,0,0,0,0,0
BAC,3622,1811,1811,2014-10-10,2020-06-10,0,0,0,0,0,176,620,646,696,440,606,438,0,0,0,0,0
BAC.B,4,2,2,2015-02-20,2015-02-23,0,0,0,0,0,0,4,0,0,0,0,0,0,0,0,0,0
BAF,82,41,41,2018-09-18,2020-05-12,0,0,0,0,0,0,0,0,0,22,58,2,0,0,0,0,0
BAGR,138,69,69,2013-05-07,2015-11-05,0,0,0,0,16,38,84,0,0,0,0,0,0,0,0,0,0
BAH,2809,1057,1752,2010-11-16,2023-12-16,0,19,100,116,173,163,182,212,302,385,540,238,64,168,147,0,0
BAK,1865,561,1304,2009-12-09,2023-11-20,12,40,44,42,75,67,300,429,466,156,104,63,7,40,20,0,0
BAL,1338,669,669,2009-11-21,2020-06-03,2,114,242,34,74,14,50,122,86,112,304,184,0,0,0,0,0
BALT,382,191,191,2010-03-15,2016-09-11,0,48,56,30,72,64,108,4,0,0,0,0,0,0,0,0,0
BAM,4015,1421,2594,2009-08-07,2023-12-16,2,71,87,163,206,150,368,426,310,559,699,553,96,130,195,0,0
BAMM,194,97,97,2010-08-19,2020-05-19,0,4,20,52,18,16,74,4,2,2,0,2,0,0,0,0,0
BANC,1081,373,708,2011-09-28,2023-12-13,0,0,20,23,101,93,72,144,200,132,123,65,24,30,54,0,0
BAND,254,0,254,2017-10-28,2023-11-16,0,0,0,0,0,0,0,0,4,11,13,23,46,42,115,0,0
BANF,628,314,314,2009-10-05,2020-04-21,2,18,36,66,30,52,68,58,80,78,118,22,0,0,0,0,0
BANR,862,431,431,2009-10-22,2020-05-14,2,42,74,68,88,56,98,60,46,142,136,50,0,0,0,0,0
BANX,341,147,194,2013-11-07,2023-10-11,0,0,0,0,8,13,54,42,53,80,72,12,4,0,3,0,0
BAP,1108,343,765,2009-11-04,2023-12-14,2,29,59,53,39,55,68,111,118,160,167,83,34,46,84,0,0
BAR,157,59,98,2015-06-01,2023-10-12,0,0,0,0,0,0,1,0,7,6,100,17,5,13,8,0,0
BARL,16,8,8,2015-01-06,2015-02-25,0,0,0,0,0,0,16,0,0,0,0,0,0,0,0,0,0
BAS,1492,746,746,2009-08-25,2019-12-12,2,26,138,154,58,150,162,182,110,246,264,0,0,0,0,0,0
BASI,340,170,170,2009-08-10,2020-05-21,2,14,14,40,10,12,32,34,20,46,90,26,0,0,0,0,0
BATRA,26,0,26,2016-05-16,2023-11-14,0,0,0,0,0,0,0,2,3,2,4,1,2,1,11,0,0
BATRK,35,0,35,2016-07-07,2023-09-25,0,0,0,0,0,0,0,7,2,5,4,2,5,2,8,0,0
BATT,56,0,56,2018-06-13,2023-12-11,0,0,0,0,0,0,0,0,0,3,2,5,5,13,28,0,0
BAX,7281,2779,4502,2009-10-09,2023-12-14,6,202,407,780,550,654,907,736,428,888,906,333,115,169,200,0,0
BB,1480,0,1480,2009-10-25,2023-12-16,1,1,0,0,0,0,0,0,43,221,153,151,530,184,196,0,0
BBAR,67,0,67,2019-07-22,2023-12-14,0,0,0,0,0,0,0,0,0,0,10,22,7,7,21,0,0
BBAX,25,0,25,2018-09-25,2023-12-12,0,0,0,0,0,0,0,0,0,1,2,2,4,8,8,0,0
BBBY,3326,1663,1663,2009-12-01,2020-06-10,8,292,328,354,240,306,274,272,228,226,498,300,0,0,0,0,0
BBC,624,250,374,2010-06-04,2023-12-11,0,1,0,0,0,9,131,109,132,112,78,11,13,21,7,0,0
BBCA,32,0,32,2018-09-06,2023-10-03,0,0,0,0,0,0,0,0,0,3,1,8,3,5,12,0,0
BBCN,236,118,118,2011-12-08,2016-08-01,0,0,2,28,40,32,84,50,0,0,0,0,0,0,0,0,0
BBCP,61,0,61,2019-06-10,2023-09-07,0,0,0,0,0,0,0,0,0,0,3,9,9,17,23,0,0
BBD,1981,745,1236,2010-01-07,2023-12-11,0,117,166,80,74,160,195,199,127,239,341,187,34,41,21,0,0
BBDC,111,0,111,2018-09-07,2023-12-13,0,0,0,0,0,0,0,0,0,4,4,10,17,34,42,0,0
BBDO,366,112,254,2012-11-30,2023-10-31,0,0,0,5,22,35,36,35,29,61,89,31,12,4,7,0,0
BBEU,97,0,97,2018-09-06,2023-12-16,0,0,0,0,0,0,0,0,0,4,5,15,8,35,30,0,0
BBF,118,59,59,2018-10-10,2020-03-12,0,0,0,0,0,0,0,0,0,16,98,4,0,0,0,0,0
BBG,1178,589,589,2009-08-13,2018-03-19,2,28,80,146,118,132,256,190,186,40,0,0,0,0,0,0,0
BBGI,469,208,261,2010-03-05,2023-11-01,0,8,3,15,18,23,28,54,66,149,72,19,5,6,3,0,0
BBH,1056,353,703,2009-12-16,2023-12-08,2,35,41,54,81,85,120,144,161,124,74,54,31,31,19,0,0
BBIO,202,0,202,2019-07-05,2023-12-16,0,0,0,0,0,0,0,0,0,0,12,17,42,33,98,0,0
BBJP,68,0,68,2018-09-06,2023-12-01,0,0,0,0,0,0,0,0,0,5,5,9,10,12,27,0,0
BBK,40,20,20,2018-09-21,2020-05-14,0,0,0,0,0,0,0,0,0,12,0,28,0,0,0,0,0
BBL,1392,696,696,2010-04-05,2020-06-05,0,34,18,46,52,94,290,224,108,158,184,184,0,0,0,0,0
BBLU,88,44,44,2012-02-21,2016-01-13,0,0,0,16,0,20,50,2,0,0,0,0,0,0,0,0,0
BBN,71,0,71,2012-12-10,2023-08-06,0,0,0,1,5,6,10,8,0,10,5,9,10,2,5,0,0
BBNK,210,105,105,2010-01-27,2015-05-22,0,12,30,40,20,60,48,0,0,0,0,0,0,0,0,0,0
BBOX,638,319,319,2010-08-20,2019-01-14,0,24,44,46,26,32,76,66,82,240,2,0,0,0,0,0,0
BBRC,110,55,55,2012-08-15,2019-05-14,0,0,0,12,12,10,12,4,10,34,16,0,0,0,0,0,0
BBRY,5456,2728,2728,2011-12-01,2020-06-08,0,0,2,2,1772,1010,838,438,456,272,410,256,0,0,0,0,0
BBSI,1119,416,703,2010-04-28,2023-12-16,0,6,11,81,125,131,120,100,51,98,183,49,23,80,61,0,0
BBT,4854,2427,2427,2009-08-16,2019-12-09,42,324,496,816,460,342,474,388,276,514,722,0,0,0,0,0,0
BBU,125,0,125,2016-08-11,2023-11-29,0,0,0,0,0,0,0,3,15,16,31,13,13,15,19,0,0
BBUS,21,0,21,2019-03-21,2023-12-08,0,0,0,0,0,0,0,0,0,0,5,0,1,3,12,0,0
BBVA,2170,713,1457,2010-02-28,2023-12-16,0,43,120,196,170,93,113,160,159,276,263,249,100,87,141,0,0
BBW,2283,864,1419,2009-10-12,2023-11-30,4,88,67,54,59,251,540,214,218,172,211,133,28,93,151,0,0
BBX,558,279,279,2010-03-22,2020-05-14,0,40,72,64,2,12,38,32,36,110,108,44,0,0,0,0,0
BBY,4254,18,4236,2009-11-26,2023-12-13,1,95,111,189,281,336,266,393,671,376,247,317,307,364,300,0,0
BC,2032,794,1238,2009-08-07,2023-12-01,46,26,86,108,118,133,173,154,137,259,391,191,68,75,67,0,0
BCA,152,76,76,2010-04-22,2016-04-01,0,4,10,28,18,24,50,18,0,0,0,0,0,0,0,0,0
BCBP,505,171,334,2010-11-05,2023-12-12,0,2,8,30,7,11,21,26,61,84,74,69,17,78,17,0,0
BCC,1230,615,615,2013-02-06,2020-05-26,0,0,0,0,130,158,126,84,152,324,190,66,0,0,0,0,0
BCDA,54,0,54,2015-07-06,2023-11-15,0,0,0,0,0,0,2,1,1,0,2,11,3,18,16,0,0
BCDAW,8161,0,8161,2023-11-28,2023-12-16,0,0,0,0,0,0,0,0,0,0,0,0,0,0,8161,0,0
BCE,2050,661,1389,2009-11-06,2023-12-13,2,27,47,72,86,82,81,183,213,386,412,190,67,105,97,0,0
BCH,290,118,172,2010-02-08,2023-10-16,0,38,18,20,8,6,4,4,16,56,50,16,24,13,17,0,0
BCHP,6,3,3,2014-05-05,2015-10-12,0,0,0,0,0,2,4,0,0,0,0,0,0,0,0,0,0
BCI,35,0,35,2017-04-20,2023-12-06,0,0,0,0,0,0,0,0,4,3,0,2,8,11,7,0,0
BCLI,738,341,397,2010-12-13,2023-12-07,0,2,4,0,0,32,161,70,46,132,146,115,9,7,14,0,0
BCM,100,50,50,2018-12-28,2020-02-13,0,0,0,0,0,0,0,0,0,4,92,4,0,0,0,0,0
BCML,83,0,83,2017-12-20,2023-10-23,0,0,0,0,0,0,0,0,1,16,3,2,12,29,20,0,0
BCO,1596,589,1007,2009-09-04,2023-12-16,2,22,41,50,51,67,97,129,261,326,234,148,35,54,79,0,0
BCOM,482,241,241,2011-03-14,2020-05-21,0,0,18,20,8,18,86,56,86,80,78,32,0,0,0,0,0
BCOR,1088,544,544,2012-06-07,2020-05-26,0,0,0,60,122,96,134,130,80,170,152,144,0,0,0,0,0
BCOV,960,378,582,2011-08-24,2023-08-03,0,0,2,73,110,133,109,98,86,95,138,58,22,17,19,0,0
BCPC,761,300,461,2010-03-03,2023-12-06,0,12,18,49,76,45,68,68,48,99,132,77,17,31,21,0,0
BCR,2172,1086,1086,2009-08-07,2018-07-27,8,94,348,458,238,250,302,254,204,16,0,0,0,0,0,0,0
BCRX,462,0,462,2011-08-30,2023-12-07,0,0,2,4,22,60,25,20,41,18,17,65,67,72,49,0,0
BCSF,83,0,83,2018-12-27,2023-12-06,0,0,0,0,0,0,0,0,0,2,13,5,17,14,32,0,0
BCV,147,59,88,2012-11-26,2023-05-19,0,0,0,1,5,10,3,10,13,66,30,4,4,0,1,0,0
BCX,33,0,33,2012-12-17,2023-08-09,0,0,0,1,3,3,3,2,0,1,1,5,10,1,3,0,0
BCYC,63,0,63,2019-07-01,2023-11-02,0,0,0,0,0,0,0,0,0,0,5,7,9,7,35,0,0
BDBD,336,168,168,2013-01-28,2016-05-06,0,0,0,0,108,80,134,14,0,0,0,0,0,0,0,0,0
BDC,1603,554,1049,2009-08-10,2023-12-11,4,21,63,110,69,81,149,199,191,226,219,102,25,58,86,0,0
BDCL,64,32,32,2012-10-04,2019-12-12,0,0,0,2,0,2,0,0,0,0,60,0,0,0,0,0,0
BDCV,22,11,11,2014-08-06,2015-12-02,0,0,0,0,0,6,16,0,0,0,0,0,0,0,0,0,0
BDD,102,51,51,2011-05-25,2019-12-12,0,0,2,0,0,0,0,0,0,0,100,0,0,0,0,0,0
BDE,550,275,275,2010-06-28,2017-08-08,0,6,20,70,62,102,156,78,56,0,0,0,0,0,0,0,0
BDG,100,50,50,2018-04-04,2018-09-18,0,0,0,0,0,0,0,0,0,100,0,0,0,0,0,0,0
BDGE,348,174,174,2010-12-23,2020-05-28,0,2,4,18,32,26,30,50,24,68,78,16,0,0,0,0,0
BDJ,41,0,41,2011-06-21,2023-09-18,0,0,1,1,3,3,4,1,0,2,2,4,13,4,3,0,0
BDL,204,102,102,2010-04-30,2020-06-01,0,4,4,8,0,28,42,42,24,26,14,12,0,0,0,0,0
BDMS,54,27,27,2010-09-09,2019-01-15,0,8,2,2,0,6,10,6,0,18,2,0,0,0,0,0,0
BDN,252,0,252,2011-12-12,2023-12-13,0,0,3,13,19,11,12,12,21,18,25,20,25,30,43,0,0
BDR,210,105,105,2010-08-03,2020-04-13,0,6,4,20,10,20,28,2,6,70,28,16,0,0,0,0,0
BDRY,54,0,54,2018-04-03,2023-12-16,0,0,0,0,0,0,0,0,0,2,5,1,6,13,27,0,0
BDSI,1578,789,789,2010-01-12,2020-06-08,0,16,52,106,52,160,214,184,140,254,332,68,0,0,0,0,0
BDTX,33,0,33,2020-08-27,2023-09-12,0,0,0,0,0,0,0,0,0,0,0,1,9,5,18,0,0
BDX,4994,2497,2497,2009-08-16,2020-06-01,10,162,458,522,320,292,466,434,412,748,634,536,0,0,0,0,0
BE,751,0,751,2018-07-06,2023-12-11,0,0,0,0,0,0,0,0,0,16,30,195,210,156,144,0,0
BEAM,235,0,235,2020-02-06,2023-12-13,0,0,0,0,0,0,0,0,0,0,0,12,53,78,92,0,0
BEAT,1290,635,655,2009-09-03,2023-08-24,8,38,30,38,52,80,156,112,194,242,262,58,4,10,6,0,0
BEBE,1120,560,560,2009-10-22,2019-11-13,4,46,106,112,116,234,304,66,106,16,10,0,0,0,0,0,0
BECN,2413,909,1504,2009-12-01,2023-12-16,6,54,99,251,117,124,173,298,262,386,306,93,29,103,112,0,0
BEDU,53,0,53,2017-05-12,2023-02-28,0,0,0,0,0,0,0,0,12,11,8,7,8,6,1,0,0
BEE,668,334,334,2010-03-24,2017-02-01,0,38,68,64,80,90,298,28,2,0,0,0,0,0,0,0,0
BEL,468,234,234,2014-08-06,2019-09-20,0,0,0,0,0,18,64,56,58,208,64,0,0,0,0,0,0
BELFA,309,133,176,2009-12-30,2023-05-05,2,8,18,8,18,29,31,39,22,46,52,27,5,3,1,0,0
BEN,5936,2106,3830,2009-08-10,2023-12-12,6,159,350,417,428,438,723,673,573,627,734,341,98,188,181,0,0
BEP,2096,520,1576,2009-10-12,2023-12-16,1,2,0,0,7,31,120,115,123,413,459,244,197,173,211,0,0
BERY,1841,585,1256,2012-09-19,2023-11-28,0,0,0,61,105,99,327,215,129,209,283,192,41,95,85,0,0
BEST,40,0,40,2010-11-11,2023-07-26,0,2,0,0,1,1,0,0,0,0,5,13,16,1,1,0,0
BETZ,35,0,35,2020-11-06,2023-11-27,0,0,0,0,0,0,0,0,0,0,0,7,11,4,13,0,0
BF,464,0,464,2015-08-04,2023-12-11,0,0,0,0,0,0,11,44,61,69,18,54,36,89,82,0,0
BF.A,46,23,23,2011-03-21,2020-05-29,0,0,8,4,0,0,0,0,4,4,6,20,0,0,0,0,0
BF.B,1442,721,721,2010-03-29,2020-05-29,0,16,94,138,56,80,212,170,126,262,228,60,0,0,0,0,0
BFAM,1122,436,686,2012-10-24,2023-12-11,0,0,0,1,107,52,176,80,140,190,166,112,15,39,44,0,0
BFC,83,0,83,2018-11-16,2023-10-17,0,0,0,0,0,0,0,0,0,1,4,8,15,34,21,0,0
BFIN,452,170,282,2011-04-28,2023-12-13,0,0,4,27,7,29,37,29,30,90,117,24,3,27,28,0,0
BFIT,27,0,27,2016-05-13,2023-12-16,0,0,0,0,0,0,0,4,2,7,3,1,3,3,4,0,0
BFK,648,306,342,2010-03-04,2023-06-05,0,1,0,0,5,5,49,132,76,203,136,28,11,0,2,0,0
BFO,126,63,63,2015-04-10,2019-12-09,0,0,0,0,0,0,6,18,20,50,32,0,0,0,0,0,0
BFOR,164,54,110,2013-06-05,2023-10-09,0,0,0,0,4,4,19,16,32,36,21,7,6,12,7,0,0
BFR,538,269,269,2010-05-18,2020-03-20,0,20,40,40,72,72,72,38,16,136,30,2,0,0,0,0,0
BFS,582,208,374,2009-08-10,2023-09-28,4,41,29,31,18,32,39,56,29,76,104,40,16,32,35,0,0
BFST,77,0,77,2018-06-13,2023-12-12,0,0,0,0,0,0,0,0,0,3,2,2,18,20,32,0,0
BFY,84,42,42,2018-04-09,2020-03-19,0,0,0,0,0,0,0,0,0,44,36,4,0,0,0,0,0
BFZ,297,132,165,2012-03-11,2023-06-05,0,0,0,3,4,6,22,25,22,116,67,18,12,0,2,0,0
BG,3594,1297,2297,2009-07-27,2023-12-16,28,95,256,266,194,178,295,266,249,521,415,281,115,220,215,0,0
BGB,88,44,44,2018-08-17,2020-04-03,0,0,0,0,0,0,0,0,0,24,54,10,0,0,0,0,0
BGC,840,420,420,2009-08-10,2019-07-11,10,32,74,142,90,84,138,94,108,62,6,0,0,0,0,0,0
BGCA,20,10,10,2014-12-01,2015-05-05,0,0,0,0,0,2,18,0,0,0,0,0,0,0,0,0,0
BGCP,1364,682,682,2010-03-10,2020-06-05,0,36,64,74,86,98,350,118,102,212,144,80,0,0,0,0,0
BGFV,2304,782,1522,2010-01-13,2023-11-01,0,41,48,86,116,174,232,308,558,366,218,66,50,28,13,0,0
BGG,1264,632,632,2010-01-14,2020-06-10,0,20,52,126,78,116,144,106,88,182,244,108,0,0,0,0,0
BGH,757,358,399,2010-02-08,2021-12-20,0,25,0,1,11,10,35,39,112,278,218,18,10,0,0,0,0
BGI,175,63,112,2009-06-30,2023-09-08,4,24,4,0,0,11,24,33,33,17,10,4,7,2,2,0,0
BGNE,370,0,370,2016-01-19,2023-12-16,0,0,0,0,0,0,0,14,29,51,46,43,70,73,44,0,0
BGR,123,46,77,2012-12-17,2023-06-05,0,0,0,1,2,4,3,0,0,20,66,12,10,2,3,0,0
BGS,937,0,937,2012-09-20,2023-12-08,0,0,0,7,69,57,114,139,132,93,47,39,61,96,83,0,0
BGSF,756,260,496,2014-12-26,2023-12-07,0,0,0,0,0,1,39,84,61,369,110,44,14,19,15,0,0
BGT,258,129,129,2010-06-03,2020-04-30,0,2,0,0,0,0,18,30,10,80,98,20,0,0,0,0,0
BGX,43,0,43,2012-12-12,2021-12-29,0,0,0,1,9,10,2,1,2,0,2,5,11,0,0,0,0
BGY,223,92,131,2012-03-07,2023-06-05,0,0,0,5,3,4,25,31,26,58,40,14,13,1,3,0,0
BH,801,380,421,2010-06-21,2022-08-26,0,52,63,85,30,47,171,94,45,119,69,19,3,4,0,0,0
BH-A,8541,0,8541,2023-11-30,2023-12-16,0,0,0,0,0,0,0,0,0,0,0,0,0,0,8541,0,0
BHB,367,135,232,2010-01-04,2023-12-13,0,4,6,22,13,11,44,45,24,58,52,14,5,32,37,0,0
BHBK,242,121,121,2014-11-18,2019-07-12,0,0,0,0,0,4,32,30,20,116,40,0,0,0,0,0,0
BHC,540,0,540,2018-07-19,2023-12-16,0,0,0,0,0,0,0,0,0,57,78,85,99,120,101,0,0
BHE,950,398,552,2010-04-14,2023-10-26,0,8,42,86,67,94,95,135,52,118,131,69,28,10,15,0,0
BHFAL,9614,0,9614,2023-11-30,2023-12-16,0,0,0,0,0,0,0,0,0,0,0,0,0,0,9614,0,0
BHFAP,18,0,18,2019-05-09,2023-12-05,0,0,0,0,0,0,0,0,0,0,2,1,2,6,7,0,0
BHI,6558,3279,3279,2009-09-17,2020-06-08,12,226,580,808,430,654,1606,1754,484,2,0,2,0,0,0,0,0
BHK,589,274,315,2009-12-30,2023-08-01,1,0,0,12,10,9,100,169,48,110,85,31,10,0,4,0,0
BHL,96,48,48,2012-06-10,2019-01-02,0,0,0,2,0,0,24,32,10,26,2,0,0,0,0,0,0
BHLB,922,295,627,2010-10-12,2023-12-13,0,16,29,62,47,58,80,110,71,161,117,82,22,35,32,0,0
BHP,8738,2055,6683,2009-08-04,2023-12-16,57,799,451,512,358,321,365,519,737,1005,819,493,703,872,727,0,0
BHR,89,0,89,2018-05-22,2023-11-08,0,0,0,0,0,0,0,0,0,9,13,8,12,21,26,0,0
BHV,149,50,99,2012-12-10,2023-10-09,0,0,0,1,5,5,10,9,0,38,62,5,10,0,4,0,0
BHVN,316,0,316,2017-04-24,2023-12-15,0,0,0,0,0,0,0,0,7,28,37,45,48,101,50,0,0
BIB,468,207,261,2010-04-15,2022-12-20,0,4,3,9,5,13,73,67,94,102,82,2,7,7,0,0,0
BIBL,15,0,15,2018-05-29,2023-08-04,0,0,0,0,0,0,0,0,0,10,3,0,0,0,2,0,0
BICK,88,44,44,2010-04-16,2019-11-14,0,2,0,4,4,2,8,6,12,32,18,0,0,0,0,0,0
BID,2038,1019,1019,2009-08-13,2020-02-17,4,74,130,148,202,346,312,290,156,172,196,8,0,0,0,0,0
BIDU,8890,2268,6622,2010-02-10,2023-12-16,0,40,155,637,638,578,803,753,717,853,1288,974,500,394,560,0,0
BIE,82,41,41,2015-04-10,2016-05-19,0,0,0,0,0,0,44,38,0,0,0,0,0,0,0,0,0
BIF,270,135,135,2010-03-08,2020-05-20,0,4,6,2,0,0,12,74,36,58,62,16,0,0,0,0,0
BIG,5514,2137,3377,2009-08-07,2023-12-16,26,203,366,601,347,488,476,538,659,611,563,366,81,94,95,0,0
BIIB,8369,1916,6453,2010-02-09,2023-12-16,0,5,158,329,680,820,969,860,832,806,816,645,483,457,509,0,0
BIK,114,57,57,2011-06-27,2016-09-03,0,0,4,4,2,0,44,60,0,0,0,0,0,0,0,0,0
BIL,366,58,308,2009-06-24,2023-12-16,2,3,7,4,8,10,24,15,8,9,9,113,2,67,85,0,0
BILI,624,0,624,2018-03-23,2023-12-07,0,0,0,0,0,0,0,0,0,66,46,85,128,170,129,0,0
BILL,476,0,476,2019-11-15,2023-12-16,0,0,0,0,0,0,0,0,0,0,8,45,69,105,249,0,0
BIMI,28,0,28,2020-04-15,2022-10-24,0,0,0,0,0,0,0,0,0,0,0,9,13,6,0,0,0
BIN,510,255,255,2010-01-14,2016-09-01,0,26,66,58,64,92,88,116,0,0,0,0,0,0,0,0,0
BIND,58,29,29,2013-09-20,2016-08-31,0,0,0,0,14,14,6,24,0,0,0,0,0,0,0,0,0
BIO,1895,945,950,2009-10-22,2023-05-07,4,20,60,56,130,74,232,74,110,616,320,196,0,2,1,0,0
BIOA,332,166,166,2013-06-11,2018-05-08,0,0,0,0,12,62,72,52,96,38,0,0,0,0,0,0,0
BIOC,858,429,429,2009-11-04,2020-05-29,2,6,12,42,20,4,132,42,78,206,262,52,0,0,0,0,0
BIOD,566,283,283,2009-12-10,2016-10-24,10,54,52,42,60,104,206,38,0,0,0,0,0,0,0,0,0
BIOL,662,305,357,2012-05-21,2023-12-08,0,0,0,25,89,79,77,29,69,87,110,68,18,6,5,0,0
BIOS,942,471,471,2009-11-10,2020-01-30,2,26,38,28,74,54,136,132,116,124,196,16,0,0,0,0,0
BIOX,69,0,69,2020-04-23,2023-10-19,0,0,0,0,0,0,0,0,0,0,0,18,18,20,13,0,0
BIP,3561,1055,2506,2010-01-17,2023-12-16,0,35,62,103,520,90,363,201,297,531,583,284,140,135,217,0,0
BIPC,403,0,403,2020-04-11,2023-12-16,0,0,0,0,0,0,0,0,0,0,0,83,84,93,143,0,0
BIRT,142,71,71,2011-01-27,2015-01-20,0,0,34,30,22,50,6,0,0,0,0,0,0,0,0,0,0
BIS,173,57,116,2010-04-15,2023-06-26,0,6,4,8,13,10,12,7,2,36,68,0,0,6,1,0,0
BIT,99,25,74,2013-09-11,2023-07-24,0,0,0,0,3,6,5,2,5,20,23,14,12,1,8,0,0
BITA,1946,973,973,2010-11-17,2020-06-02,0,10,28,10,128,558,374,138,154,238,268,40,0,0,0,0,0
BIV,279,55,224,2009-12-30,2023-12-08,1,0,1,2,1,5,17,29,49,21,41,70,13,11,18,0,0
BIZD,646,56,590,2013-02-12,2023-10-14,0,0,0,0,48,98,99,79,110,61,113,9,8,10,11,0,0
BJK,979,374,605,2009-10-30,2023-11-27,2,13,38,68,63,60,90,159,117,169,116,42,14,20,8,0,0
BJRI,1196,0,1196,2011-07-29,2023-12-01,0,0,6,26,35,148,274,79,60,184,37,48,23,40,236,0,0
BJUL,11,0,11,2018-08-29,2022-06-29,0,0,0,0,0,0,0,0,0,1,3,1,3,3,0,0,0
BJZ,104,52,52,2013-07-11,2019-05-08,0,0,0,0,2,0,0,0,8,90,4,0,0,0,0,0,0
BK,4715,1409,3306,2009-08-16,2023-12-15,36,188,281,197,243,252,273,275,258,696,757,478,172,260,349,0,0
BKAG,9,0,9,2021-06-11,2023-12-08,0,0,0,0,0,0,0,0,0,0,0,0,1,1,7,0,0
BKCC,920,397,523,2009-10-26,2023-11-02,2,40,34,22,48,38,188,144,71,147,108,43,12,5,18,0,0
BKD,338,0,338,2010-05-03,2023-12-13,0,1,0,7,8,35,30,42,43,36,17,26,17,34,42,0,0
BKE,4174,1670,2504,2009-08-10,2023-12-16,8,168,224,302,399,357,413,386,346,638,518,156,52,158,49,0,0
BKEM,4,0,4,2022-03-25,2023-08-04,0,0,0,0,0,0,0,0,0,0,0,0,0,3,1,0,0
BKEP,590,295,295,2011-01-18,2020-05-06,0,0,22,24,66,18,42,92,52,142,120,12,0,0,0,0,0
BKEPP,54,27,27,2012-09-17,2019-12-07,0,0,0,2,0,0,2,0,0,26,24,0,0,0,0,0,0
BKF,145,59,86,2010-01-21,2023-06-22,0,6,6,13,8,3,0,1,3,59,44,1,0,0,1,0,0
BKH,2010,768,1242,2009-12-22,2023-12-12,2,23,97,81,105,364,187,197,114,301,273,120,38,37,71,0,0
BKIE,6,0,6,2021-09-09,2023-11-14,0,0,0,0,0,0,0,0,0,0,0,0,1,1,4,0,0
BKJ,160,80,80,2011-09-15,2019-11-14,0,0,4,20,6,4,24,26,10,24,42,0,0,0,0,0,0
BKK,116,58,58,2013-07-11,2020-05-18,0,0,0,0,2,0,0,4,16,58,30,6,0,0,0,0,0
BKLC,23,0,23,2021-09-09,2023-12-08,0,0,0,0,0,0,0,0,0,0,0,0,1,6,16,0,0
BKLN,398,0,398,2011-04-26,2023-12-01,0,0,7,16,41,31,26,37,44,31,31,18,33,47,36,0,0
BKMC,6,0,6,2023-02-15,2023-11-07,0,0,0,0,0,0,0,0,0,0,0,0,0,0,6,0,0
BKMU,224,112,112,2010-04-16,2018-02-05,0,12,10,40,32,16,32,36,36,10,0,0,0,0,0,0,0
BKN,96,20,76,2012-04-20,2023-12-06,0,0,0,3,5,6,10,9,0,12,20,9,2,9,11,0,0
BKNG,1900,0,1900,2018-02-27,2023-12-16,0,0,0,0,0,0,0,0,0,181,190,270,264,367,628,0,0
BKR,1978,0,1978,2019-10-23,2023-12-16,0,0,0,0,0,0,0,0,0,0,23,223,382,607,743,0,0
BKS,4862,2431,2431,2010-02-23,2020-03-09,0,144,654,1132,692,626,400,340,294,332,246,2,0,0,0,0,0
BKSC,284,125,159,2010-09-23,2023-10-05,0,2,8,77,26,11,24,41,18,20,39,6,5,1,6,0,0
BKSE,2,0,2,2022-01-26,2023-08-04,0,0,0,0,0,0,0,0,0,0,0,0,0,1,1,0,0
BKT,188,41,147,2011-09-12,2023-12-16,0,0,2,2,5,7,14,9,0,12,58,19,20,26,14,0,0
BKTI,25,0,25,2018-06-28,2023-09-13,0,0,0,0,0,0,0,0,0,3,1,5,9,3,4,0,0
BKU,1845,637,1208,2011-01-27,2023-12-12,0,0,70,133,314,187,162,129,94,207,216,89,33,100,111,0,0
BKYF,72,36,36,2009-08-16,2015-05-05,2,10,8,8,16,22,6,0,0,0,0,0,0,0,0,0,0
BKYI,22,0,22,2018-08-22,2022-12-15,0,0,0,0,0,0,0,0,0,1,0,15,3,3,0,0,0
BLBD,123,0,123,2015-06-23,2023-12-15,0,0,0,0,0,0,4,2,13,6,4,5,12,16,61,0,0
BLCM,1260,574,686,2014-11-18,2023-03-16,0,0,0,0,0,41,188,149,167,393,195,113,4,3,7,0,0
BLCN,55,0,55,2018-01-18,2023-11-13,0,0,0,0,0,0,0,0,0,28,1,6,14,2,4,0,0
BLD,574,0,574,2015-07-14,2023-12-16,0,0,0,0,0,0,2,40,117,26,23,34,50,84,198,0,0
BLDP,40,20,20,2020-01-31,2020-06-09,0,0,0,0,0,0,0,0,0,0,0,40,0,0,0,0,0
BLDR,2399,726,1673,2010-02-22,2023-12-16,0,14,59,99,166,93,225,123,130,231,357,225,67,248,362,0,0
BLE,156,44,112,2012-12-10,2023-06-05,0,0,0,1,6,16,12,12,1,25,50,19,10,2,2,0,0
BLES,17,0,17,2017-03-21,2021-05-12,0,0,0,0,0,0,0,0,2,9,3,2,1,0,0,0,0
BLFS,129,0,129,2012-07-02,2023-10-09,0,0,0,3,2,5,1,5,5,24,7,11,24,20,22,0,0
BLH,100,50,50,2011-09-26,2019-01-15,0,0,2,0,2,0,6,14,16,56,4,0,0,0,0,0,0
BLIN,849,372,477,2011-05-12,2023-12-07,0,0,6,40,10,32,41,64,93,173,259,86,17,18,10,0,0
BLJ,88,44,44,2012-04-13,2018-07-26,0,0,0,2,2,0,14,22,14,34,0,0,0,0,0,0,0
BLK,7978,3989,3989,2009-10-20,2020-06-03,14,388,658,878,678,480,750,672,628,1080,1280,472,0,0,0,0,0
BLKB,542,271,271,2010-06-02,2020-05-05,0,2,6,28,42,50,44,44,44,136,100,46,0,0,0,0,0
BLL,2254,1127,1127,2009-08-07,2020-06-02,4,84,182,214,168,218,314,156,148,260,322,184,0,0,0,0,0
BLMN,523,0,523,2012-07-25,2023-12-16,0,0,0,5,15,38,30,37,33,38,40,67,38,45,137,0,0
BLNG,100,50,50,2018-08-24,2019-01-08,0,0,0,0,0,0,0,0,0,90,10,0,0,0,0,0,0
BLNK,688,0,688,2018-03-02,2023-12-13,0,0,0,0,0,0,0,0,0,14,8,99,244,186,137,0,0
BLOX,1062,531,531,2012-04-20,2016-12-29,0,0,0,114,236,182,284,246,0,0,0,0,0,0,0,0,0
BLPH,67,0,67,2015-01-13,2023-07-06,0,0,0,0,0,0,13,3,2,8,4,13,3,1,20,0,0
BLRX,1216,545,671,2011-07-25,2023-11-02,0,0,20,68,109,96,196,122,119,215,196,55,7,4,9,0,0
BLT,630,315,315,2009-08-07,2018-11-06,2,22,44,42,38,344,98,32,4,4,0,0,0,0,0,0,0
BLUE,3985,1573,2412,2013-05-14,2023-12-16,0,0,0,0,51,165,763,468,589,758,567,225,107,142,150,0,0
BLV,146,73,73,2011-08-03,2020-04-20,0,0,2,0,0,0,0,20,18,40,56,10,0,0,0,0,0
BLVD,24,12,12,2015-05-04,2017-11-17,0,0,0,0,0,0,12,0,12,0,0,0,0,0,0,0,0
BLVDU,6,3,3,2015-09-22,2017-08-03,0,0,0,0,0,0,4,0,2,0,0,0,0,0,0,0,0
BLW,245,105,140,2010-06-04,2023-06-04,0,2,0,3,5,6,20,38,20,70,51,16,10,0,4,0,0
BLX,492,155,337,2010-10-12,2023-11-24,0,5,15,39,20,26,25,23,26,92,118,54,20,12,17,0,0
BMA,1354,500,854,2010-04-21,2023-12-16,0,30,45,86,79,100,116,97,91,218,305,108,14,19,46,0,0
BMAR,2,0,2,2022-03-07,2023-03-06,0,0,0,0,0,0,0,0,0,0,0,0,0,1,1,0,0
BMAY,5,0,5,2021-05-04,2022-05-20,0,0,0,0,0,0,0,0,0,0,0,0,3,2,0,0,0
BME,135,41,94,2012-01-17,2023-06-05,0,0,0,2,2,4,3,0,2,14,57,30,12,2,7,0,0
BMI,1919,554,1365,2009-08-13,2023-12-16,4,36,64,128,98,85,130,156,106,259,221,78,28,158,368,0,0
BMO,3750,1376,2374,2009-08-07,2023-12-16,26,108,111,185,198,299,463,448,267,440,442,255,151,165,192,0,0
BMR,530,265,265,2009-09-14,2020-04-09,2,42,40,84,84,58,186,28,0,2,2,2,0,0,0,0,0
BMRA,49,0,49,2013-01-24,2022-09-05,0,0,0,0,1,6,0,0,0,1,1,21,16,3,0,0,0
BMRC,643,232,411,2010-06-11,2023-12-11,0,16,31,29,39,35,78,56,43,101,100,36,16,41,22,0,0
BMRN,5267,2040,3227,2009-08-13,2023-12-12,14,76,148,362,356,340,968,773,512,542,577,294,69,98,138,0,0
BMS,1622,811,811,2009-08-10,2019-11-20,4,38,186,180,152,150,256,146,134,218,158,0,0,0,0,0,0
BMTC,418,209,209,2010-05-14,2020-06-01,0,4,28,30,22,16,60,42,34,82,70,30,0,0,0,0,0
BMY,5056,2528,2528,2009-10-01,2020-06-09,26,360,490,420,324,384,512,546,578,458,648,310,0,0,0,0,0
BNCL,316,158,158,2010-05-03,2019-02-27,0,12,16,8,28,44,52,44,16,74,22,0,0,0,0,0,0
BNCN,324,162,162,2010-04-10,2018-02-05,0,8,24,30,46,46,74,52,42,2,0,0,0,0,0,0,0
BND,3627,1491,2136,2009-07-21,2023-12-16,11,45,170,167,90,62,530,522,455,436,596,318,47,74,104,0,0
BNDC,8,0,8,2019-09-19,2022-06-17,0,0,0,0,0,0,0,0,0,0,1,0,5,2,0,0,0
BNDW,14,0,14,2018-09-14,2023-02-01,0,0,0,0,0,0,0,0,0,3,0,0,6,4,1,0,0
BNDX,275,25,250,2013-06-04,2023-12-16,0,0,0,0,4,21,20,13,20,37,32,36,29,24,39,0,0
BNED,140,0,140,2015-09-20,2023-12-07,0,0,0,0,0,0,5,21,23,12,14,21,23,10,11,0,0
BNFT,968,484,484,2013-09-16,2020-06-10,0,0,0,0,78,82,116,76,68,168,268,112,0,0,0,0,0
BNGO,271,0,271,2018-07-27,2023-12-05,0,0,0,0,0,0,0,0,0,2,5,31,139,46,48,0,0
BNJ,82,41,41,2012-06-10,2018-07-26,0,0,0,2,0,0,14,20,12,34,0,0,0,0,0,0,0
BNKD,33,0,33,2020-05-01,2023-10-02,0,0,0,0,0,0,0,0,0,0,0,4,0,12,17,0,0
BNKU,17,0,17,2020-04-28,2023-12-16,0,0,0,0,0,0,0,0,0,0,0,3,1,6,7,0,0
BNO,1636,664,972,2010-06-03,2023-11-17,0,3,49,161,542,473,59,119,46,35,8,21,22,74,24,0,0
BNOV,2,0,2,2022-11-17,2022-12-12,0,0,0,0,0,0,0,0,0,0,0,0,0,2,0,0,0
BNR,58,0,58,2020-06-12,2023-09-08,0,0,0,0,0,0,0,0,0,0,0,2,23,24,9,0,0
BNS,3461,1274,2187,2009-08-16,2023-12-16,2,54,83,190,152,144,382,438,303,484,515,232,138,166,178,0,0
BNSO,88,44,44,2010-11-05,2020-04-01,0,4,10,0,2,0,18,16,6,24,4,4,0,0,0,0,0
BNTC,42,0,42,2015-08-10,2023-09-26,0,0,0,0,0,0,5,4,9,8,2,5,4,0,5,0,0
BNTX,3251,0,3251,2019-10-10,2023-12-15,0,0,0,0,0,0,0,0,0,0,8,1214,1274,587,168,0,0
BNY,317,129,188,2009-08-17,2023-06-05,4,6,20,8,12,19,39,43,23,65,44,16,12,4,2,0,0
BOBE,1766,883,883,2009-08-10,2018-05-07,4,66,98,114,238,320,432,238,232,24,0,0,0,0,0,0,0
BOCH,350,175,175,2010-03-24,2020-05-08,0,12,8,16,6,32,32,38,50,72,56,28,0,0,0,0,0
BOCT,3,0,3,2020-07-17,2023-09-29,0,0,0,0,0,0,0,0,0,0,0,1,0,1,1,0,0
BOE,220,0,220,2009-10-28,2023-12-06,1,6,9,15,31,36,17,20,24,25,3,5,14,7,7,0,0
BOFI,1306,653,653,2010-02-11,2018-11-09,0,12,26,60,132,158,292,268,174,184,0,0,0,0,0,0,0
BOH,1473,509,964,2010-01-06,2023-12-16,0,30,102,105,99,80,127,150,86,175,235,85,30,70,99,0,0
BOI,100,50,50,2015-10-02,2016-11-06,0,0,0,0,0,0,24,76,0,0,0,0,0,0,0,0,0
BOIL,230,59,171,2011-10-06,2023-10-10,0,0,1,10,15,7,3,2,5,3,106,6,2,25,45,0,0
BOKF,1601,552,1049,2009-10-29,2023-12-16,2,14,69,105,111,88,217,133,115,262,197,105,22,69,92,0,0
BOM,110,55,55,2011-05-12,2019-12-12,0,0,8,2,0,0,0,0,0,0,100,0,0,0,0,0,0
BONA,334,167,167,2010-12-09,2017-02-27,0,16,36,44,30,44,146,16,2,0,0,0,0,0,0,0,0
BOND,198,0,198,2012-04-20,2023-12-08,0,0,0,35,43,38,10,3,7,7,3,4,10,11,27,0,0
BONE,310,155,155,2011-03-18,2015-09-10,0,0,30,78,28,102,72,0,0,0,0,0,0,0,0,0,0
BONT,1292,646,646,2009-11-20,2019-05-01,2,58,116,202,216,216,234,110,98,34,6,0,0,0,0,0,0
BOOT,2766,961,1805,2009-11-30,2023-12-16,2,13,36,27,0,17,312,150,176,639,852,160,27,188,167,0,0
BORN,280,140,140,2010-10-11,2019-06-07,0,18,68,34,22,10,26,28,36,36,2,0,0,0,0,0,0
BOS,56,28,28,2009-08-12,2019-12-12,2,0,20,0,14,0,0,0,0,0,20,0,0,0,0,0,0
BOSC,514,236,278,2010-08-11,2023-08-25,0,8,12,14,36,21,39,98,48,80,128,18,4,5,3,0,0
BOTA,126,63,63,2014-04-29,2016-04-12,0,0,0,0,0,30,66,30,0,0,0,0,0,0,0,0,0
BOTJ,164,64,100,2012-10-26,2023-04-24,0,0,0,2,5,2,26,24,16,43,30,2,11,2,1,0,0
BOTZ,185,0,185,2016-09-20,2023-12-12,0,0,0,0,0,0,0,3,13,18,16,14,17,18,86,0,0
BOUT,4,0,4,2018-09-20,2021-11-11,0,0,0,0,0,0,0,0,0,1,0,1,2,0,0,0,0
BOX,732,0,732,2010-11-01,2023-12-16,0,1,1,5,0,4,60,83,55,113,84,46,88,97,95,0,0
BOXC,218,109,109,2012-09-11,2018-01-04,0,0,0,6,14,14,58,70,54,2,0,0,0,0,0,0,0
BOXL,78,0,78,2015-07-28,2023-08-14,0,0,0,0,0,0,4,0,0,7,7,24,9,15,12,0,0
BP,820,311,509,2016-11-17,2020-06-10,0,0,0,0,0,0,0,50,148,62,288,272,0,0,0,0,0
BPFH,566,283,283,2009-08-10,2020-05-13,6,54,20,36,48,26,68,28,30,102,98,50,0,0,0,0,0
BPFHP,2,1,1,2018-07-22,2018-07-22,0,0,0,0,0,0,0,0,0,2,0,0,0,0,0,0,0
BPFHW,4,2,2,2012-10-15,2013-06-03,0,0,0,2,2,0,0,0,0,0,0,0,0,0,0,0,0
BPI,1174,587,587,2009-08-07,2019-05-15,10,62,178,192,80,76,104,118,86,152,116,0,0,0,0,0,0
BPK,112,56,56,2013-07-11,2019-01-15,0,0,0,0,2,2,10,18,20,58,2,0,0,0,0,0,0
BPL,1948,974,974,2009-09-09,2020-02-10,12,66,122,156,108,94,218,208,170,438,346,10,0,0,0,0,0
BPMC,315,0,315,2015-03-23,2023-12-13,0,0,0,0,0,0,6,11,22,17,35,39,28,57,100,0,0
BPOP,1512,756,756,2009-08-07,2020-06-09,10,104,126,106,106,86,226,92,72,218,282,84,0,0,0,0,0
BPOPM,50,25,25,2018-07-05,2019-12-04,0,0,0,0,0,0,0,0,0,24,26,0,0,0,0,0,0
BPOPN,46,23,23,2018-07-05,2019-12-04,0,0,0,0,0,0,0,0,0,20,26,0,0,0,0,0,0
BPRN,95,0,95,2018-10-25,2023-12-15,0,0,0,0,0,0,0,0,0,2,7,2,16,39,29,0,0
BPT,912,315,597,2010-02-14,2023-12-13,0,30,10,79,15,10,83,102,67,145,180,34,66,65,26,0,0
BPTH,992,468,524,2010-11-24,2023-03-30,0,2,0,6,3,24,51,50,39,191,549,60,12,4,1,0,0
BPYPN,1,0,1,2023-05-06,2023-05-06,0,0,0,0,0,0,0,0,0,0,0,0,0,0,1,0,0
BPYPO,9979,0,9979,2023-11-30,2023-12-16,0,0,0,0,0,0,0,0,0,0,0,0,0,0,9979,0,0
BPYPP,1,0,1,2021-02-16,2021-02-16,0,0,0,0,0,0,0,0,0,0,0,0,1,0,0,0,0
BQH,42,21,21,2018-08-02,2020-03-27,0,0,0,0,0,0,0,0,0,14,2,26,0,0,0,0,0
BR,2748,947,1801,2009-08-10,2023-12-16,2,35,100,131,149,159,162,179,243,611,432,202,64,98,181,0,0
BRAF,44,22,22,2010-12-20,2016-03-23,0,2,4,8,6,0,4,20,0,0,0,0,0,0,0,0,0
BRAQ,534,267,267,2010-07-14,2019-01-02,0,32,10,26,14,8,142,158,38,104,2,0,0,0,0,0,0
BRAZ,112,56,56,2011-06-10,2019-01-02,0,0,4,8,0,0,0,0,0,98,2,0,0,0,0,0,0
BRBR,154,0,154,2019-10-18,2023-12-13,0,0,0,0,0,0,0,0,0,0,1,17,19,33,84,0,0
BRBS,7,0,7,2021-04-09,2023-04-08,0,0,0,0,0,0,0,0,0,0,0,0,2,2,3,0,0
BRC,1863,629,1234,2009-08-10,2023-12-16,6,45,64,81,91,131,181,202,111,238,414,75,59,57,108,0,0
BRCD,2472,1236,1236,2009-08-17,2018-05-07,42,270,324,400,260,252,296,438,188,2,0,0,0,0,0,0,0
BRCM,5200,2600,2600,2009-07-27,2018-07-21,42,336,840,1176,846,650,1210,92,6,2,0,0,0,0,0,0,0
BRDR,184,92,92,2014-03-21,2015-09-17,0,0,0,0,0,68,116,0,0,0,0,0,0,0,0,0,0
BREW,882,441,441,2012-04-12,2020-05-15,0,0,0,38,46,36,108,154,150,144,192,14,0,0,0,0,0
BRF,1355,619,736,2009-09-18,2023-07-03,32,147,111,160,126,47,159,231,59,154,104,11,1,2,11,0,0
BRFS,1147,450,697,2010-02-10,2023-11-28,0,28,87,87,92,174,112,68,71,174,157,56,12,18,11,0,0
BRG,754,377,377,2010-12-23,2020-06-02,0,2,0,0,2,14,100,174,114,150,152,46,0,0,0,0,0
BRID,158,72,86,2010-05-19,2023-09-12,0,6,0,15,6,2,20,40,9,28,15,15,0,1,1,0,0
BRK,8797,0,8797,2009-10-19,2023-12-16,5,15,0,0,8,0,104,367,416,389,275,1341,1033,2364,2480,0,0
BRK.A,678,339,339,2009-11-10,2020-06-05,2,46,138,132,24,24,38,20,132,24,70,28,0,0,0,0,0
BRK.B,696,348,348,2009-11-10,2020-06-05,2,36,110,124,32,60,34,24,142,30,82,20,0,0,0,0,0
BRKL,452,226,226,2010-04-01,2020-05-14,0,14,48,20,14,12,46,44,38,70,100,46,0,0,0,0,0
BRKR,2013,782,1231,2009-09-23,2023-12-16,4,32,78,112,92,107,223,208,172,209,426,152,37,77,84,0,0
BRKS,1074,537,537,2009-12-09,2020-05-13,2,16,46,46,54,88,94,84,144,234,210,56,0,0,0,0,0
BRLI,674,337,337,2010-02-24,2018-04-08,0,16,84,166,122,116,162,4,2,2,0,0,0,0,0,0,0
BRLIU,7270,0,7270,2023-12-01,2023-12-16,0,0,0,0,0,0,0,0,0,0,0,0,0,0,7270,0,0
BRN,30,0,30,2017-01-06,2023-12-11,0,0,0,0,0,0,0,0,2,3,4,8,1,4,8,0,0
BRO,3397,1173,2224,2009-08-13,2023-12-16,8,30,116,168,230,210,343,258,273,529,507,297,72,148,208,0,0
BROG,28,0,28,2020-02-24,2023-10-04,0,0,0,0,0,0,0,0,0,0,0,8,13,3,4,0,0
BROGW,10456,0,10456,2023-11-30,2023-12-16,0,0,0,0,0,0,0,0,0,0,0,0,0,0,10456,0,0
BRP,409,151,258,2011-05-16,2023-12-16,0,0,6,14,28,68,34,0,0,2,86,74,19,32,46,0,0
BRSS,500,250,250,2013-05-23,2019-08-21,0,0,0,0,20,28,162,50,30,130,80,0,0,0,0,0,0
BRT,585,222,363,2010-08-08,2023-11-26,0,8,16,14,8,6,30,72,59,156,97,28,7,57,27,0,0
BRX,1547,700,847,2013-11-06,2023-12-15,0,0,0,0,38,40,146,222,124,324,370,137,33,51,62,0,0
BRXX,252,126,126,2010-03-01,2016-01-08,0,32,32,26,20,20,120,2,0,0,0,0,0,0,0,0,0
BRY,175,0,175,2010-03-15,2023-11-15,0,2,2,5,22,0,0,0,0,12,15,5,21,38,53,0,0
BRZU,1186,570,616,2013-04-10,2023-09-19,0,0,0,0,11,7,298,286,74,299,178,15,3,9,6,0,0
BSAC,380,190,190,2012-04-12,2020-05-15,0,0,0,24,24,22,28,42,46,70,94,30,0,0,0,0,0
BSBK,23,0,23,2020-02-24,2023-02-10,0,0,0,0,0,0,0,0,0,0,0,1,2,15,5,0,0
BSBR,1200,472,728,2009-11-04,2023-11-15,6,28,59,59,46,94,115,97,67,163,250,148,20,27,21,0,0
BSCF,14,7,7,2013-01-15,2015-09-29,0,0,0,0,2,2,10,0,0,0,0,0,0,0,0,0,0
BSCG,66,33,33,2010-06-14,2019-01-04,0,2,0,0,6,4,12,14,6,20,2,0,0,0,0,0,0
BSCH,86,43,43,2012-10-03,2019-01-04,0,0,0,4,2,0,10,10,28,30,2,0,0,0,0,0,0
BSCJ,100,50,50,2018-01-12,2019-11-14,0,0,0,0,0,0,0,0,0,54,46,0,0,0,0,0,0
BSCK,100,50,50,2018-10-26,2020-05-11,0,0,0,0,0,0,0,0,0,10,66,24,0,0,0,0,0
BSCL,102,51,51,2019-01-29,2020-05-15,0,0,0,0,0,0,0,0,0,0,46,56,0,0,0,0,0
BSCM,102,51,51,2015-05-18,2020-05-18,0,0,0,0,0,0,2,0,0,0,42,58,0,0,0,0,0
BSCO,84,31,53,2014-10-03,2023-07-24,0,0,0,0,0,3,7,4,6,32,12,1,3,11,5,0,0
BSCP,20,0,20,2015-10-11,2023-12-01,0,0,0,0,0,0,1,0,0,0,0,1,1,6,11,0,0
BSD,56,28,28,2010-05-05,2020-03-19,0,4,0,0,0,0,0,0,0,26,18,8,0,0,0,0,0
BSDM,254,127,127,2009-09-22,2015-04-02,2,34,80,56,32,30,20,0,0,0,0,0,0,0,0,0,0
BSE,114,57,57,2011-06-19,2020-03-19,0,0,2,0,0,0,0,14,16,48,26,8,0,0,0,0,0
BSET,845,345,500,2009-11-06,2023-10-04,2,10,18,45,30,37,91,98,99,158,102,71,15,48,21,0,0
BSF,90,45,45,2014-07-03,2018-04-14,0,0,0,0,0,2,20,26,28,14,0,0,0,0,0,0,0
BSFT,1072,536,536,2010-06-18,2018-02-07,0,32,130,170,116,90,168,218,136,12,0,0,0,0,0,0,0
BSGM,48,0,48,2016-08-09,2023-11-27,0,0,0,0,0,0,0,2,0,1,1,21,5,8,10,0,0
BSI,236,118,118,2009-09-08,2018-02-01,2,14,8,12,10,10,86,92,0,2,0,0,0,0,0,0,0
BSIG,110,0,110,2018-11-15,2023-12-06,0,0,0,0,0,0,0,0,0,3,12,18,28,19,30,0,0
BSJG,140,70,70,2017-01-23,2019-01-13,0,0,0,0,0,0,0,0,52,82,6,0,0,0,0,0,0
BSJH,100,50,50,2018-05-03,2019-08-28,0,0,0,0,0,0,0,0,0,78,22,0,0,0,0,0,0
BSJK,100,50,50,2018-08-14,2019-12-10,0,0,0,0,0,0,0,0,0,50,50,0,0,0,0,0,0
BSJL,100,50,50,2018-12-02,2020-05-15,0,0,0,0,0,0,0,0,0,18,48,34,0,0,0,0,0
BSJM,140,70,70,2018-04-03,2019-12-10,0,0,0,0,0,0,0,0,0,94,46,0,0,0,0,0,0
BSL,191,58,133,2010-10-06,2023-09-25,0,2,6,5,9,9,3,1,1,38,63,21,12,6,15,0,0
BSM,279,0,279,2015-03-19,2023-12-12,0,0,0,0,0,0,13,23,20,20,22,24,23,63,71,0,0
BSMQ,882,0,882,2023-12-04,2023-12-16,0,0,0,0,0,0,0,0,0,0,0,0,0,0,882,0,0
BSMR,8708,0,8708,2023-07-23,2023-12-16,0,0,0,0,0,0,0,0,0,0,0,0,0,0,8708,0,0
BSMX,378,189,189,2012-09-26,2020-04-29,0,0,0,36,28,26,18,72,60,62,50,26,0,0,0,0,0
BSPM,476,238,238,2010-03-25,2019-12-23,0,34,28,18,18,28,30,150,28,140,2,0,0,0,0,0,0
BSQR,400,200,200,2010-03-26,2020-06-02,0,14,22,16,14,18,62,60,32,82,70,10,0,0,0,0,0
BSRR,586,213,373,2010-07-14,2023-10-30,0,6,12,21,52,89,49,53,41,68,97,25,17,23,33,0,0
BST,141,25,116,2015-01-12,2023-11-02,0,0,0,0,0,0,10,9,4,30,21,28,25,5,9,0,0
BSTC,616,308,308,2010-10-12,2020-05-29,0,4,28,36,52,40,42,48,38,172,120,36,0,0,0,0,0
BSTZ,40,0,40,2019-09-12,2023-11-16,0,0,0,0,0,0,0,0,0,0,4,8,16,3,9,0,0
BSV,321,0,321,2009-11-18,2023-12-06,1,4,1,6,17,27,40,28,58,26,11,9,27,38,28,0,0
BSVN,93,0,93,2018-09-14,2023-12-13,0,0,0,0,0,0,0,0,0,3,0,0,13,40,37,0,0
BSX,8526,3268,5258,2009-08-07,2023-12-16,32,403,1110,951,734,553,627,712,413,895,820,493,160,180,443,0,0
BT,1438,719,719,2009-08-17,2019-12-15,10,62,64,64,120,136,192,194,142,258,196,0,0,0,0,0,0
BTA,149,57,92,2012-04-22,2023-08-11,0,0,0,2,5,5,2,1,0,50,58,12,11,0,3,0,0
BTAI,134,0,134,2018-02-21,2023-11-26,0,0,0,0,0,0,0,0,0,10,5,27,21,19,52,0,0
BTE,1646,654,992,2009-12-21,2023-12-15,2,20,26,57,62,130,256,191,126,301,249,165,12,8,41,0,0
BTF,12,6,6,2010-03-10,2011-12-08,0,6,6,0,0,0,0,0,0,0,0,0,0,0,0,0,0
BTG,616,308,308,2013-06-28,2020-06-03,0,0,0,0,24,8,6,16,8,104,310,140,0,0,0,0,0
BTI,3578,1407,2171,2010-01-15,2023-12-16,0,34,60,92,66,88,174,337,485,755,1006,227,87,61,106,0,0
BTN,396,198,198,2010-03-25,2020-05-22,0,22,42,16,30,58,52,38,10,58,60,10,0,0,0,0,0
BTO,108,0,108,2010-11-10,2023-11-22,0,1,0,1,1,7,3,4,5,4,2,31,23,9,17,0,0
BTT,291,109,182,2012-10-04,2023-06-05,0,0,0,10,10,6,29,48,25,91,31,23,12,2,4,0,0
BTU,5830,2310,3520,2010-02-08,2023-12-12,0,165,656,933,473,476,1205,419,132,359,377,254,66,184,131,0,0
BTUI,136,68,68,2010-03-03,2015-01-05,0,22,40,24,16,32,2,0,0,0,0,0,0,0,0,0,0
BTX,820,410,410,2011-01-06,2019-08-08,0,0,44,68,42,62,112,84,102,206,100,0,0,0,0,0,0
BTZ,86,0,86,2012-12-10,2023-06-04,0,0,0,2,4,7,12,11,10,12,6,7,12,0,3,0,0
BUD,7211,3132,4079,2010-03-04,2023-12-16,0,102,108,144,272,396,1100,1164,516,1013,1442,507,105,128,214,0,0
BUG,7,0,7,2023-09-15,2023-12-11,0,0,0,0,0,0,0,0,0,0,0,0,0,0,7,0,0
BUI,149,57,92,2014-09-10,2023-06-05,0,0,0,0,0,4,3,3,2,6,102,13,10,0,6,0,0
BUNL,104,52,52,2011-11-16,2016-10-05,0,0,2,0,0,0,0,102,0,0,0,0,0,0,0,0,0
BUNT,104,52,52,2015-12-18,2016-10-05,0,0,0,0,0,0,4,100,0,0,0,0,0,0,0,0,0
BURL,5226,1866,3360,2013-09-30,2023-12-16,0,0,0,0,53,426,577,584,947,1095,866,341,47,105,185,0,0
BUSE,506,179,327,2009-11-13,2023-12-14,2,4,10,19,24,38,30,41,55,69,78,45,14,27,50,0,0
BV,1337,577,760,2012-02-23,2023-11-16,0,0,0,89,105,98,257,129,106,163,250,61,23,26,30,0,0
BVA,42,21,21,2015-03-04,2016-06-02,0,0,0,0,0,0,24,18,0,0,0,0,0,0,0,0,0
BVN,1110,422,688,2009-08-13,2023-12-15,2,79,102,82,71,68,71,125,74,127,155,76,21,25,32,0,0
BVSN,494,247,247,2011-10-05,2020-05-11,0,0,14,144,16,8,38,48,32,82,82,30,0,0,0,0,0
BVX,430,215,215,2010-05-12,2018-12-25,0,4,16,8,12,20,52,76,74,168,0,0,0,0,0,0,0
BW,140,0,140,2015-11-18,2023-12-11,0,0,0,0,0,0,2,22,31,11,5,8,13,31,17,0,0
BWA,3830,1418,2412,2010-03-23,2023-12-16,0,23,233,297,191,248,372,309,329,578,517,305,91,178,159,0,0
BWAY,57,0,57,2019-12-02,2023-12-11,0,0,0,0,0,0,0,0,0,0,1,7,4,18,27,0,0
BWC,782,391,391,2010-08-02,2016-06-28,0,38,146,126,136,192,140,4,0,0,0,0,0,0,0,0,0
BWEN,976,488,488,2009-11-17,2020-06-03,2,98,94,56,68,94,98,72,52,110,116,116,0,0,0,0,0
BWFG,270,98,172,2014-04-04,2023-05-02,0,0,0,0,0,18,25,32,23,57,56,16,10,26,7,0,0
BWG,377,163,214,2012-03-28,2023-05-22,0,0,0,4,9,10,18,31,24,134,77,54,10,5,1,0,0
BWINA,48,24,24,2011-05-23,2018-06-11,0,0,4,2,0,4,2,8,14,14,0,0,0,0,0,0,0
BWINB,108,54,54,2011-06-07,2018-08-01,0,0,16,4,2,0,20,24,22,20,0,0,0,0,0,0,0
BWLD,4218,2109,2109,2009-08-17,2019-11-09,4,200,142,284,550,728,842,678,718,70,2,0,0,0,0,0,0
BWMX,48,0,48,2020-07-31,2023-10-28,0,0,0,0,0,0,0,0,0,0,0,3,11,11,23,0,0
BWP,1136,568,568,2009-10-26,2018-12-24,8,40,96,126,100,220,126,120,136,164,0,0,0,0,0,0,0
BWS,912,456,456,2010-01-27,2015-05-27,0,44,116,198,204,246,104,0,0,0,0,0,0,0,0,0,0
BWV,40,20,20,2012-01-09,2018-12-31,0,0,0,6,12,0,6,0,8,8,0,0,0,0,0,0,0
BWX,178,54,124,2009-10-27,2023-11-28,1,12,4,3,7,7,2,10,9,10,79,24,1,2,7,0,0
BWXT,259,0,259,2017-11-16,2023-12-15,0,0,0,0,0,0,0,0,9,26,17,28,40,67,72,0,0
BWZ,120,60,60,2010-05-11,2020-05-05,0,2,4,4,0,2,8,8,14,42,32,4,0,0,0,0,0
BX,8509,2464,6045,2009-08-13,2023-12-16,88,355,296,365,445,465,655,399,469,1265,1436,669,458,516,628,0,0
BXC,745,328,417,2010-07-22,2023-12-05,0,16,30,49,14,26,38,46,37,157,163,116,9,19,25,0,0
BXE,514,257,257,2013-08-01,2019-01-22,0,0,0,0,22,46,124,124,68,120,10,0,0,0,0,0,0
BXMT,298,0,298,2013-05-23,2023-12-06,0,0,0,0,9,13,26,29,18,18,20,32,34,48,51,0,0
BXMX,46,23,23,2016-01-15,2020-05-01,0,0,0,0,0,0,0,2,0,16,20,8,0,0,0,0,0
BXP,3245,1192,2053,2009-11-02,2023-12-16,4,133,297,291,160,175,284,212,268,364,446,270,47,115,179,0,0
BXRX,51,0,51,2019-11-27,2023-10-06,0,0,0,0,0,0,0,0,0,0,1,16,6,18,10,0,0
BXS,1134,567,567,2009-12-14,2020-06-08,4,58,72,84,96,110,126,84,72,150,216,62,0,0,0,0,0
BY,137,0,137,2017-05-31,2023-12-16,0,0,0,0,0,0,0,0,5,5,12,9,17,30,59,0,0
BYBK,48,24,24,2014-12-05,2018-03-28,0,0,0,0,0,2,4,16,20,6,0,0,0,0,0,0,0
BYD,4130,1564,2566,2009-10-27,2023-12-16,10,212,192,226,209,268,541,473,278,582,405,331,60,154,189,0,0
BYFC,181,80,101,2010-07-08,2023-11-22,0,8,12,16,8,0,18,18,10,36,26,21,4,2,2,0,0
BYLD,63,28,35,2014-05-21,2023-11-10,0,0,0,0,0,2,18,23,7,2,8,0,0,0,3,0,0
BYM,56,0,56,2013-01-09,2023-07-12,0,0,0,0,5,5,11,8,0,7,0,5,11,0,4,0,0
BYND,1703,0,1703,2019-05-15,2023-12-16,0,0,0,0,0,0,0,0,0,0,261,574,359,306,203,0,0
BYSI,70,0,70,2016-11-15,2023-05-02,0,0,0,0,0,0,0,1,2,5,5,17,28,11,1,0,0
BZC,104,52,52,2010-10-29,2016-11-05,0,2,12,18,2,8,52,10,0,0,0,0,0,0,0,0,0
BZH,3084,1228,1856,2009-08-13,2023-12-16,12,131,178,407,217,351,308,182,265,410,301,83,36,79,124,0,0
BZM,106,53,53,2018-04-03,2019-12-10,0,0,0,0,0,0,0,0,0,36,70,0,0,0,0,0,0
BZQ,1470,713,757,2009-06-22,2023-04-25,3,87,170,145,66,10,302,281,48,204,140,8,1,3,2,0,0
BZT,4,2,2,2012-12-09,2013-07-09,0,0,0,2,2,0,0,0,0,0,0,0,0,0,0,0,0
BZUN,441,0,441,2015-05-08,2023-11-22,0,0,0,0,0,0,8,19,63,108,67,64,61,32,19,0,0
C,8271,1021,7250,2014-11-09,2023-12-16,0,0,0,0,0,101,767,943,1612,1317,1085,964,0,1125,357,0,0
CA,2766,1383,1383,2009-08-06,2019-10-10,364,154,322,426,226,184,304,208,196,338,44,0,0,0,0,0,0
CAAP,48,0,48,2018-01-12,2023-10-05,0,0,0,0,0,0,0,0,0,6,6,5,6,8,17,0,0
CAAS,1110,442,668,2009-11-12,2023-05-12,14,89,93,30,20,184,50,86,69,142,190,41,14,63,25,0,0
CAB,2672,1336,1336,2009-12-11,2019-08-28,2,76,162,488,532,190,400,584,212,16,10,0,0,0,0,0,0
CABA,14,0,14,2023-08-23,2023-12-16,0,0,0,0,0,0,0,0,0,0,0,0,0,0,14,0,0
CABO,335,0,335,2015-09-01,2023-12-11,0,0,0,0,0,0,14,44,53,46,22,16,34,48,58,0,0
CAC,527,193,334,2009-08-10,2023-10-31,2,18,14,32,23,17,42,46,23,76,128,43,24,16,23,0,0
CACC,458,0,458,2011-07-21,2023-12-14,0,0,6,1,9,22,26,37,52,54,45,38,32,61,75,0,0
CACGU,8,4,4,2012-12-14,2012-12-28,0,0,0,8,0,0,0,0,0,0,0,0,0,0,0,0,0
CACH,308,154,154,2010-01-12,2016-05-14,0,24,38,104,46,56,38,2,0,0,0,0,0,0,0,0,0
CACI,3264,1285,1979,2010-03-31,2023-12-13,0,70,156,312,163,255,247,217,288,602,569,161,45,50,129,0,0
CACQ,382,191,191,2013-11-21,2018-03-21,0,0,0,0,8,134,108,88,42,2,0,0,0,0,0,0,0
CADC,342,171,171,2010-04-21,2019-07-09,0,12,38,10,18,12,22,4,40,130,56,0,0,0,0,0,0
CADE,293,0,293,2010-04-26,2023-12-16,0,1,0,0,0,0,0,0,29,43,30,20,39,56,75,0,0
CADT,4,2,2,2016-07-11,2016-07-11,0,0,0,0,0,0,0,4,0,0,0,0,0,0,0,0,0
CAE,1375,505,870,2009-08-10,2023-11-30,4,6,32,31,55,111,151,200,100,165,222,139,47,62,50,0,0
CAF,154,40,114,2009-11-25,2023-02-24,1,3,1,7,12,10,5,4,8,13,66,12,7,3,2,0,0
CAFE,112,56,56,2014-08-30,2018-12-31,0,0,0,0,0,2,0,4,6,100,0,0,0,0,0,0,0
CAG,7826,2809,5017,2009-08-12,2023-12-16,24,218,540,760,684,719,753,657,595,845,880,320,144,260,427,0,0
CAH,1674,0,1674,2010-02-19,2023-12-16,0,4,6,39,99,121,110,85,106,117,98,112,150,202,425,0,0
CAJ,1058,529,529,2009-09-14,2020-06-02,6,78,78,50,32,148,96,120,74,106,152,118,0,0,0,0,0
CAK,132,66,66,2010-07-07,2015-04-18,0,10,26,38,12,26,20,0,0,0,0,0,0,0,0,0,0
CAKE,2934,1072,1862,2009-08-17,2023-12-16,10,144,155,93,151,133,254,361,320,439,343,315,49,64,103,0,0
CAL,464,0,464,2010-03-25,2023-12-16,0,16,0,0,0,0,24,32,50,50,22,25,23,161,61,0,0
CALA,1099,503,596,2014-08-25,2023-01-09,0,0,0,0,0,64,203,92,198,145,264,114,6,12,1,0,0
CALB,33,0,33,2021-04-09,2023-12-14,0,0,0,0,0,0,0,0,0,0,0,0,5,14,14,0,0
CALD,772,386,386,2009-07-27,2018-03-23,4,10,38,72,64,110,124,180,106,64,0,0,0,0,0,0,0
CALF,62,0,62,2017-06-26,2023-12-16,0,0,0,0,0,0,0,0,6,2,4,1,5,12,32,0,0
CALI,188,94,94,2009-11-10,2018-07-30,2,0,20,24,34,8,28,6,10,56,0,0,0,0,0,0,0
CALL,826,413,413,2009-08-07,2018-11-20,8,14,32,182,48,100,164,104,116,58,0,0,0,0,0,0,0
CALM,2447,833,1614,2009-09-28,2023-12-16,17,92,86,76,79,105,328,598,198,269,171,107,23,81,217,0,0
CALT,7,0,7,2023-09-22,2023-11-30,0,0,0,0,0,0,0,0,0,0,0,0,0,0,7,0,0
CALX,1230,498,732,2010-05-04,2023-11-29,0,28,99,106,84,64,124,87,80,117,196,113,34,35,63,0,0
CAM,1884,942,942,2009-08-07,2017-01-04,4,268,308,216,162,362,486,76,2,0,0,0,0,0,0,0,0
CAMP,1269,441,828,2009-10-08,2023-10-09,2,8,25,69,102,136,142,186,111,164,186,73,18,33,14,0,0
CAMT,1018,363,655,2009-12-24,2023-12-11,2,14,23,18,67,91,92,54,121,142,150,81,31,66,66,0,0
CAN,203,0,203,2019-11-15,2023-12-16,0,0,0,0,0,0,0,0,0,0,2,18,100,46,37,0,0
CANE,95,0,95,2012-03-28,2023-12-05,0,0,0,9,2,3,2,18,1,2,0,1,1,20,36,0,0
CANF,1347,621,726,2013-12-05,2023-12-16,0,0,0,0,23,41,252,128,80,183,404,187,17,11,21,0,0
CANG,58,0,58,2018-06-29,2022-11-08,0,0,0,0,0,0,0,0,0,5,5,16,13,19,0,0,0
CAP,302,151,151,2010-03-04,2015-07-30,0,54,70,58,48,20,52,0,0,0,0,0,0,0,0,0,0
CAPE,106,29,77,2010-10-17,2023-10-18,0,1,0,5,3,8,7,15,27,23,3,8,0,4,2,0,0
CAPL,921,382,539,2014-10-31,2023-12-13,0,0,0,0,0,4,131,140,30,185,323,69,4,10,25,0,0
CAPN,248,124,124,2014-11-05,2019-08-07,0,0,0,0,0,12,140,70,24,0,2,0,0,0,0,0,0
CAPR,134,0,134,2015-03-19,2023-11-07,0,0,0,0,0,0,37,28,13,6,6,18,8,5,13,0,0
CAR,1975,180,1795,2010-04-26,2023-12-13,0,13,8,35,51,144,87,114,139,137,168,359,93,392,235,0,0
CARA,412,20,392,2014-01-17,2023-12-16,0,0,0,0,0,15,14,16,80,56,54,70,38,42,27,0,0
CARB,80,40,40,2019-08-16,2020-02-12,0,0,0,0,0,0,0,0,0,0,76,4,0,0,0,0,0
CARG,298,0,298,2017-10-12,2023-12-16,0,0,0,0,0,0,0,0,9,31,43,29,37,61,88,0,0
CARO,80,40,40,2019-10-10,2020-05-15,0,0,0,0,0,0,0,0,0,0,46,34,0,0,0,0,0
CARR,658,0,658,2020-04-03,2023-12-16,0,0,0,0,0,0,0,0,0,0,0,89,158,138,273,0,0
CARS,179,0,179,2017-09-25,2023-12-12,0,0,0,0,0,0,0,0,9,35,25,29,18,22,41,0,0
CART,184,92,92,2010-07-26,2020-02-13,0,8,2,6,6,4,12,18,12,48,66,2,0,0,0,0,0
CARV,363,165,198,2010-05-24,2023-08-31,0,6,14,29,6,4,20,21,39,154,36,17,15,0,2,0,0
CARZ,543,146,397,2011-05-12,2023-12-16,0,0,26,57,54,53,62,33,38,35,89,23,9,29,35,0,0
CAS,394,197,197,2009-08-16,2016-12-06,4,16,50,64,50,40,114,56,0,0,0,0,0,0,0,0,0
CASA,111,0,111,2012-02-01,2023-11-24,0,0,0,4,2,2,0,0,5,31,16,7,13,19,12,0,0
CASH,775,202,573,2009-08-06,2023-12-12,68,9,12,7,46,15,34,74,55,82,131,91,35,35,81,0,0
CASI,567,252,315,2014-07-07,2023-11-14,0,0,0,0,0,18,51,43,60,194,89,77,12,13,10,0,0
CASM,276,138,138,2009-08-16,2019-04-22,2,18,22,8,22,10,20,14,28,84,48,0,0,0,0,0,0
CASS,341,110,231,2010-07-20,2023-12-14,0,10,9,17,17,10,12,34,16,59,53,41,37,9,17,0,0
CASY,1229,79,1150,2010-06-02,2023-12-16,0,8,3,11,13,34,115,97,58,70,176,97,56,202,289,0,0
CAT,9843,2329,7514,2009-11-04,2023-12-16,2,60,277,862,803,690,816,707,918,1343,994,594,363,496,918,0,0
CATC,78,0,78,2017-10-31,2023-12-13,0,0,0,0,0,0,0,0,1,8,4,2,12,26,25,0,0
CATM,1588,794,794,2009-08-28,2020-05-21,4,32,108,158,98,110,120,104,88,330,362,74,0,0,0,0,0
CATO,1747,768,979,2010-02-01,2023-12-12,0,28,97,132,153,223,230,187,166,279,173,52,11,8,8,0,0
CATY,999,328,671,2009-08-10,2023-12-15,8,34,50,30,53,42,98,93,112,127,113,69,32,80,58,0,0
CAW,198,99,99,2009-08-12,2019-07-08,12,6,4,10,10,14,16,28,18,52,28,0,0,0,0,0,0
CBA,414,207,207,2011-08-30,2019-12-03,0,0,2,0,0,0,62,78,44,182,46,0,0,0,0,0,0
CBAK,236,118,118,2009-09-30,2018-11-26,20,32,38,44,14,14,12,24,8,30,0,0,0,0,0,0,0
CBAT,52,0,52,2020-07-08,2023-08-02,0,0,0,0,0,0,0,0,0,0,0,33,14,4,1,0,0
CBAY,1157,499,658,2014-07-09,2023-12-13,0,0,0,0,0,18,95,78,188,229,357,109,9,14,60,0,0
CBB,1420,710,710,2009-08-31,2020-05-15,2,16,78,148,144,102,160,106,124,226,186,128,0,0,0,0,0
CBD,631,0,631,2010-10-22,2023-09-25,0,1,11,8,20,38,30,18,75,211,148,14,14,23,20,0,0
CBDE,36,18,18,2014-08-01,2015-02-09,0,0,0,0,0,34,2,0,0,0,0,0,0,0,0,0,0
CBF,168,84,84,2012-09-24,2019-06-10,0,0,0,28,22,20,26,36,32,2,2,0,0,0,0,0,0
CBFV,320,118,202,2014-09-23,2023-12-12,0,0,0,0,0,2,25,39,24,82,64,35,9,12,28,0,0
CBG,1820,910,910,2009-08-10,2018-10-26,12,88,212,188,172,258,306,170,274,140,0,0,0,0,0,0,0
CBH,22,0,22,2018-12-11,2023-09-07,0,0,0,0,0,0,0,0,0,1,4,4,12,0,1,0,0
CBIN,30,15,15,2010-12-17,2015-05-12,0,2,2,4,2,8,12,0,0,0,0,0,0,0,0,0,0
CBK,1240,620,620,2009-12-11,2019-06-12,2,44,108,78,76,332,174,152,88,128,58,0,0,0,0,0,0
CBL,304,0,304,2012-01-04,2023-12-07,0,0,0,10,11,27,33,41,49,32,43,48,0,5,5,0,0
CBLI,916,458,458,2010-06-03,2020-06-02,0,10,70,76,102,52,170,46,56,26,66,242,0,0,0,0,0
CBM,1340,670,670,2009-08-06,2020-03-18,12,10,34,74,28,282,342,138,90,156,166,8,0,0,0,0,0
CBMG,490,245,245,2013-12-13,2020-05-06,0,0,0,0,2,34,110,40,64,116,110,14,0,0,0,0,0
CBMX,380,190,190,2010-05-05,2017-11-10,0,4,10,20,70,46,64,94,72,0,0,0,0,0,0,0,0
CBND,100,50,50,2018-08-15,2019-09-20,0,0,0,0,0,0,0,0,0,48,52,0,0,0,0,0,0
CBNJ,118,59,59,2011-04-14,2016-06-28,0,0,4,8,18,28,44,16,0,0,0,0,0,0,0,0,0
CBNK,267,88,179,2010-10-25,2023-12-13,0,6,2,8,9,17,34,43,2,35,32,9,14,38,18,0,0
CBOE,1584,0,1584,2010-04-27,2023-12-16,0,163,100,53,98,32,79,61,198,149,57,91,83,164,256,0,0
CBON,121,51,70,2014-11-20,2023-08-21,0,0,0,0,0,4,1,4,2,7,92,6,2,2,1,0,0
CBPO,920,460,460,2010-06-11,2020-05-21,0,10,24,42,24,162,138,78,46,182,168,46,0,0,0,0,0
CBPX,524,262,262,2014-02-05,2020-02-24,0,0,0,0,0,66,80,60,30,166,100,22,0,0,0,0,0
CBR,322,161,161,2009-08-10,2019-03-21,2,8,50,32,16,28,58,92,34,0,2,0,0,0,0,0,0
CBRL,968,0,968,2010-02-23,2023-12-11,0,7,17,20,125,37,88,72,56,75,54,57,49,172,139,0,0
CBRX,260,130,130,2010-03-21,2016-03-24,0,16,48,102,34,28,30,2,0,0,0,0,0,0,0,0,0
CBS.A,26,13,13,2015-02-12,2019-11-22,0,0,0,0,0,0,2,0,2,2,20,0,0,0,0,0,0
CBSH,2029,723,1306,2010-01-14,2023-12-12,0,29,89,196,145,147,211,158,96,327,283,121,23,91,113,0,0
CBSHP,24,12,12,2018-07-27,2019-09-12,0,0,0,0,0,0,0,0,0,16,8,0,0,0,0,0,0
CBST,1332,666,666,2009-10-19,2015-03-31,10,62,290,264,380,294,32,0,0,0,0,0,0,0,0,0,0
CBSTZ,4,2,2,2015-01-29,2015-03-06,0,0,0,0,0,0,4,0,0,0,0,0,0,0,0,0,0
CBT,1916,633,1283,2009-12-01,2023-12-16,2,20,84,104,96,112,146,160,148,331,247,86,32,279,69,0,0
CBU,349,0,349,2011-11-07,2023-12-14,0,0,1,3,8,23,14,28,27,41,33,24,35,47,65,0,0
CBZ,1147,409,738,2009-10-28,2023-12-11,2,9,30,47,55,185,178,105,113,114,128,76,16,59,30,0,0
CC,1505,0,1505,2015-07-09,2023-12-12,0,0,0,0,0,0,30,194,550,220,63,47,52,209,140,0,0
CCAP,107,0,107,2020-03-17,2023-11-23,0,0,0,0,0,0,0,0,0,0,0,8,13,31,55,0,0
CCB,49,0,49,2022-08-03,2023-10-31,0,0,0,0,0,0,0,0,0,0,0,0,0,14,35,0,0
CCBG,553,210,343,2009-09-15,2023-11-03,2,4,14,8,30,88,44,31,31,77,93,38,12,48,33,0,0
CCC,1070,535,535,2009-08-10,2020-06-04,6,28,88,90,106,92,128,94,84,42,158,154,0,0,0,0,0
CCCL,452,226,226,2010-11-24,2020-06-10,0,2,16,14,10,18,42,52,16,140,104,38,0,0,0,0,0
CCCR,194,97,97,2013-08-11,2018-07-06,0,0,0,0,18,16,6,24,66,64,0,0,0,0,0,0,0
CCD,62,0,62,2015-06-05,2023-09-11,0,0,0,0,0,0,7,8,1,11,5,5,20,1,4,0,0
CCE,1994,997,997,2009-10-28,2018-11-06,6,214,206,198,232,232,348,248,128,182,0,0,0,0,0,0,0
CCEP,236,0,236,2018-11-19,2023-12-04,0,0,0,0,0,0,0,0,0,5,48,25,25,42,91,0,0
CCF,268,134,134,2011-01-06,2020-05-19,0,0,14,32,20,26,28,44,20,36,38,10,0,0,0,0,0
CCG,416,208,208,2011-03-09,2016-06-14,0,0,18,52,82,74,154,36,0,0,0,0,0,0,0,0,0
CCI,4987,1779,3208,2009-08-10,2023-12-16,6,142,193,422,258,283,344,423,510,585,774,412,134,213,288,0,0
CCIH,602,301,301,2010-09-30,2019-08-17,0,18,52,30,38,38,104,50,74,104,94,0,0,0,0,0,0
CCJ,2756,1032,1724,2009-08-10,2023-12-16,4,72,214,113,99,136,324,310,354,380,366,140,62,91,91,0,0
CCK,2070,760,1310,2009-11-18,2023-12-11,2,71,141,149,156,293,191,138,89,230,245,134,60,93,78,0,0
CCL,5076,2538,2538,2009-08-07,2020-06-10,22,160,230,250,404,382,224,322,406,632,874,1170,0,0,0,0,0
CCLP,654,297,357,2015-01-02,2023-12-16,0,0,0,0,0,0,104,106,86,175,122,52,3,0,6,0,0
CCM,450,190,260,2010-06-09,2021-10-18,0,11,54,42,22,56,100,57,18,32,26,27,5,0,0,0,0
CCMP,920,460,460,2010-03-31,2020-05-14,0,18,48,56,50,46,30,64,86,172,286,64,0,0,0,0,0
CCNE,504,178,326,2010-01-29,2023-12-12,0,13,16,8,46,32,35,26,46,53,115,53,13,35,13,0,0
CCO,1522,627,895,2009-11-12,2023-12-08,4,28,102,132,126,91,107,150,79,151,293,140,29,53,37,0,0
CCOI,1602,631,971,2009-11-13,2023-12-12,2,14,29,114,49,110,270,158,128,188,225,155,22,54,84,0,0
CCRN,978,210,768,2009-10-02,2023-12-06,2,14,12,29,33,50,61,67,37,73,125,53,17,337,68,0,0
CCS,982,334,648,2009-08-10,2023-12-16,8,29,11,7,0,12,44,39,89,278,171,152,33,53,56,0,0
CCSC,190,95,95,2010-09-30,2016-04-12,0,4,46,32,20,24,62,2,0,0,0,0,0,0,0,0,0
CCU,378,189,189,2010-02-28,2020-03-12,0,22,28,26,44,18,58,42,44,26,46,24,0,0,0,0,0
CCUR,362,181,181,2010-04-27,2020-03-24,0,16,16,28,60,28,50,62,62,28,10,2,0,0,0,0,0
CCV,50,25,25,2013-09-10,2016-06-24,0,0,0,0,2,14,28,6,0,0,0,0,0,0,0,0,0
CCX,54,27,27,2010-11-19,2020-05-15,0,2,10,2,6,2,12,2,0,0,8,10,0,0,0,0,0
CCXE,20,10,10,2011-07-20,2016-08-29,0,0,4,2,0,0,6,8,0,0,0,0,0,0,0,0,0
CCXI,1150,575,575,2012-02-08,2020-06-10,0,0,0,52,88,66,48,128,52,264,252,200,0,0,0,0,0
CCZ,47,14,33,2012-06-29,2023-06-20,0,0,0,2,0,7,17,5,2,0,2,4,3,3,2,0,0
CDAY,223,0,223,2018-04-20,2023-12-13,0,0,0,0,0,0,0,0,0,11,17,21,35,50,89,0,0
CDC,174,31,143,2011-10-10,2023-10-04,0,0,2,0,0,28,27,30,30,26,15,2,2,7,5,0,0
CDE,552,0,552,2010-09-03,2023-11-21,0,1,13,11,7,22,46,117,70,26,38,54,62,42,43,0,0
CDI,360,180,180,2009-08-07,2019-06-03,8,28,50,34,44,28,56,62,48,0,2,0,0,0,0,0,0
CDL,16,0,16,2015-08-17,2023-08-04,0,0,0,0,0,0,2,3,0,4,1,2,1,1,2,0,0
CDLX,136,0,136,2018-01-26,2023-11-30,0,0,0,0,0,0,0,0,0,12,12,29,34,23,26,0,0
CDMO,128,0,128,2018-02-15,2023-12-08,0,0,0,0,0,0,0,0,0,12,10,13,24,34,35,0,0
CDNA,1204,519,685,2014-07-07,2023-12-11,0,0,0,0,0,34,106,116,156,256,276,161,35,26,38,0,0
CDNS,2493,610,1883,2009-07-27,2023-12-16,10,53,57,61,73,119,101,92,137,220,518,265,57,355,375,0,0
CDR,808,404,404,2009-12-15,2020-06-10,2,30,34,36,90,52,98,62,88,112,126,78,0,0,0,0,0
CDTI,360,180,180,2014-04-01,2020-02-21,0,0,0,0,0,30,60,56,60,128,20,6,0,0,0,0,0
CDTX,74,0,74,2015-03-13,2023-11-01,0,0,0,0,0,0,4,2,11,6,5,1,10,11,24,0,0
CDW,1104,552,552,2013-06-14,2020-06-09,0,0,0,0,22,16,170,72,120,184,376,144,0,0,0,0,0
CDXS,1041,408,633,2010-04-23,2023-11-29,0,9,62,92,58,30,177,98,74,174,150,65,14,18,20,0,0
CDZI,384,147,237,2010-05-06,2023-12-07,0,3,8,47,8,25,58,36,30,65,40,20,11,14,19,0,0
CE,1647,0,1647,2010-04-20,2023-12-15,0,2,8,52,101,168,249,122,108,377,35,33,64,162,166,0,0
CEA,708,354,354,2009-08-10,2020-06-05,8,56,24,48,30,22,166,42,22,52,178,60,0,0,0,0,0
CECE,1012,506,506,2009-07-27,2020-06-05,2,16,32,40,140,96,160,68,98,140,172,48,0,0,0,0,0
CECO,900,450,450,2009-08-13,2020-03-04,16,140,160,134,52,40,42,26,30,24,230,6,0,0,0,0,0
CEE,132,59,73,2010-10-18,2022-03-29,0,4,4,1,5,7,1,1,0,34,68,6,0,1,0,0,0
CEF,63,0,63,2016-11-11,2023-12-08,0,0,0,0,0,0,0,4,32,20,0,0,0,2,5,0,0
CEFD,7156,0,7156,2023-07-21,2023-12-16,0,0,0,0,0,0,0,0,0,0,0,0,0,0,7156,0,0
CEFL,100,50,50,2019-01-31,2019-12-09,0,0,0,0,0,0,0,0,0,0,100,0,0,0,0,0,0
CEI,151,0,151,2010-07-20,2023-08-04,0,1,0,0,0,0,0,0,0,10,18,10,70,35,7,0,0
CEIX,345,0,345,2017-11-29,2023-12-16,0,0,0,0,0,0,0,0,4,36,25,14,27,141,98,0,0
CEL,1080,540,540,2009-08-17,2020-06-10,14,52,44,104,76,84,170,108,72,96,184,76,0,0,0,0,0
CELC,42,0,42,2018-09-14,2023-12-08,0,0,0,0,0,0,0,0,0,1,3,0,15,5,18,0,0
CELGZ,38,19,19,2012-09-25,2019-03-18,0,0,0,22,4,2,2,0,4,0,4,0,0,0,0,0,0
CELH,753,0,753,2015-01-28,2023-12-16,0,0,0,0,0,0,2,1,1,9,15,28,63,147,487,0,0
CELP,354,177,177,2014-01-15,2020-05-19,0,0,0,0,0,36,60,64,48,62,66,18,0,0,0,0,0
CEM,579,270,309,2010-08-16,2023-08-08,0,4,4,11,9,8,81,97,49,203,79,20,10,2,2,0,0
CEMB,64,32,32,2012-04-22,2019-10-07,0,0,0,12,2,2,10,12,2,18,6,0,0,0,0,0,0
CEMI,842,421,421,2011-04-19,2020-06-08,0,0,20,16,12,34,46,180,56,162,88,228,0,0,0,0,0
CEMP,1046,523,523,2012-02-03,2017-11-03,0,0,0,16,68,126,200,418,218,0,0,0,0,0,0,0,0
CEN,46,23,23,2015-03-20,2020-04-13,0,0,0,0,0,0,6,0,0,6,10,24,0,0,0,0,0
CENT,436,0,436,2011-02-22,2023-12-13,0,0,2,8,15,32,33,101,77,40,16,6,13,48,45,0,0
CENTA,269,81,188,2011-06-09,2023-11-21,0,0,4,6,3,8,15,8,30,53,64,24,6,23,25,0,0
CENX,784,120,664,2010-06-21,2023-12-12,0,5,0,6,12,66,77,46,69,191,81,98,40,57,36,0,0
CEO,3338,1669,1669,2009-08-06,2020-05-22,374,178,328,364,210,222,406,178,114,320,434,210,0,0,0,0,0
CEQP,960,480,480,2013-10-17,2020-06-04,0,0,0,0,4,40,118,198,106,194,246,54,0,0,0,0,0
CERE,160,80,80,2013-07-30,2016-06-30,0,0,0,0,16,26,76,42,0,0,0,0,0,0,0,0,0
CERN,120,60,60,2020-01-31,2020-06-03,0,0,0,0,0,0,0,0,0,0,0,120,0,0,0,0,0
CERS,1513,699,814,2009-11-11,2023-11-02,4,16,45,50,32,88,145,492,89,213,144,145,13,24,13,0,0
CERU,232,116,116,2014-04-10,2017-07-19,0,0,0,0,0,24,84,62,62,0,0,0,0,0,0,0,0
CET,52,0,52,2010-08-06,2023-12-11,0,1,0,1,1,12,3,1,5,3,2,5,7,4,7,0,0
CETV,662,331,331,2010-01-20,2020-05-15,0,22,38,50,80,94,104,68,46,60,80,20,0,0,0,0,0
CETX,35,0,35,2019-03-12,2023-12-11,0,0,0,0,0,0,0,0,0,0,9,13,7,0,6,0,0
CEV,162,58,104,2012-12-04,2023-09-07,0,0,0,1,10,10,11,8,2,59,48,10,0,0,3,0,0
CEVA,1358,552,806,2009-09-08,2023-11-09,2,29,136,90,70,56,220,129,84,155,178,125,29,25,30,0,0
CEW,590,268,322,2010-03-05,2023-12-12,0,39,43,21,35,16,46,50,45,199,87,3,0,4,2,0,0
CF,6680,2444,4236,2009-08-07,2023-12-16,36,300,643,724,435,377,701,618,389,1161,427,202,108,294,265,0,0
CFA,330,143,187,2014-07-01,2023-08-02,0,0,0,0,0,5,80,39,99,82,17,1,6,0,1,0,0
CFB,49,0,49,2019-10-22,2023-12-14,0,0,0,0,0,0,0,0,0,0,1,6,10,18,14,0,0
CFBK,224,70,154,2010-05-28,2023-09-06,0,2,8,6,2,2,12,26,22,23,20,20,11,49,21,0,0
CFD,14,7,7,2013-12-30,2016-12-12,0,0,0,0,4,0,2,8,0,0,0,0,0,0,0,0,0
CFFI,313,132,181,2010-10-13,2023-11-15,0,6,16,35,8,9,25,33,24,58,55,20,9,7,8,0,0
CFFN,318,159,159,2009-12-30,2020-04-15,2,18,26,32,24,26,28,32,16,70,34,10,0,0,0,0,0
CFG,3254,1045,2209,2014-09-08,2023-12-16,0,0,0,0,0,125,290,323,552,546,525,302,94,180,317,0,0
CFGE,8,4,4,2014-07-24,2016-02-26,0,0,0,0,0,2,2,4,0,0,0,0,0,0,0,0,0
CFN,910,455,455,2010-05-20,2019-05-17,0,64,186,250,148,200,48,8,4,0,2,0,0,0,0,0,0
CFNB,50,25,25,2010-10-20,2017-10-24,0,2,2,4,4,4,6,10,18,0,0,0,0,0,0,0,0
CFNL,408,204,204,2010-03-31,2017-04-18,0,14,16,98,64,34,60,98,24,0,0,0,0,0,0,0,0
CFO,180,51,129,2014-07-01,2023-08-01,0,0,0,0,0,17,15,8,28,82,22,3,3,1,1,0,0
CFP,76,38,38,2012-05-14,2018-12-31,0,0,0,4,0,8,32,14,8,10,0,0,0,0,0,0,0
CFR,2349,761,1588,2009-08-07,2023-12-12,10,26,102,143,119,135,201,288,212,340,250,138,86,173,126,0,0
CFRXW,32,16,16,2014-12-02,2016-11-17,0,0,0,0,0,6,22,4,0,0,0,0,0,0,0,0,0
CFRXZ,26,13,13,2014-12-02,2015-10-14,0,0,0,0,0,6,20,0,0,0,0,0,0,0,0,0,0
CFX,1972,986,986,2009-12-07,2020-06-10,4,20,88,140,120,130,214,152,176,338,456,134,0,0,0,0,0
CG,3239,1000,2239,2012-05-02,2023-12-16,0,0,0,20,43,90,426,361,325,455,510,308,279,202,220,0,0
CGA,528,250,278,2010-03-02,2021-12-29,0,16,66,32,32,63,46,62,36,60,91,18,6,0,0,0,0
CGBD,84,0,84,2017-07-10,2023-08-11,0,0,0,0,0,0,0,0,3,17,4,7,4,32,17,0,0
CGC,3333,0,3333,2010-10-04,2023-12-16,0,1,1,0,0,0,0,0,0,489,1234,735,472,243,158,0,0
CGEN,710,287,423,2009-12-23,2023-12-16,14,9,18,16,13,83,49,25,50,94,118,164,20,20,17,0,0
CGG,606,303,303,2013-05-03,2019-09-19,0,0,0,0,22,104,50,78,184,164,4,0,0,0,0,0,0
CGI,730,365,365,2010-10-26,2019-05-22,0,18,30,78,54,50,132,146,186,34,2,0,0,0,0,0,0
CGIX,1078,539,539,2013-03-04,2020-06-01,0,0,0,0,34,64,226,92,132,192,310,28,0,0,0,0,0
CGNX,1135,240,895,2011-02-15,2023-12-15,0,0,2,2,11,32,48,93,102,208,241,174,66,68,88,0,0
CGO,42,21,21,2009-11-27,2019-12-02,2,0,2,0,0,0,0,0,0,18,20,0,0,0,0,0,0
CGRO,8640,0,8640,2023-07-21,2023-12-16,0,0,0,0,0,0,0,0,0,0,0,0,0,0,8640,0,0
CGW,246,58,188,2010-04-22,2023-11-01,0,3,5,5,19,18,12,34,38,67,20,0,0,5,20,0,0
CH,108,54,54,2012-08-08,2019-12-03,0,0,0,2,0,0,2,6,28,56,14,0,0,0,0,0,0
CHA,1302,651,651,2009-08-17,2020-04-28,8,40,94,220,182,206,254,56,30,92,102,18,0,0,0,0,0
CHCI,240,100,140,2010-04-23,2023-05-14,0,11,11,0,21,16,9,13,12,69,20,41,12,4,1,0,0
CHCO,401,102,299,2010-02-09,2023-12-11,0,18,29,12,11,24,27,23,28,49,50,34,15,36,45,0,0
CHD,2921,1457,1464,2009-12-01,2023-12-13,4,72,222,352,180,164,196,318,224,460,546,176,0,0,7,0,0
CHDN,546,59,487,2011-12-27,2023-12-16,0,0,2,5,12,14,20,42,44,52,96,104,43,38,74,0,0
CHE,2040,729,1311,2009-11-17,2023-12-12,2,24,52,60,50,179,213,92,220,464,318,182,49,57,78,0,0
CHEF,733,79,654,2012-06-05,2023-11-20,0,0,0,1,8,19,14,30,34,172,46,136,24,199,50,0,0
CHEK,50,0,50,2015-01-16,2023-11-27,0,0,0,0,0,0,3,9,3,3,2,2,14,5,9,0,0
CHEP,46,23,23,2012-03-28,2019-01-06,0,0,0,6,0,4,10,12,10,2,2,0,0,0,0,0,0
CHEV,120,60,60,2010-08-23,2016-04-29,0,8,14,6,12,20,50,10,0,0,0,0,0,0,0,0,0
CHFC,664,332,332,2010-08-12,2019-08-27,0,2,32,26,30,60,86,106,64,130,128,0,0,0,0,0,0
CHFN,174,87,87,2012-11-13,2018-07-26,0,0,0,10,20,16,34,26,32,36,0,0,0,0,0,0,0
CHGG,2204,782,1422,2013-08-14,2023-12-12,0,0,0,0,44,100,152,161,137,381,533,346,98,97,155,0,0
CHH,2534,929,1605,2010-01-08,2023-12-16,0,61,115,160,222,230,185,129,197,284,410,219,31,129,162,0,0
CHI,330,165,165,2010-07-02,2020-06-01,0,2,2,0,0,0,18,46,34,136,50,42,0,0,0,0,0
CHIC,21,0,21,2018-12-20,2023-12-12,0,0,0,0,0,0,0,0,0,1,5,3,0,5,7,0,0
CHIE,142,54,88,2009-12-18,2023-08-16,1,5,2,2,4,3,2,0,0,1,105,1,3,11,2,0,0
CHII,139,45,94,2009-12-08,2023-08-21,1,3,4,22,7,4,11,7,5,5,66,0,1,2,1,0,0
CHIM,155,55,100,2010-07-30,2023-09-06,0,4,0,8,7,3,5,0,13,5,103,0,2,3,2,0,0
CHIQ,1484,742,742,2010-07-07,2019-12-24,0,32,38,54,10,10,338,272,130,396,204,0,0,0,0,0,0
CHIR,18,0,18,2019-04-10,2023-09-28,0,0,0,0,0,0,0,0,0,0,1,1,0,7,9,0,0
CHIX,155,56,99,2010-04-23,2023-07-31,0,4,3,2,12,6,4,4,4,1,103,4,0,6,2,0,0
CHK,4502,2251,2251,2009-09-23,2020-06-11,34,404,568,1004,304,220,366,504,164,164,444,326,0,0,0,0,0
CHKE,702,351,351,2009-10-27,2019-08-11,4,14,18,24,34,66,134,96,120,138,54,0,0,0,0,0,0
CHKP,1656,828,828,2009-08-17,2020-05-19,2,98,144,162,82,58,212,174,210,82,248,184,0,0,0,0,0
CHL,3398,1699,1699,2009-08-17,2020-05-28,20,186,244,450,630,666,410,142,86,246,254,64,0,0,0,0,0
CHLN,152,76,76,2010-03-15,2015-12-30,0,6,28,12,24,36,46,0,0,0,0,0,0,0,0,0,0
CHMG,355,117,238,2012-07-17,2023-12-13,0,0,0,3,9,4,28,35,20,49,84,49,17,38,19,0,0
CHMI,1232,553,679,2013-04-29,2023-09-26,0,0,0,0,25,31,91,228,112,318,311,74,14,13,15,0,0
CHMT,654,327,327,2010-12-08,2017-04-21,0,2,74,98,70,90,154,138,28,0,0,0,0,0,0,0,0
CHN,5482,2725,2757,2009-12-24,2023-11-15,1,6,2,4,1,5,1050,1647,451,1539,741,16,13,3,3,0,0
CHNA,102,51,51,2016-03-01,2019-12-13,0,0,0,0,0,0,0,18,0,26,58,0,0,0,0,0,0
CHNR,226,113,113,2010-12-30,2020-04-29,0,2,2,18,8,18,20,28,18,46,52,14,0,0,0,0,0
CHOC,68,34,34,2011-11-30,2018-12-31,0,0,4,0,2,0,2,0,0,60,0,0,0,0,0,0,0
CHOP,210,105,105,2010-03-10,2019-07-08,0,18,50,50,22,26,42,0,0,0,2,0,0,0,0,0,0
CHRS,365,60,305,2010-06-03,2023-12-08,0,4,7,8,0,2,17,17,37,25,81,69,21,25,52,0,0
CHRW,1361,40,1321,2010-07-31,2023-12-11,0,2,8,31,76,108,111,95,130,158,80,128,58,249,127,0,0
CHS,3311,1340,1971,2009-11-16,2023-12-11,20,143,204,388,215,222,322,314,229,368,434,213,40,123,76,0,0
CHSCM,16,8,8,2016-12-07,2018-12-20,0,0,0,0,0,0,0,2,0,14,0,0,0,0,0,0,0
CHSCN,20,10,10,2016-12-07,2018-12-21,0,0,0,0,0,0,0,2,0,18,0,0,0,0,0,0,0
CHSCO,28,14,14,2014-02-12,2019-11-06,0,0,0,0,0,2,0,2,2,16,6,0,0,0,0,0,0
CHSCP,160,80,80,2010-11-22,2020-01-08,0,2,12,36,20,24,16,6,6,26,10,2,0,0,0,0,0
CHSP,820,410,410,2010-10-08,2019-10-16,0,2,16,84,90,44,128,132,108,106,110,0,0,0,0,0,0
CHT,817,287,530,2009-08-10,2023-11-29,6,16,40,68,71,143,164,61,69,62,50,31,11,19,6,0,0
CHTR,2802,500,2302,2011-05-02,2023-12-16,0,0,3,11,34,115,181,218,275,206,690,459,133,173,304,0,0
CHU,1604,802,802,2009-08-17,2020-05-29,18,100,108,208,162,260,298,86,94,72,158,40,0,0,0,0,0
CHUY,498,0,498,2012-07-11,2023-12-05,0,0,0,4,19,20,41,50,32,21,10,9,19,62,211,0,0
CHW,317,121,196,2011-02-06,2023-09-11,0,0,2,4,9,20,43,46,27,79,52,19,12,0,4,0,0
CHWY,1246,0,1246,2019-06-07,2023-12-16,0,0,0,0,0,0,0,0,0,0,54,182,303,322,385,0,0
CHX,181,0,181,2020-07-21,2023-12-16,0,0,0,0,0,0,0,0,0,0,0,7,25,73,76,0,0
CHXF,120,60,60,2012-09-21,2015-10-15,0,0,0,12,8,0,100,0,0,0,0,0,0,0,0,0,0
CHY,330,138,192,2009-12-30,2023-11-01,1,4,8,8,9,13,28,22,41,110,45,34,2,0,5,0,0
CHYR,92,46,46,2010-11-04,2015-03-16,0,2,12,4,6,54,14,0,0,0,0,0,0,0,0,0,0
CI,9897,3762,6135,2009-08-07,2023-12-16,24,282,506,754,803,507,1311,813,887,1185,1261,659,166,319,420,0,0
CIA,273,119,154,2009-08-13,2023-10-03,14,10,18,17,28,27,13,13,71,14,16,21,6,3,2,0,0
CIB,1057,384,673,2009-08-07,2023-11-22,8,42,61,69,39,42,119,125,88,172,127,59,16,62,28,0,0
CIBR,291,0,291,2015-07-07,2023-12-12,0,0,0,0,0,0,25,31,49,33,22,20,41,43,27,0,0
CID,13,0,13,2015-09-21,2023-03-24,0,0,0,0,0,0,1,4,1,1,0,1,0,4,1,0,0
CIDM,634,317,317,2012-05-22,2020-06-10,0,0,0,2,18,54,78,58,52,140,120,112,0,0,0,0,0
CIE,1142,571,571,2010-08-30,2018-04-11,0,8,88,246,142,210,172,148,120,8,0,0,0,0,0,0,0
CIEN,5506,2266,3240,2009-08-13,2023-12-16,54,278,430,549,398,342,483,472,422,613,870,251,89,120,135,0,0
CIF,158,79,79,2018-10-11,2020-05-01,0,0,0,0,0,0,0,0,0,12,138,8,0,0,0,0,0
CIFC,52,26,26,2015-05-06,2016-11-18,0,0,0,0,0,0,8,44,0,0,0,0,0,0,0,0,0
CIG,1298,497,801,2009-08-10,2023-12-16,4,55,87,139,86,154,104,154,127,144,126,71,13,19,15,0,0
CIG-C,6919,0,6919,2023-12-01,2023-12-16,0,0,0,0,0,0,0,0,0,0,0,0,0,0,6919,0,0
CIG.C,10,5,5,2014-12-30,2016-07-19,0,0,0,0,0,2,0,8,0,0,0,0,0,0,0,0,0
CIGI,212,0,212,2015-06-09,2023-12-11,0,0,0,0,0,0,10,15,26,34,25,18,18,31,35,0,0
CII,195,94,101,2009-08-13,2023-10-13,2,0,2,2,0,0,22,28,18,56,42,16,0,1,6,0,0
CIK,116,58,58,2018-10-12,2020-04-30,0,0,0,0,0,0,0,0,0,16,98,2,0,0,0,0,0
CIL,7,0,7,2018-07-03,2022-10-17,0,0,0,0,0,0,0,0,0,4,2,0,0,1,0,0,0
CIM,341,0,341,2009-11-03,2023-12-12,1,3,7,17,20,15,14,32,14,23,14,24,36,67,54,0,0
CIMT,122,61,61,2010-02-23,2015-02-10,0,8,10,6,42,48,8,0,0,0,0,0,0,0,0,0,0
CINF,3342,1120,2222,2009-12-30,2023-12-15,2,38,101,188,369,94,398,317,243,388,489,237,52,201,225,0,0
CIO,684,268,416,2009-08-12,2023-11-01,4,8,6,0,1,37,52,57,73,157,184,38,18,27,22,0,0
CIR,1054,527,527,2010-02-26,2020-06-02,0,18,36,60,78,78,74,78,100,112,322,98,0,0,0,0,0
CISG,502,251,251,2009-08-31,2016-12-06,20,68,142,28,28,90,82,44,0,0,0,0,0,0,0,0,0
CIU,102,51,51,2016-07-18,2018-07-16,0,0,0,0,0,0,0,2,66,34,0,0,0,0,0,0,0
CIVB,188,0,188,2015-05-20,2023-12-11,0,0,0,0,0,0,15,5,11,28,21,12,20,41,35,0,0
CIVI,354,177,177,2014-09-15,2019-05-10,0,0,0,0,0,22,54,44,66,138,30,0,0,0,0,0,0
CIX,248,73,175,2011-04-07,2023-05-31,0,0,16,11,49,11,12,11,27,25,37,26,11,5,7,0,0
CIZ,43,5,38,2014-12-15,2018-12-11,0,0,0,0,0,1,13,17,8,4,0,0,0,0,0,0,0
CIZN,156,78,78,2010-10-22,2020-06-08,0,4,2,14,2,8,20,24,16,36,24,6,0,0,0,0,0
CJES,612,306,306,2011-07-27,2017-09-26,0,0,46,70,56,128,186,118,8,0,0,0,0,0,0,0,0
CJJD,344,158,186,2010-11-26,2023-04-18,0,2,10,10,6,36,63,35,16,39,54,61,5,4,3,0,0
CKEC,926,463,463,2009-11-20,2018-04-05,2,46,52,150,94,76,180,314,10,2,0,0,0,0,0,0,0
CKH,540,270,270,2010-02-19,2020-04-30,0,14,26,54,60,20,22,38,60,72,132,42,0,0,0,0,0
CKP,364,182,182,2010-02-23,2016-05-17,0,46,44,48,54,22,86,64,0,0,0,0,0,0,0,0,0
CKPT,49,0,49,2018-04-05,2023-12-15,0,0,0,0,0,0,0,0,0,3,4,11,10,4,17,0,0
CKSW,298,149,149,2009-10-30,2016-01-08,4,12,38,46,60,20,116,2,0,0,0,0,0,0,0,0,0
CKX,79,27,52,2010-08-18,2022-02-15,0,2,4,5,3,5,4,16,7,11,8,0,4,10,0,0,0
CL,6324,2182,4142,2009-09-09,2023-12-15,24,181,332,304,234,239,614,652,743,938,949,414,147,208,345,0,0
CLAC,24,12,12,2015-03-10,2017-06-13,0,0,0,0,0,0,16,0,8,0,0,0,0,0,0,0,0
CLACU,2,1,1,2017-03-20,2017-03-20,0,0,0,0,0,0,0,0,2,0,0,0,0,0,0,0,0
CLB,2443,886,1557,2009-12-23,2023-12-11,2,32,125,116,170,183,319,232,217,287,358,202,41,65,94,0,0
CLBK,7,0,7,2023-10-11,2023-12-11,0,0,0,0,0,0,0,0,0,0,0,0,0,0,7,0,0
CLBS,15,0,15,2023-03-27,2023-11-07,0,0,0,0,0,0,0,0,0,0,0,0,0,0,15,0,0
CLC,896,448,448,2009-08-07,2019-07-02,10,28,66,76,74,326,110,158,44,2,2,0,0,0,0,0,0
CLCT,438,219,219,2010-03-31,2020-05-21,0,12,18,24,8,16,48,60,46,104,78,24,0,0,0,0,0
CLD,1502,751,751,2010-10-13,2019-07-11,0,32,110,182,128,120,314,210,88,250,68,0,0,0,0,0,0
CLDN,370,185,185,2014-02-24,2016-03-21,0,0,0,0,0,54,304,12,0,0,0,0,0,0,0,0,0
CLDT,1753,873,880,2010-11-17,2023-11-02,0,4,22,22,128,156,202,398,226,342,186,60,0,0,7,0,0
CLEU,14,0,14,2020-05-07,2022-09-02,0,0,0,0,0,0,0,0,0,0,0,4,8,2,0,0,0
CLF,6297,2158,4139,2009-11-11,2023-12-16,18,338,394,323,401,665,363,642,642,784,665,324,227,232,279,0,0
CLFD,872,203,669,2009-09-15,2023-11-07,4,2,6,18,15,28,75,76,41,151,93,18,45,221,79,0,0
CLGN,29,0,29,2016-10-21,2022-10-20,0,0,0,0,0,0,0,1,0,7,0,0,15,6,0,0,0
CLGX,1358,679,679,2010-06-07,2020-05-28,0,30,92,162,156,124,166,110,64,136,188,130,0,0,0,0,0
CLH,573,0,573,2009-11-19,2023-12-11,1,3,2,11,11,17,14,17,31,69,29,25,38,192,113,0,0
CLI,1282,641,641,2010-03-24,2020-06-05,0,24,102,84,130,130,154,68,78,148,238,126,0,0,0,0,0
CLIR,389,174,215,2012-05-07,2023-11-22,0,0,0,7,10,17,55,36,49,68,92,29,11,7,8,0,0
CLM,168,59,109,2009-12-30,2023-09-10,1,0,7,5,5,5,10,9,2,26,77,9,5,4,3,0,0
CLMS,578,289,289,2010-05-24,2017-05-23,0,20,66,62,52,110,134,104,30,0,0,0,0,0,0,0,0
CLMT,1448,724,724,2010-01-25,2020-05-28,0,18,50,90,216,68,288,196,130,162,188,42,0,0,0,0,0
CLNE,1775,545,1230,2009-10-29,2023-12-12,10,104,166,160,129,135,119,157,106,159,161,124,154,47,44,0,0
CLNT,430,215,215,2011-06-30,2018-01-04,0,0,16,58,30,14,28,38,238,8,0,0,0,0,0,0,0
CLNY,1102,551,551,2010-11-24,2020-06-10,0,6,44,60,44,36,100,228,14,152,282,136,0,0,0,0,0
CLOU,127,0,127,2019-05-21,2023-12-12,0,0,0,0,0,0,0,0,0,0,6,21,20,44,36,0,0
CLPR,86,0,86,2016-10-07,2023-11-02,0,0,0,0,0,0,0,1,15,8,6,2,7,23,24,0,0
CLPT,37,0,37,2020-10-15,2023-12-06,0,0,0,0,0,0,0,0,0,0,0,5,13,11,8,0,0
CLR,4992,2496,2496,2009-10-16,2020-06-10,4,66,188,394,228,362,868,808,324,722,704,324,0,0,0,0,0
CLRB,1046,492,554,2014-08-20,2023-09-05,0,0,0,0,0,10,51,158,133,377,226,80,3,6,2,0,0
CLRO,550,275,275,2010-07-08,2020-06-09,0,4,12,30,36,82,84,46,38,96,80,42,0,0,0,0,0
CLRX,170,85,85,2012-10-04,2015-08-05,0,0,0,6,14,66,84,0,0,0,0,0,0,0,0,0,0
CLS,648,160,488,2012-02-01,2023-12-14,0,0,0,7,3,5,9,28,25,107,159,89,14,144,58,0,0
CLSD,87,0,87,2016-05-11,2023-11-06,0,0,0,0,0,0,0,6,3,10,9,9,16,13,21,0,0
CLSK,229,0,229,2020-01-24,2023-12-15,0,0,0,0,0,0,0,0,0,0,0,44,56,45,84,0,0
CLSN,9740,634,9106,2009-09-28,2023-12-16,2,16,94,116,116,78,166,104,234,132,140,70,0,0,8472,0,0
CLTX,90,45,45,2014-01-30,2015-09-21,0,0,0,0,0,14,76,0,0,0,0,0,0,0,0,0,0
CLUB,648,324,324,2010-01-25,2020-06-10,0,30,46,72,38,56,98,46,52,90,76,44,0,0,0,0,0
CLVS,3322,1661,1661,2011-11-16,2020-06-10,0,0,2,88,130,152,340,480,468,592,788,282,0,0,0,0,0
CLW,1173,450,723,2010-02-18,2023-11-09,0,26,34,40,85,94,106,127,93,168,171,99,29,73,28,0,0
CLWT,404,193,211,2009-06-19,2022-10-02,6,2,11,22,2,8,10,12,18,187,111,8,3,4,0,0,0
CLX,7008,2599,4409,2009-09-08,2023-12-16,27,208,701,510,469,426,598,651,448,818,698,770,165,185,334,0,0
CLY,92,46,46,2010-06-14,2020-04-17,0,2,0,2,4,8,20,16,14,24,0,2,0,0,0,0,0
CM,2868,1031,1837,2009-11-03,2023-12-16,18,24,51,114,151,109,280,426,262,422,431,179,108,145,148,0,0
CMA,4352,2176,2176,2009-08-10,2020-06-10,6,226,362,396,320,194,352,448,446,714,592,296,0,0,0,0,0
CMBM,154,0,154,2019-07-09,2023-12-07,0,0,0,0,0,0,0,0,0,0,4,10,14,33,93,0,0
CMBS,144,52,92,2009-09-01,2022-01-18,2,0,0,7,11,8,2,4,4,4,98,3,0,1,0,0,0
CMC,3382,1205,2177,2009-08-10,2023-12-12,6,81,224,266,177,104,280,249,303,445,391,243,60,343,210,0,0
CMCL,39,0,39,2018-04-11,2023-06-27,0,0,0,0,0,0,0,0,0,3,2,15,11,1,7,0,0
CMCM,1162,477,685,2014-04-25,2023-12-04,0,0,0,0,0,145,309,73,135,281,143,60,10,5,1,0,0
CMCO,986,369,617,2010-01-27,2023-12-16,0,6,32,40,54,110,89,82,146,145,165,45,26,16,30,0,0
CMCSA,10685,1865,8820,2009-11-17,2023-12-16,2,51,117,213,318,818,1276,1416,1452,1327,920,889,525,612,749,0,0
CMCSK,162,81,81,2010-02-04,2019-09-22,0,20,30,18,4,12,56,10,2,4,6,0,0,0,0,0,0
CMCT,140,49,91,2015-03-09,2023-10-25,0,0,0,0,0,0,3,13,7,10,65,14,5,5,18,0,0
CMD,950,475,475,2010-03-05,2020-06-04,0,4,16,4,0,8,170,178,104,174,178,114,0,0,0,0,0
CMDT,100,50,50,2018-11-05,2019-12-12,0,0,0,0,0,0,0,0,0,32,68,0,0,0,0,0,0
CME,6803,2414,4389,2009-07-27,2023-12-16,20,218,544,709,389,308,660,547,627,818,792,470,185,208,308,0,0
CMF,154,57,97,2010-01-11,2023-10-27,0,3,3,16,1,1,0,3,11,62,17,15,7,6,9,0,0
CMFN,412,206,206,2014-02-05,2019-09-10,0,0,0,0,0,16,40,106,68,114,68,0,0,0,0,0,0
CMG,9552,2378,7174,2009-10-16,2023-12-16,1,13,30,88,406,734,1181,1671,1318,946,846,714,361,491,752,0,0
CMGE,174,87,87,2012-09-25,2016-10-10,0,0,0,12,16,66,74,6,0,0,0,0,0,0,0,0,0
CMI,4372,1447,2925,2009-12-07,2023-12-16,4,151,256,281,162,197,223,312,443,475,999,338,114,198,219,0,0
CMLP,356,178,178,2011-02-22,2017-03-13,0,0,42,68,64,24,146,10,2,0,0,0,0,0,0,0,0
CMLS,168,0,168,2010-11-22,2023-11-29,0,1,5,7,14,15,2,18,8,2,4,4,11,38,39,0,0
CMN,518,259,259,2009-10-04,2017-01-10,2,28,60,62,82,32,122,124,6,0,0,0,0,0,0,0,0
CMP,1922,734,1188,2009-09-01,2023-12-12,6,56,81,107,105,328,232,157,134,255,232,92,41,37,59,0,0
CMPR,247,0,247,2014-11-18,2023-12-07,0,0,0,0,0,2,28,26,27,43,21,13,13,18,56,0,0
CMRE,1479,600,879,2010-10-20,2023-12-16,0,4,38,56,45,64,97,264,167,220,252,115,31,72,54,0,0
CMRX,784,298,486,2013-04-01,2023-12-04,0,0,0,0,48,103,142,72,43,136,121,34,18,53,14,0,0
CMS,3153,1052,2101,2009-08-07,2023-12-13,14,85,167,191,242,333,365,257,188,387,352,278,64,106,124,0,0
CMSB,22,11,11,2011-07-20,2015-01-30,0,0,2,4,0,12,4,0,0,0,0,0,0,0,0,0,0
CMSD,7,0,7,2023-12-16,2023-12-16,0,0,0,0,0,0,0,0,0,0,0,0,0,0,7,0,0
CMT,272,0,272,2012-03-15,2023-12-05,0,0,0,5,1,1,4,72,68,87,18,2,2,1,11,0,0
CMTL,3101,1257,1844,2009-12-09,2023-12-15,2,41,161,117,94,270,161,279,247,903,502,182,32,33,77,0,0
CMU,156,55,101,2012-12-14,2023-06-04,0,0,0,1,10,11,10,10,0,33,74,5,0,0,2,0,0
CNA,2468,802,1666,2009-08-07,2023-12-16,8,34,135,178,225,137,127,157,278,374,288,159,62,131,175,0,0
CNBKA,248,124,124,2010-08-02,2020-03-13,0,4,8,14,12,4,28,36,20,54,58,10,0,0,0,0,0
CNBS,30,0,30,2019-08-22,2023-12-08,0,0,0,0,0,0,0,0,0,0,1,3,12,7,7,0,0
CNC,5198,2599,2599,2009-08-13,2020-06-01,4,56,114,382,208,332,642,436,490,852,1146,536,0,0,0,0,0
CNCE,606,303,303,2014-01-13,2020-05-14,0,0,0,0,0,44,34,32,90,128,226,52,0,0,0,0,0
CNCO,52,26,26,2013-04-02,2019-12-02,0,0,0,0,2,6,18,8,8,4,6,0,0,0,0,0,0
CNCR,60,0,60,2015-10-19,2023-10-30,0,0,0,0,0,0,2,6,13,17,3,6,3,3,7,0,0
CNDA,644,322,322,2010-04-06,2019-01-11,0,24,56,34,2,6,94,104,72,248,4,0,0,0,0,0,0
CNDO,320,160,160,2011-12-22,2015-04-27,0,0,2,56,126,56,80,0,0,0,0,0,0,0,0,0,0
CNDT,144,0,144,2017-01-03,2023-11-01,0,0,0,0,0,0,0,0,25,34,22,16,19,19,9,0,0
CNET,626,292,334,2011-03-31,2022-09-15,0,0,14,50,13,66,82,34,23,236,67,31,8,2,0,0,0
CNF,33,0,33,2018-11-09,2023-11-28,0,0,0,0,0,0,0,0,0,1,5,6,11,8,2,0,0
CNFR,70,0,70,2015-07-30,2023-10-06,0,0,0,0,0,0,5,1,7,4,3,8,5,16,21,0,0
CNHI,2110,691,1419,2013-10-16,2023-12-16,0,0,0,0,29,114,169,203,208,358,409,269,86,132,133,0,0
CNI,5110,1973,3137,2009-08-13,2023-12-16,2,77,224,337,341,260,605,603,565,678,812,294,81,107,124,0,0
CNIT,358,179,179,2011-01-28,2018-05-29,0,0,42,66,16,18,96,12,14,94,0,0,0,0,0,0,0
CNK,2892,1047,1845,2009-11-05,2023-12-13,4,117,115,213,89,107,272,247,295,401,347,353,106,80,146,0,0
CNMD,1871,714,1157,2010-03-26,2023-12-13,0,50,95,136,130,102,156,78,52,155,644,77,34,70,92,0,0
CNNB,9,0,9,2021-04-12,2023-06-09,0,0,0,0,0,0,0,0,0,0,0,0,2,0,7,0,0
CNNE,170,0,170,2018-05-25,2023-12-13,0,0,0,0,0,0,0,0,0,10,18,39,37,39,27,0,0
CNNX,374,187,187,2014-09-11,2018-01-07,0,0,0,0,0,38,98,146,88,4,0,0,0,0,0,0,0
CNO,2435,833,1602,2009-08-07,2023-12-12,14,71,124,224,308,315,149,144,264,252,200,135,30,78,127,0,0
CNOB,541,189,352,2013-01-11,2023-12-11,0,0,0,0,27,47,28,52,49,88,127,42,29,28,24,0,0
CNP,3674,1326,2348,2010-02-19,2023-12-16,0,52,199,189,176,175,286,375,436,602,510,317,91,112,154,0,0
CNQ,4047,1391,2656,2009-12-08,2023-12-16,6,65,124,187,143,247,426,291,647,539,526,328,131,233,154,0,0
CNS,1867,742,1125,2009-08-10,2023-12-13,2,65,63,86,75,198,128,129,124,206,431,233,23,37,67,0,0
CNSL,1181,521,660,2010-02-12,2023-12-15,0,22,22,64,66,74,107,167,159,170,256,49,9,4,12,0,0
CNTF,368,184,184,2009-12-22,2019-09-13,6,16,28,12,18,32,80,46,14,74,42,0,0,0,0,0,0
CNTG,62,0,62,2019-11-07,2023-06-28,0,0,0,0,0,0,0,0,0,0,2,25,14,14,7,0,0
CNTY,1011,405,606,2009-11-06,2023-12-11,4,20,26,33,49,68,133,81,98,125,176,121,14,28,35,0,0
CNV,180,90,90,2014-10-07,2018-07-27,0,0,0,0,0,40,62,60,8,10,0,0,0,0,0,0,0
CNW,1042,521,521,2009-07-27,2016-08-04,10,226,200,148,136,146,174,2,0,0,0,0,0,0,0,0,0
CNX,4959,1874,3085,2009-08-17,2023-12-12,4,221,464,562,343,417,753,636,277,370,438,223,33,120,98,0,0
CNXR,212,106,106,2014-12-12,2018-05-15,0,0,0,0,0,12,66,74,56,4,0,0,0,0,0,0,0
CNXT,114,57,57,2015-06-20,2020-05-08,0,0,0,0,0,0,8,6,0,0,96,4,0,0,0,0,0
CNY,58,29,29,2009-12-14,2020-04-09,4,6,16,0,0,0,4,2,2,2,2,20,0,0,0,0,0
CNYA,7,0,7,2021-02-12,2023-02-13,0,0,0,0,0,0,0,0,0,0,0,0,2,4,1,0,0
CNYD,58,29,29,2011-08-10,2016-04-12,0,0,6,12,18,6,8,8,0,0,0,0,0,0,0,0,0
CO,770,385,385,2010-02-18,2020-05-14,0,28,34,52,42,70,112,80,50,96,134,72,0,0,0,0,0
COB,100,50,50,2014-04-14,2018-11-12,0,0,0,0,0,22,46,22,6,4,0,0,0,0,0,0,0
COBK,14,7,7,2011-08-19,2015-04-06,0,0,2,2,0,2,8,0,0,0,0,0,0,0,0,0,0
COBO,100,50,50,2015-06-12,2017-03-15,0,0,0,0,0,0,22,50,28,0,0,0,0,0,0,0,0
COBZ,232,116,116,2009-11-20,2018-10-01,2,4,10,34,34,8,26,32,24,58,0,0,0,0,0,0,0
COCO,870,435,435,2010-04-14,2016-11-28,0,48,310,232,80,158,36,6,0,0,0,0,0,0,0,0,0
COCP,31,0,31,2016-03-19,2023-10-04,0,0,0,0,0,0,0,1,0,1,4,12,11,0,2,0,0
CODA,28,0,28,2018-09-13,2023-09-13,0,0,0,0,0,0,0,0,0,2,6,2,9,5,4,0,0
CODE,416,208,208,2010-12-06,2016-01-22,0,4,40,24,72,210,64,2,0,0,0,0,0,0,0,0,0
CODI,2293,579,1714,2009-12-31,2023-11-17,1,40,96,213,486,221,301,119,153,326,223,102,5,3,4,0,0
COE,68,0,68,2016-05-27,2022-12-11,0,0,0,0,0,0,0,13,9,15,3,10,13,5,0,0,0
COF,7062,2565,4497,2009-07-27,2023-12-15,54,255,338,346,679,530,824,647,629,790,846,487,153,168,316,0,0
COFS,26,0,26,2020-09-11,2023-12-15,0,0,0,0,0,0,0,0,0,0,0,2,10,6,8,0,0
COH,5446,2723,2723,2009-10-20,2018-03-06,10,300,492,884,570,798,964,780,646,2,0,0,0,0,0,0,0
COHN,24,0,24,2018-03-16,2023-09-07,0,0,0,0,0,0,0,0,0,3,1,11,2,2,5,0,0
COHR,1550,534,1016,2009-12-11,2023-12-14,2,18,13,53,47,44,102,173,321,266,194,73,73,33,138,0,0
COHU,1048,393,655,2010-10-20,2023-12-06,0,6,25,27,54,77,81,60,148,198,196,64,33,44,35,0,0
COKE,831,311,520,2010-05-18,2023-11-29,0,22,34,54,39,37,102,90,98,98,116,49,29,29,34,0,0
COL,2848,1424,1424,2009-12-21,2019-06-06,2,80,260,282,276,226,446,266,576,420,14,0,0,0,0,0,0
COLB,888,304,584,2010-04-30,2023-12-15,0,2,22,73,75,45,69,60,82,127,126,40,36,34,97,0,0
COLD,273,0,273,2018-01-19,2023-12-11,0,0,0,0,0,0,0,0,0,33,24,22,22,40,132,0,0
COLL,197,0,197,2015-04-27,2023-12-10,0,0,0,0,0,0,11,11,19,16,10,16,16,56,42,0,0
COLM,2934,1042,1892,2009-08-12,2023-12-08,6,32,43,40,88,227,524,233,172,638,602,123,51,97,58,0,0
COM,26,0,26,2012-09-14,2023-11-28,0,0,0,1,0,0,0,0,3,0,1,1,13,3,4,0,0
COMB,132,0,132,2017-05-22,2023-12-12,0,0,0,0,0,0,0,0,2,0,1,39,23,18,49,0,0
COMM,1570,578,992,2013-10-11,2023-11-16,0,0,0,0,49,119,125,98,108,204,562,140,33,71,61,0,0
COMT,279,111,168,2014-10-16,2023-01-26,0,0,0,0,0,4,13,2,7,133,97,4,5,13,1,0,0
CONE,1130,565,565,2013-01-18,2020-06-03,0,0,0,0,64,62,112,74,68,64,502,184,0,0,0,0,0
CONN,2294,691,1603,2011-06-08,2023-12-16,0,0,5,24,89,352,291,270,297,369,266,175,55,65,36,0,0
COO,3295,1227,2068,2009-08-07,2023-12-16,36,121,284,258,372,338,211,204,277,399,360,186,55,78,116,0,0
COOL,782,391,391,2010-09-01,2018-09-13,0,10,96,98,58,32,62,66,62,298,0,0,0,0,0,0,0
COOP,233,0,233,2018-01-17,2023-12-15,0,0,0,0,0,0,0,0,0,4,11,17,38,68,95,0,0
COP,8647,1718,6929,2009-08-10,2023-12-16,57,504,916,612,474,490,616,615,646,755,622,543,335,812,650,0,0
COPX,1140,484,656,2010-04-20,2023-12-11,0,63,62,104,6,13,97,61,79,159,235,171,38,21,31,0,0
COR,2515,960,1555,2010-06-01,2023-12-16,0,30,55,79,76,34,400,341,556,352,341,138,43,6,64,0,0
CORE,978,489,489,2009-08-07,2020-05-07,6,2,30,22,32,36,72,138,128,214,212,86,0,0,0,0,0
CORI,264,132,132,2014-04-28,2019-04-03,0,0,0,0,0,16,36,20,82,108,2,0,0,0,0,0,0
CORN,2988,1494,1494,2010-10-11,2020-06-02,0,14,174,272,58,56,270,256,132,404,1060,292,0,0,0,0,0
CORR,806,403,403,2012-12-11,2020-06-08,0,0,0,8,20,28,230,148,94,144,110,24,0,0,0,0,0
CORT,590,295,295,2010-05-04,2020-05-13,0,10,38,80,18,30,32,30,68,114,96,74,0,0,0,0,0
COSI,428,214,214,2009-08-10,2016-11-01,2,18,48,66,36,40,114,104,0,0,0,0,0,0,0,0,0
COST,6781,0,6781,2010-02-17,2023-12-16,0,43,89,155,186,277,408,482,757,547,438,637,525,1079,1158,0,0
COT,1142,571,571,2009-07-27,2020-03-02,2,20,50,72,48,80,212,156,118,158,170,56,0,0,0,0,0
COTY,1385,0,1385,2012-08-15,2023-12-12,0,0,0,1,18,23,45,73,133,116,151,251,135,162,277,0,0
COUP,1470,735,735,2014-02-28,2020-06-09,0,0,0,0,0,94,138,66,146,296,576,154,0,0,0,0,0
COV,2454,1227,1227,2009-09-21,2017-12-12,8,214,442,560,408,704,108,8,2,0,0,0,0,0,0,0,0
COVR,66,33,33,2011-05-23,2015-06-26,0,0,12,12,10,14,18,0,0,0,0,0,0,0,0,0,0
COVS,248,124,124,2013-09-20,2017-08-25,0,0,0,0,30,58,54,68,38,0,0,0,0,0,0,0,0
COW,1038,519,519,2010-02-10,2020-06-01,0,22,36,52,2,30,56,76,46,214,366,138,0,0,0,0,0
COWN,628,314,314,2011-02-17,2020-05-20,0,0,2,18,20,60,142,80,60,120,92,34,0,0,0,0,0
COWNL,2,1,1,2018-10-05,2018-10-05,0,0,0,0,0,0,0,0,0,2,0,0,0,0,0,0,0
COWZ,145,0,145,2016-12-19,2023-12-16,0,0,0,0,0,0,0,1,7,4,1,3,7,52,70,0,0
CP,6062,2496,3566,2009-07-07,2023-12-16,10,61,252,627,391,465,825,906,459,634,675,311,209,125,112,0,0
CPA,2517,1255,1262,2009-08-07,2023-12-16,6,40,126,206,162,178,302,228,206,398,464,194,0,0,7,0,0
CPAC,288,120,168,2012-02-09,2023-11-15,0,0,0,25,25,20,31,50,6,76,39,7,0,5,4,0,0
CPAH,346,173,173,2012-09-13,2020-04-24,0,0,0,12,12,16,28,14,40,74,42,108,0,0,0,0,0
CPB,5077,1529,3548,2009-10-30,2023-12-16,21,279,262,263,297,274,371,358,371,642,739,540,129,255,276,0,0
CPE,2848,1091,1757,2009-08-07,2023-12-15,6,26,41,27,50,274,296,371,202,281,622,399,55,98,100,0,0
CPER,56,0,56,2012-04-17,2023-11-15,0,0,0,7,6,2,3,2,8,7,1,4,6,5,5,0,0
CPF,594,297,297,2009-09-07,2020-05-14,4,12,20,24,44,106,94,40,32,92,80,46,0,0,0,0,0
CPG,2027,698,1329,2011-09-19,2023-12-12,0,0,8,4,0,140,307,189,191,343,375,190,68,107,105,0,0
CPGI,76,38,38,2010-12-10,2015-09-15,0,4,32,12,6,6,16,0,0,0,0,0,0,0,0,0,0
CPHC,230,115,115,2010-04-29,2020-06-09,0,4,30,16,10,12,28,28,22,30,36,14,0,0,0,0,0
CPHD,560,280,280,2011-07-21,2017-01-31,0,0,46,130,84,72,100,126,2,0,0,0,0,0,0,0,0
CPHI,210,95,115,2010-03-25,2023-08-09,0,8,12,8,2,6,20,24,9,28,28,56,6,2,1,0,0
CPHR,174,87,87,2015-01-09,2018-04-07,0,0,0,0,0,0,70,86,4,14,0,0,0,0,0,0,0
CPIX,386,181,205,2010-08-17,2021-12-02,0,22,40,23,18,12,27,22,21,26,104,60,11,0,0,0,0
CPK,1397,523,874,2009-08-12,2023-12-16,2,26,46,77,125,82,172,148,106,240,167,94,28,38,46,0,0
CPL,844,422,422,2009-08-07,2020-02-10,2,34,60,64,102,150,154,154,16,26,78,4,0,0,0,0,0
CPLA,280,140,140,2012-04-03,2018-09-01,0,0,0,26,60,34,26,56,42,36,0,0,0,0,0,0,0
CPLP,140,0,140,2011-07-07,2023-11-13,0,0,2,5,4,18,11,15,8,5,6,7,5,41,13,0,0
CPN,1400,700,700,2009-08-10,2018-12-11,4,88,140,192,154,200,176,216,200,30,0,0,0,0,0,0,0
CPRI,740,0,740,2019-01-10,2023-12-12,0,0,0,0,0,0,0,0,0,0,87,117,93,250,193,0,0
CPRT,2556,930,1626,2010-01-07,2023-12-15,0,39,69,147,157,71,160,208,270,432,509,214,53,71,156,0,0
CPRX,1546,773,773,2009-10-01,2020-05-13,2,4,28,102,142,84,160,106,154,244,464,56,0,0,0,0,0
CPS,850,425,425,2011-05-23,2020-06-08,0,0,10,0,0,16,62,150,66,186,246,114,0,0,0,0,0
CPSH,22,0,22,2018-09-14,2023-07-04,0,0,0,0,0,0,0,0,0,1,0,6,9,3,3,0,0
CPSI,1134,468,666,2009-12-24,2023-11-27,2,18,89,81,77,87,146,139,54,163,129,78,13,42,16,0,0
CPSS,487,205,282,2010-06-07,2023-11-28,0,3,10,8,16,37,99,58,43,90,79,24,1,14,5,0,0
CPST,1470,735,735,2009-08-13,2020-05-28,6,14,72,74,64,98,278,146,94,278,290,56,0,0,0,0,0
CPT,1824,687,1137,2009-08-10,2023-12-12,4,43,80,109,85,97,256,147,169,174,268,133,49,107,103,0,0
CPTA,984,492,492,2013-05-30,2020-05-14,0,0,0,0,20,34,116,214,132,204,198,66,0,0,0,0,0
CPZ,21,0,21,2020-09-10,2023-12-16,0,0,0,0,0,0,0,0,0,0,0,5,10,1,5,0,0
CQH,318,159,159,2013-09-23,2018-09-25,0,0,0,0,10,50,36,72,62,88,0,0,0,0,0,0,0
CQP,1819,610,1209,2010-05-07,2023-12-16,0,25,79,124,128,214,267,210,167,248,188,70,20,38,41,0,0
CQQQ,252,0,252,2009-12-08,2023-11-06,1,4,2,2,12,15,15,9,29,16,33,15,34,35,30,0,0
CR,2568,942,1626,2009-08-07,2023-12-16,8,29,85,145,294,150,177,216,255,477,360,150,38,99,85,0,0
CRAI,1548,511,1037,2010-01-15,2023-12-05,0,36,54,104,70,75,118,90,118,251,249,103,18,175,87,0,0
CRAY,1100,550,550,2010-02-17,2019-11-22,0,14,32,114,58,120,120,176,114,132,220,0,0,0,0,0,0
CRBN,225,73,152,2014-12-29,2023-11-13,0,0,0,0,0,1,8,21,8,66,83,17,7,8,6,0,0
CRBP,175,0,175,2015-06-01,2023-12-16,0,0,0,0,0,0,5,13,39,20,25,38,14,15,6,0,0
CRBQ,10,5,5,2011-12-14,2016-04-12,0,0,2,2,0,0,4,2,0,0,0,0,0,0,0,0,0
CRC,2584,1048,1536,2009-08-13,2023-12-12,6,4,8,23,4,11,214,311,238,552,769,302,20,38,84,0,0
CRCM,804,402,402,2014-01-10,2020-02-17,0,0,0,0,0,60,104,106,86,118,310,20,0,0,0,0,0
CRD,80,0,80,2016-07-18,2023-11-30,0,0,0,0,0,0,0,2,1,2,0,2,3,15,55,0,0
CRD-A,8208,0,8208,2023-11-30,2023-12-16,0,0,0,0,0,0,0,0,0,0,0,0,0,0,8208,0,0
CRD.A,34,17,17,2012-06-14,2020-04-16,0,0,0,2,0,0,0,8,0,0,22,2,0,0,0,0,0
CRDC,442,221,221,2010-01-19,2016-06-20,0,30,62,48,26,194,46,36,0,0,0,0,0,0,0,0,0
CRDF,175,0,175,2014-04-16,2023-11-01,0,0,0,0,0,16,30,24,10,6,17,19,24,15,14,0,0
CRDS,288,144,144,2011-09-02,2017-12-15,0,0,4,14,14,34,116,68,38,0,0,0,0,0,0,0,0
CRDT,42,21,21,2015-02-02,2017-02-03,0,0,0,0,0,0,16,22,4,0,0,0,0,0,0,0,0
CRED,282,141,141,2011-01-11,2018-11-01,0,0,10,52,0,0,36,68,38,78,0,0,0,0,0,0,0
CREE,2886,1443,1443,2009-10-21,2020-06-10,8,224,446,210,280,290,172,234,192,162,552,116,0,0,0,0,0
CREG,433,208,225,2011-05-17,2021-08-27,0,0,16,7,18,50,32,12,82,100,78,35,3,0,0,0,0
CRESY,447,180,267,2010-02-04,2023-12-13,0,14,28,55,19,15,46,62,34,80,60,20,0,2,12,0,0
CREX,33,0,33,2019-05-10,2023-11-09,0,0,0,0,0,0,0,0,0,0,2,9,7,8,7,0,0
CRF,160,43,117,2009-08-13,2023-12-11,3,2,6,3,4,5,10,10,7,22,58,11,14,2,3,0,0
CRH,1075,381,694,2010-01-05,2023-12-15,0,48,39,66,21,62,115,115,68,88,148,136,25,38,106,0,0
CRI,595,0,595,2010-11-16,2023-12-16,0,1,8,7,26,49,48,71,58,68,49,30,40,84,56,0,0
CRIS,1102,459,643,2009-08-10,2023-12-05,4,15,80,58,52,128,141,101,69,159,135,81,24,31,24,0,0
CRK,2176,799,1377,2009-08-13,2023-12-11,4,47,91,119,145,133,282,191,108,357,254,170,37,138,100,0,0
CRL,2564,932,1632,2009-08-07,2023-12-16,14,240,157,203,217,226,155,171,155,298,252,200,54,104,118,0,0
CRM,9081,1488,7593,2009-12-14,2023-12-16,1,20,73,97,119,158,245,1405,985,1095,952,852,750,863,1466,0,0
CRMD,685,339,346,2011-06-14,2023-11-27,0,0,22,10,10,34,202,44,44,134,144,34,0,0,7,0,0
CRME,582,291,291,2009-12-03,2018-05-17,4,18,26,48,50,82,102,118,78,56,0,0,0,0,0,0,0
CRMT,1316,507,809,2009-09-01,2023-12-16,6,26,67,76,49,84,75,189,84,215,266,87,23,32,37,0,0
CRNC,164,0,164,2019-11-13,2023-12-16,0,0,0,0,0,0,0,0,0,0,3,18,53,48,42,0,0
CRNT,1141,474,667,2009-11-11,2023-12-13,4,58,51,51,82,73,118,92,139,159,222,39,21,25,7,0,0
CRNX,74,0,74,2018-07-13,2023-12-16,0,0,0,0,0,0,0,0,0,2,1,3,5,12,51,0,0
CROC,116,58,58,2013-06-07,2019-12-15,0,0,0,0,10,0,0,4,0,2,100,0,0,0,0,0,0
CRON,1562,0,1562,2018-03-02,2023-12-12,0,0,0,0,0,0,0,0,0,261,659,293,176,91,82,0,0
CROP,108,54,54,2011-07-05,2019-12-12,0,0,6,2,0,0,0,0,0,48,52,0,0,0,0,0,0
CROX,3218,1609,1609,2009-08-10,2020-06-09,10,198,368,352,306,210,230,186,138,384,704,132,0,0,0,0,0
CRR,1026,513,513,2009-09-23,2020-03-30,4,30,78,76,50,66,90,140,122,154,214,2,0,0,0,0,0
CRRC,194,97,97,2010-07-20,2016-02-10,0,10,24,40,16,24,78,2,0,0,0,0,0,0,0,0,0
CRRS,34,17,17,2013-09-06,2015-03-02,0,0,0,0,10,16,8,0,0,0,0,0,0,0,0,0,0
CRS,1574,434,1140,2009-08-13,2023-11-29,4,19,75,57,62,67,90,138,149,182,199,108,25,45,354,0,0
CRSP,1325,0,1325,2016-09-09,2023-12-16,0,0,0,0,0,0,0,9,18,131,103,148,214,227,475,0,0
CRT,389,121,268,2009-11-12,2023-11-01,4,3,12,23,24,18,23,37,32,56,71,32,17,15,22,0,0
CRTN,116,58,58,2015-02-26,2018-04-10,0,0,0,0,0,0,28,36,48,4,0,0,0,0,0,0,0
CRTO,1768,696,1072,2013-10-10,2023-12-15,0,0,0,0,29,139,339,245,234,301,246,133,44,25,33,0,0
CRUS,4594,2297,2297,2009-09-15,2020-05-28,4,252,124,820,406,204,718,538,320,426,594,188,0,0,0,0,0
CRV,52,26,26,2011-09-13,2015-09-29,0,0,8,12,6,8,18,0,0,0,0,0,0,0,0,0,0
CRVL,107,0,107,2013-10-29,2023-12-07,0,0,0,0,2,6,2,0,5,13,11,11,28,16,13,0,0
CRVP,82,41,41,2011-07-08,2018-02-13,0,0,8,10,4,2,14,22,14,8,0,0,0,0,0,0,0
CRVS,91,0,91,2016-02-03,2023-12-11,0,0,0,0,0,0,0,7,17,4,4,19,21,5,14,0,0
CRWD,2483,0,2483,2019-06-06,2023-12-16,0,0,0,0,0,0,0,0,0,0,68,230,478,690,1017,0,0
CRWN,174,87,87,2010-07-29,2016-10-11,0,6,18,20,24,20,62,24,0,0,0,0,0,0,0,0,0
CRWS,590,261,329,2011-01-06,2023-08-24,0,0,6,43,28,39,51,100,77,97,110,18,10,6,5,0,0
CRY,840,420,420,2009-08-13,2020-05-07,4,18,52,46,146,78,94,76,76,92,108,50,0,0,0,0,0
CRZO,2340,1170,1170,2009-11-16,2020-02-12,6,80,144,148,228,138,302,264,206,354,468,2,0,0,0,0,0
CS,4000,2000,2000,2009-08-10,2020-06-09,86,354,242,178,142,214,548,780,242,534,466,214,0,0,0,0,0
CSA,39,0,39,2009-11-23,2022-01-12,1,1,1,1,0,0,1,13,7,7,0,1,4,2,0,0,0
CSB,38,0,38,2015-08-17,2023-12-12,0,0,0,0,0,0,2,20,8,0,1,0,3,0,4,0,0
CSBK,124,62,62,2010-11-02,2018-04-02,0,4,6,0,2,20,26,36,20,10,0,0,0,0,0,0,0
CSBR,63,0,63,2013-09-18,2023-09-22,0,0,0,0,1,0,0,5,1,27,4,2,8,10,5,0,0
CSC,2544,1272,1272,2009-08-13,2017-11-13,8,196,446,608,412,186,360,262,66,0,0,0,0,0,0,0,0
CSCB,100,50,50,2015-12-21,2016-05-08,0,0,0,0,0,0,10,90,0,0,0,0,0,0,0,0,0
CSCO,3036,1518,1518,2016-08-17,2020-06-10,0,0,0,0,0,0,0,248,502,440,892,954,0,0,0,0,0
CSCR,100,50,50,2018-04-18,2019-01-06,0,0,0,0,0,0,0,0,0,96,4,0,0,0,0,0,0
CSD,174,87,87,2009-08-10,2019-09-09,6,16,16,4,28,2,46,10,16,14,16,0,0,0,0,0,0
CSF,66,33,33,2014-08-06,2019-11-03,0,0,0,0,0,2,18,14,12,14,6,0,0,0,0,0,0
CSFL,560,280,280,2010-03-05,2020-05-15,0,22,38,20,8,26,54,42,36,136,90,88,0,0,0,0,0
CSG,52,26,26,2013-05-21,2016-03-01,0,0,0,0,10,14,24,4,0,0,0,0,0,0,0,0,0
CSGP,1535,519,1016,2010-11-18,2023-12-13,0,4,48,72,88,77,139,99,140,189,241,175,47,84,132,0,0
CSGS,213,0,213,2009-12-18,2023-12-12,1,0,1,1,7,7,18,29,16,16,18,18,25,21,35,0,0
CSH,722,361,361,2009-10-30,2018-10-23,6,16,88,112,108,126,160,104,0,2,0,0,0,0,0,0,0
CSI,100,50,50,2017-03-08,2019-01-07,0,0,0,0,0,0,0,0,12,84,4,0,0,0,0,0,0
CSII,1100,550,550,2009-11-10,2020-06-10,2,6,26,56,72,98,146,136,104,162,212,80,0,0,0,0,0
CSIQ,6734,2572,4162,2009-08-27,2023-12-16,20,228,294,294,550,834,1064,744,636,568,802,236,102,164,198,0,0
CSJ,150,75,75,2012-04-19,2018-11-07,0,0,0,2,2,0,2,4,48,92,0,0,0,0,0,0,0
CSL,2925,936,1989,2010-02-03,2023-12-16,0,21,69,153,110,377,233,180,121,364,557,162,124,302,152,0,0
CSLS,24,12,12,2012-01-13,2017-01-26,0,0,0,2,0,0,12,0,10,0,0,0,0,0,0,0,0
CSLT,662,331,331,2014-03-14,2020-05-22,0,0,0,0,0,60,122,52,66,192,112,58,0,0,0,0,0
CSM,107,29,78,2009-12-10,2023-07-07,1,2,3,3,6,5,12,8,15,5,19,6,7,6,9,0,0
CSMB,8,4,4,2012-07-05,2015-01-04,0,0,0,6,0,0,2,0,0,0,0,0,0,0,0,0,0
CSMN,2,1,1,2015-02-12,2015-02-12,0,0,0,0,0,0,2,0,0,0,0,0,0,0,0,0,0
CSOD,1208,604,604,2011-03-17,2020-06-08,0,0,52,172,68,82,118,196,106,148,174,92,0,0,0,0,0
CSPI,384,171,213,2010-05-05,2023-12-16,0,4,6,30,19,18,33,43,68,84,46,23,3,4,3,0,0
CSQ,246,123,123,2011-03-25,2020-03-12,0,0,2,4,2,24,6,12,24,96,58,18,0,0,0,0,0
CSRE,54,27,27,2012-07-23,2015-04-15,0,0,0,8,0,24,22,0,0,0,0,0,0,0,0,0,0
CSS,460,230,230,2009-08-19,2020-04-08,2,6,12,32,14,20,26,32,28,146,98,44,0,0,0,0,0
CSSE,112,0,112,2017-08-18,2023-12-12,0,0,0,0,0,0,0,0,2,1,2,5,18,53,31,0,0
CSSEP,15,0,15,2019-07-26,2023-07-26,0,0,0,0,0,0,0,0,0,0,1,3,3,5,3,0,0
CST,502,251,251,2010-02-10,2018-02-23,0,4,0,0,70,104,154,138,26,6,0,0,0,0,0,0,0
CSTE,428,214,214,2012-04-04,2020-05-13,0,0,0,12,30,28,48,62,40,110,68,30,0,0,0,0,0
CSTL,70,0,70,2019-07-19,2023-12-12,0,0,0,0,0,0,0,0,0,0,7,4,14,17,28,0,0
CSTR,7,0,7,2023-07-20,2023-12-12,0,0,0,0,0,0,0,0,0,0,0,0,0,0,7,0,0
CSUN,624,312,312,2009-08-07,2018-03-15,4,68,126,128,102,56,116,12,4,8,0,0,0,0,0,0,0
CSV,682,341,341,2010-06-29,2020-05-21,0,6,30,52,44,42,64,56,52,164,136,36,0,0,0,0,0
CSWI,7,0,7,2023-08-14,2023-12-16,0,0,0,0,0,0,0,0,0,0,0,0,0,0,7,0,0
CSX,10177,4007,6170,2009-07-21,2023-12-16,26,433,671,768,500,701,1115,1105,1174,1224,1259,415,130,374,282,0,0
CTAS,3021,1507,1514,2009-09-24,2023-12-16,12,68,194,220,162,168,326,356,212,402,662,232,0,0,7,0,0
CTBI,682,269,413,2009-12-02,2023-12-13,2,7,29,64,45,23,85,87,40,114,106,17,15,18,30,0,0
CTCT,742,371,371,2009-10-30,2016-05-05,4,26,76,162,84,146,196,48,0,0,0,0,0,0,0,0,0
CTF,16,8,8,2012-10-31,2016-12-12,0,0,0,2,0,0,0,14,0,0,0,0,0,0,0,0,0
CTG,500,250,250,2013-07-22,2020-04-21,0,0,0,0,4,52,114,50,40,102,116,22,0,0,0,0,0
CTHR,394,178,216,2009-11-19,2023-02-13,2,5,9,26,11,43,38,27,29,48,107,30,5,11,3,0,0
CTIB,296,148,148,2010-03-22,2020-04-21,0,10,12,10,20,30,24,48,26,62,36,18,0,0,0,0,0
CTL,3848,1924,1924,2009-08-13,2020-06-10,12,128,228,98,156,160,94,182,394,1014,1080,302,0,0,0,0,0
CTLT,1069,517,552,2014-07-18,2023-12-12,0,0,0,0,0,48,78,148,116,228,248,168,0,0,35,0,0
CTMX,119,0,119,2015-08-28,2023-12-12,0,0,0,0,0,0,6,1,14,6,4,11,13,19,45,0,0
CTNN,102,51,51,2012-07-18,2018-12-31,0,0,0,2,0,0,0,0,0,100,0,0,0,0,0,0,0
CTO,777,317,460,2009-08-07,2023-12-16,10,6,19,27,10,25,70,105,92,113,173,37,18,40,32,0,0
CTR,84,24,60,2011-02-17,2023-10-30,0,0,2,3,8,4,6,5,0,15,13,20,3,3,2,0,0
CTRA,442,0,442,2017-07-31,2023-12-16,0,0,0,0,0,0,0,0,3,2,21,10,28,182,196,0,0
CTRE,868,434,434,2014-10-17,2020-05-31,0,0,0,0,0,18,200,128,108,158,184,72,0,0,0,0,0
CTRL,860,430,430,2013-07-01,2019-08-07,0,0,0,0,60,88,162,72,130,196,152,0,0,0,0,0,0
CTRM,72,0,72,2019-06-04,2023-04-03,0,0,0,0,0,0,0,0,0,0,2,3,61,5,1,0,0
CTRN,786,0,786,2010-05-20,2023-11-28,0,3,12,17,89,283,145,41,44,12,9,10,34,54,33,0,0
CTRX,636,318,318,2011-08-08,2016-06-08,0,0,2,170,168,68,224,4,0,0,0,0,0,0,0,0,0
CTS,759,287,472,2009-11-04,2023-12-16,2,38,83,76,40,57,47,60,32,71,84,61,30,48,30,0,0
CTSH,5660,2242,3418,2009-08-17,2023-12-14,15,133,263,592,415,422,681,645,644,597,585,329,88,119,132,0,0
CTSO,634,277,357,2011-12-14,2023-09-19,0,0,4,19,6,15,73,64,82,95,99,142,14,13,8,0,0
CTT,496,248,248,2010-09-02,2020-05-21,0,2,4,10,2,32,38,24,48,168,134,34,0,0,0,0,0
CTU,4,2,2,2015-09-02,2018-09-03,0,0,0,0,0,0,2,0,0,2,0,0,0,0,0,0,0
CTV,65,9,56,2010-04-21,2023-12-13,0,13,2,2,0,0,4,3,2,1,7,1,1,8,21,0,0
CTVA,612,0,612,2019-06-06,2023-12-16,0,0,0,0,0,0,0,0,0,0,22,58,114,197,221,0,0
CTWS,1090,545,545,2010-08-24,2020-02-14,0,16,28,74,128,104,138,118,80,290,110,4,0,0,0,0,0
CTXR,56,0,56,2017-08-11,2023-10-24,0,0,0,0,0,0,0,0,2,0,2,10,22,10,10,0,0
CTXS,4090,2045,2045,2009-09-16,2020-06-02,18,222,328,618,372,316,566,352,282,364,342,310,0,0,0,0,0
CTY,24,12,12,2014-11-05,2019-10-23,0,0,0,0,0,6,8,4,0,0,6,0,0,0,0,0,0
CU,410,205,205,2010-03-23,2020-03-24,0,34,54,16,28,18,110,30,30,72,16,2,0,0,0,0,0
CUB,1286,643,643,2009-08-10,2020-06-01,6,34,98,48,90,106,100,154,104,200,272,74,0,0,0,0,0
CUBA,548,266,282,2009-12-07,2023-05-13,2,0,0,7,1,77,165,98,33,95,56,8,3,2,1,0,0
CUBE,594,0,594,2012-01-18,2023-12-13,0,0,0,5,69,18,65,66,83,52,32,22,40,81,61,0,0
CUBI,807,271,536,2013-05-26,2023-12-14,0,0,0,0,18,52,160,68,69,147,97,37,37,51,71,0,0
CUE,49,0,49,2019-01-07,2023-12-07,0,0,0,0,0,0,0,0,0,0,2,10,7,20,10,0,0
CUI,492,246,246,2012-04-02,2020-04-23,0,0,0,18,22,50,54,44,36,144,108,16,0,0,0,0,0
CUK,2207,482,1725,2009-09-23,2023-12-15,2,25,26,66,142,122,243,198,114,108,223,637,168,74,59,0,0
CULP,90,0,90,2017-08-30,2023-12-05,0,0,0,0,0,0,0,0,3,20,8,10,18,15,16,0,0
CUNB,124,62,62,2010-11-24,2018-01-30,0,2,0,6,26,22,20,22,24,2,0,0,0,0,0,0,0
CUO,158,79,79,2011-11-21,2020-04-07,0,0,2,12,4,4,20,24,14,22,46,10,0,0,0,0,0
CUR,798,399,399,2009-09-21,2019-10-31,2,6,26,62,38,30,108,84,136,134,172,0,0,0,0,0,0
CURE,413,189,224,2012-05-02,2023-12-16,0,0,0,14,6,2,60,79,67,87,58,23,6,3,8,0,0
CUT,418,134,284,2009-08-10,2023-11-17,2,20,32,50,27,27,46,24,30,86,58,5,4,2,5,0,0
CUTR,181,0,181,2012-01-09,2023-10-26,0,0,0,6,5,2,4,14,19,19,12,14,11,35,40,0,0
CUZ,2275,828,1447,2009-11-17,2023-12-16,2,34,73,80,183,435,204,153,166,245,426,97,30,78,69,0,0
CVA,1524,762,762,2009-08-13,2020-06-02,4,36,116,136,114,120,126,122,120,230,244,156,0,0,0,0,0
CVB,2,1,1,2014-01-03,2014-01-03,0,0,0,0,0,2,0,0,0,0,0,0,0,0,0,0,0
CVBF,599,296,303,2010-01-22,2023-12-15,0,40,40,64,40,68,54,40,38,76,86,46,0,0,7,0,0
CVC,2994,1497,1497,2009-09-13,2018-02-14,10,246,444,524,360,368,818,208,14,2,0,0,0,0,0,0,0
CVCO,615,304,311,2010-05-03,2023-12-15,0,16,14,40,22,34,42,64,62,136,132,46,0,0,7,0,0
CVCY,548,193,355,2011-02-11,2023-12-11,0,0,14,32,14,80,81,40,37,76,67,41,12,27,27,0,0
CVD,574,287,287,2009-08-07,2018-03-07,6,56,80,100,146,146,28,10,0,2,0,0,0,0,0,0,0
CVE,3336,1131,2205,2010-02-22,2023-12-16,0,31,73,74,67,71,433,216,432,468,571,361,154,231,154,0,0
CVEO,542,271,271,2014-06-18,2020-05-07,0,0,0,0,0,64,114,50,50,122,118,24,0,0,0,0,0
CVG,808,404,404,2009-08-07,2018-10-08,6,32,84,150,66,76,72,92,80,150,0,0,0,0,0,0,0
CVGI,808,404,404,2010-05-06,2020-06-10,0,10,42,52,94,38,64,82,56,206,76,88,0,0,0,0,0
CVGW,1388,538,850,2010-08-02,2023-12-15,0,27,42,77,57,116,189,185,177,174,150,98,25,34,37,0,0
CVLT,1756,725,1031,2009-10-24,2023-12-16,6,60,116,259,266,95,104,145,63,158,301,97,21,29,36,0,0
CVLY,287,123,164,2010-01-12,2023-12-13,0,2,4,12,7,12,29,43,22,66,42,29,8,4,7,0,0
CVM,1111,520,591,2009-08-13,2023-10-23,11,26,62,55,53,77,102,107,93,203,220,69,18,8,7,0,0
CVNA,1294,0,1294,2017-04-13,2023-12-15,0,0,0,0,0,0,0,0,34,63,56,168,116,304,553,0,0
CVOL,110,55,55,2011-08-22,2019-01-13,0,0,2,0,8,0,0,0,0,98,2,0,0,0,0,0,0
CVR,292,146,146,2010-08-16,2020-05-12,0,26,50,12,14,22,36,38,12,34,32,16,0,0,0,0,0
CVRR,1368,684,684,2013-01-17,2020-04-24,0,0,0,0,148,146,254,264,130,374,44,8,0,0,0,0,0
CVS,3716,1858,1858,2009-08-13,2020-06-08,46,232,372,322,246,322,324,254,418,388,558,234,0,0,0,0,0
CVSL,98,49,49,2013-04-12,2016-01-28,0,0,0,0,16,12,60,10,0,0,0,0,0,0,0,0,0
CVTI,1136,568,568,2010-07-02,2020-05-22,0,16,26,38,34,126,160,112,60,242,214,108,0,0,0,0,0
CVU,664,332,332,2010-09-01,2020-05-28,0,14,32,46,18,42,50,72,54,144,102,90,0,0,0,0,0
CVV,326,163,163,2009-08-10,2020-05-14,4,4,34,24,10,26,26,34,18,74,56,16,0,0,0,0,0
CVX,8688,0,8688,2016-08-03,2023-12-16,0,0,0,0,0,0,0,339,933,838,739,1057,983,1768,2031,0,0
CVY,338,61,277,2010-03-25,2023-02-17,0,11,13,38,71,52,40,41,15,36,7,3,4,5,2,0,0
CW,1487,740,747,2010-02-16,2023-12-13,0,14,104,140,114,170,92,88,146,298,214,100,0,0,7,0,0
CWAY,28,14,14,2017-02-08,2018-10-08,0,0,0,0,0,0,0,0,2,26,0,0,0,0,0,0,0
CWB,463,228,235,2010-01-29,2023-12-08,0,20,14,14,8,4,68,56,46,94,94,38,0,0,7,0,0
CWBC,73,0,73,2014-07-30,2023-11-27,0,0,0,0,0,3,3,4,2,4,1,2,12,21,21,0,0
CWBR,22,0,22,2018-04-03,2023-06-27,0,0,0,0,0,0,0,0,0,2,1,5,10,2,2,0,0
CWCO,1198,364,834,2009-12-29,2023-12-16,2,14,37,36,121,134,119,109,95,154,100,30,18,61,168,0,0
CWEI,1080,540,540,2009-09-03,2018-01-31,2,18,64,52,164,338,130,204,106,2,0,0,0,0,0,0,0
CWEN,7,0,7,2023-12-08,2023-12-16,0,0,0,0,0,0,0,0,0,0,0,0,0,0,7,0,0
CWH,602,0,602,2012-02-21,2023-12-16,0,0,0,2,28,12,0,7,57,52,27,97,91,117,112,0,0
CWI,192,71,121,2009-11-24,2023-09-26,1,0,1,3,2,3,7,5,28,32,83,16,3,2,6,0,0
CWK,245,0,245,2018-07-27,2023-12-14,0,0,0,0,0,0,0,0,0,7,11,24,27,98,78,0,0
CWS,49,0,49,2016-09-26,2023-04-11,0,0,0,0,0,0,0,2,16,21,7,0,0,1,2,0,0
CWST,291,0,291,2012-02-06,2023-12-16,0,0,0,15,12,8,11,43,63,7,18,16,21,40,37,0,0
CWT,1717,616,1101,2010-02-25,2023-12-12,0,11,38,65,118,72,174,241,124,256,294,103,32,93,96,0,0
CX,1964,812,1152,2009-11-12,2023-12-13,4,95,194,144,119,117,194,366,234,175,165,95,19,11,32,0,0
CXA,56,28,28,2011-04-18,2016-09-03,0,0,4,2,0,4,24,22,0,0,0,0,0,0,0,0,0
CXDC,446,223,223,2010-03-04,2020-06-01,0,36,62,20,12,36,56,32,32,70,62,28,0,0,0,0,0
CXE,203,59,144,2012-12-14,2023-06-04,0,0,0,1,8,9,11,9,13,27,101,11,11,0,2,0,0
CXH,160,40,120,2012-12-14,2023-06-04,0,0,0,1,9,8,11,9,12,23,62,12,11,0,2,0,0
CXO,3544,1772,1772,2010-01-05,2020-06-10,0,82,170,230,136,158,378,382,260,640,852,256,0,0,0,0,0
CXP,572,286,286,2013-10-10,2020-06-03,0,0,0,0,8,38,68,72,112,144,94,36,0,0,0,0,0
CXSE,61,0,61,2015-07-08,2023-12-16,0,0,0,0,0,0,3,2,15,6,2,2,14,7,10,0,0
CXW,2193,904,1289,2009-08-07,2023-11-27,17,27,56,106,114,112,138,468,320,371,285,92,31,29,27,0,0
CY,3696,1848,1848,2009-08-12,2020-05-15,18,100,172,376,212,298,564,416,484,418,502,136,0,0,0,0,0
CYAN,258,120,138,2010-09-03,2023-08-11,0,8,20,12,11,10,26,34,20,66,30,8,8,4,1,0,0
CYB,2026,1013,1013,2009-11-11,2020-06-03,2,70,68,4,0,0,2,4,2,748,1004,122,0,0,0,0,0
CYBE,408,204,204,2010-07-28,2020-06-09,0,6,2,12,20,12,32,54,56,62,68,84,0,0,0,0,0
CYBR,3600,1800,1800,2014-09-23,2020-05-15,0,0,0,0,0,124,1394,622,292,444,590,134,0,0,0,0,0
CYBX,1294,647,647,2009-11-20,2016-09-23,2,56,114,214,508,136,256,8,0,0,0,0,0,0,0,0,0
CYCC,1045,486,559,2009-11-30,2023-11-27,5,37,68,70,51,61,101,102,161,148,126,100,3,5,7,0,0
CYCCP,103,40,63,2010-10-05,2023-11-15,0,4,8,14,16,12,12,1,12,6,5,6,1,1,5,0,0
CYCN,41,0,41,2019-09-17,2023-03-27,0,0,0,0,0,0,0,0,0,0,6,14,13,6,2,0,0
CYD,671,300,371,2009-09-24,2023-08-10,6,33,45,41,27,31,68,54,82,104,104,45,15,10,6,0,0
CYH,3799,1610,2189,2009-12-15,2023-12-16,2,131,334,341,225,229,366,515,448,465,371,199,33,63,77,0,0
CYN,588,294,294,2009-12-21,2019-09-04,4,20,98,186,90,60,126,2,0,0,2,0,0,0,0,0,0
CYNI,170,85,85,2013-05-09,2015-08-05,0,0,0,0,46,44,80,0,0,0,0,0,0,0,0,0,0
CYOU,1282,641,641,2009-10-14,2020-04-15,4,30,124,136,132,100,192,88,92,150,202,32,0,0,0,0,0
CYRN,366,183,183,2014-02-24,2020-05-21,0,0,0,0,0,42,64,42,48,82,62,26,0,0,0,0,0
CYS,1784,892,892,2010-04-27,2019-08-26,0,32,48,112,104,30,436,540,172,302,8,0,0,0,0,0,0
CYT,782,391,391,2009-11-11,2016-11-29,2,40,88,170,228,88,156,10,0,0,0,0,0,0,0,0,0
CYTK,2197,849,1348,2009-09-28,2023-12-16,4,12,42,68,364,232,456,133,177,152,266,150,33,43,65,0,0
CYTR,1150,575,575,2009-11-23,2019-11-18,2,116,64,100,90,112,184,162,114,152,54,0,0,0,0,0,0
CYTX,1100,550,550,2009-11-25,2019-07-29,4,46,74,58,70,94,236,146,94,212,66,0,0,0,0,0,0
CZA,331,25,306,2011-08-26,2023-08-21,0,0,4,5,41,43,48,31,30,67,23,8,8,17,6,0,0
CZFC,76,38,38,2010-10-21,2019-07-08,0,2,4,2,4,6,6,4,10,18,20,0,0,0,0,0,0
CZNC,274,104,170,2009-11-27,2023-12-13,2,0,14,15,3,9,24,45,31,48,37,6,6,10,24,0,0
CZR,1001,0,1001,2015-07-08,2023-12-16,0,0,0,0,0,0,2,13,27,49,62,177,188,187,296,0,0
CZWI,255,101,154,2011-10-03,2023-11-20,0,0,2,6,7,3,17,34,52,47,21,24,7,20,15,0,0
CZZ,946,473,473,2009-08-10,2020-06-10,12,68,108,74,88,44,72,46,60,106,190,78,0,0,0,0,0
D,8676,3045,5631,2009-08-06,2023-12-16,206,168,336,453,515,476,761,687,602,1859,1291,583,146,269,324,0,0
DAC,1194,426,768,2009-07-27,2023-12-13,4,28,43,44,24,70,207,138,78,139,185,61,30,94,49,0,0
DADA,147,0,147,2020-06-05,2023-11-30,0,0,0,0,0,0,0,0,0,0,0,18,50,43,36,0,0
DAEG,98,49,49,2011-07-06,2015-11-23,0,0,4,16,16,18,44,0,0,0,0,0,0,0,0,0,0
DAG,1024,512,512,2009-08-16,2019-12-15,8,64,94,8,0,6,92,130,60,278,284,0,0,0,0,0,0
DAIO,391,181,210,2010-02-01,2023-08-31,0,4,6,28,9,16,35,50,54,115,56,10,2,4,2,0,0
DAKP,90,45,45,2013-07-09,2016-12-30,0,0,0,0,2,14,54,20,0,0,0,0,0,0,0,0,0
DAKT,1050,426,624,2010-06-02,2023-12-06,0,28,50,51,89,68,146,183,102,152,107,46,12,6,10,0,0
DAL,6971,2926,4045,2009-09-10,2023-12-16,46,526,466,308,430,468,692,648,542,368,588,770,0,77,1042,0,0
DALI,2,0,2,2021-02-19,2021-02-23,0,0,0,0,0,0,0,0,0,0,0,0,2,0,0,0,0
DALT,3,0,3,2017-09-29,2023-11-22,0,0,0,0,0,0,0,0,1,0,0,0,0,0,2,0,0
DAN,2741,1124,1617,2009-08-07,2023-11-13,20,55,162,156,111,163,202,202,356,444,586,154,32,35,63,0,0
DANG,1282,641,641,2010-12-08,2017-05-24,0,88,308,188,128,276,226,66,2,0,0,0,0,0,0,0,0
DAO,63,0,63,2020-02-09,2023-11-30,0,0,0,0,0,0,0,0,0,0,0,23,19,9,12,0,0
DAR,1592,575,1017,2010-01-08,2023-11-24,0,36,108,68,103,45,170,128,133,215,173,187,65,84,77,0,0
DARA,310,155,155,2009-09-16,2016-01-09,4,22,40,72,22,48,84,18,0,0,0,0,0,0,0,0,0
DARE,40,0,40,2018-02-13,2023-10-16,0,0,0,0,0,0,0,0,0,5,2,4,15,5,9,0,0
DATA,2438,1219,1219,2009-08-06,2020-04-03,20,20,50,6,104,364,552,426,222,350,318,6,0,0,0,0,0
DATE,320,160,160,2011-05-11,2016-11-03,0,0,36,60,24,46,140,14,0,0,0,0,0,0,0,0,0
DAVA,201,0,201,2018-10-08,2023-12-14,0,0,0,0,0,0,0,0,0,3,14,9,19,76,80,0,0
DAX,1554,49,1505,2010-02-05,2023-08-30,0,1,1,0,0,0,12,276,383,350,308,209,7,4,3,0,0
DB,6374,1944,4430,2009-08-10,2023-12-14,75,563,563,390,345,363,428,962,467,570,712,405,113,182,236,0,0
DBA,2130,974,1156,2009-08-05,2023-10-06,36,156,196,139,67,90,203,231,127,404,408,20,7,36,10,0,0
DBAP,36,18,18,2015-04-29,2018-12-11,0,0,0,0,0,0,2,10,4,20,0,0,0,0,0,0,0
DBAW,70,27,43,2014-01-27,2023-01-20,0,0,0,0,0,4,16,17,8,10,4,4,0,6,1,0,0
DBB,178,57,121,2009-04-14,2022-12-27,2,10,8,7,12,6,5,2,7,5,100,3,3,8,0,0,0
DBBR,110,55,55,2011-06-09,2019-01-02,0,0,2,2,2,2,2,0,0,98,2,0,0,0,0,0,0
DBC,3658,1686,1972,2009-07-13,2023-12-06,18,149,234,235,575,508,410,470,144,491,285,48,27,47,17,0,0
DBD,1968,984,984,2010-02-02,2020-06-10,0,32,74,242,154,88,164,134,140,330,444,166,0,0,0,0,0
DBE,1627,792,835,2009-08-29,2023-10-20,2,2,17,131,527,299,147,168,84,167,66,2,3,7,5,0,0
DBEF,468,234,234,2011-06-09,2020-05-05,0,0,8,8,10,4,124,116,82,66,42,8,0,0,0,0,0
DBEM,110,55,55,2011-06-09,2019-12-13,0,0,4,2,2,0,0,2,0,0,100,0,0,0,0,0,0
DBEU,151,55,96,2013-10-03,2023-12-04,0,0,0,0,3,5,18,5,4,2,96,9,4,3,2,0,0
DBEZ,139,54,85,2014-12-25,2023-04-20,0,0,0,0,0,1,6,6,4,6,103,4,4,3,2,0,0
DBGR,145,56,89,2013-06-03,2022-08-31,0,0,0,0,14,2,8,3,8,4,103,2,0,1,0,0,0
DBIZ,24,12,12,2012-12-19,2015-10-11,0,0,0,4,2,0,18,0,0,0,0,0,0,0,0,0,0
DBJP,216,47,169,2011-06-09,2023-08-17,0,0,8,5,34,16,26,13,25,5,58,6,2,5,13,0,0
DBL,116,58,58,2018-09-27,2020-05-06,0,0,0,0,0,0,0,0,0,14,90,12,0,0,0,0,0
DBMF,169,0,169,2020-05-01,2023-12-14,0,0,0,0,0,0,0,0,0,0,0,1,0,75,93,0,0
DBMX,154,77,77,2015-07-30,2019-01-10,0,0,0,0,0,0,4,4,6,138,2,0,0,0,0,0,0
DBO,813,67,746,2009-12-08,2023-12-15,7,84,23,14,9,16,16,14,23,98,165,157,110,38,39,0,0
DBP,136,57,79,2009-04-14,2023-08-21,1,3,12,4,5,1,1,4,0,0,99,4,0,1,1,0,0
DBS,148,74,74,2011-05-15,2020-03-12,0,0,2,4,2,0,0,0,0,0,124,16,0,0,0,0,0
DBU,30,15,15,2011-06-29,2016-08-29,0,0,6,14,4,0,2,4,0,0,0,0,0,0,0,0,0
DBUK,108,54,54,2016-06-21,2019-11-18,0,0,0,0,0,0,0,8,0,0,100,0,0,0,0,0,0
DBV,268,134,134,2009-11-27,2019-09-26,2,14,12,18,18,18,10,26,62,68,20,0,0,0,0,0,0
DBVT,1034,517,517,2014-09-22,2020-06-10,0,0,0,0,0,10,118,24,76,186,410,210,0,0,0,0,0
DCA,22,11,11,2016-09-09,2017-03-24,0,0,0,0,0,0,0,12,10,0,0,0,0,0,0,0,0
DCI,2003,712,1291,2009-11-19,2023-12-13,8,45,84,144,123,120,193,182,177,363,238,101,43,92,90,0,0
DCIX,1252,626,626,2011-04-14,2020-03-19,0,0,24,60,56,64,152,166,348,228,132,22,0,0,0,0,0
DCM,522,261,261,2009-08-10,2018-04-09,10,28,32,78,80,36,114,94,18,32,0,0,0,0,0,0,0
DCNG,100,50,50,2018-11-19,2019-01-13,0,0,0,0,0,0,0,0,0,78,22,0,0,0,0,0,0
DCO,1094,442,652,2010-11-01,2023-11-18,0,4,41,77,104,89,153,121,84,93,171,101,12,21,23,0,0
DCOM,434,217,217,2009-07-27,2020-04-28,2,10,18,56,12,16,42,32,40,76,92,38,0,0,0,0,0
DCOMP,5067,0,5067,2023-12-01,2023-12-16,0,0,0,0,0,0,0,0,0,0,0,0,0,0,5067,0,0
DCPH,170,0,170,2017-10-12,2023-12-07,0,0,0,0,0,0,0,0,2,9,11,24,29,45,50,0,0
DCT,1038,519,519,2010-08-06,2018-11-14,0,12,76,102,126,158,106,120,180,158,0,0,0,0,0,0,0
DCTH,121,0,121,2010-03-25,2023-11-13,0,3,3,3,14,31,1,3,6,0,0,4,9,18,26,0,0
DCUB,2,1,1,2013-09-16,2013-09-16,0,0,0,0,2,0,0,0,0,0,0,0,0,0,0,0,0
DCUC,14,7,7,2017-02-09,2019-02-28,0,0,0,0,0,0,0,0,10,2,2,0,0,0,0,0,0
DD,5941,2624,3317,2009-06-01,2023-12-11,42,416,448,302,226,278,802,954,716,2,647,565,142,164,237,0,0
DDC,510,255,255,2013-04-01,2017-11-14,0,0,0,0,28,96,112,120,154,0,0,0,0,0,0,0,0
DDD,4903,1731,3172,2010-09-27,2023-12-14,0,4,49,153,503,903,651,650,507,582,352,221,161,83,84,0,0
DDF,414,207,207,2010-09-17,2020-02-28,0,2,0,0,0,2,16,26,14,170,174,10,0,0,0,0,0
DDG,102,51,51,2011-08-22,2020-03-20,0,0,2,0,0,0,0,0,0,0,96,4,0,0,0,0,0
DDIV,33,0,33,2018-10-05,2022-12-12,0,0,0,0,0,0,0,0,0,5,10,3,3,12,0,0,0
DDM,220,73,147,2009-10-05,2023-12-16,1,3,2,18,2,4,3,12,7,13,137,4,1,6,7,0,0
DDOG,1186,0,1186,2019-09-18,2023-12-16,0,0,0,0,0,0,0,0,0,0,34,148,157,370,477,0,0
DDP,54,27,27,2011-05-25,2019-12-12,0,0,26,4,4,0,0,0,0,0,20,0,0,0,0,0,0
DDR,1758,879,879,2009-08-28,2018-10-10,4,62,130,134,180,196,234,212,272,334,0,0,0,0,0,0,0
DDS,4338,1641,2697,2009-08-07,2023-12-01,16,137,363,392,262,336,348,318,439,689,498,137,67,230,106,0,0
DDT,18,9,9,2018-05-25,2018-12-26,0,0,0,0,0,0,0,0,0,18,0,0,0,0,0,0,0
DDWM,19,0,19,2016-07-07,2022-10-13,0,0,0,0,0,0,0,4,1,4,0,1,2,7,0,0,0
DE,6843,1882,4961,2009-08-07,2023-12-16,47,468,457,402,403,369,420,574,688,630,627,326,273,447,712,0,0
DEA,346,0,346,2015-01-26,2023-12-12,0,0,0,0,0,0,14,29,59,62,14,16,43,49,60,0,0
DECK,5599,2187,3412,2009-11-02,2023-12-16,10,263,430,680,491,485,441,329,500,570,613,270,63,88,366,0,0
DEE,108,54,54,2011-06-12,2019-12-12,0,0,4,4,0,0,0,0,0,72,28,0,0,0,0,0,0
DEF,108,54,54,2010-08-10,2020-03-20,0,2,0,8,6,2,4,10,10,18,30,18,0,0,0,0,0
DEG,462,231,231,2009-11-27,2019-01-08,2,42,26,64,86,72,128,34,2,2,4,0,0,0,0,0,0
DEI,335,0,335,2011-10-31,2023-12-16,0,0,1,4,34,13,18,30,19,25,23,29,32,53,54,0,0
DEJ,168,84,84,2010-09-13,2015-10-15,0,24,56,32,16,20,20,0,0,0,0,0,0,0,0,0,0
DEL,262,131,131,2010-01-04,2019-08-10,0,10,20,34,20,28,38,50,46,10,6,0,0,0,0,0,0
DELL,1885,0,1885,2009-10-26,2023-12-16,3,100,134,236,249,0,0,0,0,5,114,164,181,274,425,0,0
DEM,886,352,534,2010-03-29,2023-11-14,0,17,52,136,125,23,83,134,63,100,79,23,15,23,13,0,0
DENN,1899,815,1084,2009-11-04,2023-10-31,2,55,112,141,85,116,274,151,104,301,266,225,18,14,35,0,0
DEO,3830,1558,2272,2009-08-27,2023-12-11,5,96,275,399,189,262,501,400,374,522,429,203,30,69,76,0,0
DEPO,1518,759,759,2009-10-01,2018-08-15,8,32,84,64,72,54,256,510,284,154,0,0,0,0,0,0,0
DES,357,0,357,2010-04-29,2023-12-13,0,6,2,14,63,55,32,40,26,28,24,11,6,27,23,0,0
DESP,113,0,113,2017-09-08,2023-12-12,0,0,0,0,0,0,0,0,7,12,9,15,14,28,28,0,0
DEST,806,403,403,2010-01-28,2019-12-02,0,10,44,54,38,72,82,76,78,234,118,0,0,0,0,0,0
DEW,76,38,38,2010-08-26,2019-10-15,0,2,4,8,0,0,12,16,8,18,8,0,0,0,0,0,0
DEX,434,217,217,2014-11-27,2020-05-19,0,0,0,0,0,2,20,28,64,166,140,14,0,0,0,0,0
DF,3378,1689,1689,2009-10-23,2019-12-20,10,174,288,392,290,306,546,388,190,404,390,0,0,0,0,0,0
DFE,371,148,223,2010-03-23,2023-07-17,0,7,7,20,38,28,83,23,58,44,45,5,1,5,7,0,0
DFIN,118,0,118,2017-06-14,2023-12-05,0,0,0,0,0,0,0,0,6,11,10,14,14,33,30,0,0
DFJ,1019,473,546,2009-05-12,2023-11-27,1,19,22,13,42,14,179,238,81,261,123,14,3,5,4,0,0
DFP,110,27,83,2013-07-09,2023-05-02,0,0,0,0,6,9,4,1,2,21,20,27,15,2,3,0,0
DFRG,902,451,451,2012-07-20,2019-11-18,0,0,0,44,46,40,108,128,104,250,182,0,0,0,0,0,0
DFS,7502,2750,4752,2009-08-13,2023-12-14,44,389,719,1043,618,586,670,604,469,615,744,462,119,163,257,0,0
DFT,1056,528,528,2009-11-10,2017-11-15,2,46,50,116,94,84,222,256,186,0,0,0,0,0,0,0,0
DFVS,140,70,70,2019-11-18,2019-12-15,0,0,0,0,0,0,0,0,0,0,140,0,0,0,0,0,0
DG,3312,1656,1656,2009-12-23,2020-06-04,2,142,386,308,316,620,254,334,230,248,306,166,0,0,0,0,0
DGAS,182,91,91,2009-09-25,2017-07-17,2,4,6,32,6,38,34,42,18,0,0,0,0,0,0,0,0
DGAZ,4964,2482,2482,2012-03-08,2019-12-14,0,0,0,20,24,26,448,916,692,1454,1384,0,0,0,0,0,0
DGI,754,377,377,2009-10-09,2017-10-25,2,34,104,144,54,78,144,118,76,0,0,0,0,0,0,0,0
DGICA,592,254,338,2010-08-06,2023-08-30,0,4,8,14,42,41,65,53,67,100,119,61,9,7,2,0,0
DGICB,201,81,120,2011-04-21,2023-08-31,0,0,13,6,25,9,22,19,34,31,33,3,4,0,2,0,0
DGII,948,366,582,2010-04-23,2023-12-16,0,12,51,68,36,53,114,112,79,76,172,50,22,72,31,0,0
DGL,104,52,52,2011-06-10,2020-02-10,0,0,4,0,0,0,0,0,0,0,98,2,0,0,0,0,0
DGLY,2185,1033,1152,2009-09-22,2023-06-02,2,14,20,13,31,333,516,257,314,246,246,171,11,6,5,0,0
DGP,156,59,97,2009-04-14,2023-12-04,1,4,16,4,7,1,0,6,4,6,90,10,0,2,5,0,0
DGRE,142,57,85,2013-08-01,2023-07-14,0,0,0,0,23,6,22,13,17,34,20,1,3,1,2,0,0
DGRO,502,41,461,2014-06-23,2023-12-16,0,0,0,0,0,5,13,31,29,50,43,92,29,104,106,0,0
DGRS,314,39,275,2013-07-25,2023-11-29,0,0,0,0,15,56,58,53,36,28,30,6,11,8,13,0,0
DGRW,816,267,549,2013-05-22,2023-12-13,0,0,0,0,66,21,96,141,79,86,114,77,33,59,44,0,0
DGS,498,200,298,2009-12-23,2023-11-30,2,40,42,55,73,4,33,48,45,55,49,17,7,14,14,0,0
DGSE,178,89,89,2010-11-15,2019-12-12,0,2,16,22,6,8,24,24,14,24,38,0,0,0,0,0,0
DGT,134,56,78,2009-11-24,2023-06-07,1,0,8,6,3,5,3,2,1,4,100,0,0,0,1,0,0
DGX,4411,1664,2747,2009-10-08,2023-12-16,4,106,396,388,312,288,404,287,317,501,421,547,103,187,150,0,0
DGZ,140,57,83,2009-04-14,2023-05-25,1,1,8,3,11,0,2,6,0,1,98,2,0,5,2,0,0
DHC,350,0,350,2010-11-10,2023-12-12,0,1,6,8,13,19,25,22,35,37,54,11,17,13,89,0,0
DHCNL,6900,0,6900,2023-11-28,2023-12-16,0,0,0,0,0,0,0,0,0,0,0,0,0,0,6900,0,0
DHF,138,24,114,2010-12-15,2023-05-27,0,1,2,4,10,11,10,11,12,25,17,21,11,0,3,0,0
DHG,100,50,50,2018-06-29,2019-01-13,0,0,0,0,0,0,0,0,0,88,12,0,0,0,0,0,0
DHI,7178,2378,4800,2009-11-19,2023-12-16,24,328,220,293,399,377,580,647,892,1071,1005,544,116,267,415,0,0
DHIL,309,132,177,2010-04-20,2023-09-12,0,6,14,21,8,10,38,28,24,68,53,12,13,7,7,0,0
DHR,7047,2150,4897,2009-07-22,2023-12-16,11,139,332,435,509,481,800,716,589,733,1046,520,142,213,381,0,0
DHRM,110,55,55,2011-07-19,2016-11-18,0,0,4,32,4,20,26,24,0,0,0,0,0,0,0,0,0
DHS,7,0,7,2023-10-03,2023-12-14,0,0,0,0,0,0,0,0,0,0,0,0,0,0,7,0,0
DHT,1737,865,872,2010-05-17,2023-12-14,0,20,54,74,34,96,224,262,212,194,336,224,0,0,7,0,0
DHX,718,359,359,2009-10-21,2020-05-13,2,26,54,66,50,90,66,54,30,102,126,52,0,0,0,0,0
DI,84,42,42,2014-02-03,2019-08-08,0,0,0,0,0,4,36,28,8,4,4,0,0,0,0,0,0
DIA,1964,982,982,2018-09-13,2020-06-10,0,0,0,0,0,0,0,0,0,748,1022,194,0,0,0,0,0
DIAL,29,0,29,2012-07-10,2022-11-25,0,0,0,1,0,0,0,0,0,0,0,6,12,10,0,0,0
DIAX,144,56,88,2015-03-10,2023-07-13,0,0,0,0,0,0,3,2,20,60,35,13,5,3,3,0,0
DIG,2800,935,1865,2009-04-08,2023-12-16,12,64,22,24,2,10,405,482,220,560,191,17,1,14,776,0,0
DIN,2867,1108,1759,2009-07-27,2023-12-11,8,83,126,146,200,301,260,251,304,603,272,186,20,52,55,0,0
DIOD,1646,647,999,2009-12-08,2023-11-30,8,48,102,65,164,99,145,68,100,265,353,90,29,68,42,0,0
DIRT,140,70,70,2018-02-12,2019-01-09,0,0,0,0,0,0,0,0,0,138,2,0,0,0,0,0,0
DIS,10597,943,9654,2019-06-13,2023-12-16,0,0,0,0,0,0,0,0,0,0,1223,3631,1741,1922,2080,0,0
DISCA,3772,1886,1886,2010-04-23,2020-06-10,0,20,168,392,240,348,494,318,414,684,500,194,0,0,0,0,0
DISCB,54,27,27,2009-08-13,2020-05-04,2,2,4,2,2,0,0,0,2,18,12,10,0,0,0,0,0
DISCK,544,272,272,2010-06-28,2020-06-10,0,8,18,16,14,16,50,12,46,146,122,96,0,0,0,0,0
DISH,11632,4624,7008,2009-08-12,2023-12-11,31,297,757,1058,1595,1275,1810,1051,973,824,1018,417,159,163,204,0,0
DIT,216,89,127,2009-05-30,2023-04-27,8,9,2,12,12,10,26,38,17,34,30,10,6,1,1,0,0
DIV,237,0,237,2013-03-12,2023-11-13,0,0,0,0,3,36,34,39,41,27,8,2,4,24,19,0,0
DIVB,84,0,84,2017-11-13,2023-05-15,0,0,0,0,0,0,0,0,4,25,9,11,9,22,4,0,0
DIVI,52,26,26,2014-08-13,2017-03-02,0,0,0,0,0,8,12,24,8,0,0,0,0,0,0,0,0
DIVO,42,0,42,2017-11-13,2023-12-06,0,0,0,0,0,0,0,0,2,3,0,1,1,17,18,0,0
DIVY,79,30,49,2014-12-09,2023-06-09,0,0,0,0,0,6,9,16,24,18,1,3,0,0,2,0,0
DJCB,7635,0,7635,2023-07-19,2023-12-16,0,0,0,0,0,0,0,0,0,0,0,0,0,0,7635,0,0
DJCI,140,70,70,2018-08-31,2019-12-12,0,0,0,0,0,0,0,0,0,58,82,0,0,0,0,0,0
DJCO,297,122,175,2010-01-19,2023-12-11,0,10,1,18,0,16,21,29,42,41,61,23,15,13,7,0,0
DJD,119,0,119,2015-12-21,2023-12-16,0,0,0,0,0,0,1,12,8,28,13,7,7,19,24,0,0
DJP,165,58,107,2010-02-27,2023-04-18,0,9,18,8,7,6,1,7,1,4,86,14,1,2,1,0,0
DK,3014,1119,1895,2010-09-20,2023-12-07,0,8,80,135,146,135,207,280,459,617,418,214,26,158,131,0,0
DKL,1737,653,1084,2012-07-12,2023-12-11,0,0,0,31,199,371,121,132,191,208,288,69,38,54,35,0,0
DKNG,1891,0,1891,2019-12-23,2023-12-16,0,0,0,0,0,0,0,0,0,0,4,474,618,360,435,0,0
DKS,6018,1965,4053,2009-09-09,2023-12-14,14,169,275,328,366,414,385,641,568,659,978,368,147,327,379,0,0
DKT,8,4,4,2017-04-04,2019-11-27,0,0,0,0,0,0,0,0,2,4,2,0,0,0,0,0,0
DLA,860,274,586,2009-08-07,2023-11-08,2,17,20,25,28,36,41,146,49,227,109,28,1,116,15,0,0
DLB,2054,799,1255,2009-11-03,2023-12-12,3,79,177,227,75,106,183,204,151,299,255,127,45,61,62,0,0
DLBL,106,53,53,2011-08-03,2018-10-25,0,0,4,0,0,0,0,2,0,100,0,0,0,0,0,0,0
DLHC,350,131,219,2012-12-14,2023-12-11,0,0,0,4,6,2,24,33,46,62,94,14,15,46,4,0,0
DLN,630,203,427,2009-11-19,2023-12-13,2,25,24,31,52,17,97,99,54,74,32,36,10,42,35,0,0
DLNG,1204,525,679,2013-11-05,2023-12-08,0,0,0,0,29,82,65,241,157,271,263,35,6,40,15,0,0
DLPH,2730,1365,1365,2011-11-07,2020-05-18,0,0,42,230,162,228,310,406,362,416,406,168,0,0,0,0,0
DLPN,40,0,40,2018-04-05,2022-09-16,0,0,0,0,0,0,0,0,0,3,1,4,28,4,0,0,0
DLR,4070,2035,2035,2009-12-31,2020-06-03,2,90,140,270,204,134,478,506,412,740,848,246,0,0,0,0,0
DLS,166,57,109,2010-07-30,2023-11-28,0,2,1,2,1,0,4,35,25,30,33,19,7,2,5,0,0
DLTH,249,0,249,2015-10-06,2023-11-30,0,0,0,0,0,0,7,33,52,42,29,13,22,25,26,0,0
DLTR,7450,2494,4956,2009-11-16,2023-12-12,32,202,380,260,296,596,349,779,808,1159,984,535,212,531,327,0,0
DLX,1025,408,617,2010-01-28,2023-12-13,0,24,20,57,63,47,127,92,103,189,177,56,25,24,21,0,0
DLY,14,0,14,2022-02-22,2023-10-25,0,0,0,0,0,0,0,0,0,0,0,0,0,2,12,0,0
DM,916,458,458,2009-08-10,2019-04-29,4,28,40,54,34,48,110,146,110,310,32,0,0,0,0,0,0
DMAC,28,0,28,2018-11-30,2023-09-19,0,0,0,0,0,0,0,0,0,1,6,3,5,5,8,0,0
DMAY,1,0,1,2022-06-03,2022-06-03,0,0,0,0,0,0,0,0,0,0,0,0,0,1,0,0,0
DMB,177,56,121,2013-08-14,2023-06-06,0,0,0,0,3,11,10,11,0,14,102,13,11,0,2,0,0
DMD,608,304,304,2011-01-26,2016-11-08,0,0,154,164,100,54,66,70,0,0,0,0,0,0,0,0,0
DMDV,1,0,1,2019-02-11,2019-02-11,0,0,0,0,0,0,0,0,0,0,1,0,0,0,0,0,0
DMF,207,58,149,2011-05-18,2023-06-01,0,0,1,5,8,10,11,11,12,26,98,11,10,1,3,0,0
DMLP,411,157,254,2010-05-04,2023-12-12,0,4,8,20,13,12,42,64,37,57,65,42,5,26,16,0,0
DMND,1912,956,956,2009-09-30,2016-07-11,2,102,412,588,222,316,238,32,0,0,0,0,0,0,0,0,0
DMO,153,42,111,2011-04-07,2023-05-22,0,0,1,3,11,11,10,9,5,19,60,11,11,1,1,0,0
DMRC,574,250,324,2010-08-13,2023-09-14,0,5,23,25,7,33,97,59,41,79,134,48,9,7,7,0,0
DMTK,85,0,85,2020-10-26,2023-08-31,0,0,0,0,0,0,0,0,0,0,0,5,52,17,11,0,0
DMXF,1,0,1,2021-02-05,2021-02-05,0,0,0,0,0,0,0,0,0,0,0,0,1,0,0,0,0
DNB,1292,646,646,2010-01-04,2019-05-10,0,48,100,234,134,132,148,98,86,282,30,0,0,0,0,0,0
DNBF,242,121,121,2011-05-23,2019-12-09,0,0,8,10,10,6,26,28,30,58,66,0,0,0,0,0,0
DNKN,4012,2006,2006,2011-05-18,2020-06-10,0,0,172,220,196,226,810,602,368,618,604,196,0,0,0,0,0
DNL,101,33,68,2009-05-12,2023-11-08,1,3,5,2,8,0,8,21,7,13,10,2,7,7,7,0,0
DNN,1089,369,720,2009-08-07,2023-12-16,4,19,71,41,120,117,215,95,70,65,60,39,37,36,100,0,0
DNO,62,31,31,2009-09-24,2019-09-02,4,14,16,4,0,4,0,0,0,0,20,0,0,0,0,0,0
DNOV,8990,0,8990,2023-07-20,2023-12-16,0,0,0,0,0,0,0,0,0,0,0,0,0,0,8990,0,0
DNOW,638,319,319,2014-06-06,2020-06-05,0,0,0,0,0,36,86,80,88,180,126,42,0,0,0,0,0
DNP,202,54,148,2009-12-30,2022-07-12,1,0,2,2,11,12,10,10,11,15,90,24,13,1,0,0,0
DNR,2788,1394,1394,2009-11-02,2020-06-10,8,76,166,242,108,154,274,274,260,522,490,214,0,0,0,0,0
DO,2252,1126,1126,2009-08-13,2020-04-30,14,204,166,128,90,106,104,128,86,428,594,204,0,0,0,0,0
DOC,1454,544,910,2013-07-05,2023-12-14,0,0,0,0,21,54,133,204,198,277,310,110,38,48,61,0,0
DOCU,1387,0,1387,2018-04-20,2023-12-16,0,0,0,0,0,0,0,0,0,56,90,292,239,343,367,0,0
DOD,74,37,37,2012-10-23,2019-10-25,0,0,0,2,2,4,16,14,16,8,12,0,0,0,0,0,0
DOG,158,55,103,2009-11-04,2023-08-14,2,9,7,2,0,4,6,6,4,8,72,30,0,7,1,0,0
DOGZ,25,0,25,2020-10-23,2022-10-21,0,0,0,0,0,0,0,0,0,0,0,4,15,6,0,0,0
DOL,104,52,52,2011-07-15,2020-05-05,0,0,6,8,2,2,16,16,16,24,12,2,0,0,0,0,0
DOM,42,21,21,2010-11-18,2018-09-21,0,2,0,2,0,2,30,4,0,2,0,0,0,0,0,0,0
DOMO,196,0,196,2018-06-29,2023-12-12,0,0,0,0,0,0,0,0,0,20,37,23,33,36,47,0,0
DON,677,149,528,2009-08-07,2023-12-12,2,3,6,19,69,49,63,110,66,82,69,32,16,44,47,0,0
DOO,50,25,25,2010-03-29,2020-06-10,0,2,6,16,0,0,0,2,0,8,14,2,0,0,0,0,0
DOOO,193,0,193,2018-10-08,2023-12-08,0,0,0,0,0,0,0,0,0,3,15,10,17,113,35,0,0
DOOR,705,239,466,2013-02-28,2023-12-16,0,0,0,0,18,30,97,58,91,136,123,68,18,30,36,0,0
DOV,4582,1814,2768,2009-10-23,2023-12-12,4,63,213,287,331,280,488,409,325,708,856,308,58,129,123,0,0
DOVR,136,68,68,2010-03-31,2015-07-02,0,10,18,14,20,20,54,0,0,0,0,0,0,0,0,0,0
DOW,8390,3645,4745,2009-08-25,2023-12-16,28,320,744,860,564,772,1126,966,616,2,892,699,164,312,325,0,0
DOX,1917,701,1216,2009-09-16,2023-12-13,6,109,103,109,136,151,114,121,120,230,369,101,44,117,87,0,0
DOYU,167,0,167,2019-07-09,2023-12-06,0,0,0,0,0,0,0,0,0,0,12,50,49,33,23,0,0
DPG,36,0,36,2012-12-10,2023-08-08,0,0,0,1,3,3,3,5,1,5,3,4,6,1,1,0,0
DPK,118,59,59,2011-05-31,2020-03-20,0,0,10,0,2,0,0,0,24,60,20,2,0,0,0,0,0
DPLO,1212,606,606,2014-08-19,2020-02-14,0,0,0,0,0,50,226,166,170,202,388,10,0,0,0,0,0
DPM,754,377,377,2009-08-10,2018-11-04,6,16,62,114,40,56,178,238,42,2,0,0,0,0,0,0,0
DPRX,194,97,97,2014-03-13,2017-03-06,0,0,0,0,0,28,56,102,8,0,0,0,0,0,0,0,0
DPST,74,0,74,2015-08-19,2023-12-05,0,0,0,0,0,0,1,8,4,11,8,3,10,4,25,0,0
DPU,104,52,52,2011-12-21,2019-12-12,0,0,2,2,0,0,0,0,0,8,92,0,0,0,0,0,0
DPW,1350,675,675,2010-10-26,2020-06-11,0,2,10,12,2,18,16,20,362,452,366,90,0,0,0,0,0
DPZ,8102,2794,5308,2009-10-13,2023-12-16,4,92,150,267,235,502,787,894,923,1221,1208,907,221,263,428,0,0
DQ,2485,849,1636,2010-01-25,2023-12-16,0,8,82,37,48,54,211,138,275,532,296,445,95,206,58,0,0
DRA,100,50,50,2018-09-20,2019-01-09,0,0,0,0,0,0,0,0,0,96,4,0,0,0,0,0,0
DRAD,620,310,310,2010-04-07,2020-06-09,0,6,0,28,34,22,102,60,56,106,96,110,0,0,0,0,0
DRAM,310,155,155,2009-08-17,2017-07-06,20,20,20,20,18,44,64,74,30,0,0,0,0,0,0,0,0
DRC,714,357,357,2009-08-06,2018-03-25,14,42,82,112,78,288,90,4,0,4,0,0,0,0,0,0,0
DRD,812,406,406,2012-09-25,2020-06-04,0,0,0,4,20,76,30,128,68,94,248,144,0,0,0,0,0
DRE,1884,942,942,2010-01-07,2020-06-02,0,28,126,110,76,182,134,122,156,306,462,182,0,0,0,0,0
DRH,262,0,262,2012-07-17,2023-11-08,0,0,0,8,26,25,9,17,23,38,17,19,17,28,35,0,0
DRI,5351,1523,3828,2009-08-17,2023-12-13,29,193,324,396,404,654,490,482,473,597,392,385,114,136,282,0,0
DRII,518,259,259,2013-07-09,2018-10-12,0,0,0,0,28,122,140,224,0,4,0,0,0,0,0,0,0
DRIO,51,0,51,2014-07-01,2023-11-03,0,0,0,0,0,1,0,4,4,9,8,8,3,6,8,0,0
DRIP,114,0,114,2015-08-05,2023-12-16,0,0,0,0,0,0,4,23,14,24,8,13,6,12,10,0,0
DRIV,667,249,418,2009-08-13,2023-12-08,8,59,94,83,54,142,12,0,0,56,39,22,34,26,38,0,0
DRL,350,175,175,2009-11-09,2015-03-12,2,30,22,50,8,188,50,0,0,0,0,0,0,0,0,0,0
DRN,33,0,33,2009-07-17,2023-12-13,4,1,1,1,1,2,0,2,1,4,0,5,2,4,5,0,0
DRNA,1006,503,503,2014-01-28,2020-05-15,0,0,0,0,0,66,126,68,96,336,244,70,0,0,0,0,0
DRQ,1755,697,1058,2010-01-15,2023-11-01,0,74,68,120,415,103,118,128,78,135,362,52,16,21,65,0,0
DRR,4526,2263,2263,2009-10-27,2019-12-15,6,26,124,0,0,0,118,770,622,1774,1086,0,0,0,0,0,0
DRRX,1258,582,676,2010-03-21,2023-11-13,0,17,64,81,54,34,98,122,97,251,269,130,6,14,21,0,0
DRV,1592,759,833,2009-07-17,2023-10-10,2,2,82,9,13,8,173,266,158,553,282,7,5,18,14,0,0
DRW,112,56,56,2011-06-22,2019-12-15,0,0,6,2,0,0,0,0,2,32,70,0,0,0,0,0,0
DRWI,846,423,423,2010-05-07,2017-08-01,0,26,76,74,56,206,118,160,130,0,0,0,0,0,0,0,0
DRYS,3806,1903,1903,2009-08-10,2019-12-12,36,366,364,246,328,286,404,606,756,174,240,0,0,0,0,0,0
DSCI,312,156,156,2011-02-04,2017-02-23,0,0,42,58,40,38,60,44,30,0,0,0,0,0,0,0,0
DSCO,440,220,220,2009-09-11,2016-04-18,10,22,42,136,74,44,88,24,0,0,0,0,0,0,0,0,0
DSE,88,44,44,2014-06-26,2020-05-21,0,0,0,0,0,2,2,0,2,4,44,34,0,0,0,0,0
DSGX,155,0,155,2012-09-05,2023-12-05,0,0,0,1,3,10,9,5,9,12,11,11,15,41,28,0,0
DSI,458,58,400,2009-12-10,2023-11-22,1,1,1,7,0,43,49,63,51,51,81,68,2,24,16,0,0
DSKE,99,0,99,2017-03-03,2023-11-09,0,0,0,0,0,0,0,0,1,7,18,10,22,27,14,0,0
DSKX,154,77,77,2012-04-04,2018-06-12,0,0,0,4,18,10,72,40,2,8,0,0,0,0,0,0,0
DSKY,264,132,132,2014-08-04,2016-09-08,0,0,0,0,0,78,170,16,0,0,0,0,0,0,0,0,0
DSL,91,0,91,2013-06-18,2023-11-14,0,0,0,0,7,9,4,3,7,3,7,8,18,11,14,0,0
DSLV,106,53,53,2015-11-12,2019-12-14,0,0,0,0,0,0,4,0,2,0,100,0,0,0,0,0,0
DSM,916,458,458,2010-04-30,2020-05-27,0,26,0,4,0,4,60,124,70,208,278,142,0,0,0,0,0
DSS,43,0,43,2012-07-02,2021-12-22,0,0,0,1,6,3,0,2,1,3,5,13,9,0,0,0,0
DST,930,465,465,2010-02-02,2019-08-04,0,18,118,90,108,80,202,98,82,130,4,0,0,0,0,0,0
DSU,1437,705,732,2012-10-05,2023-10-07,0,0,0,3,7,6,202,323,186,443,246,16,0,0,5,0,0
DSUM,112,56,56,2011-10-12,2019-03-03,0,0,2,8,2,0,0,0,2,68,30,0,0,0,0,0,0
DSWL,209,94,115,2010-05-07,2023-05-04,0,10,10,18,7,11,44,30,15,23,26,4,5,5,1,0,0
DSX,2704,1227,1477,2009-10-22,2023-12-07,5,200,211,111,234,178,349,304,256,345,319,79,24,53,36,0,0
DT,333,0,333,2019-08-23,2023-12-13,0,0,0,0,0,0,0,0,0,0,11,45,69,84,124,0,0
DTD,421,129,292,2010-03-29,2023-11-14,0,4,4,27,38,51,71,65,27,48,21,9,5,29,22,0,0
DTE,3985,1399,2586,2009-10-09,2023-12-12,5,37,211,227,323,272,502,383,334,601,530,223,57,151,129,0,0
DTEC,66,0,66,2018-04-17,2023-12-16,0,0,0,0,0,0,0,0,0,10,7,7,17,14,11,0,0
DTF,90,45,45,2013-12-11,2020-03-19,0,0,0,0,2,0,0,2,2,18,58,8,0,0,0,0,0
DTH,140,49,91,2011-06-29,2023-11-28,0,0,2,8,8,2,3,9,18,32,29,14,0,9,6,0,0
DTIL,128,0,128,2019-06-04,2023-10-05,0,0,0,0,0,0,0,0,0,0,10,13,14,68,23,0,0
DTK,2,1,1,2017-02-14,2017-02-14,0,0,0,0,0,0,0,0,2,0,0,0,0,0,0,0,0
DTLK,470,235,235,2009-10-15,2017-01-09,2,6,68,82,46,100,78,78,10,0,0,0,0,0,0,0,0
DTN,200,100,100,2009-11-11,2020-05-01,2,16,12,52,16,0,26,22,20,22,8,4,0,0,0,0,0
DTO,258,129,129,2009-10-21,2020-04-22,6,120,82,14,16,0,0,0,0,0,12,8,0,0,0,0,0
DTSI,738,369,369,2010-01-12,2017-08-03,0,40,100,112,62,196,128,98,2,0,0,0,0,0,0,0,0
DTSS,21,0,21,2020-08-03,2022-03-22,0,0,0,0,0,0,0,0,0,0,0,4,14,3,0,0,0
DTUL,100,50,50,2019-11-25,2019-12-15,0,0,0,0,0,0,0,0,0,0,100,0,0,0,0,0,0
DTUS,100,50,50,2019-11-25,2019-12-15,0,0,0,0,0,0,0,0,0,0,100,0,0,0,0,0,0
DTV,4242,2121,2121,2009-08-10,2019-11-25,40,312,396,814,778,994,866,26,6,2,8,0,0,0,0,0,0
DTYL,104,52,52,2011-08-03,2019-12-15,0,0,4,0,0,0,0,0,0,0,100,0,0,0,0,0,0
DTYS,100,50,50,2019-11-25,2019-12-15,0,0,0,0,0,0,0,0,0,0,100,0,0,0,0,0,0
DUC,80,40,40,2011-11-07,2020-05-18,0,0,2,0,0,0,0,0,12,30,10,26,0,0,0,0,0
DUG,43,0,43,2009-04-08,2023-12-08,1,5,0,4,5,0,1,6,2,3,2,1,0,6,7,0,0
DUK,9156,3165,5991,2009-08-13,2023-12-16,8,170,632,769,639,667,958,893,695,1233,982,649,160,307,394,0,0
DUKH,8,4,4,2019-05-01,2019-05-13,0,0,0,0,0,0,0,0,0,0,8,0,0,0,0,0,0
DURA,22,0,22,2019-03-25,2023-10-23,0,0,0,0,0,0,0,0,0,0,1,0,4,10,7,0,0
DUSL,23,0,23,2018-06-12,2022-11-01,0,0,0,0,0,0,0,0,0,6,4,6,3,4,0,0,0
DUST,2084,941,1143,2011-07-21,2023-12-11,0,0,15,36,89,19,148,441,246,491,525,38,13,9,14,0,0
DV,2018,1009,1009,2009-08-10,2017-05-24,22,156,366,406,220,268,244,272,64,0,0,0,0,0,0,0,0
DVA,4480,1615,2865,2010-03-11,2023-12-16,0,73,242,537,424,248,357,248,462,403,628,301,70,113,374,0,0
DVAX,2788,1055,1733,2009-09-10,2023-12-16,6,26,72,180,155,110,131,343,334,422,345,261,81,119,203,0,0
DVCR,222,111,111,2014-09-30,2020-05-04,0,0,0,0,0,2,34,38,26,64,48,10,0,0,0,0,0
DVD,288,144,144,2009-08-10,2020-04-30,24,20,14,18,10,40,32,40,16,32,32,10,0,0,0,0,0
DVHI,26,13,13,2013-09-20,2016-09-03,0,0,0,0,6,0,10,10,0,0,0,0,0,0,0,0,0
DVHL,100,50,50,2017-12-18,2019-11-26,0,0,0,0,0,0,0,0,2,54,44,0,0,0,0,0,0
DVLU,18,0,18,2019-10-24,2023-01-26,0,0,0,0,0,0,0,0,0,0,3,2,6,6,1,0,0
DVN,5069,1111,3958,2009-10-23,2023-12-16,41,331,259,294,181,262,323,475,265,356,388,438,208,624,624,0,0
DVOL,18,0,18,2018-10-12,2023-01-19,0,0,0,0,0,0,0,0,0,4,0,3,2,8,1,0,0
DVP,112,56,56,2015-03-11,2020-06-08,0,0,0,0,0,0,10,22,14,14,44,8,0,0,0,0,0
DVY,1988,681,1307,2009-07-14,2023-12-11,7,120,152,119,71,54,234,309,208,205,209,114,42,81,63,0,0
DVYA,35,1,34,2012-04-10,2023-11-13,0,0,0,4,4,6,3,4,2,7,1,0,0,3,1,0,0
DVYE,380,144,236,2012-03-05,2023-12-04,0,0,0,42,31,6,8,46,35,93,68,23,11,9,8,0,0
DW,516,258,258,2010-02-22,2017-01-03,0,36,40,96,74,42,78,148,2,0,0,0,0,0,0,0,0
DWA,2312,1156,1156,2009-08-13,2018-02-13,14,190,216,266,284,502,480,352,6,2,0,0,0,0,0,0,0
DWAQ,32,16,16,2015-03-05,2019-12-11,0,0,0,0,0,0,10,6,8,2,6,0,0,0,0,0,0
DWAS,208,25,183,2012-07-16,2023-11-28,0,0,0,14,35,16,21,30,29,30,9,7,6,4,7,0,0
DWAT,50,25,25,2015-01-07,2019-07-31,0,0,0,0,0,0,16,10,6,12,6,0,0,0,0,0,0
DWCH,540,270,270,2010-06-03,2018-12-17,0,10,10,34,28,82,74,86,76,140,0,0,0,0,0,0,0
DWM,58,29,29,2010-03-30,2020-05-13,0,2,0,2,0,0,6,6,20,14,2,6,0,0,0,0,0
DWRE,670,335,335,2011-07-15,2016-11-15,0,0,2,108,66,94,186,214,0,0,0,0,0,0,0,0,0
DWSH,21,0,21,2018-12-17,2023-10-20,0,0,0,0,0,0,0,0,0,1,4,0,0,7,9,0,0
DWSN,545,226,319,2010-06-03,2023-03-24,0,10,42,44,153,49,50,50,17,61,42,16,6,1,4,0,0
DWTI,1866,933,933,2012-06-13,2019-12-14,0,0,0,2,0,0,4,1414,436,6,4,0,0,0,0,0,0
DWX,198,58,140,2009-11-24,2022-05-27,1,1,6,10,9,10,19,12,10,52,46,8,9,5,0,0,0
DX,1908,838,1070,2010-03-22,2023-10-24,0,24,68,77,40,48,275,367,192,328,334,88,23,28,16,0,0
DXB,6,3,3,2018-11-30,2020-01-14,0,0,0,0,0,0,0,0,0,4,0,2,0,0,0,0,0
DXC,655,0,655,2017-04-03,2023-12-13,0,0,0,0,0,0,0,0,128,129,77,69,72,96,84,0,0
DXCM,4306,1393,2913,2010-01-07,2023-12-16,0,36,69,139,120,163,278,288,256,529,793,733,129,239,534,0,0
DXD,142,59,83,2009-04-08,2022-08-31,2,4,14,7,0,0,0,4,1,3,84,16,0,7,0,0,0
DXGE,110,55,55,2015-04-14,2019-12-09,0,0,0,0,0,0,6,2,0,2,100,0,0,0,0,0,0
DXJ,4039,1706,2333,2009-05-12,2023-12-13,3,35,19,70,443,153,697,1126,383,677,296,17,8,48,64,0,0
DXJC,100,50,50,2018-04-05,2019-01-04,0,0,0,0,0,0,0,0,0,98,2,0,0,0,0,0,0
DXJF,106,53,53,2016-05-16,2019-09-30,0,0,0,0,0,0,0,4,0,34,68,0,0,0,0,0,0
DXJR,102,51,51,2016-03-08,2019-01-04,0,0,0,0,0,0,0,2,0,98,2,0,0,0,0,0,0
DXJS,151,51,100,2013-07-08,2023-11-16,0,0,0,0,7,6,8,6,2,30,70,2,3,8,9,0,0
DXJT,60,30,30,2018-07-13,2019-01-04,0,0,0,0,0,0,0,0,0,58,2,0,0,0,0,0,0
DXKW,108,54,54,2015-10-20,2019-01-02,0,0,0,0,0,0,4,4,0,98,2,0,0,0,0,0,0
DXLG,156,0,156,2013-01-02,2023-11-22,0,0,0,0,10,6,29,53,16,6,1,5,7,18,5,0,0
DXM,180,90,90,2013-05-08,2017-02-15,0,0,0,0,28,22,120,8,2,0,0,0,0,0,0,0,0
DXPE,412,0,412,2011-11-21,2023-11-30,0,0,3,9,43,32,12,64,24,106,51,4,11,15,38,0,0
DXPS,46,23,23,2013-07-09,2019-01-16,0,0,0,0,4,0,4,14,4,0,20,0,0,0,0,0,0
DXR,412,206,206,2009-08-13,2020-05-22,6,0,8,18,12,18,30,20,10,176,80,34,0,0,0,0,0
DXYN,413,181,232,2010-06-14,2023-02-06,0,4,12,20,22,95,34,32,34,62,82,9,5,0,2,0,0
DY,2961,1065,1896,2010-02-24,2023-12-12,0,30,75,105,139,130,655,401,303,483,241,142,38,93,126,0,0
DYAX,576,288,288,2009-11-20,2016-05-03,14,6,24,36,56,92,318,30,0,0,0,0,0,0,0,0,0
DYN,934,467,467,2010-03-26,2018-05-04,0,40,160,158,56,126,160,82,110,42,0,0,0,0,0,0,0
DYNF,35,0,35,2020-02-27,2023-03-16,0,0,0,0,0,0,0,0,0,0,0,12,7,15,1,0,0
DYNT,368,184,184,2010-01-14,2020-06-08,0,10,22,12,8,22,34,32,40,62,56,70,0,0,0,0,0
DYSL,274,137,137,2010-10-06,2019-08-26,0,6,30,18,18,22,34,38,30,42,36,0,0,0,0,0,0
DYY,146,73,73,2011-06-21,2019-12-12,0,0,2,2,2,0,0,0,0,48,92,0,0,0,0,0,0
DZSI,64,0,64,2017-01-09,2023-11-14,0,0,0,0,0,0,0,0,6,2,7,3,8,18,20,0,0
DZZ,4717,2343,2374,2009-04-14,2023-10-03,11,49,44,42,34,1,2,510,748,1985,1280,4,0,4,3,0,0
E,4795,1763,3032,2009-08-07,2023-12-16,160,136,296,409,341,266,528,492,374,781,461,147,38,188,178,0,0
EA,11045,3938,7107,2009-08-16,2023-12-16,44,370,482,563,625,477,1199,1197,1046,1522,1728,794,354,346,298,0,0
EAB,2,1,1,2019-02-07,2019-02-07,0,0,0,0,0,0,0,0,0,0,2,0,0,0,0,0,0
EAC,506,253,253,2009-11-02,2016-11-09,4,6,0,52,228,58,92,66,0,0,0,0,0,0,0,0,0
EAD,134,22,112,2010-07-09,2023-09-25,0,2,2,13,17,8,12,8,1,26,22,9,12,0,2,0,0
EAF,189,0,189,2018-01-19,2023-11-03,0,0,0,0,0,0,0,0,0,26,28,25,36,44,30,0,0
EAGG,30,0,30,2019-07-29,2023-12-05,0,0,0,0,0,0,0,0,0,0,2,0,7,7,14,0,0
EAI,1,0,1,2023-01-03,2023-01-03,0,0,0,0,0,0,0,0,0,0,0,0,0,0,1,0,0
EAOA,8341,0,8341,2023-07-19,2023-12-16,0,0,0,0,0,0,0,0,0,0,0,0,0,0,8341,0,0
EAOK,1,0,1,2023-05-19,2023-05-19,0,0,0,0,0,0,0,0,0,0,0,0,0,0,1,0,0
EAOM,6906,0,6906,2023-07-19,2023-12-16,0,0,0,0,0,0,0,0,0,0,0,0,0,0,6906,0,0
EAOR,7458,0,7458,2023-07-20,2023-12-16,0,0,0,0,0,0,0,0,0,0,0,0,0,0,7458,0,0
EARN,866,386,480,2013-04-23,2023-12-07,0,0,0,0,38,15,109,244,110,168,113,32,9,19,9,0,0
EASG,6,0,6,2018-09-24,2023-04-12,0,0,0,0,0,0,0,0,0,1,0,3,0,1,1,0,0
EAST,101,0,101,2018-04-02,2023-11-28,0,0,0,0,0,0,0,0,0,7,2,24,15,15,38,0,0
EAT,4723,1876,2847,2009-08-10,2023-12-16,4,147,350,468,373,430,439,394,292,514,652,353,48,80,179,0,0
EB,165,0,165,2018-08-24,2023-12-08,0,0,0,0,0,0,0,0,0,17,33,39,25,16,35,0,0
EBAY,10204,3026,7178,2009-10-15,2023-12-16,1,49,203,800,964,1730,1214,899,818,894,777,715,465,344,331,0,0
EBF,529,223,306,2010-06-02,2023-10-13,0,22,24,41,18,29,46,72,29,86,105,27,13,9,8,0,0
EBIO,662,331,331,2013-12-30,2018-05-17,0,0,0,0,2,32,188,238,66,136,0,0,0,0,0,0,0
EBIX,2278,932,1346,2009-10-21,2023-12-16,3,51,142,172,184,181,334,287,136,275,323,118,29,15,28,0,0
EBIZ,43,0,43,2018-12-10,2023-12-01,0,0,0,0,0,0,0,0,0,1,8,7,4,9,14,0,0
EBMT,389,148,241,2012-07-03,2023-10-24,0,0,0,10,12,13,34,60,30,56,91,47,13,17,6,0,0
EBND,29,0,29,2012-07-09,2023-11-28,0,0,0,1,5,0,1,5,3,2,0,0,0,6,6,0,0
EBON,121,0,121,2020-06-26,2023-06-05,0,0,0,0,0,0,0,0,0,0,0,18,83,14,6,0,0
EBR,654,268,386,2009-08-07,2023-12-11,4,18,11,35,12,25,44,22,35,134,207,54,10,22,21,0,0
EBR-B,4661,0,4661,2023-12-01,2023-12-16,0,0,0,0,0,0,0,0,0,0,0,0,0,0,4661,0,0
EBR.B,22,11,11,2015-05-22,2019-08-07,0,0,0,0,0,0,4,0,2,12,4,0,0,0,0,0,0
EBS,2544,879,1665,2009-10-09,2023-12-11,6,28,80,64,54,301,207,224,193,431,289,321,136,118,92,0,0
EBSB,416,208,208,2010-06-01,2020-05-28,0,2,10,12,26,54,46,30,34,72,90,40,0,0,0,0,0
EBTC,288,114,174,2011-01-18,2023-11-09,0,0,2,8,14,3,28,46,28,51,57,27,12,6,6,0,0
EC,1568,784,784,2009-08-12,2020-06-10,12,98,106,160,104,82,172,100,76,222,282,154,0,0,0,0,0
ECA,3446,1723,1723,2009-09-10,2020-01-27,12,84,110,132,164,602,446,442,310,416,684,44,0,0,0,0,0
ECC,1050,462,588,2014-10-08,2023-09-12,0,0,0,0,0,12,76,119,91,321,335,52,9,21,14,0,0
ECCX,1,0,1,2023-10-31,2023-10-31,0,0,0,0,0,0,0,0,0,0,0,0,0,0,1,0,0
ECF,149,59,90,2012-01-13,2023-10-11,0,0,0,2,3,8,3,2,10,77,31,6,3,1,3,0,0
ECH,882,389,493,2009-04-27,2023-12-14,5,35,93,204,111,22,78,135,44,71,63,10,4,4,3,0,0
ECL,961,0,961,2011-02-13,2023-12-13,0,0,11,41,46,38,49,54,104,127,75,74,66,99,177,0,0
ECNS,124,51,73,2010-10-22,2023-07-31,0,1,0,5,0,2,7,1,0,2,101,1,2,0,2,0,0
ECOL,922,461,461,2009-08-07,2020-05-28,2,20,52,64,68,128,68,84,48,164,138,86,0,0,0,0,0
ECOM,868,434,434,2013-04-11,2020-06-04,0,0,0,0,66,116,202,84,72,130,128,70,0,0,0,0,0
ECON,178,89,89,2010-12-20,2019-05-02,0,18,34,54,26,6,10,6,14,4,6,0,0,0,0,0,0
ECPG,1226,475,751,2010-01-29,2023-12-13,0,40,57,82,148,45,123,101,66,173,218,78,18,47,30,0,0
ECR,498,249,249,2014-06-09,2019-03-01,0,0,0,0,0,52,38,74,72,246,16,0,0,0,0,0,0
ECT,210,105,105,2010-08-11,2020-05-13,0,6,26,10,12,2,36,26,12,24,46,10,0,0,0,0,0
ECTE,430,215,215,2011-06-28,2019-10-04,0,0,22,56,144,102,40,62,2,0,2,0,0,0,0,0,0
ECYT,1312,656,656,2011-03-17,2019-03-18,0,0,62,70,84,342,92,64,194,402,2,0,0,0,0,0,0
ED,5881,2244,3637,2009-08-07,2023-12-14,21,123,278,430,204,473,860,927,397,687,621,330,103,175,252,0,0
EDAP,1035,404,631,2010-03-09,2023-12-16,0,22,29,18,36,60,205,77,157,140,208,44,4,21,14,0,0
EDC,1995,966,1029,2009-08-10,2023-05-10,26,142,132,10,10,6,160,349,182,726,236,6,3,3,4,0,0
EDD,78,22,56,2010-11-25,2023-07-28,0,1,2,1,4,4,3,4,4,20,13,15,5,0,2,0,0
EDE,328,164,164,2009-08-12,2017-02-13,2,10,50,34,20,68,60,76,8,0,0,0,0,0,0,0,0
EDEN,48,24,24,2009-08-13,2019-12-06,2,0,0,8,6,4,0,6,0,0,22,0,0,0,0,0,0
EDF,831,43,788,2010-03-31,2023-12-05,0,3,5,1,7,12,13,10,1,16,47,62,150,330,174,0,0
EDI,50,25,25,2018-08-16,2020-05-28,0,0,0,0,0,0,0,0,0,22,8,20,0,0,0,0,0
EDIT,672,0,672,2016-01-29,2023-12-16,0,0,0,0,0,0,0,21,54,102,76,78,151,85,105,0,0
EDIV,150,40,110,2011-05-09,2023-11-14,0,0,3,18,12,8,5,8,7,8,55,11,0,4,11,0,0
EDN,426,179,247,2010-10-20,2023-12-07,0,6,21,26,10,35,24,57,85,67,85,3,4,1,2,0,0
EDOG,147,50,97,2014-04-04,2023-09-13,0,0,0,0,0,4,3,21,16,40,26,8,11,12,6,0,0
EDOW,30,0,30,2017-08-25,2023-12-16,0,0,0,0,0,0,0,0,3,9,3,4,1,1,9,0,0
EDR,980,490,490,2010-02-25,2020-05-28,0,12,76,98,76,88,140,184,114,148,36,8,0,0,0,0,0
EDRY,32,0,32,2020-04-08,2023-12-14,0,0,0,0,0,0,0,0,0,0,0,7,8,11,6,0,0
EDS,112,56,56,2011-02-15,2019-09-16,0,0,50,36,12,6,6,0,0,0,2,0,0,0,0,0,0
EDSA,49,0,49,2018-05-11,2023-11-01,0,0,0,0,0,0,0,0,0,8,9,17,8,1,6,0,0
EDU,793,0,793,2011-01-13,2023-12-12,0,0,4,12,37,44,71,70,85,70,47,51,161,70,71,0,0
EDUC,47,0,47,2012-12-10,2023-02-14,0,0,0,1,1,3,4,4,6,5,2,3,15,2,1,0,0
EDV,198,0,198,2009-08-05,2023-12-11,2,7,3,15,3,10,15,17,9,3,4,25,27,28,30,0,0
EDZ,35,0,35,2009-12-08,2023-08-08,1,2,1,0,5,1,1,3,2,5,1,0,2,8,3,0,0
EE,1173,509,664,2009-08-07,2023-11-18,4,63,154,98,109,73,104,101,80,138,166,36,0,14,33,0,0
EEA,89,20,69,2012-11-05,2023-05-09,0,0,0,5,7,3,5,6,13,19,17,11,2,0,1,0,0
EEB,114,57,57,2011-06-27,2019-12-04,0,0,4,0,10,0,0,0,0,58,42,0,0,0,0,0,0
EEFT,2165,794,1371,2010-02-18,2023-12-01,0,12,32,45,254,231,280,149,193,292,393,124,30,49,81,0,0
EEH,100,50,50,2019-12-08,2020-01-26,0,0,0,0,0,0,0,0,0,0,98,2,0,0,0,0,0
EEHB,20,10,10,2012-09-20,2016-03-22,0,0,0,2,8,2,6,2,0,0,0,0,0,0,0,0,0
EEI,254,127,127,2011-03-16,2020-02-17,0,0,20,6,2,12,42,28,30,52,60,2,0,0,0,0,0
EELV,264,107,157,2012-01-19,2023-10-25,0,0,0,49,37,11,24,20,10,32,53,6,1,9,12,0,0
EEM,5560,1110,4450,2009-07-03,2023-12-11,67,301,344,496,688,442,385,564,534,578,657,367,23,51,63,0,0
EEMA,157,54,103,2012-04-19,2023-09-25,0,0,0,4,7,5,3,5,10,60,46,7,3,2,5,0,0
EEME,1080,540,540,2012-01-23,2019-01-15,0,0,0,4,0,0,140,288,118,518,12,0,0,0,0,0,0
EEML,82,41,41,2012-10-17,2016-09-11,0,0,0,6,0,0,34,42,0,0,0,0,0,0,0,0,0
EEMS,27,0,27,2011-09-28,2023-11-30,0,0,1,4,2,6,3,2,1,3,2,0,0,0,3,0,0
EEMV,677,260,417,2011-10-19,2023-10-25,0,0,20,77,62,24,60,101,72,73,98,57,6,13,14,0,0
EEP,1822,911,911,2009-09-17,2019-10-03,2,74,112,166,88,88,296,342,310,332,12,0,0,0,0,0,0
EEQ,540,270,270,2010-03-24,2019-09-10,0,2,18,28,84,92,80,38,34,160,4,0,0,0,0,0,0
EES,167,0,167,2010-04-27,2023-11-23,0,4,2,3,16,26,11,9,19,27,10,0,5,16,19,0,0
EET,100,50,50,2019-05-06,2019-12-13,0,0,0,0,0,0,0,0,0,0,100,0,0,0,0,0,0
EEV,1681,831,850,2009-04-08,2022-03-02,10,64,90,44,32,1,133,314,121,686,184,1,0,1,0,0,0
EEX,68,0,68,2017-04-17,2023-11-07,0,0,0,0,0,0,0,0,8,11,9,18,7,5,10,0,0
EFA,4238,1772,2466,2009-06-29,2023-12-06,18,113,175,379,254,97,289,764,546,575,510,415,16,43,44,0,0
EFAD,69,15,54,2014-09-12,2022-05-27,0,0,0,0,0,1,7,9,19,9,6,4,10,4,0,0,0
EFAV,310,100,210,2011-10-19,2023-11-02,0,0,6,16,12,13,50,55,35,22,43,28,13,10,7,0,0
EFC,1130,467,663,2010-07-06,2023-12-12,0,3,20,66,62,67,150,99,67,135,233,123,35,24,46,0,0
EFF,300,150,150,2015-04-06,2020-04-21,0,0,0,0,0,0,18,30,14,86,120,32,0,0,0,0,0
EFFE,6,3,3,2018-01-03,2019-06-14,0,0,0,0,0,0,0,0,0,4,2,0,0,0,0,0,0
EFG,201,50,151,2012-07-04,2023-11-20,0,0,0,2,1,1,2,12,46,20,33,34,11,14,25,0,0
EFII,1028,514,514,2009-11-30,2019-08-12,4,8,86,78,96,70,88,100,216,138,144,0,0,0,0,0,0
EFNL,216,108,108,2012-01-31,2019-12-08,0,0,0,30,10,6,56,14,22,40,38,0,0,0,0,0,0
EFO,107,50,57,2016-12-08,2019-11-12,0,0,0,0,0,0,0,4,27,61,15,0,0,0,0,0,0
EFOI,681,303,378,2009-10-02,2023-08-09,2,6,22,10,0,28,184,122,59,66,86,75,9,10,2,0,0
EFR,112,27,85,2010-07-20,2023-06-04,0,2,9,2,10,10,1,2,0,14,4,41,10,3,4,0,0
EFSC,616,308,308,2010-07-10,2020-05-14,0,2,16,36,84,56,54,44,90,112,96,26,0,0,0,0,0
EFT,370,150,220,2010-06-30,2023-06-04,0,6,7,16,12,16,21,23,26,79,123,23,12,2,4,0,0
EFU,176,75,101,2009-04-08,2023-09-18,2,2,8,0,2,1,4,50,29,57,15,0,1,2,3,0,0
EFUT,198,99,99,2009-06-05,2016-12-02,16,12,10,6,26,22,68,38,0,0,0,0,0,0,0,0,0
EFV,227,52,175,2012-03-14,2023-12-01,0,0,0,4,0,6,8,9,16,16,56,63,13,19,17,0,0
EFX,4171,1349,2822,2009-08-11,2023-12-14,6,34,105,238,166,278,357,251,722,478,676,326,70,212,252,0,0
EFZ,295,131,164,2009-04-08,2022-04-13,4,10,22,13,15,4,18,74,27,69,28,7,0,4,0,0,0
EGAN,904,452,452,2011-10-11,2020-05-22,0,0,6,12,48,34,60,84,58,198,364,40,0,0,0,0,0
EGAS,306,153,153,2010-06-30,2017-08-02,0,14,28,26,26,60,58,80,14,0,0,0,0,0,0,0,0
EGBN,982,396,586,2009-09-10,2023-12-14,4,10,43,62,39,31,79,48,110,105,312,55,23,26,35,0,0
EGHT,1641,663,978,2010-01-04,2023-12-16,0,12,56,72,69,152,124,179,121,247,303,168,43,49,46,0,0
EGI,140,70,70,2010-03-02,2019-11-18,0,10,22,10,4,2,16,30,6,18,22,0,0,0,0,0,0
EGL,1082,541,541,2012-07-25,2019-05-17,0,0,0,50,60,154,232,152,100,316,18,0,0,0,0,0,0
EGLE,1583,650,933,2009-09-17,2023-12-11,9,91,133,117,100,63,60,228,94,164,238,95,25,126,40,0,0
EGLT,844,422,422,2014-02-06,2019-05-16,0,0,0,0,0,52,168,194,270,154,6,0,0,0,0,0,0
EGN,1330,665,665,2010-06-04,2019-05-23,0,24,44,82,78,88,182,208,142,464,18,0,0,0,0,0,0
EGO,3089,1356,1733,2009-08-12,2023-11-29,7,166,166,480,161,66,309,410,254,258,564,147,31,39,31,0,0
EGOV,760,380,380,2009-10-26,2020-06-08,2,16,22,62,64,36,50,50,78,136,206,38,0,0,0,0,0
EGP,1529,570,959,2010-01-08,2023-12-16,0,24,50,82,89,84,143,156,113,212,214,109,32,72,149,0,0
EGPT,1144,509,635,2010-02-18,2023-12-08,0,54,268,230,278,73,61,63,23,51,31,3,2,1,6,0,0
EGRW,48,24,24,2012-10-05,2018-11-06,0,0,0,2,4,0,8,4,8,22,0,0,0,0,0,0,0
EGRX,1471,602,869,2013-12-20,2023-11-29,0,0,0,0,1,200,275,271,138,262,167,77,12,42,26,0,0
EGT,222,111,111,2010-04-13,2019-06-26,0,6,12,34,10,24,56,64,14,0,2,0,0,0,0,0,0
EGY,1148,427,721,2010-03-24,2023-11-14,0,4,39,35,19,64,207,93,56,236,155,40,18,110,72,0,0
EH,63,0,63,2021-01-12,2023-12-14,0,0,0,0,0,0,0,0,0,0,0,0,14,7,42,0,0
EHC,7,0,7,2023-11-20,2023-12-16,0,0,0,0,0,0,0,0,0,0,0,0,0,0,7,0,0
EHI,65,29,36,2011-08-05,2023-05-22,0,0,2,0,0,0,0,2,0,22,18,14,6,0,1,0,0
EHIC,228,114,114,2014-11-03,2019-04-15,0,0,0,0,0,12,48,30,28,74,36,0,0,0,0,0,0
EHTH,1888,791,1097,2009-08-10,2023-10-27,4,16,26,67,116,106,259,107,82,239,460,316,31,25,34,0,0
EIA,502,251,251,2009-08-12,2019-10-14,22,142,80,8,0,0,26,56,36,112,20,0,0,0,0,0,0
EIC,18,0,18,2019-07-26,2023-03-01,0,0,0,0,0,0,0,0,0,0,2,2,12,0,2,0,0
EIDO,802,352,450,2010-05-11,2023-10-13,0,36,57,58,92,54,111,92,79,152,64,0,0,4,3,0,0
EIG,1044,345,699,2010-01-11,2023-11-27,0,49,40,40,123,77,143,75,46,120,103,70,25,53,80,0,0
EIGI,752,376,376,2013-10-25,2020-06-05,0,0,0,0,24,68,182,140,86,94,102,56,0,0,0,0,0
EIGR,63,0,63,2018-01-16,2023-09-13,0,0,0,0,0,0,0,0,0,8,9,15,5,19,7,0,0
EIM,133,27,106,2009-08-10,2023-06-04,2,2,0,4,11,11,11,11,1,38,6,23,11,0,2,0,0
EINC,89,0,89,2019-12-12,2023-09-28,0,0,0,0,0,0,0,0,0,0,1,6,61,19,2,0,0
EIO,90,45,45,2015-06-11,2019-01-29,0,0,0,0,0,0,6,20,18,40,6,0,0,0,0,0,0
EIP,74,37,37,2016-06-07,2019-01-29,0,0,0,0,0,0,0,14,22,34,4,0,0,0,0,0,0
EIRL,682,341,341,2010-05-17,2020-02-29,0,34,16,46,64,42,156,72,54,116,78,4,0,0,0,0,0
EIS,766,312,454,2009-08-13,2023-11-12,6,66,60,81,65,96,75,57,49,67,84,46,0,1,13,0,0
EIV,114,57,57,2018-09-24,2019-12-11,0,0,0,0,0,0,0,0,0,14,100,0,0,0,0,0,0
EIX,996,0,996,2010-05-07,2023-12-12,0,1,4,26,63,72,86,81,77,89,90,55,77,112,163,0,0
EJ,726,363,363,2009-09-14,2020-05-30,46,40,64,48,164,162,176,16,0,0,0,10,0,0,0,0,0
EL,6209,2243,3966,2009-08-12,2023-12-16,10,148,285,394,211,309,552,450,733,816,1168,428,111,228,366,0,0
ELA,31,0,31,2020-02-07,2023-09-15,0,0,0,0,0,0,0,0,0,0,0,4,4,13,10,0,0
ELD,932,393,539,2009-12-09,2023-06-26,2,44,118,138,98,7,52,136,60,167,81,10,12,3,4,0,0
ELF,647,0,647,2016-08-26,2023-12-14,0,0,0,0,0,0,0,11,41,30,16,19,26,115,389,0,0
ELGX,1258,629,629,2009-10-09,2020-05-28,6,18,54,78,58,88,98,194,108,256,222,78,0,0,0,0,0
ELLI,1508,754,754,2011-11-11,2020-01-27,0,0,2,286,142,72,292,254,128,230,100,2,0,0,0,0,0
ELLO,150,75,75,2011-08-18,2020-05-28,0,0,4,4,4,12,18,12,14,24,40,18,0,0,0,0,0
ELMD,369,167,202,2010-12-14,2023-08-22,0,2,12,31,10,28,58,44,33,52,59,34,1,1,4,0,0
ELNK,644,322,322,2010-04-05,2018-01-17,0,50,80,42,60,92,148,132,36,4,0,0,0,0,0,0,0
ELON,412,206,206,2009-08-10,2018-10-31,4,66,56,62,30,46,62,22,10,54,0,0,0,0,0,0,0
ELOS,558,279,279,2009-08-13,2017-07-07,6,14,64,52,32,132,114,78,66,0,0,0,0,0,0,0,0
ELOX,40,0,40,2019-03-08,2023-12-05,0,0,0,0,0,0,0,0,0,0,8,7,7,4,14,0,0
ELP,257,0,257,2010-08-18,2023-08-10,0,1,2,22,54,34,20,23,25,13,9,13,15,17,9,0,0
ELRC,232,116,116,2010-05-05,2016-11-22,0,10,18,28,26,16,52,82,0,0,0,0,0,0,0,0,0
ELS,1132,566,566,2010-01-26,2020-06-05,0,14,54,54,50,86,136,118,106,164,258,92,0,0,0,0,0
ELSE,98,49,49,2010-03-31,2020-05-11,0,8,6,14,8,2,2,16,8,18,12,4,0,0,0,0,0
ELTK,598,281,317,2009-11-23,2023-11-27,2,2,9,12,23,28,43,47,68,74,242,32,7,5,4,0,0
ELX,736,368,368,2009-11-16,2019-02-25,4,74,186,102,136,90,142,0,0,0,2,0,0,0,0,0,0
ELY,2008,1004,1004,2009-08-13,2020-06-04,6,76,114,124,82,90,158,244,220,388,356,150,0,0,0,0,0
EMAG,104,52,52,2018-06-11,2020-05-21,0,0,0,0,0,0,0,0,0,22,80,2,0,0,0,0,0
EMAN,478,239,239,2010-11-16,2020-05-15,0,2,24,22,18,28,122,52,34,86,58,32,0,0,0,0,0
EMB,2091,804,1287,2009-12-03,2023-12-11,4,53,71,127,100,69,173,307,237,390,317,115,30,41,57,0,0
EMBB,32,16,16,2013-09-13,2016-09-03,0,0,0,0,6,4,12,10,0,0,0,0,0,0,0,0,0
EMCB,198,99,99,2012-03-09,2019-07-17,0,0,0,102,28,0,16,18,6,24,4,0,0,0,0,0,0
EMCD,42,21,21,2012-06-18,2016-09-03,0,0,0,10,8,0,0,24,0,0,0,0,0,0,0,0,0
EMCF,238,119,119,2011-12-07,2020-05-20,0,0,2,6,2,0,30,30,30,60,52,26,0,0,0,0,0
EMCG,40,20,20,2013-10-03,2019-04-19,0,0,0,0,4,2,8,10,2,12,2,0,0,0,0,0,0
EMCI,634,317,317,2010-01-11,2019-10-03,0,8,38,34,106,110,46,58,28,118,88,0,0,0,0,0,0
EMCR,144,72,72,2012-10-17,2017-05-10,0,0,0,2,0,0,0,68,74,0,0,0,0,0,0,0,0
EMD,753,338,415,2009-08-07,2023-07-28,4,2,4,2,8,25,49,99,89,297,116,42,12,1,3,0,0
EMDI,22,11,11,2012-11-14,2017-03-13,0,0,0,4,4,2,10,0,2,0,0,0,0,0,0,0,0
EMDV,53,0,53,2016-06-01,2023-03-23,0,0,0,0,0,0,0,7,13,6,5,7,9,5,1,0,0
EME,2515,805,1710,2009-12-02,2023-12-16,2,38,92,97,169,214,147,180,284,433,357,112,32,97,261,0,0
EMES,1292,646,646,2013-04-30,2019-07-17,0,0,0,0,52,256,276,222,108,274,104,0,0,0,0,0,0
EMEY,22,11,11,2012-12-31,2018-10-08,0,0,0,2,4,2,4,2,0,8,0,0,0,0,0,0,0
EMF,46,23,23,2010-03-09,2020-03-23,0,2,0,0,0,0,0,0,0,14,24,6,0,0,0,0,0
EMFM,122,61,61,2013-11-11,2019-11-19,0,0,0,0,2,4,16,10,14,52,24,0,0,0,0,0,0
EMGF,42,0,42,2017-12-04,2023-11-28,0,0,0,0,0,0,0,0,1,15,5,0,2,10,9,0,0
EMHY,144,72,72,2012-04-16,2019-11-07,0,0,0,14,40,0,26,16,12,30,6,0,0,0,0,0,0
EMHZ,12,6,6,2014-10-29,2016-09-03,0,0,0,0,0,2,6,4,0,0,0,0,0,0,0,0,0
EMI,110,55,55,2011-05-06,2019-08-20,0,0,2,2,0,0,0,8,22,70,6,0,0,0,0,0,0
EMIF,153,31,122,2010-04-19,2021-03-24,0,9,12,10,16,11,27,21,21,20,5,0,1,0,0,0,0
EMJ,104,52,52,2016-04-12,2019-01-29,0,0,0,0,0,0,0,18,26,52,8,0,0,0,0,0,0
EMKR,158,0,158,2011-03-15,2023-10-10,0,0,4,1,6,13,11,31,23,7,6,7,14,19,16,0,0
EML,397,155,242,2010-05-19,2023-11-16,0,8,12,23,18,17,91,34,17,45,43,23,31,19,16,0,0
EMLB,140,70,70,2018-12-06,2019-12-11,0,0,0,0,0,0,0,0,0,28,112,0,0,0,0,0,0
EMLP,461,59,402,2012-06-20,2023-12-11,0,0,0,6,31,46,49,39,45,51,94,43,15,24,18,0,0
EMMS,470,235,235,2010-03-03,2020-04-27,0,32,26,96,26,26,44,54,40,52,56,18,0,0,0,0,0
EMN,3999,1504,2495,2009-08-12,2023-12-16,10,90,220,469,541,304,330,289,304,499,429,203,63,115,133,0,0
EMO,78,25,53,2011-06-10,2023-05-13,0,0,2,5,4,4,4,5,0,13,8,28,4,0,1,0,0
EMQ,2,1,1,2016-01-14,2016-01-14,0,0,0,0,0,0,0,2,0,0,0,0,0,0,0,0,0
EMQQ,308,58,250,2014-11-13,2023-11-06,0,0,0,0,0,3,6,20,53,66,12,15,28,101,4,0,0
EMR,4199,1366,2833,2009-10-06,2023-12-15,8,103,167,209,157,192,208,339,283,817,819,301,102,215,279,0,0
EMRE,16,8,8,2015-01-26,2016-03-21,0,0,0,0,0,0,10,6,0,0,0,0,0,0,0,0,0
EMSA,102,51,51,2011-08-11,2019-01-11,0,0,2,0,0,0,0,0,0,92,8,0,0,0,0,0,0
EMSH,100,50,50,2018-08-21,2020-04-02,0,0,0,0,0,0,0,0,0,42,56,2,0,0,0,0,0
EMTY,19,0,19,2017-11-20,2023-11-29,0,0,0,0,0,0,0,0,3,3,3,1,3,4,2,0,0
EMXC,43,0,43,2018-08-09,2023-12-11,0,0,0,0,0,0,0,0,0,1,0,0,12,8,22,0,0
EMXX,60,30,30,2012-01-25,2017-03-06,0,0,0,12,0,6,20,20,2,0,0,0,0,0,0,0,0
ENB,7190,2353,4837,2009-08-16,2023-12-16,4,40,82,127,118,139,379,748,834,1601,1507,528,352,337,394,0,0
ENBL,1054,527,527,2014-04-01,2020-06-10,0,0,0,0,0,102,108,192,84,200,234,134,0,0,0,0,0
ENDP,4896,2448,2448,2010-10-18,2020-06-10,0,8,78,232,398,642,802,696,476,624,806,134,0,0,0,0,0
ENFC,198,99,99,2014-10-01,2020-02-11,0,0,0,0,0,8,10,26,26,48,78,2,0,0,0,0,0
ENFR,117,55,62,2018-08-17,2023-12-08,0,0,0,0,0,0,0,0,0,36,68,6,0,0,7,0,0
ENG,355,174,181,2010-03-04,2023-11-02,0,4,22,64,26,12,36,46,18,36,74,10,4,1,2,0,0
ENGN,20,10,10,2012-02-24,2018-11-04,0,0,0,10,0,0,6,0,2,2,0,0,0,0,0,0,0
ENH,1040,520,520,2009-09-22,2019-01-04,14,6,46,50,48,434,236,158,46,0,2,0,0,0,0,0,0
ENI,320,160,160,2009-08-07,2019-01-21,4,20,68,56,12,10,132,16,0,0,2,0,0,0,0,0,0
ENIC,42,0,42,2017-10-18,2023-12-07,0,0,0,0,0,0,0,0,2,4,5,3,6,2,20,0,0
ENL,102,51,51,2010-01-19,2016-07-04,0,6,28,22,4,24,16,2,0,0,0,0,0,0,0,0,0
ENLC,1680,611,1069,2014-03-13,2023-12-09,0,0,0,0,0,58,147,206,91,225,474,236,34,135,74,0,0
ENLK,704,352,352,2014-04-11,2020-01-15,0,0,0,0,0,34,134,170,76,248,40,2,0,0,0,0,0
ENLV,92,0,92,2014-07-15,2023-11-03,0,0,0,0,0,5,8,17,2,3,7,29,12,2,7,0,0
ENO,5,0,5,2016-06-27,2021-08-30,0,0,0,0,0,0,0,2,0,1,0,0,2,0,0,0,0
ENOC,826,413,413,2009-08-25,2017-12-08,28,100,160,98,62,70,148,94,66,0,0,0,0,0,0,0,0
ENOR,153,54,99,2012-06-01,2023-09-15,0,0,0,6,0,0,0,9,22,69,40,5,0,1,1,0,0
ENPH,3452,664,2788,2012-03-30,2023-12-16,0,0,0,19,71,102,111,85,84,251,451,653,314,565,746,0,0
ENR,2504,938,1566,2009-08-12,2023-12-14,8,100,117,161,157,167,245,184,274,351,386,152,55,61,86,0,0
ENRJ,44,22,22,2014-06-13,2018-03-21,0,0,0,0,0,8,22,0,8,6,0,0,0,0,0,0,0
ENS,2165,696,1469,2009-08-09,2023-12-12,4,25,60,97,152,261,115,231,135,364,315,92,24,82,208,0,0
ENSG,1572,574,998,2009-10-07,2023-12-16,6,13,40,90,85,81,164,120,128,206,285,114,38,78,124,0,0
ENSV,277,114,163,2012-11-12,2023-01-13,0,0,0,2,3,32,27,33,19,76,39,16,5,23,2,0,0
ENT,920,460,460,2009-08-10,2020-06-10,4,16,2,2,10,94,128,152,130,146,162,74,0,0,0,0,0
ENTA,1111,425,686,2012-11-06,2023-12-12,0,0,0,2,60,205,128,68,93,288,165,25,21,30,26,0,0
ENTG,1537,558,979,2009-09-11,2023-12-16,2,20,72,61,35,83,87,86,187,255,360,93,47,75,74,0,0
ENTR,565,240,325,2009-12-10,2023-04-06,2,57,127,102,57,62,60,0,3,17,15,21,41,0,1,0,0
ENTX,48,0,48,2018-01-19,2023-11-26,0,0,0,0,0,0,0,0,0,6,1,6,9,12,14,0,0
ENV,331,0,331,2010-08-03,2023-12-01,0,2,0,6,3,17,12,20,42,29,21,18,29,62,70,0,0
ENVA,1124,419,705,2012-07-25,2023-12-14,0,0,0,1,0,0,81,114,66,282,311,120,23,72,54,0,0
ENVI,282,141,141,2011-07-13,2015-10-27,0,0,2,68,62,38,112,0,0,0,0,0,0,0,0,0,0
ENX,78,39,39,2018-04-26,2020-06-01,0,0,0,0,0,0,0,0,0,18,50,10,0,0,0,0,0
ENY,40,20,20,2011-05-24,2018-12-14,0,0,4,6,0,0,4,12,8,6,0,0,0,0,0,0,0
ENZ,1103,444,659,2010-05-17,2023-05-19,0,12,38,36,19,85,98,87,307,159,98,139,13,5,7,0,0
ENZL,493,201,292,2010-09-13,2020-02-04,0,24,32,38,46,33,59,78,39,82,58,4,0,0,0,0,0
ENZN,324,162,162,2009-11-19,2019-11-23,2,30,58,54,30,26,58,30,12,8,16,0,0,0,0,0,0
ENZY,412,206,206,2012-09-04,2018-01-11,0,0,0,2,26,216,78,32,56,2,0,0,0,0,0,0,0
EOC,314,157,157,2010-09-10,2016-04-18,0,12,24,42,124,14,94,4,0,0,0,0,0,0,0,0,0
EOD,200,85,115,2010-11-19,2023-05-20,0,2,2,1,3,3,18,17,22,82,30,13,4,1,2,0,0
EOG,7491,2365,5126,2009-08-10,2023-12-16,16,136,224,304,205,309,357,1165,737,1401,1080,556,200,376,425,0,0
EOI,91,42,49,2010-12-23,2023-08-07,0,2,4,0,0,0,0,0,0,18,48,12,3,1,3,0,0
EOPN,204,102,102,2012-07-20,2015-06-15,0,0,0,32,54,76,42,0,0,0,0,0,0,0,0,0,0
EOS,532,266,266,2009-08-23,2020-03-18,2,0,6,2,0,0,44,58,36,154,192,38,0,0,0,0,0
EOT,127,25,102,2010-02-08,2023-06-04,0,1,2,2,13,9,12,8,0,31,24,10,12,0,3,0,0
EOX,494,247,247,2012-09-10,2018-02-21,0,0,0,12,62,102,244,70,2,2,0,0,0,0,0,0,0
EPAC,149,0,149,2020-01-29,2023-12-14,0,0,0,0,0,0,0,0,0,0,0,3,21,111,14,0,0
EPAM,2262,842,1420,2011-06-10,2023-12-16,0,0,2,122,128,208,307,127,213,247,364,210,57,162,115,0,0
EPAX,166,83,83,2010-10-27,2015-10-20,0,4,32,58,12,14,46,0,0,0,0,0,0,0,0,0,0
EPD,3608,0,3608,2009-11-10,2023-12-15,1,16,21,112,224,284,250,334,445,441,221,192,200,396,471,0,0
EPE,726,363,363,2010-01-08,2019-05-24,0,30,0,0,2,70,104,210,102,168,40,0,0,0,0,0,0
EPHE,712,356,356,2010-11-29,2020-05-20,0,6,36,136,116,34,98,104,68,68,42,4,0,0,0,0,0
EPI,3787,1738,2049,2009-08-13,2023-12-12,22,131,149,241,179,114,370,282,219,504,1125,396,6,14,35,0,0
EPIQ,304,152,152,2010-04-05,2016-10-03,0,16,26,40,28,60,46,88,0,0,0,0,0,0,0,0,0
EPIX,15,0,15,2015-11-25,2023-08-09,0,0,0,0,0,0,1,0,3,1,1,0,5,3,1,0,0
EPM,968,231,737,2009-08-13,2023-12-13,6,15,26,34,19,10,65,122,29,129,114,23,13,37,326,0,0
EPOL,650,262,388,2010-05-29,2023-12-14,0,20,27,64,74,40,90,64,51,103,83,27,0,0,7,0,0
EPP,190,95,95,2009-11-12,2020-05-15,4,10,8,12,6,8,10,64,18,28,14,8,0,0,0,0,0
EPR,3227,1176,2051,2009-11-17,2023-12-16,1,16,46,53,54,80,304,523,361,700,501,221,53,171,143,0,0
EPRO,34,17,17,2015-02-09,2016-11-28,0,0,0,0,0,0,20,14,0,0,0,0,0,0,0,0,0
EPRS,156,78,78,2014-08-05,2017-12-08,0,0,0,0,0,20,92,42,2,0,0,0,0,0,0,0,0
EPRT,161,0,161,2018-09-26,2023-12-12,0,0,0,0,0,0,0,0,0,2,12,28,23,19,77,0,0
EPS,1500,750,750,2009-05-27,2020-05-13,148,972,326,26,2,0,2,2,0,2,0,20,0,0,0,0,0
EPSN,31,0,31,2019-06-21,2023-07-11,0,0,0,0,0,0,0,0,0,0,2,0,8,9,12,0,0
EPU,986,395,591,2009-11-04,2023-08-16,6,88,186,133,109,52,76,187,47,67,28,3,2,1,1,0,0
EPV,4271,2121,2150,2009-06-22,2022-07-18,5,52,142,62,17,10,863,1155,354,958,648,0,0,5,0,0,0
EPZM,1458,729,729,2013-05-13,2020-06-01,0,0,0,0,52,118,202,146,140,324,314,162,0,0,0,0,0
EQ,76,0,76,2018-10-05,2023-10-31,0,0,0,0,0,0,0,0,0,1,5,41,7,12,10,0,0
EQAL,307,73,234,2015-03-02,2023-12-04,0,0,0,0,0,0,10,13,14,115,70,20,17,28,20,0,0
EQBK,84,0,84,2015-11-02,2023-12-16,0,0,0,0,0,0,3,2,5,11,7,3,6,19,28,0,0
EQC,659,249,410,2014-08-08,2023-12-07,0,0,0,0,0,8,118,74,54,120,134,71,24,31,25,0,0
EQH,230,0,230,2018-05-04,2023-12-11,0,0,0,0,0,0,0,0,0,20,29,29,38,51,63,0,0
EQIX,3938,1969,1969,2009-09-27,2020-06-03,6,184,206,516,268,206,528,430,310,448,580,256,0,0,0,0,0
EQL,51,0,51,2009-07-08,2023-11-15,1,1,1,4,0,0,0,1,0,0,0,0,0,24,19,0,0
EQLT,100,50,50,2017-01-10,2019-12-05,0,0,0,0,0,0,0,0,12,38,50,0,0,0,0,0,0
EQM,1846,923,923,2012-06-18,2020-06-09,0,0,0,64,146,130,326,150,92,420,410,108,0,0,0,0,0
EQNR,1671,0,1671,2018-05-21,2023-12-16,0,0,0,0,0,0,0,0,0,114,75,137,296,616,433,0,0
EQR,931,0,931,2009-11-06,2023-12-13,1,7,13,35,42,60,78,81,82,68,69,59,46,160,130,0,0
EQRR,53,0,53,2017-07-26,2023-02-16,0,0,0,0,0,0,0,0,8,18,8,2,6,9,2,0,0
EQS,90,45,45,2010-11-26,2020-03-31,0,2,4,2,0,0,2,14,28,24,10,4,0,0,0,0,0
EQT,4347,1512,2835,2009-10-29,2023-12-13,6,55,175,248,174,244,292,300,471,593,822,278,119,306,264,0,0
EQWL,56,0,56,2016-03-16,2023-11-03,0,0,0,0,0,0,0,9,4,13,8,6,2,5,9,0,0
EQX,115,0,115,2019-12-26,2023-12-12,0,0,0,0,0,0,0,0,0,0,1,19,29,33,33,0,0
EQY,560,280,280,2010-01-13,2017-05-09,0,40,96,72,62,34,110,86,60,0,0,0,0,0,0,0,0
ERA,364,182,182,2013-04-18,2020-06-01,0,0,0,0,8,40,74,42,28,62,66,44,0,0,0,0,0
ERB,184,92,92,2012-10-04,2016-09-29,0,0,0,4,6,110,44,20,0,0,0,0,0,0,0,0,0
ERC,189,43,146,2010-05-26,2023-05-19,0,3,0,1,8,9,11,10,25,40,56,10,10,2,4,0,0
ERF,1893,668,1225,2010-03-11,2023-12-05,0,27,50,106,273,76,234,203,115,210,269,126,58,88,58,0,0
ERH,168,50,118,2009-12-30,2023-08-02,1,0,0,1,8,8,10,21,4,52,44,5,11,0,3,0,0
ERIC,4139,1205,2934,2009-08-13,2023-12-16,14,160,176,131,270,280,393,417,321,326,950,421,100,120,60,0,0
ERIE,962,341,621,2009-12-30,2023-12-12,2,20,22,62,46,154,96,71,46,98,177,43,29,25,71,0,0
ERII,1085,443,642,2009-12-03,2023-12-05,6,29,34,32,38,51,219,176,77,145,161,37,13,32,35,0,0
ERJ,3473,1331,2142,2009-10-09,2023-12-16,5,75,157,154,273,444,320,341,266,594,399,226,31,72,116,0,0
ERO,5400,2700,2700,2010-02-24,2019-12-15,0,4,60,0,2,10,900,788,622,1924,1090,0,0,0,0,0,0
EROS,1394,697,697,2013-11-13,2020-06-11,0,0,0,0,14,40,204,172,180,168,478,138,0,0,0,0,0
ERS,84,42,42,2014-07-02,2017-03-31,0,0,0,0,0,12,30,34,8,0,0,0,0,0,0,0,0
ERSX,81,0,81,2019-03-22,2021-06-16,0,0,0,0,0,0,0,0,0,0,2,28,51,0,0,0,0
ERUS,1368,684,684,2010-11-10,2020-05-01,0,14,32,56,30,68,442,244,98,258,118,8,0,0,0,0,0
ERW,100,50,50,2015-05-18,2016-02-26,0,0,0,0,0,0,78,22,0,0,0,0,0,0,0,0,0
ERX,2027,975,1052,2009-10-08,2023-10-10,16,99,133,11,4,9,292,380,191,596,243,15,10,20,8,0,0
ERY,1980,961,1019,2009-10-21,2023-12-08,12,88,104,12,13,9,300,372,187,590,240,40,2,5,6,0,0
ES,746,0,746,2010-04-08,2023-12-12,0,1,3,0,7,0,28,28,104,138,60,63,62,110,142,0,0
ESBA,2,1,1,2017-08-02,2017-08-02,0,0,0,0,0,0,0,0,2,0,0,0,0,0,0,0,0
ESBF,34,17,17,2011-07-19,2015-01-27,0,0,4,10,4,10,6,0,0,0,0,0,0,0,0,0,0
ESBK,92,46,46,2010-08-20,2020-05-20,0,6,6,4,4,8,2,6,6,12,32,6,0,0,0,0,0
ESCA,456,170,286,2010-04-21,2023-10-31,0,4,4,23,12,31,69,63,40,105,41,28,19,13,4,0,0
ESCR,24,12,12,2014-07-14,2020-05-14,0,0,0,0,0,6,14,0,2,0,0,2,0,0,0,0,0
ESE,966,366,600,2009-11-13,2023-12-12,2,49,50,46,63,69,191,92,42,114,115,68,20,18,27,0,0
ESEA,1007,418,589,2009-10-22,2023-12-08,3,32,27,31,62,61,41,214,75,175,103,63,19,84,17,0,0
ESEB,7669,0,7669,2023-08-07,2023-12-16,0,0,0,0,0,0,0,0,0,0,0,0,0,0,7669,0,0
ESG,84,0,84,2009-12-10,2023-12-16,1,1,0,0,0,0,0,9,17,21,4,12,16,2,1,0,0
ESGD,122,0,122,2016-12-20,2023-11-17,0,0,0,0,0,0,0,1,0,1,2,8,3,52,55,0,0
ESGE,64,0,64,2016-07-05,2023-12-05,0,0,0,0,0,0,0,1,0,2,5,14,17,18,7,0,0
ESGG,38,0,38,2016-09-08,2022-03-21,0,0,0,0,0,0,0,2,1,0,0,15,17,3,0,0,0
ESGR,553,219,334,2009-10-22,2023-11-03,18,8,23,40,73,28,40,30,47,101,77,35,9,13,11,0,0
ESGRO,8575,0,8575,2023-12-01,2023-12-16,0,0,0,0,0,0,0,0,0,0,0,0,0,0,8575,0,0
ESGV,81,0,81,2019-02-08,2023-11-10,0,0,0,0,0,0,0,0,0,0,7,8,19,23,24,0,0
ESI,1904,840,1064,2009-09-22,2023-12-16,36,140,252,212,210,218,242,158,4,0,149,94,43,64,82,0,0
ESIO,668,334,334,2010-10-28,2019-02-04,0,4,24,62,34,36,68,62,90,272,16,0,0,0,0,0,0
ESL,1074,537,537,2009-12-10,2019-03-19,4,22,130,160,110,100,138,108,86,180,36,0,0,0,0,0,0
ESLT,1185,433,752,2010-01-29,2023-12-16,0,16,65,81,105,67,94,79,89,161,165,84,44,74,61,0,0
ESMC,56,28,28,2011-05-05,2016-07-12,0,0,6,16,8,2,16,8,0,0,0,0,0,0,0,0,0
ESML,34,0,34,2020-03-16,2023-11-15,0,0,0,0,0,0,0,0,0,0,0,2,7,11,14,0,0
ESNT,1550,607,943,2013-09-16,2023-12-16,0,0,0,0,19,130,161,175,241,183,295,204,37,54,51,0,0
ESP,397,128,269,2009-08-07,2023-09-29,4,17,16,29,108,34,42,29,18,44,32,18,4,0,2,0,0
ESPO,99,0,99,2019-02-07,2023-11-17,0,0,0,0,0,0,0,0,0,0,7,21,11,29,31,0,0
ESPR,2028,858,1170,2013-05-14,2023-12-12,0,0,0,0,34,90,452,197,276,427,278,173,23,39,39,0,0
ESQ,73,0,73,2017-05-31,2023-11-30,0,0,0,0,0,0,0,0,6,6,4,0,9,29,19,0,0
ESR,108,54,54,2011-04-28,2019-08-29,0,0,6,2,0,0,0,30,20,42,8,0,0,0,0,0,0
ESRT,824,294,530,2013-09-19,2023-12-14,0,0,0,0,45,44,82,88,51,155,117,129,32,39,42,0,0
ESRX,5470,2735,2735,2009-08-17,2019-04-30,20,178,248,1074,524,380,818,618,604,954,52,0,0,0,0,0,0
ESS,2741,1012,1729,2009-10-28,2023-12-16,5,69,70,131,112,179,400,279,237,443,386,167,36,97,130,0,0
ESSA,285,93,192,2010-10-06,2023-12-14,0,2,6,21,14,18,27,37,26,22,35,16,9,31,21,0,0
ESSX,182,91,91,2010-03-30,2018-05-01,0,14,18,10,28,24,72,10,4,2,0,0,0,0,0,0,0
ESTA,67,0,67,2018-07-06,2023-11-08,0,0,0,0,0,0,0,0,0,3,3,2,7,17,35,0,0
ESTC,335,0,335,2018-09-28,2023-12-14,0,0,0,0,0,0,0,0,0,7,31,44,68,69,116,0,0
ESTE,788,394,394,2011-01-24,2020-05-29,0,0,18,8,2,38,42,84,64,154,256,122,0,0,0,0,0
ESTX,100,50,50,2015-03-09,2015-04-15,0,0,0,0,0,0,100,0,0,0,0,0,0,0,0,0,0
ESV,3882,1941,1941,2009-09-09,2019-08-01,14,174,282,314,200,200,710,554,384,668,382,0,0,0,0,0,0
ESYS,104,52,52,2010-03-23,2015-01-26,0,10,12,20,14,42,6,0,0,0,0,0,0,0,0,0,0
ETAK,196,98,98,2010-11-26,2016-11-03,0,8,22,30,18,26,50,42,0,0,0,0,0,0,0,0,0
ETB,186,57,129,2013-02-14,2023-08-07,0,0,0,0,9,10,11,8,16,41,64,12,10,2,3,0,0
ETE,2976,1488,1488,2009-12-24,2018-11-06,4,30,286,126,112,176,584,958,298,402,0,0,0,0,0,0,0
ETF,1188,594,594,2011-01-31,2016-02-22,0,0,924,220,6,6,30,2,0,0,0,0,0,0,0,0,0
ETFC,2308,1154,1154,2009-08-13,2020-06-05,34,208,268,166,204,152,118,138,152,220,346,302,0,0,0,0,0
ETG,360,140,220,2010-03-22,2023-06-04,0,4,5,7,10,12,54,56,35,68,68,25,12,2,2,0,0
ETH,3227,632,2595,2009-10-26,2023-12-16,4,32,58,130,48,100,230,126,86,214,180,56,0,1151,812,0,0
ETHO,18,0,18,2015-11-24,2023-08-29,0,0,0,0,0,0,4,2,4,1,3,0,0,1,3,0,0
ETJ,89,0,89,2009-10-12,2023-11-13,1,0,0,0,10,9,11,9,12,12,4,7,10,0,4,0,0
ETM,916,458,458,2010-03-08,2020-06-10,0,36,64,34,26,30,60,50,114,222,216,64,0,0,0,0,0
ETN,4674,1639,3035,2009-07-09,2023-12-16,18,228,240,283,177,208,445,434,325,739,641,330,81,170,355,0,0
ETNB,88,0,88,2019-11-08,2023-12-07,0,0,0,0,0,0,0,0,0,0,3,7,3,13,62,0,0
ETO,122,26,96,2009-08-07,2023-06-04,8,0,2,2,14,10,11,7,0,23,19,13,11,0,2,0,0
ETON,116,0,116,2018-10-26,2023-12-11,0,0,0,0,0,0,0,0,0,3,1,26,12,29,45,0,0
ETP,3216,1608,1608,2009-10-02,2019-02-20,4,104,160,112,56,98,322,858,676,824,2,0,0,0,0,0,0
ETR,3891,1405,2486,2009-08-07,2023-12-16,16,76,312,340,349,388,282,326,302,355,469,245,89,149,193,0,0
ETRM,772,386,386,2009-12-11,2017-10-25,2,10,16,42,68,94,152,96,292,0,0,0,0,0,0,0,0
ETRN,321,0,321,2018-11-13,2023-12-01,0,0,0,0,0,0,0,0,0,10,36,44,49,70,112,0,0
ETV,140,29,111,2009-08-10,2023-06-04,6,0,3,0,11,9,11,8,2,30,24,21,12,0,3,0,0
ETW,338,132,206,2010-05-05,2023-06-04,0,6,1,0,10,10,51,45,42,67,74,18,11,1,2,0,0
ETX,165,69,96,2011-02-22,2023-06-04,0,0,3,0,0,0,10,22,16,60,37,10,4,0,3,0,0
ETY,152,29,123,2012-11-16,2023-10-24,0,0,0,1,9,10,11,11,13,33,31,15,11,0,7,0,0
EU,1082,541,541,2009-08-07,2019-10-08,28,168,184,8,4,10,674,2,0,2,2,0,0,0,0,0,0
EUDG,126,52,74,2014-05-15,2023-06-16,0,0,0,0,0,1,37,13,19,29,12,5,6,3,1,0,0
EUDV,36,0,36,2015-09-10,2023-09-19,0,0,0,0,0,0,2,9,8,7,3,2,2,1,2,0,0
EUFN,1784,806,978,2010-01-26,2023-12-16,0,13,67,23,33,28,11,51,126,854,535,8,6,17,12,0,0
EUFX,104,52,52,2015-11-19,2019-12-15,0,0,0,0,0,0,2,2,0,0,100,0,0,0,0,0,0
EUM,127,52,75,2009-04-08,2022-11-15,2,2,4,0,1,1,6,1,1,7,96,4,0,2,0,0,0
EUMV,104,52,52,2015-01-09,2020-03-31,0,0,0,0,0,0,46,6,16,16,12,8,0,0,0,0,0
EUO,1446,692,754,2009-10-27,2022-08-19,6,155,334,146,55,9,22,10,4,3,700,0,0,2,0,0,0
EURL,135,57,78,2014-01-27,2023-07-18,0,0,0,0,0,3,6,2,8,5,98,4,2,3,4,0,0
EURN,169,0,169,2014-09-09,2023-12-16,0,0,0,0,0,1,15,11,8,6,9,21,16,40,42,0,0
EUSA,228,52,176,2010-05-11,2023-12-11,0,5,0,0,8,1,1,40,25,47,39,16,10,19,17,0,0
EUSB,2748,0,2748,2023-10-30,2023-12-16,0,0,0,0,0,0,0,0,0,0,0,0,0,0,2748,0,0
EUSC,16,0,16,2015-03-05,2023-10-27,0,0,0,0,0,0,6,3,0,0,0,0,1,5,1,0,0
EV,2134,1067,1067,2009-08-10,2020-06-03,10,128,200,258,82,126,182,196,146,236,402,168,0,0,0,0,0
EVA,363,0,363,2014-10-28,2023-11-29,0,0,0,0,0,3,8,170,22,20,21,14,15,41,49,0,0
EVAL,60,30,30,2013-09-23,2018-11-06,0,0,0,0,4,6,14,4,8,24,0,0,0,0,0,0,0
EVAR,200,100,100,2014-03-31,2017-11-01,0,0,0,0,0,36,66,58,40,0,0,0,0,0,0,0,0
EVBN,64,0,64,2012-12-18,2023-11-20,0,0,0,1,1,2,3,1,2,2,3,4,4,23,18,0,0
EVBS,124,62,62,2010-02-10,2017-08-01,0,4,22,14,16,8,20,28,12,0,0,0,0,0,0,0,0
EVC,139,0,139,2011-12-08,2023-11-15,0,0,2,2,12,24,11,4,7,20,6,3,18,20,10,0,0
EVDY,284,142,142,2014-03-17,2017-01-27,0,0,0,0,0,84,96,102,2,0,0,0,0,0,0,0,0
EVEP,934,467,467,2009-08-10,2018-04-16,6,26,114,104,88,60,308,154,38,36,0,0,0,0,0,0,0
EVER,1312,527,785,2012-04-30,2023-12-13,0,0,0,104,110,41,89,154,20,174,324,148,41,62,45,0,0
EVF,162,58,104,2009-12-30,2023-09-08,1,2,0,1,8,10,3,1,0,16,84,22,9,0,5,0,0
EVFM,69,0,69,2018-05-25,2023-12-12,0,0,0,0,0,0,0,0,0,7,5,30,13,12,2,0,0
EVG,123,26,97,2009-08-07,2023-06-04,10,0,0,1,11,10,10,8,0,27,20,12,11,0,3,0,0
EVGN,473,200,273,2013-11-06,2023-12-05,0,0,0,0,11,30,65,49,48,104,89,34,2,20,21,0,0
EVHC,1140,570,570,2013-08-11,2019-07-30,0,0,0,0,66,128,172,232,286,252,4,0,0,0,0,0,0
EVI,368,174,194,2010-09-24,2023-01-23,0,4,6,17,13,9,40,51,64,103,41,13,5,1,1,0,0
EVJ,104,52,52,2018-02-02,2019-03-11,0,0,0,0,0,0,0,0,0,92,12,0,0,0,0,0,0
EVK,230,115,115,2009-06-02,2020-05-05,8,4,4,8,6,10,24,32,20,66,36,12,0,0,0,0,0
EVLO,65,0,65,2018-05-04,2023-11-01,0,0,0,0,0,0,0,0,0,2,4,17,9,16,17,0,0
EVLV,534,267,267,2014-11-20,2019-07-16,0,0,0,0,0,10,152,94,80,140,58,0,0,0,0,0,0
EVM,206,103,103,2015-01-20,2020-06-01,0,0,0,0,0,0,16,22,24,92,44,8,0,0,0,0,0
EVN,184,29,155,2011-04-13,2023-12-16,0,0,2,3,10,13,11,10,0,15,16,28,20,15,41,0,0
EVO,108,54,54,2015-07-09,2019-01-29,0,0,0,0,0,0,6,24,22,52,4,0,0,0,0,0,0
EVOK,731,334,397,2013-08-30,2023-10-23,0,0,0,0,8,3,78,184,123,79,195,54,5,1,1,0,0
EVOL,481,216,265,2010-03-11,2022-11-02,0,2,20,23,21,45,86,76,37,79,66,20,4,2,0,0,0
EVP,110,55,55,2011-09-16,2019-01-29,0,0,4,0,0,2,2,22,22,54,4,0,0,0,0,0,0
EVR,2305,847,1458,2009-08-12,2023-12-13,6,40,110,115,319,122,138,280,193,280,291,160,53,85,113,0,0
EVRG,376,0,376,2018-07-02,2023-12-11,0,0,0,0,0,0,0,0,0,24,60,62,68,72,90,0,0
EVRI,214,0,214,2015-08-28,2023-11-17,0,0,0,0,0,0,3,9,24,22,24,14,22,55,41,0,0
EVRY,136,68,68,2013-06-11,2015-04-14,0,0,0,0,40,74,22,0,0,0,0,0,0,0,0,0,0
EVT,50,25,25,2010-08-12,2020-06-01,0,4,2,0,0,0,0,0,0,8,16,20,0,0,0,0,0
EVTC,768,279,489,2009-10-15,2023-10-31,2,0,0,0,57,18,51,49,65,250,150,35,24,30,37,0,0
EVV,210,56,154,2010-02-23,2023-09-07,0,1,0,1,9,11,12,13,15,40,69,22,12,1,4,0,0
EVX,369,33,336,2010-05-04,2023-07-14,0,11,3,11,20,57,63,60,59,53,21,1,3,4,3,0,0
EVY,112,56,56,2017-02-23,2020-04-01,0,0,0,0,0,0,0,0,12,64,34,2,0,0,0,0,0
EW,7411,2848,4563,2009-08-28,2023-12-16,8,139,392,657,382,583,586,763,1117,854,979,463,76,147,265,0,0
EWA,4448,2132,2316,2009-07-03,2023-08-17,18,164,115,121,317,1174,630,305,119,927,501,29,7,10,11,0,0
EWAS,60,30,30,2018-11-09,2019-11-05,0,0,0,0,0,0,0,0,0,12,48,0,0,0,0,0,0
EWBC,1771,606,1165,2009-08-10,2023-12-14,6,50,79,95,112,64,110,108,187,250,248,147,42,149,124,0,0
EWC,5815,2781,3034,2009-06-09,2023-12-16,9,68,375,263,322,464,473,443,274,1723,1093,252,12,17,27,0,0
EWCS,102,51,51,2012-09-27,2019-12-06,0,0,0,2,0,0,0,0,0,32,68,0,0,0,0,0,0
EWD,653,309,344,2009-12-10,2023-12-10,4,60,73,76,23,9,123,76,36,102,64,6,0,0,1,0,0
EWEM,100,50,50,2019-05-06,2019-12-13,0,0,0,0,0,0,0,0,0,0,100,0,0,0,0,0,0
EWG,2934,1285,1649,2009-07-03,2023-11-16,13,43,375,500,465,118,146,89,44,416,431,258,9,12,15,0,0
EWGS,110,55,55,2013-08-09,2019-12-09,0,0,0,0,6,0,0,2,2,2,98,0,0,0,0,0,0
EWH,2410,1205,1205,2009-08-17,2020-05-25,14,82,68,84,30,26,502,440,186,512,444,22,0,0,0,0,0
EWHS,104,52,52,2012-08-29,2019-01-15,0,0,0,2,2,0,0,0,0,84,16,0,0,0,0,0,0
EWI,6431,3060,3371,2009-11-25,2023-06-14,5,78,738,1412,1066,517,404,603,198,875,284,245,2,2,2,0,0
EWJ,9966,4526,5440,2009-05-12,2023-12-16,31,224,435,315,899,1809,1113,1719,456,1613,1002,238,32,30,50,0,0
EWK,408,189,219,2009-12-14,2022-07-29,2,20,31,47,15,16,54,44,46,82,50,0,0,1,0,0,0
EWL,1982,950,1032,2009-12-14,2023-11-30,4,44,48,64,151,845,383,118,57,111,129,14,0,7,7,0,0
EWM,948,474,474,2009-11-12,2020-06-01,6,60,86,96,58,12,104,70,50,312,84,10,0,0,0,0,0
EWN,526,235,291,2009-12-22,2023-08-03,1,18,10,58,25,26,79,55,99,89,63,0,0,0,3,0,0
EWO,505,232,273,2009-11-02,2022-04-22,11,41,26,67,21,10,72,48,52,84,64,8,0,1,0,0,0
EWP,4393,2037,2356,2009-12-14,2023-09-25,2,16,7,1684,1436,942,156,33,41,12,13,45,0,1,5,0,0
EWQ,2378,1099,1279,2009-12-10,2023-07-20,6,33,376,332,137,49,332,279,219,326,187,96,1,2,3,0,0
EWRI,86,43,43,2014-10-17,2016-04-18,0,0,0,0,0,4,64,18,0,0,0,0,0,0,0,0,0
EWRM,12,6,6,2013-03-20,2016-01-29,0,0,0,0,2,0,8,2,0,0,0,0,0,0,0,0,0
EWRS,54,27,27,2013-03-20,2016-02-08,0,0,0,0,2,2,34,16,0,0,0,0,0,0,0,0,0
EWS,62,0,62,2009-12-14,2023-08-03,3,6,2,11,13,7,1,3,7,4,1,1,1,1,1,0,0
EWSS,106,53,53,2012-01-23,2018-10-25,0,0,0,14,8,0,20,20,10,34,0,0,0,0,0,0,0
EWT,1119,460,659,2009-10-14,2023-11-22,14,127,196,138,89,30,115,83,61,109,83,28,10,16,20,0,0
EWU,5727,2732,2995,2009-09-22,2023-12-01,12,35,253,234,502,1409,145,513,143,291,1607,519,19,24,21,0,0
EWUS,142,56,86,2013-07-22,2023-12-01,0,0,0,0,2,0,0,22,3,4,101,1,0,2,7,0,0
EWV,80,40,40,2011-03-22,2019-12-08,0,0,48,10,2,0,0,0,0,0,20,0,0,0,0,0,0
EWW,4602,2175,2427,2009-07-03,2023-12-13,3,5,92,168,142,81,140,373,379,1517,1515,161,6,3,17,0,0
EWX,33,0,33,2009-12-21,2023-07-17,2,3,7,4,3,2,1,1,4,3,0,0,1,0,2,0,0
EWY,2576,1147,1429,2009-10-18,2023-12-05,22,168,235,216,180,62,225,176,332,526,279,108,13,17,17,0,0
EWZ,3946,1592,2354,2009-04-27,2023-11-07,46,285,535,528,308,200,146,171,135,848,529,126,31,36,22,0,0
EWZS,58,0,58,2010-10-22,2023-06-28,0,1,1,2,7,7,5,8,12,4,2,0,0,5,4,0,0
EXA,430,215,215,2012-06-27,2018-02-18,0,0,0,46,82,62,64,78,92,6,0,0,0,0,0,0,0
EXAM,402,201,201,2011-03-17,2016-08-10,0,0,16,14,36,172,106,58,0,0,0,0,0,0,0,0,0
EXAR,490,245,245,2009-09-21,2017-05-09,2,14,44,40,64,118,100,66,42,0,0,0,0,0,0,0,0
EXAS,935,0,935,2010-09-10,2023-12-14,0,2,2,1,5,28,43,59,125,78,93,65,70,133,231,0,0
EXC,1737,0,1737,2009-07-07,2023-12-16,1,22,16,97,171,194,141,149,167,193,113,68,98,121,186,0,0
EXCU,14,7,7,2016-04-19,2019-01-08,0,0,0,0,0,0,0,2,6,2,4,0,0,0,0,0,0
EXE,52,26,26,2011-09-09,2018-11-06,0,0,4,6,12,16,4,8,0,2,0,0,0,0,0,0,0
EXEL,2998,820,2178,2010-10-04,2023-12-16,0,2,10,3,12,60,275,426,424,653,513,270,80,116,154,0,0
EXFO,750,375,375,2009-12-01,2020-04-08,2,6,64,40,70,28,66,62,88,124,156,44,0,0,0,0,0
EXG,114,28,86,2011-01-11,2023-07-05,0,0,4,1,9,10,3,1,1,7,29,28,14,2,5,0,0
EXI,65,29,36,2011-05-25,2023-10-04,0,0,4,6,0,0,2,10,8,23,8,0,0,0,4,0,0
EXK,1601,797,804,2009-08-13,2023-12-05,4,76,108,66,36,96,208,284,142,170,332,72,0,0,7,0,0
EXL,316,158,158,2010-12-15,2016-07-01,0,4,42,66,34,42,126,2,0,0,0,0,0,0,0,0,0
EXLP,446,223,223,2009-12-28,2015-11-03,2,12,26,60,90,86,170,0,0,0,0,0,0,0,0,0,0
EXLS,1111,440,671,2010-02-11,2023-12-05,0,18,95,108,93,30,85,88,97,116,103,112,19,86,61,0,0
EXP,1917,710,1207,2009-08-10,2023-12-16,2,21,48,110,176,153,133,200,256,229,267,96,40,54,132,0,0
EXPD,878,439,439,2009-08-16,2020-06-03,6,108,102,64,58,70,48,64,26,62,130,140,0,0,0,0,0
EXPE,4151,860,3291,2010-04-28,2023-12-15,0,10,54,57,100,135,301,589,591,495,472,657,233,205,252,0,0
EXPI,189,0,189,2018-04-04,2023-12-15,0,0,0,0,0,0,0,0,0,20,1,11,58,50,49,0,0
EXPO,968,313,655,2010-06-01,2023-12-12,0,12,6,15,30,32,55,81,108,171,210,123,27,44,54,0,0
EXPR,820,0,820,2010-06-09,2023-11-30,0,2,6,10,46,68,149,198,63,43,23,29,114,39,30,0,0
EXR,3046,1057,1989,2010-01-11,2023-12-14,0,8,38,155,184,149,365,374,301,470,374,185,47,241,155,0,0
EXT,104,52,52,2011-10-12,2019-06-26,0,0,2,2,6,2,24,26,18,16,8,0,0,0,0,0,0
EXTR,1237,615,622,2010-05-18,2023-12-16,0,2,42,56,62,110,168,80,210,240,188,72,0,0,7,0,0
EXXI,440,220,220,2013-11-05,2018-03-22,0,0,0,0,8,156,82,90,54,50,0,0,0,0,0,0,0
EYE,224,0,224,2017-10-27,2023-12-11,0,0,0,0,0,0,0,0,8,20,21,21,26,60,68,0,0
EYEN,7,0,7,2023-08-16,2023-12-12,0,0,0,0,0,0,0,0,0,0,0,0,0,0,7,0,0
EYES,804,402,402,2014-08-12,2020-06-10,0,0,0,0,0,16,152,188,114,148,80,106,0,0,0,0,0
EYPT,118,0,118,2018-04-20,2023-12-14,0,0,0,0,0,0,0,0,0,18,7,13,18,20,42,0,0
EZA,1101,477,624,2009-10-27,2023-06-12,8,68,74,140,100,44,130,112,64,191,151,16,1,1,1,0,0
EZJ,492,0,492,2010-02-08,2023-12-16,0,2,0,0,1,6,0,1,9,3,11,156,177,73,53,0,0
EZM,272,25,247,2010-03-29,2023-11-29,0,5,8,6,32,34,15,25,14,20,36,15,17,20,25,0,0
EZPW,1171,484,687,2009-08-17,2023-12-12,6,42,113,71,76,86,101,102,116,110,198,52,8,39,51,0,0
EZT,2,1,1,2019-10-02,2019-10-02,0,0,0,0,0,0,0,0,0,0,2,0,0,0,0,0,0
EZU,2347,997,1350,2010-02-25,2023-12-16,0,17,2,11,36,1002,989,66,71,56,35,16,11,13,22,0,0
EZY,76,38,38,2012-10-08,2019-08-04,0,0,0,2,0,2,10,18,22,14,8,0,0,0,0,0,0
F,2506,621,1885,2019-04-30,2023-12-16,0,0,0,0,0,0,0,0,0,0,596,646,0,0,1264,0,0
FAAR,7,0,7,2016-11-16,2022-05-17,0,0,0,0,0,0,0,1,3,1,1,0,0,1,0,0,0
FAB,753,13,740,2012-04-02,2023-12-14,0,0,0,3,18,10,15,17,9,6,18,248,144,125,140,0,0
FAC,164,82,82,2010-01-13,2018-05-08,0,10,12,12,8,8,38,42,20,14,0,0,0,0,0,0,0
FAD,83,9,74,2011-11-09,2023-11-15,0,0,1,6,20,10,8,14,6,4,5,2,1,5,1,0,0
FAF,2254,769,1485,2010-03-21,2023-12-16,0,8,38,95,131,99,367,239,255,236,379,188,44,84,91,0,0
FALN,31,0,31,2016-06-21,2023-11-03,0,0,0,0,0,0,0,1,0,2,0,1,7,10,10,0,0
FAM,326,120,206,2012-11-29,2023-05-24,0,0,0,2,10,15,30,46,37,85,67,22,10,0,2,0,0
FAMI,54,0,54,2019-04-01,2022-02-01,0,0,0,0,0,0,0,0,0,0,2,20,25,7,0,0,0
FANG,3105,740,2365,2012-10-02,2023-12-16,0,0,0,2,7,28,26,77,118,685,833,435,169,375,350,0,0
FANH,101,0,101,2017-02-03,2023-10-23,0,0,0,0,0,0,0,0,22,17,20,9,22,7,4,0,0
FARM,786,336,450,2009-08-13,2023-11-13,2,9,19,48,37,43,81,105,72,118,157,48,10,16,21,0,0
FARO,778,332,446,2009-11-18,2023-11-27,2,10,26,66,88,46,146,89,47,100,88,40,9,6,15,0,0
FAS,2497,832,1665,2009-06-24,2023-12-16,23,207,179,59,38,31,228,395,194,272,197,108,182,209,175,0,0
FAST,5001,1885,3116,2010-04-08,2023-12-16,0,23,105,517,280,333,456,487,436,659,1000,260,69,155,221,0,0
FAT,98,0,98,2018-01-17,2023-12-13,0,0,0,0,0,0,0,0,0,7,0,20,16,20,35,0,0
FATE,1003,373,630,2013-09-03,2023-12-08,0,0,0,0,26,32,75,67,119,221,205,115,51,44,48,0,0
FAV,82,41,41,2011-07-12,2017-02-03,0,0,2,2,2,2,8,64,2,0,0,0,0,0,0,0,0
FAX,580,232,348,2009-08-10,2023-07-28,2,14,63,4,15,10,35,56,46,131,126,58,16,1,3,0,0
FAZ,1488,673,815,2009-11-27,2023-12-11,1,27,145,94,31,4,170,375,154,216,164,22,13,28,44,0,0
FB,866,433,433,2020-02-19,2020-06-10,0,0,0,0,0,0,0,0,0,0,0,866,0,0,0,0,0
FBC,896,448,448,2009-09-23,2020-05-29,2,40,50,68,114,46,92,96,78,132,130,48,0,0,0,0,0
FBCG,23,0,23,2020-07-08,2023-12-06,0,0,0,0,0,0,0,0,0,0,0,2,1,1,19,0,0
FBCV,5,0,5,2020-09-25,2023-03-27,0,0,0,0,0,0,0,0,0,0,0,3,0,1,1,0,0
FBG,20,10,10,2015-01-28,2019-07-20,0,0,0,0,0,0,4,8,0,0,8,0,0,0,0,0,0
FBGX,74,35,39,2014-06-17,2023-06-27,0,0,0,0,0,1,10,18,8,22,11,3,0,0,1,0,0
FBHS,1638,819,819,2011-10-03,2020-06-05,0,0,36,140,204,98,186,174,114,282,286,118,0,0,0,0,0
FBIO,87,0,87,2016-01-08,2023-12-16,0,0,0,0,0,0,0,12,5,6,4,19,13,16,12,0,0
FBIOP,1,0,1,2022-08-22,2022-08-22,0,0,0,0,0,0,0,0,0,0,0,0,0,1,0,0,0
FBIZ,401,101,300,2010-08-19,2023-12-13,0,6,14,20,18,22,30,36,24,30,43,26,13,72,47,0,0
FBK,196,0,196,2016-08-19,2023-12-16,0,0,0,0,0,0,0,5,37,15,14,13,28,30,54,0,0
FBMS,268,63,205,2010-09-22,2023-10-27,0,6,2,0,9,13,14,21,21,43,38,26,17,30,28,0,0
FBNC,270,0,270,2012-09-16,2023-12-15,0,0,0,2,13,15,4,11,53,33,12,8,22,57,40,0,0
FBND,158,51,107,2014-10-09,2023-12-11,0,0,0,0,0,2,1,3,4,44,25,35,5,9,30,0,0
FBNK,248,124,124,2011-12-12,2020-04-07,0,0,2,10,8,12,38,42,52,62,4,18,0,0,0,0,0
FBP,1186,403,783,2009-12-16,2023-12-13,2,30,68,38,61,46,92,120,85,150,204,98,25,109,58,0,0
FBR,606,303,303,2009-09-03,2018-12-03,8,24,46,36,32,52,114,90,76,128,0,0,0,0,0,0,0
FBRX,39,0,39,2017-04-03,2023-04-06,0,0,0,0,0,0,0,0,4,5,7,4,16,1,2,0,0
FBSS,168,84,84,2010-07-28,2020-05-01,0,8,2,8,2,4,24,28,14,42,30,6,0,0,0,0,0
FBT,1341,404,937,2010-02-08,2023-12-16,0,65,17,109,59,121,190,185,169,172,112,45,17,35,45,0,0
FBZ,1061,517,544,2011-04-25,2023-07-18,0,0,22,26,6,6,261,279,57,252,147,0,0,4,1,0,0
FC,232,0,232,2012-02-16,2023-12-16,0,0,0,1,15,10,10,27,11,10,10,6,17,58,57,0,0
FCA,4570,2285,2285,2011-04-27,2020-03-19,0,0,14,6,4,0,188,1736,440,1468,708,6,0,0,0,0,0
FCAL,1,0,1,2012-09-10,2012-09-10,0,0,0,1,0,0,0,0,0,0,0,0,0,0,0,0,0
FCAN,114,57,57,2013-08-09,2019-12-13,0,0,0,0,4,0,0,4,6,0,100,0,0,0,0,0,0
FCAP,207,80,127,2011-05-23,2023-05-26,0,0,3,3,9,5,30,20,24,46,35,19,9,0,4,0,0
FCAU,8668,4334,4334,2014-10-13,2020-06-10,0,0,0,0,0,186,1718,1468,1168,1618,1834,676,0,0,0,0,0
FCB,370,185,185,2014-07-22,2019-01-07,0,0,0,0,0,28,88,46,48,158,2,0,0,0,0,0,0
FCBC,429,159,270,2010-12-29,2023-12-15,0,4,16,36,40,74,36,32,17,47,52,27,13,7,28,0,0
FCCO,272,136,136,2010-01-06,2020-06-09,0,8,4,20,14,0,26,28,22,56,72,22,0,0,0,0,0
FCE.A,54,27,27,2011-03-31,2019-03-25,0,0,8,0,0,0,6,8,12,16,4,0,0,0,0,0,0
FCE.B,20,10,10,2015-05-05,2018-05-03,0,0,0,0,0,0,6,10,2,2,0,0,0,0,0,0,0
FCEL,3223,1203,2020,2009-09-24,2023-12-16,8,53,91,112,87,498,267,258,181,293,517,458,230,101,69,0,0
FCF,666,333,333,2009-08-28,2020-05-14,6,26,62,48,28,24,50,86,58,124,114,40,0,0,0,0,0
FCFS,1276,480,796,2009-12-16,2023-12-13,2,26,137,100,100,32,75,137,94,199,157,58,32,35,92,0,0
FCG,3726,1093,2633,2009-10-23,2023-12-16,13,130,91,163,84,179,309,304,359,643,467,31,42,83,828,0,0
FCH,732,366,366,2010-03-08,2017-08-09,0,40,62,108,60,64,134,134,130,0,0,0,0,0,0,0,0
FCHI,114,57,57,2012-07-16,2019-01-15,0,0,0,12,2,0,0,0,0,84,16,0,0,0,0,0,0
FCLF,32,16,16,2012-10-24,2016-07-27,0,0,0,2,0,0,12,18,0,0,0,0,0,0,0,0,0
FCN,2157,823,1334,2010-01-08,2023-12-14,0,80,158,145,108,184,225,98,143,355,354,134,17,63,93,0,0
FCNCA,843,186,657,2009-12-09,2023-12-14,6,11,22,19,9,13,41,50,41,100,106,44,40,66,275,0,0
FCO,158,55,103,2010-11-11,2023-05-11,0,1,6,1,11,10,2,1,0,20,52,40,11,0,3,0,0
FCOM,178,40,138,2013-11-07,2023-10-27,0,0,0,0,1,8,12,10,17,12,54,21,1,17,25,0,0
FCOR,272,131,141,2014-10-09,2023-08-30,0,0,0,0,0,4,35,52,34,100,43,0,2,0,2,0,0
FCPI,13,0,13,2020-04-01,2023-11-10,0,0,0,0,0,0,0,0,0,0,0,2,0,6,5,0,0
FCPT,207,0,207,2015-11-16,2023-12-07,0,0,0,0,0,0,4,8,4,10,13,19,36,43,70,0,0
FCS,1358,679,679,2009-09-21,2017-08-29,6,132,204,124,104,182,382,220,4,0,0,0,0,0,0,0,0
FCSC,822,411,411,2011-06-22,2020-02-03,0,0,16,2,12,42,120,86,84,218,240,2,0,0,0,0,0
FCT,389,126,263,2010-10-06,2023-11-15,0,2,2,10,13,14,25,22,24,113,68,41,37,14,4,0,0
FCTR,39,0,39,2018-09-10,2023-10-11,0,0,0,0,0,0,0,0,0,1,0,6,13,15,4,0,0
FCVT,14,0,14,2018-01-25,2023-01-04,0,0,0,0,0,0,0,0,0,1,3,1,3,5,1,0,0
FCX,8592,4296,4296,2009-08-10,2020-06-09,78,812,820,326,276,276,1360,1618,850,902,914,360,0,0,0,0,0
FDBC,23,0,23,2019-03-23,2023-11-25,0,0,0,0,0,0,0,0,0,0,2,1,5,8,7,0,0
FDD,281,115,166,2009-11-04,2023-09-21,2,11,9,26,15,10,41,11,33,53,49,10,1,5,5,0,0
FDEF,520,260,260,2009-10-20,2020-05-15,2,2,10,20,66,10,52,40,36,100,124,58,0,0,0,0,0
FDEM,1,0,1,2023-03-23,2023-03-23,0,0,0,0,0,0,0,0,0,0,0,0,0,0,1,0,0
FDEV,8891,0,8891,2023-07-19,2023-12-16,0,0,0,0,0,0,0,0,0,0,0,0,0,0,8891,0,0
FDHY,12,0,12,2018-09-26,2023-10-27,0,0,0,0,0,0,0,0,0,1,3,1,3,1,3,0,0
FDI,60,30,30,2013-03-11,2018-12-03,0,0,0,0,2,0,14,34,4,6,0,0,0,0,0,0,0
FDIS,281,53,228,2013-11-04,2023-12-11,0,0,0,0,2,1,6,11,11,30,86,28,4,60,42,0,0
FDIV,52,15,37,2014-08-19,2019-10-22,0,0,0,0,0,7,11,9,2,13,10,0,0,0,0,0,0
FDL,116,58,58,2012-02-14,2020-05-07,0,0,0,6,4,0,0,0,18,46,20,22,0,0,0,0,0
FDLO,26,0,26,2016-09-20,2023-10-26,0,0,0,0,0,0,0,3,2,9,4,1,0,1,6,0,0
FDM,90,45,45,2010-05-05,2020-04-22,0,6,4,2,2,0,6,12,14,14,26,4,0,0,0,0,0
FDML,788,394,394,2010-01-19,2018-04-17,0,18,72,66,146,86,114,226,56,4,0,0,0,0,0,0,0
FDMO,16,0,16,2016-09-20,2021-06-04,0,0,0,0,0,0,0,2,5,6,2,0,1,0,0,0,0
FDN,1842,640,1202,2009-07-16,2023-12-16,9,97,165,135,87,134,232,145,164,347,172,60,19,39,37,0,0
FDNI,13,0,13,2019-05-20,2023-11-03,0,0,0,0,0,0,0,0,0,0,1,0,1,5,6,0,0
FDO,4114,2057,2057,2009-09-01,2019-08-26,12,324,766,838,520,1140,478,30,0,2,4,0,0,0,0,0,0
FDP,970,485,485,2010-03-02,2020-06-01,0,62,68,100,72,86,66,118,58,144,142,54,0,0,0,0,0
FDRR,30,0,30,2016-09-12,2023-02-16,0,0,0,0,0,0,0,4,6,13,3,2,1,0,1,0,0
FDS,3301,1235,2066,2009-12-15,2023-12-16,5,71,122,262,291,258,300,294,297,481,438,172,76,136,98,0,0
FDT,15,0,15,2013-01-30,2019-08-21,0,0,0,0,1,0,3,3,2,2,4,0,0,0,0,0,0
FDTS,24,10,14,2012-02-24,2019-05-10,0,0,0,6,0,0,4,0,6,5,3,0,0,0,0,0,0
FDUS,782,343,439,2011-08-04,2023-10-09,0,0,6,15,18,42,63,132,85,163,162,48,5,22,21,0,0
FDVV,49,0,49,2016-09-20,2023-11-28,0,0,0,0,0,0,0,4,2,13,5,1,0,11,13,0,0
FDX,13143,4399,8744,2009-09-13,2023-12-16,76,558,505,566,682,600,646,854,1220,1872,2779,1058,413,685,629,0,0
FE,3162,1581,1581,2009-12-04,2020-06-05,2,156,298,352,258,140,214,286,252,492,468,244,0,0,0,0,0
FEDU,21,0,21,2018-01-30,2021-09-30,0,0,0,0,0,0,0,0,0,6,6,5,4,0,0,0,0
FEEU,100,50,50,2019-07-11,2019-12-13,0,0,0,0,0,0,0,0,0,0,100,0,0,0,0,0,0
FEI,88,29,59,2014-02-27,2023-04-22,0,0,0,0,0,3,5,0,3,31,26,11,7,1,1,0,0
FEIC,432,216,216,2010-10-01,2016-09-25,0,2,62,74,72,34,72,116,0,0,0,0,0,0,0,0,0
FEIM,368,173,195,2010-07-15,2023-09-15,0,6,17,33,10,16,22,46,40,69,74,27,5,1,2,0,0
FELE,1107,390,717,2010-02-17,2023-11-21,0,6,20,42,76,136,101,144,61,173,124,70,28,83,43,0,0
FELP,576,288,288,2014-06-09,2019-11-13,0,0,0,0,0,62,188,128,34,66,98,0,0,0,0,0,0
FEM,128,55,73,2012-05-08,2023-02-07,0,0,0,3,8,3,4,0,2,5,100,0,1,0,2,0,0
FEMB,114,50,64,2015-01-20,2023-06-26,0,0,0,0,0,0,6,2,1,36,65,0,1,1,2,0,0
FEMS,111,50,61,2012-02-24,2022-05-16,0,0,0,6,3,6,9,6,23,33,24,0,0,1,0,0,0
FEN,604,286,318,2009-12-29,2023-04-11,2,12,6,14,9,11,65,92,56,212,118,0,4,1,2,0,0
FENC,51,0,51,2018-03-21,2023-11-27,0,0,0,0,0,0,0,0,0,4,2,10,10,14,11,0,0
FENG,814,358,456,2011-05-12,2023-05-19,0,0,18,27,81,82,96,85,83,135,148,52,2,1,4,0,0
FENY,234,56,178,2013-11-04,2023-12-07,0,0,0,0,1,3,6,14,10,33,103,15,4,25,20,0,0
FEO,82,41,41,2018-08-16,2020-03-20,0,0,0,0,0,0,0,0,0,36,36,10,0,0,0,0,0
FEP,104,52,52,2013-02-05,2020-02-18,0,0,0,0,2,0,0,0,2,0,98,2,0,0,0,0,0
FES,164,82,82,2011-11-17,2018-02-21,0,0,12,28,22,28,36,34,2,2,0,0,0,0,0,0,0
FET,1025,450,575,2012-05-11,2023-05-17,0,0,0,56,71,64,104,113,80,148,249,126,3,4,7,0,0
FEU,104,52,52,2012-10-05,2019-09-23,0,0,0,2,0,0,0,0,0,0,102,0,0,0,0,0,0
FEUZ,121,50,71,2014-11-03,2023-07-03,0,0,0,0,0,2,7,2,3,4,100,0,2,0,1,0,0
FEX,257,55,202,2009-06-18,2023-12-05,2,2,1,7,15,6,5,12,13,20,105,13,3,25,28,0,0
FEYE,4032,2016,2016,2013-09-20,2020-06-09,0,0,0,0,54,552,826,648,736,534,508,174,0,0,0,0,0
FEZ,751,260,491,2009-11-24,2023-12-16,1,16,21,27,36,54,43,42,63,20,381,15,7,5,20,0,0
FF,595,294,301,2009-08-07,2023-08-28,2,2,22,20,36,76,142,80,40,68,74,26,0,0,7,0,0
FFA,85,27,58,2009-08-12,2023-04-03,2,0,2,1,3,6,5,6,3,10,22,20,4,0,1,0,0
FFBC,907,318,589,2009-09-21,2023-11-28,6,26,34,45,27,43,72,63,119,186,127,50,24,43,42,0,0
FFBW,11,0,11,2020-01-08,2022-08-13,0,0,0,0,0,0,0,0,0,0,0,3,7,1,0,0,0
FFC,437,187,250,2011-12-02,2023-08-08,0,0,4,1,13,9,26,133,35,93,75,31,11,2,4,0,0
FFEB,8718,0,8718,2023-07-19,2023-12-16,0,0,0,0,0,0,0,0,0,0,0,0,0,0,8718,0,0
FFG,740,370,370,2009-08-28,2020-05-07,2,14,34,42,118,116,100,46,84,74,88,22,0,0,0,0,0
FFHL,644,322,322,2010-06-04,2020-04-29,0,16,80,22,28,22,20,28,36,152,220,20,0,0,0,0,0
FFIC,140,0,140,2011-03-01,2023-12-12,0,0,1,2,7,6,6,10,12,10,16,6,10,26,28,0,0
FFIN,985,363,622,2010-02-02,2023-11-15,0,10,51,81,91,68,107,51,44,198,153,46,17,29,39,0,0
FFIU,7428,0,7428,2023-07-20,2023-12-16,0,0,0,0,0,0,0,0,0,0,0,0,0,0,7428,0,0
FFIV,891,0,891,2010-03-18,2023-12-07,0,5,10,31,41,101,58,65,70,72,61,82,87,105,103,0,0
FFKT,308,154,154,2011-01-20,2018-08-06,0,0,4,14,52,82,26,24,34,72,0,0,0,0,0,0,0
FFNM,56,28,28,2011-08-08,2018-04-27,0,0,4,0,0,0,16,18,6,12,0,0,0,0,0,0,0
FFNW,115,0,115,2013-05-28,2023-12-14,0,0,0,0,3,3,7,5,9,24,4,3,11,28,18,0,0
FFR,104,52,52,2012-02-23,2020-03-01,0,0,0,4,0,0,0,0,0,30,62,8,0,0,0,0,0
FFTY,37,0,37,2015-04-17,2021-07-21,0,0,0,0,0,0,3,0,19,11,1,0,3,0,0,0,0
FFWM,152,0,152,2014-05-09,2023-12-14,0,0,0,0,0,5,2,1,12,7,8,19,30,28,40,0,0
FGB,138,57,81,2011-08-15,2023-05-12,0,0,2,1,3,6,3,3,0,51,52,12,4,0,1,0,0
FGBI,97,0,97,2014-10-24,2023-12-16,0,0,0,0,0,3,3,3,4,4,1,3,13,41,22,0,0
FGD,70,0,70,2009-12-09,2023-12-14,1,0,2,2,5,6,5,9,4,7,6,1,2,7,13,0,0
FGEN,1336,515,821,2014-10-30,2023-12-14,0,0,0,0,0,22,144,97,179,246,366,138,55,33,56,0,0
FGM,134,53,81,2012-05-15,2023-08-30,0,0,0,7,3,1,5,1,3,5,101,1,1,3,3,0,0
FGP,1518,759,759,2009-09-24,2020-01-03,2,38,134,128,128,118,252,218,108,230,160,2,0,0,0,0,0
FHB,248,0,248,2016-07-26,2023-12-15,0,0,0,0,0,0,0,7,17,34,27,32,26,51,54,0,0
FHCO,298,149,149,2010-10-08,2017-07-26,0,4,12,26,32,30,82,66,46,0,0,0,0,0,0,0,0
FHI,211,0,211,2020-02-04,2023-12-16,0,0,0,0,0,0,0,0,0,0,0,32,37,53,89,0,0
FHK,142,71,71,2013-01-25,2019-12-11,0,0,0,0,2,0,0,0,0,0,140,0,0,0,0,0,0
FHLC,187,56,131,2013-11-04,2023-12-11,0,0,0,0,1,1,5,11,7,25,87,19,3,13,15,0,0
FHN,3039,1096,1943,2009-10-16,2023-12-14,8,145,245,259,186,138,220,191,198,329,451,221,64,159,225,0,0
FHY,112,56,56,2011-12-20,2019-10-27,0,0,2,0,0,0,2,2,4,6,96,0,0,0,0,0,0
FI,975,356,619,2010-05-24,2023-12-16,0,1,0,0,66,63,125,120,110,127,138,83,12,0,130,0,0
FIA,14,7,7,2012-09-20,2018-12-31,0,0,0,2,0,0,0,0,8,4,0,0,0,0,0,0,0
FIBG,38,19,19,2015-01-28,2018-05-17,0,0,0,0,0,0,4,14,6,14,0,0,0,0,0,0,0
FIBK,1030,354,676,2010-03-29,2023-12-14,0,3,11,19,223,87,102,86,64,132,117,38,28,61,59,0,0
FIBR,2,0,2,2018-05-24,2018-06-12,0,0,0,0,0,0,0,0,0,2,0,0,0,0,0,0,0
FICO,1976,659,1317,2010-02-19,2023-12-16,0,20,45,86,64,114,289,118,132,211,330,192,82,130,163,0,0
FID,5,0,5,2018-09-13,2019-02-05,0,0,0,0,0,0,0,0,0,3,2,0,0,0,0,0,0
FIDI,7,0,7,2018-02-22,2022-01-21,0,0,0,0,0,0,0,0,0,3,2,1,0,1,0,0,0
FIDU,188,51,137,2013-11-04,2023-11-06,0,0,0,0,1,1,10,8,2,33,97,13,2,14,7,0,0
FIEG,48,24,24,2013-10-26,2019-10-15,0,0,0,0,2,0,10,18,8,8,2,0,0,0,0,0,0
FIEU,100,50,50,2019-07-11,2019-12-13,0,0,0,0,0,0,0,0,0,0,100,0,0,0,0,0,0
FIF,122,24,98,2009-11-23,2023-05-24,4,2,0,2,10,11,9,8,0,21,20,22,11,0,2,0,0
FIG,1186,593,593,2009-10-14,2019-05-22,8,130,102,150,108,184,208,150,128,16,2,0,0,0,0,0,0
FIGY,100,50,50,2018-11-07,2019-01-21,0,0,0,0,0,0,0,0,0,70,30,0,0,0,0,0,0
FILL,173,48,125,2012-02-03,2023-01-26,0,0,0,8,14,16,46,23,9,42,9,1,3,1,1,0,0
FINL,3116,1558,1558,2009-08-10,2018-11-18,14,88,172,330,350,532,444,548,424,214,0,0,0,0,0,0,0
FINS,17,0,17,2019-12-13,2023-02-08,0,0,0,0,0,0,0,0,0,0,1,4,11,0,1,0,0
FINU,104,52,52,2012-07-12,2019-12-03,0,0,0,2,0,0,0,2,0,2,98,0,0,0,0,0,0
FINV,89,0,89,2019-12-14,2023-12-13,0,0,0,0,0,0,0,0,0,0,4,13,30,16,26,0,0
FINX,98,0,98,2016-09-20,2023-12-05,0,0,0,0,0,0,0,4,4,11,10,9,24,17,19,0,0
FINZ,146,73,73,2012-07-12,2019-12-03,0,0,0,2,2,0,0,2,0,50,90,0,0,0,0,0,0
FIS,3672,1361,2311,2009-11-18,2023-12-14,4,97,146,305,209,195,201,240,214,292,826,526,88,131,198,0,0
FISH,106,53,53,2013-07-23,2015-05-18,0,0,0,0,24,24,58,0,0,0,0,0,0,0,0,0,0
FISI,438,219,219,2009-10-22,2020-05-27,2,2,32,36,28,20,34,52,26,78,98,30,0,0,0,0,0
FISK,2,0,2,2020-04-29,2023-05-16,0,0,0,0,0,0,0,0,0,0,0,1,0,0,1,0,0
FISR,4,0,4,2022-08-09,2022-11-09,0,0,0,0,0,0,0,0,0,0,0,0,0,4,0,0,0
FISV,3202,1601,1601,2009-10-28,2020-06-05,2,86,170,246,310,172,248,166,160,406,862,374,0,0,0,0,0
FITB,3717,1169,2548,2009-10-26,2023-12-16,18,292,191,215,252,193,232,262,280,272,670,406,64,133,237,0,0
FITBI,29,10,19,2014-03-25,2023-04-24,0,0,0,0,0,3,3,0,0,16,5,0,0,0,2,0,0
FITBO,7555,0,7555,2023-11-30,2023-12-16,0,0,0,0,0,0,0,0,0,0,0,0,0,0,7555,0,0
FITBP,6,0,6,2020-11-25,2023-09-25,0,0,0,0,0,0,0,0,0,0,0,1,1,0,4,0,0
FITE,7,0,7,2022-04-11,2023-08-22,0,0,0,0,0,0,0,0,0,0,0,0,0,5,2,0,0
FIVA,4,0,4,2018-02-22,2018-12-11,0,0,0,0,0,0,0,0,0,4,0,0,0,0,0,0,0
FIVE,3842,1196,2646,2012-07-09,2023-12-14,0,0,0,79,254,212,275,263,337,427,348,1137,111,155,244,0,0
FIVG,36,0,36,2019-05-21,2023-12-11,0,0,0,0,0,0,0,0,0,0,5,11,11,5,4,0,0
FIVN,1669,626,1043,2014-03-24,2023-12-11,0,0,0,0,0,76,123,121,140,268,427,269,121,61,63,0,0
FIVZ,100,50,50,2015-07-01,2015-12-16,0,0,0,0,0,0,100,0,0,0,0,0,0,0,0,0,0
FIW,378,43,335,2009-11-12,2023-11-21,2,4,11,5,31,41,50,39,38,55,32,11,4,15,40,0,0
FIX,1455,493,962,2009-12-23,2023-12-13,2,18,28,44,112,56,166,145,80,295,275,82,26,42,84,0,0
FIXD,33,0,33,2017-02-22,2023-12-06,0,0,0,0,0,0,0,0,6,0,3,3,5,9,7,0,0
FIZZ,1490,595,895,2010-01-16,2023-12-11,0,23,33,66,22,23,53,216,245,358,274,96,29,26,26,0,0
FJP,124,51,73,2013-03-22,2023-11-08,0,0,0,0,3,3,3,1,2,5,100,0,0,2,5,0,0
FJUN,1,0,1,2021-06-25,2021-06-25,0,0,0,0,0,0,0,0,0,0,0,0,1,0,0,0,0
FKO,118,59,59,2012-12-04,2019-12-05,0,0,0,6,8,0,0,4,0,54,46,0,0,0,0,0,0
FKU,172,58,114,2012-05-30,2023-09-20,0,0,0,6,6,1,11,20,6,7,102,1,1,4,7,0,0
FL,7729,2621,5108,2009-08-07,2023-12-14,110,145,188,264,219,576,633,965,1031,1167,1406,383,118,205,319,0,0
FLAG,44,22,22,2015-08-11,2019-08-12,0,0,0,0,0,0,2,6,14,16,6,0,0,0,0,0,0
FLAT,104,52,52,2011-12-10,2020-03-20,0,0,2,2,0,0,0,0,0,0,98,2,0,0,0,0,0
FLAU,15,0,15,2017-12-22,2023-01-19,0,0,0,0,0,0,0,0,1,7,4,1,1,0,1,0,0
FLC,379,162,217,2011-12-02,2023-04-22,0,0,4,2,11,9,18,99,28,122,53,12,15,5,1,0,0
FLCA,24,0,24,2017-12-22,2023-06-09,0,0,0,0,0,0,0,0,1,11,8,0,0,2,2,0,0
FLCB,18,0,18,2019-10-15,2023-12-05,0,0,0,0,0,0,0,0,0,0,1,2,2,6,7,0,0
FLEX,2614,976,1638,2009-08-13,2023-12-16,14,108,201,214,163,159,269,229,136,329,312,124,62,140,154,0,0
FLGE,76,38,38,2015-01-28,2020-05-30,0,0,0,0,0,0,10,18,16,22,8,2,0,0,0,0,0
FLIC,517,204,313,2010-06-23,2023-12-12,0,14,8,24,23,17,41,61,42,94,85,42,12,37,17,0,0
FLIR,2376,1188,1188,2009-09-15,2020-06-09,8,122,152,366,302,100,174,178,146,300,310,218,0,0,0,0,0
FLL,507,220,287,2010-02-18,2023-10-12,0,8,14,14,13,37,26,31,32,140,126,32,9,12,13,0,0
FLLV,21,0,21,2016-10-05,2023-06-14,0,0,0,0,0,0,0,1,0,13,1,0,0,3,3,0,0
FLM,88,44,44,2011-03-25,2020-01-28,0,0,10,2,2,6,8,8,16,30,4,2,0,0,0,0,0
FLML,506,253,253,2010-03-21,2016-12-16,0,10,12,20,22,124,194,124,0,0,0,0,0,0,0,0,0
FLN,127,54,73,2011-08-09,2023-12-14,0,0,2,5,0,1,2,32,16,46,15,1,0,2,5,0,0
FLNG,77,0,77,2020-05-29,2023-11-27,0,0,0,0,0,0,0,0,0,0,0,2,9,20,46,0,0
FLNT,90,0,90,2018-05-25,2023-11-30,0,0,0,0,0,0,0,0,0,6,12,11,17,13,31,0,0
FLO,3514,1314,2200,2009-11-11,2023-12-13,8,39,115,176,817,138,438,372,201,373,319,169,57,136,156,0,0
FLOT,389,54,335,2011-09-19,2023-12-06,0,0,1,7,14,6,13,20,39,46,54,87,4,65,33,0,0
FLQL,36,0,36,2017-05-01,2023-11-23,0,0,0,0,0,0,0,0,3,8,4,0,2,11,8,0,0
FLQM,31,0,31,2017-05-01,2023-11-03,0,0,0,0,0,0,0,0,6,11,4,0,1,2,7,0,0
FLQS,18,0,18,2017-11-09,2023-03-22,0,0,0,0,0,0,0,0,4,7,4,0,0,2,1,0,0
FLR,4585,1769,2816,2009-08-10,2023-12-16,20,265,433,398,304,326,296,332,326,619,514,360,56,127,209,0,0
FLS,2507,893,1614,2009-08-10,2023-12-16,8,74,90,190,214,161,225,175,204,441,266,155,55,67,182,0,0
FLT,3533,1420,2113,2010-12-22,2023-12-08,0,2,75,306,514,280,222,177,274,471,676,238,64,115,119,0,0
FLTB,24,12,12,2012-03-13,2018-12-02,0,0,0,4,0,2,8,4,0,6,0,0,0,0,0,0,0
FLTR,171,53,118,2011-05-09,2023-12-08,0,0,8,7,3,3,13,26,11,36,22,13,8,15,6,0,0
FLTX,512,256,256,2012-10-05,2016-12-01,0,0,0,34,74,24,272,108,0,0,0,0,0,0,0,0,0
FLV,27,0,27,2020-07-10,2023-10-18,0,0,0,0,0,0,0,0,0,0,0,1,5,14,7,0,0
FLWS,1320,538,782,2010-04-12,2023-11-03,0,28,88,74,66,122,180,101,100,129,210,139,38,17,28,0,0
FLXN,830,415,415,2014-01-08,2020-05-28,0,0,0,0,0,38,84,68,146,192,238,64,0,0,0,0,0
FLXS,499,204,295,2010-08-18,2023-10-25,0,4,20,38,15,17,59,70,27,93,79,31,14,17,15,0,0
FLY,1024,512,512,2010-09-30,2020-05-27,0,10,30,50,98,82,142,86,48,110,296,72,0,0,0,0,0
FM,867,225,642,2012-01-27,2023-12-16,0,0,0,31,80,39,91,94,42,94,55,69,45,49,178,0,0
FMAT,100,50,50,2016-07-05,2020-04-23,0,0,0,0,0,0,0,12,16,40,24,8,0,0,0,0,0
FMB,31,0,31,2014-05-20,2023-10-25,0,0,0,0,0,8,8,0,1,0,0,0,5,2,7,0,0
FMBH,98,0,98,2014-05-28,2023-12-13,0,0,0,0,0,1,2,9,15,22,2,5,5,15,22,0,0
FMBI,772,386,386,2010-01-13,2020-05-22,0,32,48,78,44,30,56,90,46,156,142,50,0,0,0,0,0
FMC,4188,1534,2654,2009-08-13,2023-12-16,8,61,126,166,317,261,334,398,591,804,494,257,77,123,171,0,0
FMD,236,118,118,2009-08-12,2018-10-23,2,12,28,38,36,50,44,24,0,2,0,0,0,0,0,0,0
FMER,468,234,234,2010-02-20,2016-08-16,0,52,68,84,52,42,70,100,0,0,0,0,0,0,0,0,0
FMF,65,22,43,2013-08-07,2023-09-13,0,0,0,0,6,4,9,12,16,6,2,0,0,5,5,0,0
FMI,698,349,349,2013-09-24,2019-08-07,0,0,0,0,40,44,212,92,120,188,2,0,0,0,0,0,0
FMK,104,52,52,2012-01-25,2019-11-15,0,0,0,4,0,0,0,0,30,56,14,0,0,0,0,0,0
FMLP,30,15,15,2014-06-19,2016-09-03,0,0,0,0,0,4,12,14,0,0,0,0,0,0,0,0,0
FMN,698,315,383,2010-11-12,2023-05-11,0,2,2,2,10,11,57,138,68,211,152,32,11,0,2,0,0
FMNB,409,140,269,2012-02-24,2023-12-13,0,0,0,11,7,5,25,38,29,85,64,50,20,46,29,0,0
FMO,58,29,29,2009-08-12,2020-05-01,2,10,4,0,0,0,0,0,0,10,16,16,0,0,0,0,0
FMS,1821,631,1190,2009-08-10,2023-12-07,4,46,88,100,119,89,115,124,228,381,331,98,25,33,40,0,0
FMX,1291,438,853,2010-01-11,2023-12-16,0,30,62,150,152,54,116,113,105,139,119,72,16,75,88,0,0
FMY,108,54,54,2018-08-02,2020-03-09,0,0,0,0,0,0,0,0,0,2,100,6,0,0,0,0,0
FN,2001,752,1249,2010-11-01,2023-12-14,0,4,66,64,103,89,156,288,232,305,303,101,33,98,159,0,0
FNB,1292,443,849,2009-08-07,2023-12-14,4,32,47,69,78,66,119,104,97,140,173,153,33,111,66,0,0
FNBC,194,97,97,2015-03-18,2017-05-04,0,0,0,0,0,0,28,94,72,0,0,0,0,0,0,0,0
FNCB,25,0,25,2018-05-30,2023-11-14,0,0,0,0,0,0,0,0,0,3,1,1,12,4,4,0,0
FNCL,178,53,125,2015-03-09,2023-10-27,0,0,0,0,0,0,2,2,4,23,111,1,7,15,13,0,0
FND,394,0,394,2016-04-15,2023-12-16,0,0,0,0,0,0,0,1,35,33,27,32,42,90,134,0,0
FNDA,187,48,139,2013-08-08,2023-11-27,0,0,0,0,7,12,10,13,9,26,33,34,3,19,21,0,0
FNDB,72,21,51,2013-08-08,2023-11-22,0,0,0,0,6,10,4,0,4,11,20,6,0,4,7,0,0
FNDC,93,26,67,2013-08-19,2023-11-07,0,0,0,0,7,6,19,12,4,14,11,2,0,8,10,0,0
FNDE,156,50,106,2015-06-09,2023-12-12,0,0,0,0,0,0,1,8,23,53,38,9,2,9,13,0,0
FNDF,92,46,46,2013-08-19,2020-05-14,0,0,0,0,4,4,6,2,6,6,8,56,0,0,0,0,0
FNDX,179,51,128,2013-08-08,2023-11-28,0,0,0,0,3,8,4,4,16,22,36,37,3,22,24,0,0
FNF,2350,836,1514,2010-04-01,2023-12-16,0,46,50,181,230,187,237,157,205,213,351,195,59,166,73,0,0
FNFG,1044,522,522,2009-08-13,2016-10-03,18,72,222,242,82,96,210,102,0,0,0,0,0,0,0,0,0
FNFV,86,43,43,2014-09-12,2017-10-25,0,0,0,0,0,6,30,34,16,0,0,0,0,0,0,0,0
FNGD,32,0,32,2018-02-22,2023-10-30,0,0,0,0,0,0,0,0,0,4,0,2,1,19,6,0,0
FNGO,4,0,4,2020-12-28,2023-05-23,0,0,0,0,0,0,0,0,0,0,0,1,0,1,2,0,0
FNGS,59,0,59,2020-12-03,2023-11-22,0,0,0,0,0,0,0,0,0,0,0,1,1,26,31,0,0
FNGU,48,0,48,2018-02-14,2023-12-16,0,0,0,0,0,0,0,0,0,9,1,2,1,7,28,0,0
FNHC,828,328,500,2012-11-27,2022-03-03,0,0,0,3,22,148,148,93,71,171,123,41,7,1,0,0,0
FNI,48,24,24,2009-10-29,2019-11-14,2,6,6,4,8,0,0,2,0,0,20,0,0,0,0,0,0
FNJN,744,372,372,2014-07-11,2020-06-10,0,0,0,0,0,36,108,148,94,190,112,56,0,0,0,0,0
FNK,259,34,225,2012-08-22,2023-11-30,0,0,0,4,21,30,40,25,20,27,37,9,12,21,13,0,0
FNKO,385,0,385,2017-10-20,2023-12-16,0,0,0,0,0,0,0,0,3,42,47,22,48,195,28,0,0
FNLC,259,103,156,2010-04-11,2023-10-01,0,6,4,16,7,10,30,30,21,40,53,17,6,12,7,0,0
FNRG,88,44,44,2013-03-05,2019-12-16,0,0,0,0,4,26,50,2,4,0,2,0,0,0,0,0,0
FNSR,3472,1736,1736,2009-08-07,2019-09-25,6,180,374,274,298,286,264,444,554,604,188,0,0,0,0,0,0
FNV,3469,1310,2159,2010-05-13,2023-12-16,0,2,16,79,100,139,292,440,266,441,942,514,58,74,106,0,0
FNWB,59,0,59,2015-05-19,2023-12-16,0,0,0,0,0,0,3,0,0,1,3,3,13,22,14,0,0
FNX,208,22,186,2010-02-26,2023-12-11,0,2,0,5,11,16,14,21,15,19,19,9,14,24,39,0,0
FNY,74,37,37,2012-08-22,2020-05-10,0,0,0,2,0,0,0,8,6,24,24,10,0,0,0,0,0
FOE,1228,614,614,2009-08-10,2020-05-21,4,16,78,106,288,54,140,128,112,88,176,38,0,0,0,0,0
FOF,90,23,67,2010-01-05,2021-12-13,0,4,0,1,4,3,4,2,2,18,25,16,11,0,0,0,0
FOIL,102,51,51,2011-09-21,2019-01-28,0,0,2,0,0,0,0,0,0,96,4,0,0,0,0,0,0
FOLD,2599,1087,1512,2009-10-05,2023-12-13,7,12,20,182,79,199,336,279,359,447,426,122,26,43,62,0,0
FOMX,790,395,395,2014-09-03,2020-03-09,0,0,0,0,0,42,86,92,60,186,282,42,0,0,0,0,0
FONE,90,45,45,2011-02-20,2019-05-29,0,0,36,10,6,0,6,4,4,16,8,0,0,0,0,0,0
FONR,382,176,206,2009-10-06,2023-02-13,4,12,16,48,36,22,34,32,81,55,21,9,8,3,1,0,0
FOR,907,378,529,2009-08-07,2023-11-27,58,4,24,47,43,22,68,85,79,56,258,86,15,25,37,0,0
FORD,471,216,255,2009-09-01,2023-10-20,2,8,15,36,12,36,69,46,16,168,32,17,8,2,4,0,0
FORM,1911,738,1173,2009-08-11,2023-12-01,2,28,98,183,100,195,183,194,214,215,266,132,22,40,39,0,0
FORR,744,274,470,2009-12-14,2023-12-16,2,17,32,50,63,43,61,74,53,108,97,28,32,49,35,0,0
FORTY,236,104,132,2010-03-26,2023-05-25,0,4,8,16,9,14,20,35,22,30,49,22,2,4,1,0,0
FORX,102,51,51,2013-03-14,2016-01-02,0,0,0,0,2,0,98,2,0,0,0,0,0,0,0,0,0
FOSL,4363,1812,2551,2009-12-14,2023-12-12,2,126,208,309,225,239,560,654,555,765,535,117,32,20,16,0,0
FOUR,302,0,302,2020-06-05,2023-12-16,0,0,0,0,0,0,0,0,0,0,0,16,44,64,178,0,0
FOX,1627,657,970,2013-08-07,2023-12-16,0,0,0,0,14,54,58,92,120,230,610,240,78,59,72,0,0
FOXA,7513,3363,4150,2013-07-01,2023-12-16,0,0,0,0,192,436,342,1492,1202,1932,911,390,143,189,284,0,0
FOXF,1712,856,856,2013-07-08,2020-06-05,0,0,0,0,60,314,148,106,220,434,330,100,0,0,0,0,0
FPA,16,0,16,2013-04-10,2022-01-07,0,0,0,0,2,4,2,1,2,4,0,0,0,1,0,0,0
FPAY,59,0,59,2017-09-01,2023-12-16,0,0,0,0,0,0,0,0,3,0,3,4,7,30,12,0,0
FPE,167,53,114,2013-02-12,2023-12-06,0,0,0,0,6,4,8,10,6,6,49,57,7,9,5,0,0
FPF,102,29,73,2013-07-31,2023-12-16,0,0,0,0,5,11,5,3,0,22,20,20,10,2,4,0,0
FPI,898,373,525,2011-06-16,2023-11-29,0,0,4,0,0,30,76,107,133,293,155,30,19,32,19,0,0
FPL,645,280,365,2009-08-13,2023-04-22,10,38,2,8,2,17,65,83,65,241,88,13,12,0,1,0,0
FPO,414,207,207,2010-04-27,2017-09-26,0,18,34,60,66,26,76,78,56,0,0,0,0,0,0,0,0
FPRX,1176,588,588,2013-09-04,2020-05-29,0,0,0,0,24,72,248,122,128,274,246,62,0,0,0,0,0
FPT,78,39,39,2014-06-19,2018-12-11,0,0,0,0,0,2,14,28,16,18,0,0,0,0,0,0,0
FPX,780,201,579,2009-10-16,2023-11-28,1,11,5,41,82,101,105,92,99,92,60,26,26,13,26,0,0
FPXI,128,44,84,2014-12-22,2023-05-19,0,0,0,0,0,1,19,39,32,21,6,5,2,1,2,0,0
FR,1442,538,904,2009-09-30,2023-12-13,4,26,120,98,53,96,153,116,119,172,201,105,44,49,86,0,0
FRA,562,151,411,2009-08-10,2023-06-05,2,2,2,10,14,14,38,55,58,179,147,23,13,2,3,0,0
FRAF,20,0,20,2019-10-30,2023-04-19,0,0,0,0,0,0,0,0,0,0,1,4,10,4,1,0,0
FRAK,224,112,112,2012-02-14,2020-03-25,0,0,0,60,8,6,36,18,14,42,30,10,0,0,0,0,0
FRAN,2614,1307,1307,2011-06-14,2020-06-08,0,0,60,518,274,246,240,316,198,332,348,82,0,0,0,0,0
FRBA,322,105,217,2013-07-12,2023-12-13,0,0,0,0,8,6,8,31,55,57,59,35,22,28,13,0,0
FRBK,300,118,182,2010-03-16,2023-11-01,0,10,6,12,6,7,19,33,12,55,47,46,5,29,13,0,0
FRC,1760,880,880,2010-11-24,2020-06-11,0,16,96,148,106,126,170,164,172,256,322,184,0,0,0,0,0
FRD,276,120,156,2010-11-15,2023-10-23,0,2,6,25,13,10,29,30,24,65,44,16,6,2,4,0,0
FRDM,21,0,21,2020-06-08,2023-12-07,0,0,0,0,0,0,0,0,0,0,0,4,2,10,5,0,0
FRED,2464,1232,1232,2010-02-01,2019-09-27,0,72,162,176,222,212,256,372,552,248,192,0,0,0,0,0,0
FREE,312,156,156,2009-08-10,2016-04-18,18,54,48,28,88,16,54,6,0,0,0,0,0,0,0,0,0
FREL,29,0,29,2016-05-06,2023-08-03,0,0,0,0,0,0,0,1,1,14,2,2,1,2,6,0,0
FRHC,49,0,49,2020-09-06,2023-12-05,0,0,0,0,0,0,0,0,0,0,0,7,14,19,9,0,0
FRI,223,52,171,2010-03-18,2023-04-14,0,4,3,4,7,11,23,8,31,14,113,1,2,1,1,0,0
FRM,248,124,124,2009-09-10,2016-06-10,2,8,14,32,62,44,82,4,0,0,0,0,0,0,0,0,0
FRME,751,258,493,2009-12-31,2023-12-13,2,12,12,32,46,55,70,60,63,120,111,57,23,40,48,0,0
FRN,356,178,178,2009-08-04,2019-12-11,20,50,40,36,16,16,38,32,20,62,26,0,0,0,0,0,0
FRO,3433,1428,2005,2009-08-25,2023-12-16,6,128,246,217,93,160,433,279,279,383,659,329,30,65,126,0,0
FRP,372,186,186,2009-09-28,2019-09-13,2,0,20,6,36,42,70,140,44,0,12,0,0,0,0,0,0
FRPH,181,78,103,2014-12-30,2023-02-13,0,0,0,0,0,4,14,22,20,48,38,22,7,3,3,0,0
FRPT,1242,442,800,2010-01-11,2023-12-12,0,36,70,4,0,20,216,126,53,154,173,164,58,61,107,0,0
FRS,210,105,105,2010-09-08,2018-02-09,0,4,26,44,22,14,68,22,6,4,0,0,0,0,0,0,0
FRSH,818,409,409,2014-04-28,2019-10-14,0,0,0,0,0,72,258,146,128,126,88,0,0,0,0,0,0
FRSX,35,0,35,2017-07-31,2023-12-07,0,0,0,0,0,0,0,0,2,0,7,9,15,0,2,0,0
FRT,783,0,783,2010-02-25,2023-12-12,0,1,3,8,34,40,36,43,55,53,49,68,62,157,174,0,0
FSAM,302,151,151,2014-10-29,2020-01-31,0,0,0,0,0,34,74,100,84,6,2,2,0,0,0,0,0
FSBK,134,67,67,2010-09-23,2017-10-31,0,4,8,14,12,2,20,32,42,0,0,0,0,0,0,0,0
FSBW,448,152,296,2012-08-02,2023-12-04,0,0,0,14,2,7,25,28,84,81,92,29,11,36,39,0,0
FSC,1484,742,742,2009-10-05,2017-09-07,2,30,88,62,114,94,518,406,170,0,0,0,0,0,0,0,0
FSD,97,0,97,2012-07-18,2023-07-13,0,0,0,4,10,12,11,8,18,9,5,6,10,1,3,0,0
FSFG,256,84,172,2012-11-26,2023-12-16,0,0,0,1,2,7,28,27,38,53,41,12,13,10,24,0,0
FSGI,116,58,58,2010-07-30,2015-10-09,0,6,20,18,36,6,30,0,0,0,0,0,0,0,0,0,0
FSI,682,283,399,2010-03-16,2023-11-27,0,1,12,14,9,35,115,40,13,27,336,26,2,27,25,0,0
FSIC,780,390,390,2014-04-16,2018-12-20,0,0,0,0,0,22,160,154,120,324,0,0,0,0,0,0,0
FSK,197,0,197,2019-01-22,2023-12-13,0,0,0,0,0,0,0,0,0,0,19,13,30,78,57,0,0
FSL,1164,582,582,2011-05-25,2017-01-30,0,0,134,128,156,164,554,26,2,0,0,0,0,0,0,0,0
FSLR,7657,2231,5426,2010-01-09,2023-12-16,0,26,627,891,833,576,774,937,874,494,275,314,175,308,553,0,0
FSLY,957,0,957,2019-05-16,2023-12-13,0,0,0,0,0,0,0,0,0,0,26,346,264,161,160,0,0
FSM,1114,452,662,2012-01-27,2023-11-07,0,0,0,30,25,57,108,197,76,129,287,111,34,28,32,0,0
FSMB,8662,0,8662,2023-07-21,2023-12-16,0,0,0,0,0,0,0,0,0,0,0,0,0,0,8662,0,0
FSNN,466,233,233,2010-07-26,2019-06-01,0,2,0,2,0,10,52,56,78,166,100,0,0,0,0,0,0
FSP,598,271,327,2009-09-18,2023-11-27,2,4,26,26,38,14,70,108,76,90,74,28,13,17,12,0,0
FSRV,190,95,95,2010-09-20,2015-06-17,0,4,18,34,60,40,34,0,0,0,0,0,0,0,0,0,0
FSS,1495,744,751,2010-01-19,2023-12-16,0,30,48,62,144,292,154,76,126,256,244,56,0,0,7,0,0
FSTA,831,348,483,2013-11-07,2023-12-11,0,0,0,0,3,14,133,147,124,179,149,19,8,27,28,0,0
FSTR,1248,472,776,2010-02-18,2023-11-14,0,14,61,67,148,87,312,112,57,79,135,35,9,15,117,0,0
FSV,157,0,157,2015-06-25,2023-11-28,0,0,0,0,0,0,4,20,20,19,18,12,18,22,24,0,0
FSYS,540,270,270,2009-08-17,2016-07-31,38,92,68,74,56,38,120,54,0,0,0,0,0,0,0,0,0
FSZ,131,54,77,2012-09-06,2023-03-20,0,0,0,6,4,1,9,0,16,66,18,4,1,5,1,0,0
FT,430,161,269,2009-04-27,2023-10-13,32,18,3,4,12,16,41,48,28,77,99,29,16,0,7,0,0
FTA,299,51,248,2011-07-26,2023-12-16,0,0,1,2,26,33,12,15,18,16,114,7,9,18,28,0,0
FTAG,40,0,40,2015-12-27,2023-11-24,0,0,0,0,0,0,1,25,0,4,3,0,0,3,4,0,0
FTAI,175,0,175,2015-05-14,2023-11-30,0,0,0,0,0,0,6,20,13,13,11,13,25,25,49,0,0
FTC,349,48,301,2009-08-18,2023-12-12,1,0,17,33,28,59,25,23,30,41,22,16,6,20,28,0,0
FTCS,242,51,191,2013-12-17,2023-11-15,0,0,0,0,1,12,15,7,7,20,68,61,6,20,25,0,0
FTD,632,316,316,2014-03-05,2019-06-11,0,0,0,0,0,40,82,70,108,226,106,0,0,0,0,0,0
FTDR,139,0,139,2018-10-17,2023-12-16,0,0,0,0,0,0,0,0,0,5,18,13,20,34,49,0,0
FTEC,191,0,191,2013-11-07,2023-12-07,0,0,0,0,1,1,6,14,16,21,10,16,16,35,55,0,0
FTEK,812,352,460,2009-12-03,2023-10-19,3,15,46,87,96,107,65,45,43,58,175,44,1,13,14,0,0
FTF,44,22,22,2016-10-20,2019-12-15,0,0,0,0,0,0,0,2,0,22,20,0,0,0,0,0,0
FTFT,68,0,68,2017-09-22,2023-01-17,0,0,0,0,0,0,0,0,3,0,2,9,42,11,1,0,0
FTGC,156,50,106,2013-12-17,2023-12-15,0,0,0,0,1,9,4,0,1,8,92,0,2,23,16,0,0
FTHI,159,20,139,2014-01-09,2023-09-20,0,0,0,0,0,23,15,21,24,34,10,6,9,12,5,0,0
FTHY,17,0,17,2020-08-31,2023-07-24,0,0,0,0,0,0,0,0,0,0,0,4,11,0,2,0,0
FTI,3962,1504,2458,2009-08-13,2023-12-06,2,130,216,403,356,167,368,230,286,432,642,399,84,93,154,0,0
FTK,1461,629,832,2009-08-10,2023-10-05,16,18,89,93,54,126,321,143,117,242,160,61,14,4,3,0,0
FTLB,38,19,19,2014-01-09,2019-10-22,0,0,0,0,0,4,0,4,8,14,8,0,0,0,0,0,0
FTLS,159,41,118,2014-09-18,2023-06-22,0,0,0,0,0,4,29,21,46,41,6,4,1,5,2,0,0
FTNT,4762,1534,3228,2010-06-03,2023-12-16,0,48,198,152,170,104,291,280,261,629,1309,461,108,302,449,0,0
FTR,4124,2062,2062,2009-08-13,2020-04-16,6,154,200,488,326,244,684,490,500,548,432,52,0,0,0,0,0
FTRI,7,0,7,2018-03-07,2022-03-15,0,0,0,0,0,0,0,0,0,3,2,0,0,2,0,0,0
FTS,224,0,224,2016-10-14,2023-12-12,0,0,0,0,0,0,0,5,61,20,10,14,33,36,45,0,0
FTSD,28,14,14,2013-11-07,2019-10-13,0,0,0,0,2,0,6,10,2,2,6,0,0,0,0,0,0
FTSL,164,54,110,2013-05-02,2023-10-05,0,0,0,0,11,14,10,3,3,32,61,14,2,7,7,0,0
FTSM,159,51,108,2014-08-19,2023-11-30,0,0,0,0,0,8,14,2,1,2,42,69,1,11,9,0,0
FTT,104,52,52,2013-03-11,2019-01-14,0,0,0,0,2,0,2,0,0,18,82,0,0,0,0,0,0
FTV,504,0,504,2016-07-25,2023-12-12,0,0,0,0,0,0,0,15,82,86,46,41,44,67,123,0,0
FTW,60,30,30,2012-03-02,2018-04-08,0,0,0,4,0,2,20,18,10,6,0,0,0,0,0,0,0
FTXG,183,0,183,2016-09-26,2023-10-19,0,0,0,0,0,0,0,6,54,25,9,3,8,35,43,0,0
FTXH,90,0,90,2016-09-26,2023-11-08,0,0,0,0,0,0,0,10,25,22,11,2,2,11,7,0,0
FTXL,134,0,134,2016-09-26,2023-12-16,0,0,0,0,0,0,0,4,27,29,12,3,3,21,35,0,0
FTXN,168,0,168,2016-12-29,2023-11-24,0,0,0,0,0,0,0,2,49,38,10,3,8,33,25,0,0
FTXO,149,0,149,2016-09-26,2023-11-20,0,0,0,0,0,0,0,5,36,38,13,4,4,31,18,0,0
FTXR,134,0,134,2016-09-26,2023-11-06,0,0,0,0,0,0,0,3,33,28,14,5,18,18,15,0,0
FTY,100,50,50,2019-03-24,2019-07-17,0,0,0,0,0,0,0,0,0,0,100,0,0,0,0,0,0
FUD,104,52,52,2011-07-25,2019-12-15,0,0,4,0,0,0,0,0,0,0,100,0,0,0,0,0,0
FUE,108,54,54,2011-05-07,2020-02-06,0,0,2,2,0,0,0,0,4,0,98,2,0,0,0,0,0
FUEL,442,221,221,2009-08-11,2018-03-05,4,4,10,34,64,90,128,68,38,2,0,0,0,0,0,0,0
FUL,1656,664,992,2009-09-23,2023-12-10,2,39,104,178,123,125,145,144,112,200,254,91,38,43,58,0,0
FULC,90,0,90,2019-07-17,2023-09-25,0,0,0,0,0,0,0,0,0,0,3,10,14,28,35,0,0
FULL,438,219,219,2011-05-17,2016-11-06,0,0,8,22,22,62,192,132,0,0,0,0,0,0,0,0,0
FULT,1175,411,764,2009-08-10,2023-12-16,4,34,40,77,59,64,127,100,75,174,191,55,30,76,69,0,0
FUN,2073,766,1307,2009-11-05,2023-12-16,14,41,75,138,147,88,186,199,147,274,398,143,27,97,99,0,0
FUNC,255,103,152,2010-08-06,2023-10-23,0,6,8,12,4,6,12,34,15,49,54,16,8,28,3,0,0
FUND,248,110,138,2009-08-07,2023-06-06,6,2,2,1,9,5,28,24,22,77,54,8,7,2,1,0,0
FUR,466,233,233,2009-10-15,2018-11-12,2,14,62,108,108,62,54,52,2,2,0,0,0,0,0,0,0
FUSB,52,0,52,2016-12-06,2023-09-07,0,0,0,0,0,0,0,1,3,4,1,8,17,14,4,0,0
FUSN,58,0,58,2020-06-05,2023-12-16,0,0,0,0,0,0,0,0,0,0,0,10,8,18,22,0,0
FUTS,12,6,6,2015-05-26,2016-03-21,0,0,0,0,0,0,6,6,0,0,0,0,0,0,0,0,0
FUTU,297,0,297,2019-11-22,2023-11-27,0,0,0,0,0,0,0,0,0,0,2,24,122,78,71,0,0
FUTY,221,53,168,2013-11-05,2023-12-11,0,0,0,0,2,1,6,10,3,32,89,26,0,24,28,0,0
FUV,122,0,122,2017-12-22,2023-11-24,0,0,0,0,0,0,0,0,2,5,7,28,48,25,7,0,0
FV,175,29,146,2010-07-08,2023-11-30,0,1,0,0,0,21,39,27,23,29,8,3,4,13,7,0,0
FVC,15,0,15,2016-03-21,2022-05-31,0,0,0,0,0,0,0,6,2,4,1,1,0,1,0,0,0
FVCB,56,0,56,2015-06-29,2023-12-16,0,0,0,0,0,0,1,1,4,3,2,0,7,21,17,0,0
FVD,691,211,480,2010-08-05,2023-12-08,0,6,15,7,31,20,75,81,84,77,86,120,7,30,52,0,0
FVE,550,275,275,2010-08-26,2020-05-14,0,12,56,52,30,30,62,90,26,64,102,26,0,0,0,0,0
FVL,32,16,16,2010-11-24,2019-06-03,0,2,6,6,0,0,2,4,4,4,4,0,0,0,0,0,0
FWDB,100,50,50,2011-07-11,2020-04-30,0,0,2,10,0,0,42,32,4,8,0,2,0,0,0,0,0
FWDD,100,50,50,2019-11-13,2019-12-13,0,0,0,0,0,0,0,0,0,0,100,0,0,0,0,0,0
FWDI,100,50,50,2016-12-04,2019-10-13,0,0,0,0,0,0,0,12,24,54,10,0,0,0,0,0,0
FWM,218,109,109,2013-04-04,2016-05-10,0,0,0,0,50,48,100,20,0,0,0,0,0,0,0,0,0
FWONK,128,0,128,2017-01-26,2023-08-04,0,0,0,0,0,0,0,0,17,14,9,11,7,37,33,0,0
FWP,476,238,238,2014-08-11,2020-05-15,0,0,0,0,0,28,76,46,118,148,26,34,0,0,0,0,0
FWRD,1054,382,672,2010-04-21,2023-12-12,0,28,51,100,45,60,69,104,57,204,118,51,31,77,59,0,0
FWV,30,15,15,2011-11-14,2015-10-26,0,0,2,8,2,4,14,0,0,0,0,0,0,0,0,0,0
FXA,3619,1775,1844,2009-10-06,2020-11-02,27,118,181,117,358,1162,202,11,1,4,318,1120,0,0,0,0,0
FXB,2120,1060,1060,2009-12-22,2017-06-15,2,122,64,40,318,1372,90,78,34,0,0,0,0,0,0,0,0
FXC,225,88,137,2010-02-15,2023-12-07,0,12,69,52,59,7,6,8,5,4,0,1,1,0,1,0,0
FXCB,118,59,59,2010-06-25,2016-05-25,0,4,10,18,24,10,34,18,0,0,0,0,0,0,0,0,0
FXCM,1188,594,594,2010-12-22,2017-02-21,0,4,142,112,58,74,602,156,40,0,0,0,0,0,0,0,0
FXD,1304,451,853,2009-06-18,2023-12-16,1,6,11,24,37,50,47,66,318,386,247,20,25,33,33,0,0
FXF,3471,1714,1757,2009-12-18,2023-12-07,2,65,322,103,127,421,883,244,125,361,610,206,0,1,1,0,0
FXG,1050,350,700,2009-06-18,2023-12-16,1,6,23,25,69,70,179,232,169,138,94,8,5,18,13,0,0
FXH,700,227,473,2010-02-26,2023-12-12,0,4,15,22,30,35,91,125,87,121,76,37,10,19,28,0,0
FXI,2621,807,1814,2009-05-20,2023-12-08,17,57,58,105,123,96,75,73,73,100,51,1651,47,42,53,0,0
FXL,844,312,532,2011-07-12,2023-12-12,0,0,10,17,16,38,77,109,83,286,139,14,13,16,26,0,0
FXN,1528,764,764,2010-10-25,2020-04-19,0,2,10,14,8,8,276,404,150,530,122,4,0,0,0,0,0
FXNC,27,0,27,2014-11-20,2023-12-07,0,0,0,0,0,1,0,0,0,0,3,2,8,3,10,0,0
FXO,1183,481,702,2010-05-20,2023-12-04,0,3,7,12,48,35,170,330,161,202,140,19,7,25,24,0,0
FXP,6238,3090,3148,2009-04-08,2023-08-22,14,157,148,153,82,19,1530,1675,435,1190,824,0,2,5,4,0,0
FXR,454,59,395,2010-04-21,2023-12-12,0,2,4,2,29,58,43,39,45,30,102,13,14,32,41,0,0
FXS,114,57,57,2011-05-27,2020-02-12,0,0,10,2,0,0,0,2,0,2,92,6,0,0,0,0,0
FXSG,106,53,53,2013-02-19,2019-10-20,0,0,0,0,6,0,0,0,20,52,28,0,0,0,0,0,0
FXU,340,0,340,2009-07-07,2023-11-24,1,1,1,0,35,57,76,41,46,27,16,7,6,15,11,0,0
FXY,2933,1335,1598,2009-10-15,2023-12-11,12,180,199,104,469,1636,178,74,28,28,2,2,1,11,9,0,0
FXZ,408,26,382,2010-01-02,2023-11-07,0,5,5,23,40,47,53,38,50,46,29,9,4,35,24,0,0
FYC,203,51,152,2012-08-22,2023-11-06,0,0,0,4,11,8,27,10,10,74,32,6,2,9,10,0,0
FYLD,74,27,47,2013-12-04,2022-11-21,0,0,0,0,4,11,17,15,8,7,7,0,3,2,0,0,0
FYT,151,24,127,2013-02-01,2023-10-19,0,0,0,0,23,16,20,14,8,35,10,2,4,12,7,0,0
FYX,93,0,93,2011-06-05,2023-12-11,0,0,1,1,14,4,10,4,10,7,5,0,6,16,15,0,0
G,2148,799,1349,2009-08-06,2023-12-16,101,41,95,122,88,126,106,175,136,351,286,246,52,154,69,0,0
GAA,84,31,53,2014-12-15,2023-07-13,0,0,0,0,0,1,25,13,14,10,12,7,0,1,1,0,0
GAB,466,188,278,2009-08-24,2023-12-11,1,0,4,15,7,17,29,87,57,122,74,20,10,9,14,0,0
GABC,416,208,208,2010-08-18,2020-05-12,0,8,26,10,46,54,44,28,30,80,72,18,0,0,0,0,0
GAI,78,39,39,2010-10-19,2015-12-07,0,4,6,18,4,0,46,0,0,0,0,0,0,0,0,0,0
GAIA,662,295,367,2010-10-18,2022-09-20,0,6,14,28,24,45,102,65,29,108,152,72,10,7,0,0,0
GAIN,1629,715,914,2009-07-07,2023-11-27,6,4,25,43,84,100,142,273,177,327,344,63,9,18,14,0,0
GAINL,7741,0,7741,2023-11-30,2023-12-16,0,0,0,0,0,0,0,0,0,0,0,0,0,0,7741,0,0
GAINO,8,4,4,2018-08-15,2018-09-27,0,0,0,0,0,0,0,0,0,8,0,0,0,0,0,0,0
GAL,96,48,48,2012-12-19,2019-06-25,0,0,0,2,0,6,34,24,8,16,6,0,0,0,0,0,0
GALE,1112,556,556,2011-10-25,2017-12-29,0,0,14,196,70,166,224,262,180,0,0,0,0,0,0,0,0
GALT,1363,637,726,2012-03-23,2023-09-11,0,0,0,26,60,140,135,155,232,349,187,64,8,2,5,0,0
GALTU,4,2,2,2012-09-18,2013-01-16,0,0,0,2,2,0,0,0,0,0,0,0,0,0,0,0,0
GAM,348,141,207,2009-08-10,2023-12-11,4,10,16,13,2,9,17,40,55,80,53,17,6,7,19,0,0
GAMR,51,0,51,2016-03-15,2023-11-27,0,0,0,0,0,0,0,5,7,16,6,1,6,4,6,0,0
GAN,116,0,116,2020-05-05,2023-10-20,0,0,0,0,0,0,0,0,0,0,0,34,44,25,13,0,0
GARS,576,288,288,2013-04-16,2020-04-23,0,0,0,0,12,20,102,96,64,132,140,10,0,0,0,0,0
GAS,892,446,446,2009-08-10,2019-09-16,12,70,76,82,124,152,288,78,0,4,6,0,0,0,0,0,0
GASS,100,0,100,2011-07-19,2023-12-12,0,0,1,0,5,7,5,6,11,5,4,7,13,27,9,0,0
GATX,549,0,549,2016-07-19,2023-12-12,0,0,0,0,0,0,0,13,40,131,30,15,25,173,122,0,0
GAU,27,0,27,2020-06-26,2023-12-16,0,0,0,0,0,0,0,0,0,0,0,8,2,4,13,0,0
GAZ,2670,1335,1335,2009-12-16,2020-04-24,2,94,104,180,12,26,452,954,650,10,182,4,0,0,0,0,0
GB,384,192,192,2010-02-04,2020-04-07,0,40,54,50,48,46,102,42,0,0,0,2,0,0,0,0,0
GBAB,352,137,215,2010-10-27,2023-06-04,0,4,2,3,4,4,30,46,50,99,72,21,13,2,2,0,0
GBB,3554,1777,1777,2011-05-17,2019-12-15,0,0,12,0,0,0,0,542,454,1246,1300,0,0,0,0,0,0
GBCI,1027,349,678,2009-10-01,2023-12-16,4,21,28,18,117,51,104,68,70,135,194,70,38,44,65,0,0
GBDC,1447,609,838,2010-05-25,2023-12-05,0,16,28,46,43,51,168,221,149,304,250,58,15,50,48,0,0
GBF,152,70,82,2013-06-07,2020-05-12,0,0,0,0,1,1,4,45,28,43,23,7,0,0,0,0,0
GBIM,176,88,88,2014-05-21,2017-03-23,0,0,0,0,0,22,82,68,4,0,0,0,0,0,0,0,0
GBL,652,326,326,2009-10-27,2020-05-28,2,18,30,56,120,52,88,68,24,88,58,48,0,0,0,0,0
GBLI,559,213,346,2010-07-07,2023-12-07,0,4,7,30,143,165,47,23,27,39,28,21,11,7,7,0,0
GBNK,290,145,145,2009-11-20,2019-03-22,2,2,8,14,12,18,36,48,56,88,6,0,0,0,0,0,0
GBR,622,294,328,2009-08-10,2023-07-04,4,6,4,10,2,12,38,63,37,328,95,10,7,5,1,0,0
GBSN,434,217,217,2014-08-08,2017-06-22,0,0,0,0,0,18,170,218,28,0,0,0,0,0,0,0,0
GBUY,23,0,23,2020-07-28,2023-12-06,0,0,0,0,0,0,0,0,0,0,0,1,3,14,5,0,0
GBX,3024,1233,1791,2009-08-12,2023-12-16,2,50,77,240,184,319,430,345,342,340,390,105,33,54,113,0,0
GCA,344,172,172,2009-08-10,2015-08-24,6,22,48,68,44,72,84,0,0,0,0,0,0,0,0,0,0
GCAP,1136,568,568,2010-12-15,2020-06-09,0,6,28,30,102,100,148,70,142,210,146,154,0,0,0,0,0
GCBC,251,84,167,2011-01-20,2023-11-15,0,0,13,6,3,5,26,27,49,42,32,13,17,9,9,0,0
GCC,3613,1763,1850,2009-07-27,2023-11-06,5,18,19,5,3,8,8,12,7,2,0,3482,16,23,5,0,0
GCE,94,47,47,2012-11-01,2020-03-16,0,0,0,2,0,0,4,8,8,38,30,4,0,0,0,0,0
GCH,112,56,56,2011-10-12,2018-12-17,0,0,4,0,2,4,0,2,0,100,0,0,0,0,0,0,0
GCI,4301,1797,2504,2009-09-29,2023-12-13,27,207,296,521,448,353,514,649,204,316,500,178,28,23,37,0,0
GCO,2531,1052,1479,2009-12-23,2023-12-15,2,47,164,204,117,221,250,225,282,302,420,168,24,61,44,0,0
GCV,61,23,38,2011-05-18,2023-05-19,0,0,2,1,1,4,3,3,1,22,19,4,0,0,1,0,0
GCVRZ,36,18,18,2011-04-05,2019-09-02,0,0,4,0,0,2,12,0,12,2,4,0,0,0,0,0,0
GD,2638,1319,1319,2009-08-10,2020-06-11,12,274,468,294,170,194,186,160,222,260,166,232,0,0,0,0,0
GDAY,102,51,51,2013-06-07,2015-06-22,0,0,0,0,2,0,100,0,0,0,0,0,0,0,0,0,0
GDDY,579,0,579,2015-03-19,2023-12-16,0,0,0,0,0,0,30,58,53,65,44,43,56,73,157,0,0
GDEF,12,6,6,2013-10-25,2015-11-26,0,0,0,0,2,0,10,0,0,0,0,0,0,0,0,0,0
GDEN,116,0,116,2015-12-22,2023-10-24,0,0,0,0,0,0,1,1,8,15,10,4,7,43,27,0,0
GDF,62,31,31,2012-01-25,2019-08-16,0,0,0,2,0,0,10,36,6,6,2,0,0,0,0,0,0
GDL,231,97,134,2009-08-17,2023-05-19,2,4,4,0,2,11,17,15,39,75,43,13,5,0,1,0,0
GDMA,8680,0,8680,2023-07-21,2023-12-16,0,0,0,0,0,0,0,0,0,0,0,0,0,0,8680,0,0
GDO,54,27,27,2010-07-22,2020-03-19,0,2,0,0,0,0,0,0,0,26,22,4,0,0,0,0,0
GDOT,2367,1180,1187,2010-09-07,2023-12-16,0,26,116,246,188,192,250,178,220,284,416,244,0,0,7,0,0
GDP,1494,747,747,2010-09-27,2020-05-07,0,2,24,190,132,184,316,30,32,80,94,410,0,0,0,0,0
GDS,253,0,253,2016-10-04,2023-12-15,0,0,0,0,0,0,0,7,15,35,17,25,48,69,37,0,0
GDV,382,105,277,2010-02-23,2023-12-01,0,3,5,15,23,19,23,29,37,81,66,32,24,7,18,0,0
GDVD,26,0,26,2017-05-10,2022-05-04,0,0,0,0,0,0,0,0,10,11,1,3,0,1,0,0,0
GDX,4515,773,3742,2009-08-14,2023-12-12,107,532,471,237,382,357,379,663,544,294,181,134,68,67,99,0,0
GDXJ,4202,2101,2101,2010-02-16,2020-06-09,0,290,262,350,128,82,356,656,406,558,822,292,0,0,0,0,0
GDYN,85,0,85,2020-09-28,2023-11-02,0,0,0,0,0,0,0,0,0,0,0,2,11,36,36,0,0
GE,8680,0,8680,2012-04-20,2023-12-16,0,0,0,251,396,543,671,830,1312,1177,686,808,677,586,743,0,0
GECC,42,0,42,2016-12-27,2023-11-06,0,0,0,0,0,0,0,2,7,7,3,0,0,9,14,0,0
GECCM,8268,0,8268,2023-11-30,2023-12-16,0,0,0,0,0,0,0,0,0,0,0,0,0,0,8268,0,0
GEF,2207,717,1490,2010-04-21,2023-12-15,0,18,99,199,107,97,252,189,183,221,260,101,37,331,113,0,0
GEF.B,58,29,29,2011-08-30,2020-06-02,0,0,2,0,0,0,8,6,2,0,16,24,0,0,0,0,0
GEL,1646,655,991,2009-12-29,2023-12-04,2,21,66,149,84,56,191,248,207,190,190,159,27,18,38,0,0
GEM,28,0,28,2015-10-13,2023-06-06,0,0,0,0,0,0,3,4,1,3,8,2,4,1,2,0,0
GEN,189,0,189,2011-05-10,2023-12-13,0,0,5,15,0,0,9,18,15,13,9,10,3,10,82,0,0
GENC,86,0,86,2011-08-29,2023-12-15,0,0,1,2,1,1,0,0,2,3,0,5,13,13,45,0,0
GENE,990,465,525,2010-06-24,2023-12-04,0,2,79,99,44,38,233,65,26,127,135,130,7,3,2,0,0
GEO,2616,1024,1592,2009-10-20,2023-12-04,4,31,58,108,96,236,111,578,308,302,392,133,78,101,80,0,0
GEOS,464,187,277,2012-10-05,2023-10-04,0,0,0,35,60,52,102,40,32,59,45,19,7,6,7,0,0
GEQ,24,12,12,2016-06-27,2019-01-31,0,0,0,0,0,0,0,4,14,4,2,0,0,0,0,0,0
GER,510,255,255,2014-10-20,2020-06-08,0,0,0,0,0,10,66,98,42,170,88,36,0,0,0,0,0
GERM,18,0,18,2020-06-29,2023-08-29,0,0,0,0,0,0,0,0,0,0,0,5,4,5,4,0,0
GERN,2860,1101,1759,2009-10-02,2023-12-12,18,93,96,174,128,226,278,297,191,769,262,174,14,64,76,0,0
GES,1233,0,1233,2010-03-19,2023-12-13,0,16,19,56,51,60,107,78,148,195,73,57,65,106,202,0,0
GEUR,62,31,31,2015-07-10,2019-07-23,0,0,0,0,0,0,2,0,0,0,60,0,0,0,0,0,0
GEVA,452,226,226,2011-12-01,2016-09-21,0,0,12,92,98,86,162,2,0,0,0,0,0,0,0,0,0
GEVO,2051,845,1206,2011-02-09,2023-12-12,0,0,91,128,150,63,309,196,142,386,284,78,97,71,56,0,0
GEX,160,80,80,2010-01-26,2019-06-27,0,4,22,4,24,4,0,0,0,78,24,0,0,0,0,0,0
GF,1192,584,608,2010-04-14,2023-11-28,0,3,6,0,2,4,105,238,161,453,189,24,3,2,2,0,0
GFA,442,221,221,2009-09-02,2018-11-28,30,78,72,48,42,76,24,16,22,34,0,0,0,0,0,0,0
GFED,188,94,94,2011-04-20,2020-04-27,0,0,8,6,8,12,18,32,18,26,38,22,0,0,0,0,0
GFF,1122,337,785,2010-01-08,2023-12-13,0,18,27,16,41,32,67,53,60,158,223,105,40,153,129,0,0
GFI,2843,1130,1713,2009-09-02,2023-12-11,19,111,112,227,272,150,305,384,158,252,363,263,32,67,128,0,0
GFIG,416,208,208,2009-09-28,2015-12-09,2,18,38,46,30,94,188,0,0,0,0,0,0,0,0,0,0
GFL,106,0,106,2020-08-18,2023-12-01,0,0,0,0,0,0,0,0,0,0,0,6,29,29,42,0,0
GFNCP,28,14,14,2017-04-14,2019-10-11,0,0,0,0,0,0,0,0,4,12,12,0,0,0,0,0,0
GFNSL,2,1,1,2018-09-27,2018-09-27,0,0,0,0,0,0,0,0,0,2,0,0,0,0,0,0,0
GFY,50,25,25,2018-07-20,2020-03-25,0,0,0,0,0,0,0,0,0,22,20,8,0,0,0,0,0
GG,3818,1909,1909,2011-03-29,2019-10-23,0,0,208,128,200,270,842,970,430,458,312,0,0,0,0,0,0
GGAC,12,6,6,2015-07-17,2016-06-17,0,0,0,0,0,0,6,6,0,0,0,0,0,0,0,0,0
GGAL,266,0,266,2010-10-20,2023-12-15,0,1,3,3,26,19,41,37,37,21,21,12,12,10,23,0,0
GGB,1520,550,970,2010-01-28,2023-11-27,0,87,115,83,106,83,148,131,118,207,168,113,29,77,55,0,0
GGBP,42,21,21,2014-02-18,2015-01-29,0,0,0,0,0,6,36,0,0,0,0,0,0,0,0,0,0
GGE,38,19,19,2011-08-01,2019-01-31,0,0,2,2,2,0,2,6,18,4,2,0,0,0,0,0,0
GGG,2747,952,1795,2009-10-05,2023-12-16,4,33,74,175,237,175,365,208,320,414,195,228,64,84,171,0,0
GGM,1234,617,617,2015-04-10,2020-05-01,0,0,0,0,0,0,196,260,174,372,220,12,0,0,0,0,0
GGN,154,25,129,2010-03-01,2023-12-13,0,7,6,3,10,9,11,12,10,35,30,4,11,4,2,0,0
GGOV,104,52,52,2016-02-26,2017-03-23,0,0,0,0,0,0,0,26,78,0,0,0,0,0,0,0,0
GGP,2658,1329,1329,2010-02-16,2018-09-19,0,212,208,342,160,236,390,352,374,384,0,0,0,0,0,0,0
GGT,194,97,97,2011-03-21,2020-05-14,0,0,2,2,0,0,4,24,16,98,38,10,0,0,0,0,0
GGZ,76,38,38,2017-12-07,2020-05-14,0,0,0,0,0,0,0,0,10,38,22,6,0,0,0,0,0
GHC,670,254,416,2014-01-23,2023-12-05,0,0,0,0,0,81,144,87,60,115,81,37,30,15,20,0,0
GHDX,1680,840,840,2010-01-08,2020-02-12,0,72,106,254,108,128,110,94,86,460,260,2,0,0,0,0,0
GHG,59,0,59,2010-03-05,2023-12-07,0,1,0,0,0,0,0,0,0,9,10,11,17,6,5,0,0
GHI,104,52,52,2012-09-14,2019-01-02,0,0,0,4,0,0,0,0,0,96,4,0,0,0,0,0,0
GHL,922,461,461,2009-08-27,2020-05-28,8,48,66,62,50,40,86,110,96,162,130,64,0,0,0,0,0
GHM,798,399,399,2010-05-21,2020-06-10,0,4,24,40,154,36,122,56,50,98,176,38,0,0,0,0,0
GHSI,42,0,42,2019-06-04,2023-07-07,0,0,0,0,0,0,0,0,0,0,11,10,13,4,4,0,0
GHY,534,245,289,2013-02-14,2023-06-02,0,0,0,0,9,14,46,129,42,145,110,27,11,0,1,0,0
GIB,1244,622,622,2009-11-27,2020-05-22,2,58,94,108,76,86,120,136,154,112,222,76,0,0,0,0,0
GIFI,374,187,187,2010-01-14,2020-05-19,0,10,20,22,18,10,40,50,26,84,72,22,0,0,0,0,0
GIG,512,256,256,2012-05-01,2019-11-25,0,0,0,22,22,92,192,120,44,2,18,0,0,0,0,0,0
GIGA,320,160,160,2009-10-09,2020-03-23,2,2,8,30,14,16,72,50,52,26,40,8,0,0,0,0,0
GIGM,368,184,184,2009-11-12,2020-06-09,16,44,28,24,20,24,48,30,36,52,20,26,0,0,0,0,0
GII,173,55,118,2009-07-07,2023-03-15,1,3,0,0,17,9,8,26,27,48,16,9,6,2,1,0,0
GIII,4751,1742,3009,2009-12-03,2023-12-16,10,79,178,157,309,410,679,372,514,704,583,261,55,217,223,0,0
GIL,2140,834,1306,2009-08-13,2023-12-16,12,25,93,183,142,169,201,132,336,229,247,158,17,140,56,0,0
GILD,17350,4974,12376,2009-09-11,2023-12-16,25,290,396,422,645,1435,1652,1469,1358,2632,2423,3171,399,535,498,0,0
GILT,562,240,322,2010-06-08,2023-12-11,0,8,32,18,40,20,87,38,59,73,87,65,16,12,7,0,0
GIM,168,54,114,2012-04-04,2023-10-12,0,0,0,3,9,14,2,2,4,3,92,18,13,1,7,0,0
GIMO,1068,534,534,2013-05-29,2017-12-27,0,0,0,0,88,166,212,356,246,0,0,0,0,0,0,0,0
GIS,5492,1425,4067,2009-08-07,2023-12-16,50,281,420,328,383,440,335,529,482,506,416,296,143,416,467,0,0
GIVE,54,27,27,2012-04-19,2018-12-31,0,0,0,10,0,2,16,12,4,10,0,0,0,0,0,0,0
GJO,39,11,28,2012-06-10,2019-11-27,0,0,0,3,0,2,7,7,0,2,18,0,0,0,0,0,0
GJP,17,0,17,2012-12-10,2016-10-11,0,0,0,1,0,2,7,7,0,0,0,0,0,0,0,0,0
GJR,2,1,1,2018-12-26,2018-12-26,0,0,0,0,0,0,0,0,0,2,0,0,0,0,0,0,0
GJS,23,1,22,2012-09-02,2022-04-04,0,0,0,2,0,3,7,4,0,0,0,3,1,3,0,0,0
GJT,18,1,17,2014-09-25,2019-08-14,0,0,0,0,0,2,7,7,0,0,2,0,0,0,0,0,0
GJV,2,1,1,2011-10-03,2011-10-03,0,0,2,0,0,0,0,0,0,0,0,0,0,0,0,0,0
GK,56,28,28,2013-01-29,2017-06-05,0,0,0,0,8,14,2,4,28,0,0,0,0,0,0,0,0
GKNT,344,172,172,2010-08-25,2016-01-07,0,4,6,48,58,120,106,2,0,0,0,0,0,0,0,0,0
GKOS,416,0,416,2015-06-15,2023-12-16,0,0,0,0,0,0,9,72,114,17,20,11,28,68,77,0,0
GL,250,0,250,2019-08-19,2023-12-16,0,0,0,0,0,0,0,0,0,0,6,37,52,50,105,0,0
GLAD,990,495,495,2010-10-28,2020-05-04,0,2,30,34,34,32,168,182,118,168,190,32,0,0,0,0,0
GLADO,10,5,5,2017-04-11,2017-11-20,0,0,0,0,0,0,0,0,10,0,0,0,0,0,0,0,0
GLBS,1042,504,538,2011-05-18,2023-09-14,0,0,8,36,11,18,34,128,188,169,335,107,3,1,4,0,0
GLBZ,184,76,108,2010-09-10,2023-10-20,0,6,2,3,3,6,23,24,19,43,35,9,6,2,3,0,0
GLD,10574,2236,8338,2009-04-14,2023-12-16,34,299,1012,762,1528,1227,512,1087,835,498,567,638,367,346,862,0,0
GLDC,98,49,49,2010-07-22,2017-12-28,0,6,4,2,10,8,28,38,2,0,0,0,0,0,0,0,0
GLDD,207,0,207,2011-02-16,2023-12-05,0,0,4,2,13,13,16,7,3,38,62,5,13,16,15,0,0
GLDI,140,50,90,2013-01-31,2023-03-20,0,0,0,0,16,10,8,2,0,0,98,2,0,3,1,0,0
GLDM,89,0,89,2018-07-02,2023-12-15,0,0,0,0,0,0,0,0,0,5,7,11,3,25,38,0,0
GLDX,116,58,58,2011-09-06,2017-03-16,0,0,2,4,8,2,0,0,100,0,0,0,0,0,0,0,0
GLF,752,376,376,2010-02-26,2018-11-20,0,14,38,60,164,54,158,136,54,74,0,0,0,0,0,0,0
GLIN,29,0,29,2020-10-21,2023-12-12,0,0,0,0,0,0,0,0,0,0,0,1,8,5,15,0,0
GLL,1940,949,991,2009-04-14,2023-10-24,10,63,38,6,12,1,2,9,3,477,1307,3,2,4,3,0,0
GLMD,830,415,415,2014-03-13,2020-05-22,0,0,0,0,0,44,108,88,46,358,128,58,0,0,0,0,0
GLNG,2317,896,1421,2009-12-23,2023-12-16,4,10,105,141,73,166,262,288,175,300,362,179,28,131,93,0,0
GLO,120,0,120,2012-10-22,2023-04-11,0,0,0,1,2,8,10,8,14,8,3,14,32,18,2,0,0
GLOB,844,422,422,2014-07-07,2020-06-03,0,0,0,0,0,28,126,92,68,196,210,124,0,0,0,0,0
GLOG,1398,699,699,2011-06-21,2020-06-09,0,0,2,72,26,296,140,148,108,206,280,120,0,0,0,0,0
GLOP,908,454,454,2014-04-07,2020-05-15,0,0,0,0,0,62,78,126,116,252,236,38,0,0,0,0,0
GLP,1018,509,509,2009-08-10,2020-05-08,2,18,50,52,82,106,198,122,104,134,108,42,0,0,0,0,0
GLPI,426,0,426,2013-11-04,2023-12-16,0,0,0,0,1,14,20,58,54,46,25,51,46,45,66,0,0
GLPW,210,105,105,2011-02-11,2018-05-22,0,0,14,36,18,26,66,12,18,20,0,0,0,0,0,0,0
GLQ,158,42,116,2013-01-14,2023-04-11,0,0,0,0,6,9,12,10,9,26,57,11,16,0,2,0,0
GLRE,1724,862,862,2010-04-15,2020-06-02,0,8,28,66,44,98,284,418,134,396,220,28,0,0,0,0,0
GLRI,86,43,43,2014-07-17,2019-12-23,0,0,0,0,0,14,40,28,0,0,4,0,0,0,0,0,0
GLT,941,381,560,2010-06-14,2023-12-16,0,14,52,58,111,74,67,85,60,197,133,40,19,18,13,0,0
GLTR,1132,538,594,2010-10-21,2023-11-26,0,56,44,18,11,7,46,120,109,422,276,5,10,5,3,0,0
GLU,185,58,127,2010-09-17,2021-12-08,0,2,2,1,9,12,12,27,11,58,34,6,11,0,0,0,0
GLUU,2832,1416,1416,2010-02-10,2020-06-10,0,8,188,248,130,352,470,338,214,296,428,160,0,0,0,0,0
GLV,90,45,45,2011-01-07,2020-05-29,0,0,2,0,2,2,2,0,0,22,54,6,0,0,0,0,0
GLW,1368,0,1368,2010-04-15,2023-12-16,0,18,20,43,57,104,110,115,198,140,94,73,106,128,162,0,0
GLYC,827,353,474,2013-10-07,2023-09-26,0,0,0,0,6,56,55,104,171,194,174,42,10,11,4,0,0
GM,129,10,119,2020-06-05,2023-12-16,0,0,0,0,0,0,0,0,0,0,0,20,0,0,109,0,0
GM.B,2,1,1,2012-07-13,2012-07-13,0,0,0,2,0,0,0,0,0,0,0,0,0,0,0,0,0
GMAB,158,0,158,2019-07-09,2023-12-07,0,0,0,0,0,0,0,0,0,0,5,44,14,45,50,0,0
GMAN,638,319,319,2011-03-22,2019-10-15,0,0,60,92,114,50,206,98,12,0,6,0,0,0,0,0,0
GMBL,57,0,57,2020-04-14,2023-06-01,0,0,0,0,0,0,0,0,0,0,0,12,23,18,4,0,0
GMCR,7338,3669,3669,2009-05-27,2018-07-10,26,274,890,1662,1370,1442,1524,136,8,6,0,0,0,0,0,0,0
GMDA,98,0,98,2019-03-19,2023-09-28,0,0,0,0,0,0,0,0,0,0,4,17,12,41,24,0,0
GME,11872,3637,8235,2009-10-27,2023-12-15,20,322,467,773,923,768,1072,962,807,901,1234,532,2055,675,361,0,0
GMED,1141,567,574,2012-08-03,2023-12-12,0,0,0,64,62,86,136,120,94,220,248,104,0,0,7,0,0
GMF,146,52,94,2010-05-19,2023-06-22,0,2,5,5,2,4,7,3,11,58,34,12,0,0,3,0,0
GMFS,10,5,5,2012-01-19,2015-04-29,0,0,0,4,2,0,4,0,0,0,0,0,0,0,0,0,0
GMK,118,59,59,2011-07-25,2015-09-07,0,0,2,4,4,56,52,0,0,0,0,0,0,0,0,0,0
GMLP,1404,702,702,2011-03-30,2020-06-09,0,0,28,52,34,30,234,240,176,328,178,104,0,0,0,0,0
GMM,66,33,33,2012-12-05,2018-02-07,0,0,0,2,2,0,0,0,50,12,0,0,0,0,0,0,0
GMMB,20,10,10,2013-06-04,2017-03-21,0,0,0,0,2,0,4,6,8,0,0,0,0,0,0,0,0
GMO,560,280,280,2009-08-06,2020-05-05,2,48,96,60,46,100,36,14,14,30,88,26,0,0,0,0,0
GMOM,77,31,46,2014-11-05,2022-09-30,0,0,0,0,0,3,25,18,5,15,9,0,0,2,0,0,0
GMRE,104,0,104,2016-06-29,2023-12-11,0,0,0,0,0,0,0,6,13,8,14,7,14,25,17,0,0
GMS,305,0,305,2015-07-28,2023-12-15,0,0,0,0,0,0,1,8,18,82,20,9,34,66,67,0,0
GMT,612,306,306,2009-09-15,2016-07-01,2,46,50,108,100,128,120,58,0,0,0,0,0,0,0,0,0
GMTB,18,9,9,2012-10-26,2016-10-14,0,0,0,2,0,0,8,8,0,0,0,0,0,0,0,0,0
GMZ,464,232,232,2015-05-19,2020-06-08,0,0,0,0,0,0,56,86,44,162,74,42,0,0,0,0,0
GNBC,280,140,140,2014-08-04,2019-05-10,0,0,0,0,0,24,46,46,44,116,4,0,0,0,0,0,0
GNC,3188,1594,1594,2011-03-31,2020-06-10,0,0,112,670,218,224,272,408,494,462,236,92,0,0,0,0,0
GNCA,1107,515,592,2013-12-23,2022-04-11,0,0,0,0,3,66,164,134,153,169,313,98,6,1,0,0,0
GNCMA,280,140,140,2010-03-17,2018-03-02,0,8,16,26,22,52,62,68,22,4,0,0,0,0,0,0,0
GNE,639,275,364,2011-12-14,2023-12-07,0,0,1,27,13,39,86,100,88,118,117,17,13,13,7,0,0
GNFT,54,0,54,2019-09-21,2023-12-08,0,0,0,0,0,0,0,0,0,0,4,22,14,6,8,0,0
GNI,110,55,55,2009-11-30,2016-06-07,4,16,10,6,0,30,30,14,0,0,0,0,0,0,0,0,0
GNK,251,0,251,2009-10-22,2023-12-11,1,2,3,10,10,17,3,16,22,11,10,8,20,85,33,0,0
GNL,293,0,293,2015-07-02,2023-11-21,0,0,0,0,0,0,6,14,53,42,31,16,26,48,57,0,0
GNLN,43,0,43,2019-05-26,2023-06-29,0,0,0,0,0,0,0,0,0,0,12,2,9,15,5,0,0
GNMA,141,54,87,2012-02-17,2020-03-27,0,0,0,7,5,10,9,1,3,4,101,1,0,0,0,0,0
GNMK,882,441,441,2010-07-12,2020-05-28,0,2,10,40,54,10,92,78,70,116,100,310,0,0,0,0,0
GNOM,19,0,19,2019-08-05,2023-12-08,0,0,0,0,0,0,0,0,0,0,1,3,4,4,7,0,0
GNPX,30,0,30,2019-10-11,2023-11-14,0,0,0,0,0,0,0,0,0,0,1,9,2,11,7,0,0
GNR,117,0,117,2012-10-05,2023-12-13,0,0,0,2,2,8,12,7,10,9,6,1,6,20,34,0,0
GNRC,2521,901,1620,2010-02-11,2023-12-12,0,7,55,356,310,184,156,121,110,294,279,166,88,178,217,0,0
GNRS,6,0,6,2021-03-15,2021-08-31,0,0,0,0,0,0,0,0,0,0,0,0,6,0,0,0,0
GNRSW,1,0,1,2020-11-02,2020-11-02,0,0,0,0,0,0,0,0,0,0,0,1,0,0,0,0,0
GNSS,67,0,67,2011-01-11,2023-12-07,0,0,1,0,2,1,0,4,0,2,1,5,14,17,20,0,0
GNT,74,0,74,2012-12-10,2023-10-13,0,0,0,1,9,8,10,10,1,6,4,4,13,4,4,0,0
GNTX,2683,1012,1671,2009-10-21,2023-12-12,6,41,66,83,199,474,165,246,222,386,413,161,51,55,115,0,0
GNTY,97,0,97,2017-05-01,2023-11-15,0,0,0,0,0,0,0,0,6,5,4,13,15,22,32,0,0
GNVC,342,171,171,2010-01-19,2017-02-09,0,46,16,28,46,22,60,62,62,0,0,0,0,0,0,0,0
GNW,2746,1373,1373,2009-08-28,2020-06-08,22,166,336,260,282,208,314,228,146,306,370,108,0,0,0,0,0
GOAU,28,0,28,2017-06-29,2023-10-18,0,0,0,0,0,0,0,0,1,3,4,0,6,8,6,0,0
GOEX,23,0,23,2017-03-29,2023-07-17,0,0,0,0,0,0,0,0,5,1,1,2,3,10,1,0,0
GOF,204,57,147,2012-01-25,2023-12-11,0,0,0,5,4,3,11,9,12,19,99,19,11,1,11,0,0
GOGL,259,0,259,2015-04-01,2023-12-13,0,0,0,0,0,0,9,18,23,20,11,8,27,94,49,0,0
GOGO,1683,607,1076,2011-12-23,2023-11-20,0,0,2,0,95,118,162,186,148,377,349,70,41,91,44,0,0
GOL,3322,1281,2041,2010-01-18,2023-12-08,0,97,195,203,167,194,266,260,408,489,586,297,24,59,77,0,0
GOLD,6551,2630,3921,2009-07-27,2023-12-13,60,298,497,497,332,216,493,751,214,386,1414,745,175,214,259,0,0
GOLF,232,0,232,2012-02-17,2023-12-16,0,0,0,3,0,0,0,5,23,36,16,11,24,47,67,0,0
GOMO,198,99,99,2013-11-22,2016-04-12,0,0,0,0,20,98,78,2,0,0,0,0,0,0,0,0,0
GOOD,298,0,298,2012-12-13,2023-12-13,0,0,0,1,17,45,21,24,20,16,10,14,23,56,51,0,0
GOODN,7,3,4,2019-10-14,2022-02-18,0,0,0,0,0,0,0,0,0,0,6,0,0,1,0,0,0
GOODO,30,15,15,2018-07-11,2019-10-17,0,0,0,0,0,0,0,0,0,18,12,0,0,0,0,0,0
GOODP,30,15,15,2018-07-11,2019-10-17,0,0,0,0,0,0,0,0,0,14,16,0,0,0,0,0,0
GOOG,11134,1204,9930,2018-11-13,2023-12-16,0,0,0,0,0,0,0,0,0,94,2854,2525,1472,1878,2311,0,0
GOOGL,3508,1754,1754,2018-07-25,2020-06-10,0,0,0,0,0,0,0,0,0,596,1534,1378,0,0,0,0,0
GORO,966,483,483,2010-09-14,2020-05-28,0,6,74,60,34,54,148,174,70,134,174,38,0,0,0,0,0
GOV,1236,618,618,2010-01-14,2018-12-28,0,12,32,46,16,50,282,308,142,348,0,0,0,0,0,0,0
GOVT,102,51,51,2015-12-06,2020-05-15,0,0,0,0,0,0,2,0,0,0,84,16,0,0,0,0,0
GPC,2777,1385,1392,2009-12-30,2023-12-12,2,56,166,254,164,230,322,304,230,446,462,134,0,0,7,0,0
GPI,1679,836,843,2009-08-07,2023-12-16,6,32,64,184,124,100,164,132,112,262,364,128,0,0,7,0,0
GPIC,174,87,87,2010-08-17,2019-06-11,0,8,16,14,14,12,8,12,6,62,22,0,0,0,0,0,0
GPJA,6,0,6,2021-06-21,2023-08-31,0,0,0,0,0,0,0,0,0,0,0,0,2,1,3,0,0
GPK,1362,681,681,2010-06-10,2020-05-29,0,22,64,56,168,192,80,100,98,206,230,146,0,0,0,0,0
GPL,702,351,351,2011-02-07,2020-06-03,0,0,52,38,2,20,76,174,38,104,128,70,0,0,0,0,0
GPM,114,57,57,2017-03-01,2020-05-11,0,0,0,0,0,0,0,0,20,42,36,16,0,0,0,0,0
GPMT,113,0,113,2017-06-15,2023-12-06,0,0,0,0,0,0,0,0,8,11,17,21,16,21,19,0,0
GPN,4548,1763,2785,2009-10-01,2023-12-12,6,82,153,290,292,322,629,304,285,414,886,464,99,142,180,0,0
GPOR,2807,1180,1627,2009-08-25,2023-12-06,2,31,111,214,171,153,270,293,238,370,596,257,10,36,55,0,0
GPP,68,0,68,2015-06-16,2023-10-05,0,0,0,0,0,0,4,21,7,10,7,10,2,1,6,0,0
GPRE,1546,773,773,2009-08-10,2020-05-21,8,52,50,62,60,172,196,156,136,302,272,80,0,0,0,0,0
GPRK,772,270,502,2014-01-21,2023-12-16,0,0,0,0,0,32,76,58,80,222,121,59,17,66,41,0,0
GPRO,6649,2312,4337,2011-05-04,2023-12-12,0,0,3,19,0,756,1897,1662,1011,517,325,202,92,103,62,0,0
GPS,6192,3096,3096,2009-08-07,2020-06-11,72,402,498,358,362,444,434,574,796,830,962,460,0,0,0,0,0
GPT,952,476,476,2013-06-20,2019-03-06,0,0,0,0,30,86,258,230,134,210,4,0,0,0,0,0,0
GPX,610,305,305,2010-09-28,2020-05-21,0,6,36,46,12,94,60,58,60,80,80,78,0,0,0,0,0
GQRE,72,36,36,2013-11-12,2019-12-15,0,0,0,0,2,0,8,6,16,6,34,0,0,0,0,0,0
GRAM,407,170,237,2013-07-08,2023-02-22,0,0,0,0,14,61,133,64,76,28,23,7,0,0,1,0,0
GRBK,708,261,447,2014-10-29,2023-11-13,0,0,0,0,0,11,71,77,34,167,136,75,39,49,49,0,0
GRC,744,372,372,2009-08-10,2020-04-24,6,20,14,38,132,170,94,62,32,78,70,28,0,0,0,0,0
GREK,5104,2468,2636,2011-12-06,2023-12-12,0,0,10,147,189,184,3712,297,182,208,143,21,2,3,6,0,0
GRES,72,36,36,2010-03-11,2019-07-17,0,4,2,2,0,0,2,10,6,28,18,0,0,0,0,0,0
GRF,158,72,86,2012-01-23,2023-01-19,0,0,0,23,8,5,3,16,4,50,45,1,2,0,1,0,0
GRFS,1035,407,628,2011-09-23,2023-12-11,0,0,4,19,102,177,45,65,114,143,174,144,9,11,28,0,0
GRH,174,87,87,2009-08-17,2018-10-22,4,2,22,42,26,22,34,14,4,4,0,0,0,0,0,0,0
GRI,102,51,51,2011-11-21,2019-12-11,0,0,2,0,0,0,0,0,0,30,70,0,0,0,0,0,0
GRID,167,26,141,2009-11-18,2023-11-22,1,6,7,7,14,21,15,13,14,19,8,9,8,8,17,0,0
GRIF,254,127,127,2010-09-16,2020-05-07,0,4,8,22,10,18,26,26,34,36,42,28,0,0,0,0,0
GRIN,95,0,95,2010-05-04,2023-10-19,0,1,0,0,0,0,0,0,0,1,1,4,8,74,6,0,0
GRMN,5276,1956,3320,2009-08-16,2023-12-16,28,160,212,383,268,512,754,631,454,554,575,320,102,156,167,0,0
GRN,59,23,36,2009-11-04,2023-09-25,4,0,4,4,8,0,2,2,2,0,20,0,3,3,7,0,0
GRNQ,35,0,35,2020-05-22,2023-06-21,0,0,0,0,0,0,0,0,0,0,0,17,16,1,1,0,0
GRO,196,98,98,2009-11-24,2017-08-28,2,14,28,18,18,20,44,50,2,0,0,0,0,0,0,0,0
GROW,108,0,108,2010-09-20,2023-07-11,0,1,0,2,8,11,11,10,11,11,4,8,17,7,7,0,0
GRP-U,8466,0,8466,2023-11-30,2023-12-16,0,0,0,0,0,0,0,0,0,0,0,0,0,0,8466,0,0
GRPN,9878,4192,5686,2011-06-02,2023-11-10,0,0,461,2518,1237,965,1310,1001,680,743,448,351,55,51,58,0,0
GRR,62,31,31,2011-10-12,2018-10-25,0,0,2,0,2,4,2,10,10,32,0,0,0,0,0,0,0
GRT,246,123,123,2009-09-29,2016-05-06,10,22,48,52,46,56,10,2,0,0,0,0,0,0,0,0,0
GRU,104,52,52,2012-08-20,2019-12-12,0,0,0,2,0,0,2,0,0,0,100,0,0,0,0,0,0
GRUB,4730,2365,2365,2014-03-24,2020-06-11,0,0,0,0,0,292,666,726,640,732,1160,514,0,0,0,0,0
GRVY,566,228,338,2010-12-28,2023-11-04,0,2,5,30,3,7,18,64,120,132,128,22,12,12,11,0,0
GRWN,100,50,50,2017-12-26,2018-12-31,0,0,0,0,0,0,0,0,2,98,0,0,0,0,0,0,0
GRX,388,179,209,2009-12-28,2023-12-12,2,0,4,3,4,13,17,47,51,107,110,23,5,0,2,0,0
GS,8730,0,8730,2016-01-25,2023-12-16,0,0,0,0,0,0,0,746,972,805,563,1028,1436,1429,1751,0,0
GSAT,1175,584,591,2009-11-05,2023-12-16,2,8,30,40,14,134,168,282,212,142,104,32,0,0,7,0,0
GSB,388,194,194,2010-03-30,2020-06-01,0,20,18,8,18,8,24,40,30,70,118,34,0,0,0,0,0
GSBC,400,110,290,2009-09-07,2023-12-14,2,5,12,12,26,39,28,7,13,74,98,33,16,21,14,0,0
GSBD,153,0,153,2015-03-26,2023-12-12,0,0,0,0,0,0,7,7,10,11,9,4,17,26,62,0,0
GSC,894,447,447,2010-03-18,2019-12-12,0,2,2,6,2,18,178,252,68,284,82,0,0,0,0,0,0
GSEE,8966,0,8966,2023-07-24,2023-12-16,0,0,0,0,0,0,0,0,0,0,0,0,0,0,8966,0,0
GSEW,21,0,21,2017-09-14,2023-11-17,0,0,0,0,0,0,0,0,1,3,3,0,0,4,10,0,0
GSG,96,0,96,2009-07-13,2023-12-06,6,10,5,5,8,5,1,2,14,9,6,2,5,12,6,0,0
GSH,126,63,63,2010-03-23,2020-05-29,0,4,12,12,6,18,4,0,0,36,12,22,0,0,0,0,0
GSHD,157,0,157,2018-04-06,2023-12-11,0,0,0,0,0,0,0,0,0,3,9,13,21,27,84,0,0
GSI,298,149,149,2009-08-31,2017-06-26,24,38,24,36,16,58,46,54,2,0,0,0,0,0,0,0,0
GSID,6737,0,6737,2023-07-21,2023-12-16,0,0,0,0,0,0,0,0,0,0,0,0,0,0,6737,0,0
GSIT,492,233,259,2009-08-31,2023-08-14,10,58,29,34,28,53,59,42,32,50,63,19,4,4,7,0,0
GSJ,2,1,1,2015-12-10,2015-12-10,0,0,0,0,0,0,2,0,0,0,0,0,0,0,0,0,0
GSK,7113,1586,5527,2009-08-07,2023-12-16,42,378,371,567,522,612,425,442,529,632,474,649,473,557,440,0,0
GSL,1065,395,670,2009-08-10,2023-12-08,2,6,15,2,22,59,100,174,67,146,218,30,28,92,104,0,0
GSOL,194,97,97,2009-08-31,2017-05-25,6,10,18,12,20,24,54,32,18,0,0,0,0,0,0,0,0
GSP,104,52,52,2011-06-05,2019-12-12,0,0,4,0,0,0,0,0,0,12,88,0,0,0,0,0,0
GSS,896,448,448,2009-08-10,2020-06-01,6,46,70,50,96,86,88,76,44,88,172,74,0,0,0,0,0
GSSC,39,0,39,2017-11-13,2023-12-01,0,0,0,0,0,0,0,0,4,12,0,0,0,9,14,0,0
GST,824,412,412,2009-08-10,2018-11-14,10,32,46,48,38,94,142,178,92,144,0,0,0,0,0,0,0
GSVC,650,325,325,2011-05-16,2019-08-01,0,0,120,128,38,26,108,58,52,66,54,0,0,0,0,0,0
GSY,160,51,109,2011-05-15,2023-12-15,0,0,4,2,3,0,0,5,1,5,62,50,10,9,9,0,0
GT,7,0,7,2023-11-30,2023-12-11,0,0,0,0,0,0,0,0,0,0,0,0,0,0,7,0,0
GTAA,70,35,35,2011-01-04,2018-12-31,0,0,8,4,4,2,26,12,4,10,0,0,0,0,0,0,0
GTE,1050,443,607,2009-11-25,2023-10-05,2,23,44,42,41,39,176,160,100,119,226,29,18,18,13,0,0
GTEC,61,0,61,2020-10-06,2023-11-20,0,0,0,0,0,0,0,0,0,0,0,12,21,16,12,0,0
GTES,7,0,7,2023-12-01,2023-12-13,0,0,0,0,0,0,0,0,0,0,0,0,0,0,7,0,0
GTH,22,0,22,2020-09-30,2023-10-12,0,0,0,0,0,0,0,0,0,0,0,3,12,4,3,0,0
GTHX,7,0,7,2023-08-04,2023-12-08,0,0,0,0,0,0,0,0,0,0,0,0,0,0,7,0,0
GTI,390,195,195,2010-02-24,2015-08-21,0,18,54,66,56,94,102,0,0,0,0,0,0,0,0,0,0
GTIM,805,364,441,2010-07-26,2022-06-21,0,6,8,58,36,67,163,97,94,165,70,25,9,7,0,0,0
GTIP,54,27,27,2011-05-31,2018-01-31,0,0,2,6,0,0,12,32,0,2,0,0,0,0,0,0,0
GTIV,742,371,371,2010-01-05,2015-01-30,0,64,118,132,86,326,16,0,0,0,0,0,0,0,0,0,0
GTLS,1567,780,787,2010-02-24,2023-12-05,0,16,70,108,148,112,148,74,68,282,418,116,0,0,7,0,0
GTN,456,0,456,2010-07-12,2023-12-11,0,1,0,7,8,21,56,19,103,42,24,22,46,70,37,0,0
GTN-A,8583,0,8583,2023-11-30,2023-12-16,0,0,0,0,0,0,0,0,0,0,0,0,0,0,8583,0,0
GTN.A,10,5,5,2015-05-15,2017-09-25,0,0,0,0,0,0,6,2,2,0,0,0,0,0,0,0,0
GTO,7,0,7,2022-02-09,2023-12-11,0,0,0,0,0,0,0,0,0,0,0,0,0,2,5,0,0
GTS,736,368,368,2010-03-11,2020-05-07,0,12,38,34,38,66,64,60,90,156,154,24,0,0,0,0,0
GTT,768,384,384,2013-08-13,2020-05-22,0,0,0,0,10,58,66,40,52,168,338,36,0,0,0,0,0
GTU,112,56,56,2012-01-05,2019-07-23,0,0,0,2,2,0,8,0,0,42,58,0,0,0,0,0,0
GTWN,42,21,21,2014-07-29,2017-08-11,0,0,0,0,0,2,2,22,16,0,0,0,0,0,0,0,0
GTX,7,0,7,2023-09-21,2023-12-04,0,0,0,0,0,0,0,0,0,0,0,0,0,0,7,0,0
GTXI,720,360,360,2009-11-02,2019-06-06,2,36,80,74,62,48,64,58,66,186,44,0,0,0,0,0,0
GTY,646,323,323,2010-05-11,2020-06-08,0,14,42,34,76,54,92,46,78,120,70,20,0,0,0,0,0
GUID,428,214,214,2010-02-18,2017-09-07,0,8,20,66,64,60,68,98,44,0,0,0,0,0,0,0,0
GULF,352,176,176,2009-11-30,2019-12-19,4,12,28,44,40,28,58,26,22,60,30,0,0,0,0,0,0
GULTU,14,7,7,2014-04-04,2017-07-05,0,0,0,0,0,6,4,0,4,0,0,0,0,0,0,0,0
GUNR,183,0,183,2012-10-01,2023-12-16,0,0,0,2,6,2,1,1,3,4,10,10,18,76,50,0,0
GUR,240,120,120,2009-11-13,2017-03-24,6,44,46,16,4,6,50,54,14,0,0,0,0,0,0,0,0
GURE,461,220,241,2011-06-29,2023-07-06,0,0,32,44,20,22,70,39,51,53,62,61,3,2,2,0,0
GURI,24,12,12,2014-03-13,2017-01-26,0,0,0,0,0,8,4,2,10,0,0,0,0,0,0,0,0
GURU,86,43,43,2012-06-04,2019-12-04,0,0,0,4,8,0,24,18,18,2,12,0,0,0,0,0,0
GURX,24,12,12,2014-03-13,2015-12-04,0,0,0,0,0,10,14,0,0,0,0,0,0,0,0,0,0
GUSH,93,0,93,2015-07-13,2023-10-17,0,0,0,0,0,0,8,9,6,13,8,8,7,27,7,0,0
GUT,133,26,107,2009-12-30,2023-06-30,1,0,2,1,9,7,11,10,1,23,36,16,12,2,2,0,0
GVA,1638,662,976,2009-09-30,2023-12-16,2,40,47,59,103,120,150,156,153,231,393,79,26,24,55,0,0
GVAL,114,43,71,2014-03-17,2020-12-02,0,0,0,0,0,15,29,22,13,23,11,1,0,0,0,0,0
GVI,99,46,53,2012-01-25,2023-11-28,0,0,0,2,0,0,6,8,36,10,22,8,0,0,7,0,0
GVP,318,159,159,2009-10-29,2020-06-05,6,6,12,28,12,28,38,30,42,48,62,6,0,0,0,0,0
GVT,22,11,11,2013-11-19,2016-03-04,0,0,0,0,2,2,12,6,0,0,0,0,0,0,0,0,0
GWB,472,236,236,2014-10-03,2020-05-14,0,0,0,0,0,20,78,86,34,88,116,50,0,0,0,0,0
GWGH,384,192,192,2014-07-11,2020-05-15,0,0,0,0,0,20,24,28,42,160,100,10,0,0,0,0,0
GWL,58,29,29,2011-09-28,2018-02-05,0,0,2,2,4,0,10,16,10,14,0,0,0,0,0,0,0
GWPH,4478,2239,2239,2013-06-04,2020-06-02,0,0,0,0,50,416,512,640,512,990,1108,250,0,0,0,0,0
GWR,1846,923,923,2009-10-13,2020-03-04,2,34,134,216,128,110,232,242,146,300,290,12,0,0,0,0,0
GWRE,2145,866,1279,2012-01-10,2023-12-16,0,0,0,206,144,156,157,186,230,318,402,163,31,81,71,0,0
GWW,5039,1879,3160,2009-10-14,2023-12-16,2,112,250,609,378,264,522,467,374,939,480,186,45,167,244,0,0
GWX,111,45,66,2010-09-10,2023-10-11,0,2,4,5,0,3,32,8,19,17,5,13,0,1,2,0,0
GXC,6969,3335,3634,2009-05-20,2023-12-15,4,55,34,38,48,35,1643,1810,532,1604,1026,84,10,25,21,0,0
GXF,180,90,90,2010-05-10,2020-03-16,0,20,32,38,4,4,24,10,12,18,16,2,0,0,0,0,0
GXG,783,346,437,2010-02-26,2023-09-27,0,28,82,168,69,25,100,166,28,68,35,6,1,5,2,0,0
GXP,700,350,350,2009-12-22,2018-07-09,2,18,70,88,78,24,68,204,90,58,0,0,0,0,0,0,0
GY,310,155,155,2009-12-15,2017-03-07,2,10,30,60,62,62,82,0,2,0,0,0,0,0,0,0,0
GYB,4,2,2,2012-08-12,2019-07-12,0,0,0,2,0,0,0,0,0,0,2,0,0,0,0,0,0
GYC,2,1,1,2013-06-02,2013-06-02,0,0,0,0,2,0,0,0,0,0,0,0,0,0,0,0,0
GYEN,102,51,51,2015-07-10,2019-07-23,0,0,0,0,0,0,2,0,0,36,64,0,0,0,0,0,0
GYLD,35,0,35,2012-07-24,2022-12-02,0,0,0,2,6,2,6,4,1,6,5,0,1,2,0,0,0
GZT,260,130,130,2011-12-14,2019-03-08,0,0,2,12,20,12,50,34,50,72,8,0,0,0,0,0,0
H,4453,1622,2831,2009-11-08,2023-12-11,12,89,227,346,382,406,402,415,412,513,456,300,100,223,170,0,0
HA,4928,1911,3017,2009-08-09,2023-12-14,4,58,88,126,150,326,969,796,537,649,643,372,53,63,94,0,0
HABT,1520,760,760,2014-11-10,2020-05-15,0,0,0,0,0,88,582,190,154,258,194,54,0,0,0,0,0
HACK,1036,411,625,2014-11-18,2023-12-07,0,0,0,0,0,9,400,154,131,195,80,14,11,20,22,0,0
HAE,2621,870,1751,2009-12-02,2023-12-16,2,52,118,111,284,117,150,122,129,293,467,241,43,73,419,0,0
HAFC,712,356,356,2010-05-05,2020-06-01,0,28,36,44,40,52,70,48,38,134,108,114,0,0,0,0,0
HAIL,7,0,7,2023-06-18,2023-10-30,0,0,0,0,0,0,0,0,0,0,0,0,0,0,7,0,0
HAIN,4387,1803,2584,2010-05-06,2023-12-07,0,30,154,428,393,841,457,501,495,331,327,262,49,60,59,0,0
HAL,10481,3641,6840,2009-08-10,2023-12-16,22,492,608,344,308,454,702,1956,1087,1233,1299,770,241,441,524,0,0
HALL,993,388,605,2010-01-11,2023-05-16,0,10,31,19,79,104,186,37,24,84,251,126,4,33,5,0,0
HALO,2485,988,1497,2009-08-12,2023-12-11,2,47,72,217,154,339,258,179,292,249,252,200,37,79,108,0,0
HAP,222,72,150,2009-11-04,2023-12-08,2,21,25,33,7,10,10,13,9,45,32,5,3,1,6,0,0
HAR,1702,851,851,2009-10-29,2018-01-28,10,52,150,248,144,212,464,348,72,2,0,0,0,0,0,0,0
HARP,75,0,75,2019-06-28,2023-12-13,0,0,0,0,0,0,0,0,0,0,1,11,11,15,37,0,0
HAS,6975,2436,4539,2009-08-07,2023-12-16,20,201,310,245,237,348,465,906,941,1256,1037,394,159,233,223,0,0
HASI,1496,558,938,2013-04-04,2023-12-16,0,0,0,0,29,38,151,241,176,276,243,146,49,69,78,0,0
HAUZ,7,0,7,2020-09-25,2023-04-13,0,0,0,0,0,0,0,0,0,0,0,5,0,1,1,0,0
HAWK,926,463,463,2010-01-18,2018-09-02,0,16,30,0,110,136,306,124,128,76,0,0,0,0,0,0,0
HAWKB,36,18,18,2014-10-10,2016-05-18,0,0,0,0,0,12,22,2,0,0,0,0,0,0,0,0,0
HAWX,3,0,3,2015-07-07,2022-12-14,0,0,0,0,0,0,1,0,0,1,0,0,0,1,0,0,0
HAYN,833,330,503,2009-11-25,2023-11-20,2,18,59,42,86,39,112,80,61,138,83,58,12,23,20,0,0
HBAN,4306,1600,2706,2009-09-11,2023-12-13,22,290,426,394,207,284,396,418,340,417,471,230,64,158,189,0,0
HBB,57,0,57,2017-10-03,2023-09-01,0,0,0,0,0,0,0,0,4,14,9,6,14,7,3,0,0
HBCP,372,126,246,2010-03-13,2023-12-12,0,4,12,0,3,7,28,35,50,67,73,28,16,24,25,0,0
HBHC,800,400,400,2010-06-09,2018-05-09,0,60,68,76,96,68,114,94,118,106,0,0,0,0,0,0,0
HBI,4838,1777,3061,2009-08-07,2023-12-16,9,52,202,263,564,784,498,401,540,535,403,270,102,103,112,0,0
HBIO,557,254,303,2011-07-01,2023-08-08,0,0,5,18,36,36,54,43,18,139,140,39,9,9,11,0,0
HBK,38,19,19,2015-04-02,2019-05-06,0,0,0,0,0,0,6,6,0,22,4,0,0,0,0,0,0
HBM,1125,424,701,2010-03-08,2023-12-01,0,6,28,34,35,52,129,102,107,182,217,87,48,39,59,0,0
HBMD,196,98,98,2011-11-30,2020-05-01,0,0,2,4,0,4,22,14,36,60,38,16,0,0,0,0,0
HBNC,486,243,243,2010-04-08,2020-05-12,0,6,32,66,34,24,34,54,38,78,82,38,0,0,0,0,0
HBNK,40,20,20,2011-05-23,2015-02-03,0,0,14,4,6,10,6,0,0,0,0,0,0,0,0,0,0
HBOS,110,55,55,2009-10-21,2015-07-06,2,10,10,16,10,34,28,0,0,0,0,0,0,0,0,0,0
HBP,294,147,147,2011-11-17,2020-05-04,0,0,6,8,2,4,48,60,36,72,42,16,0,0,0,0,0
HBT,63,0,63,2019-10-10,2023-12-16,0,0,0,0,0,0,0,0,0,0,2,5,11,24,21,0,0
HCA,5487,1989,3498,2011-03-09,2023-12-16,0,0,244,472,343,330,730,446,541,751,624,390,104,194,318,0,0
HCAC,52,26,26,2014-09-22,2020-05-26,0,0,0,0,0,2,4,16,0,12,4,14,0,0,0,0,0
HCAP,480,240,240,2013-05-03,2020-05-13,0,0,0,0,18,12,56,98,54,142,76,24,0,0,0,0,0
HCBK,1012,506,506,2009-10-07,2016-07-26,14,160,238,238,84,86,188,4,0,0,0,0,0,0,0,0,0
HCC,1094,547,547,2009-08-26,2020-06-05,4,24,62,66,74,36,148,4,100,224,262,90,0,0,0,0,0
HCCI,452,226,226,2010-06-09,2020-05-01,0,4,6,26,30,68,54,36,42,78,84,24,0,0,0,0,0
HCHC,856,428,428,2014-09-02,2020-06-11,0,0,0,0,0,14,142,122,66,208,174,130,0,0,0,0,0
HCI,1359,472,887,2012-11-08,2023-12-16,0,0,0,8,301,152,185,121,112,136,111,44,31,81,77,0,0
HCKT,873,326,547,2010-03-18,2023-11-09,0,4,11,20,59,84,161,92,73,123,89,78,14,35,30,0,0
HCLP,1584,792,792,2012-08-16,2019-06-03,0,0,0,24,54,178,218,170,178,566,196,0,0,0,0,0,0
HCM,181,0,181,2011-03-31,2023-11-27,0,0,1,0,0,0,0,15,53,26,16,10,17,23,20,0,0
HCN,2302,1151,1151,2009-09-03,2018-03-05,4,84,170,264,148,208,448,504,316,156,0,0,0,0,0,0,0
HCOM,334,167,167,2011-07-05,2018-07-03,0,0,8,14,90,38,60,48,54,22,0,0,0,0,0,0,0
HCP,4052,2026,2026,2010-01-19,2019-12-11,0,116,234,256,162,222,862,920,366,482,432,0,0,0,0,0,0
HCRB,8722,0,8722,2023-07-20,2023-12-16,0,0,0,0,0,0,0,0,0,0,0,0,0,0,8722,0,0
HCSG,1395,553,842,2010-04-08,2023-12-13,0,22,66,126,91,34,90,82,131,245,321,82,35,34,36,0,0
HCT,70,35,35,2014-04-07,2019-06-08,0,0,0,0,0,46,22,0,0,0,2,0,0,0,0,0,0
HCXY,8137,0,8137,2023-12-01,2023-12-16,0,0,0,0,0,0,0,0,0,0,0,0,0,0,8137,0,0
HD,8906,4453,4453,2009-08-10,2020-06-10,122,574,500,530,490,526,434,400,454,1552,2334,990,0,0,0,0,0
HDAW,9,0,9,2015-08-12,2023-07-07,0,0,0,0,0,0,1,1,0,0,1,0,0,4,2,0,0
HDB,1610,805,805,2009-08-17,2020-06-11,18,100,90,166,86,172,200,112,112,160,216,178,0,0,0,0,0
HDEF,25,0,25,2015-08-12,2023-11-14,0,0,0,0,0,0,1,0,1,1,3,4,2,6,7,0,0
HDG,28,0,28,2011-10-12,2023-08-09,0,0,1,6,1,4,2,7,4,1,1,0,0,0,1,0,0
HDGE,133,36,97,2011-02-01,2023-10-31,0,0,8,9,13,4,3,16,24,24,12,7,0,5,8,0,0
HDGI,22,11,11,2013-07-24,2018-12-31,0,0,0,0,2,2,4,0,10,4,0,0,0,0,0,0,0
HDLV,100,50,50,2018-03-05,2019-12-03,0,0,0,0,0,0,0,0,0,40,60,0,0,0,0,0,0
HDMV,6911,0,6911,2023-07-21,2023-12-16,0,0,0,0,0,0,0,0,0,0,0,0,0,0,6911,0,0
HDNG,240,120,120,2010-02-04,2018-05-22,0,8,10,18,38,14,42,40,44,26,0,0,0,0,0,0,0
HDP,916,458,458,2013-02-20,2019-04-09,0,0,0,0,2,36,290,198,92,290,8,0,0,0,0,0,0
HDRA,8,4,4,2015-08-17,2016-12-23,0,0,0,0,0,0,2,6,0,0,0,0,0,0,0,0,0
HDRAU,8,4,4,2014-10-08,2014-12-10,0,0,0,0,0,8,0,0,0,0,0,0,0,0,0,0,0
HDS,1260,630,630,2013-06-13,2020-06-10,0,0,0,0,56,112,162,142,190,276,262,60,0,0,0,0,0
HDSN,662,331,331,2010-01-22,2020-05-06,0,10,12,50,62,34,30,84,72,180,110,18,0,0,0,0,0
HDV,1215,357,858,2011-06-09,2023-12-15,0,0,20,111,56,46,102,191,98,150,154,96,42,100,49,0,0
HDY,262,131,131,2009-08-17,2016-01-11,8,18,106,60,42,20,6,2,0,0,0,0,0,0,0,0,0
HE,1588,539,1049,2009-08-07,2023-12-13,15,52,56,96,69,165,142,212,102,167,165,92,46,72,137,0,0
HEAR,2079,854,1225,2014-04-24,2023-12-15,0,0,0,0,0,39,166,125,72,961,483,121,30,33,49,0,0
HEB,906,453,453,2009-10-08,2019-08-23,12,24,24,132,36,182,112,94,40,88,162,0,0,0,0,0,0
HECO,100,50,50,2018-08-10,2019-12-02,0,0,0,0,0,0,0,0,0,46,54,0,0,0,0,0,0
HEDJ,2030,1015,1015,2011-06-06,2020-05-15,0,0,6,22,20,4,60,14,108,1056,730,10,0,0,0,0,0
HEEM,110,50,60,2014-10-06,2023-02-15,0,0,0,0,0,1,2,2,0,1,100,0,0,3,1,0,0
HEES,1626,561,1065,2010-11-02,2023-12-13,0,4,18,67,219,81,112,106,202,346,216,61,22,85,87,0,0
HEFA,84,0,84,2014-11-21,2023-11-02,0,0,0,0,0,2,12,14,8,12,4,4,1,16,11,0,0
HEI,2429,919,1510,2010-05-25,2023-12-16,0,16,79,106,157,91,135,199,283,296,631,226,43,70,97,0,0
HEI.A,20,10,10,2020-02-10,2020-05-15,0,0,0,0,0,0,0,0,0,0,0,20,0,0,0,0,0
HELE,2494,917,1577,2009-12-23,2023-12-13,2,70,104,124,100,202,320,172,149,342,442,173,33,98,163,0,0
HELI,84,42,42,2014-01-27,2016-02-19,0,0,0,0,0,28,52,4,0,0,0,0,0,0,0,0,0
HELX,4967,0,4967,2023-07-24,2023-12-16,0,0,0,0,0,0,0,0,0,0,0,0,0,0,4967,0,0
HEOP,158,79,79,2010-09-24,2017-09-01,0,2,6,8,18,8,58,36,22,0,0,0,0,0,0,0,0
HEP,1266,633,633,2009-12-07,2020-05-11,4,12,48,78,32,40,156,160,150,272,256,58,0,0,0,0,0
HEQ,27,0,27,2012-12-07,2023-06-04,0,0,0,1,2,3,4,3,0,4,3,1,4,0,2,0,0
HERD,14,0,14,2021-03-01,2023-11-03,0,0,0,0,0,0,0,0,0,0,0,0,6,3,5,0,0
HERO,1108,525,583,2010-02-09,2023-11-17,0,24,144,122,126,128,292,146,6,10,5,54,9,23,19,0,0
HES,1785,0,1785,2010-07-01,2023-12-16,0,8,27,44,80,92,95,91,142,227,115,119,138,248,359,0,0
HESM,223,0,223,2014-09-24,2023-12-12,0,0,0,0,0,3,1,0,9,16,23,23,38,47,63,0,0
HEVY,140,70,70,2018-03-27,2019-01-04,0,0,0,0,0,0,0,0,0,138,2,0,0,0,0,0,0
HEWG,150,54,96,2014-07-14,2023-08-02,0,0,0,0,0,3,19,5,16,4,101,0,0,1,1,0,0
HEWJ,180,55,125,2014-03-18,2023-08-17,0,0,0,0,0,5,13,17,24,8,98,2,1,5,7,0,0
HEZU,212,75,137,2014-07-21,2023-09-15,0,0,0,0,0,2,15,27,10,11,138,4,0,3,2,0,0
HF,928,464,464,2010-01-20,2019-08-21,0,12,22,38,44,56,172,92,102,272,118,0,0,0,0,0,0
HFBC,232,116,116,2010-04-07,2019-08-07,0,8,10,12,24,22,14,18,22,46,56,0,0,0,0,0,0
HFBL,180,90,90,2011-12-27,2020-04-28,0,0,2,4,6,2,28,26,14,52,42,4,0,0,0,0,0
HFC,2818,1409,1409,2011-07-01,2020-06-11,0,0,100,324,218,136,432,390,246,458,370,144,0,0,0,0,0
HFFC,84,42,42,2009-11-20,2016-05-17,4,0,8,6,10,0,42,14,0,0,0,0,0,0,0,0,0
HFFG,8,0,8,2019-06-19,2023-08-29,0,0,0,0,0,0,0,0,0,0,3,2,0,2,1,0,0
HFIN,16,8,8,2015-03-12,2018-12-31,0,0,0,0,0,0,4,0,8,4,0,0,0,0,0,0,0
HFRO,48,0,48,2018-06-19,2023-12-11,0,0,0,0,0,0,0,0,0,6,7,7,20,2,6,0,0
HFWA,472,236,236,2009-09-17,2020-05-14,2,28,24,34,36,12,46,52,14,94,100,30,0,0,0,0,0
HFXI,14,0,14,2015-07-27,2023-08-11,0,0,0,0,0,0,2,0,0,1,2,2,3,2,2,0,0
HGG,1140,570,570,2009-12-21,2018-08-24,2,90,142,228,180,140,176,108,70,4,0,0,0,0,0,0,0
HGH,4,2,2,2015-05-18,2018-11-15,0,0,0,0,0,0,2,0,0,2,0,0,0,0,0,0,0
HGI,24,12,12,2011-06-29,2018-12-14,0,0,6,4,2,2,2,4,2,2,0,0,0,0,0,0,0
HGLB,20,0,20,2020-01-22,2022-05-16,0,0,0,0,0,0,0,0,0,0,0,6,12,2,0,0,0
HGR,464,232,232,2010-08-02,2016-02-29,0,28,64,72,168,92,34,6,0,0,0,0,0,0,0,0,0
HGSH,301,146,155,2011-05-31,2023-12-01,0,0,28,22,8,32,38,30,10,80,28,16,0,1,8,0,0
HGT,182,91,91,2010-06-09,2018-08-21,0,14,16,18,2,4,24,38,30,36,0,0,0,0,0,0,0
HGV,322,0,322,2017-01-04,2023-12-11,0,0,0,0,0,0,0,0,35,33,27,17,18,87,105,0,0
HH,182,91,91,2009-11-06,2017-03-20,2,6,8,16,14,14,38,74,10,0,0,0,0,0,0,0,0
HHC,1024,512,512,2011-01-11,2020-05-21,0,0,86,50,52,56,72,80,108,204,200,116,0,0,0,0,0
HHS,1027,382,645,2009-08-10,2023-12-04,12,32,69,68,102,52,148,138,63,133,71,35,0,76,28,0,0
HI,1084,364,720,2009-08-12,2023-12-16,7,13,53,84,57,37,86,81,86,167,197,61,42,69,44,0,0
HIBB,632,0,632,2010-05-13,2023-12-15,0,1,7,29,22,26,27,72,99,75,45,21,44,64,100,0,0
HIBS,49,0,49,2020-04-07,2023-11-01,0,0,0,0,0,0,0,0,0,0,0,16,2,17,14,0,0
HIE,157,54,103,2015-01-16,2021-12-21,0,0,0,0,0,0,11,8,2,46,66,13,11,0,0,0,0
HIFS,258,129,129,2010-09-23,2020-05-15,0,6,10,14,8,8,22,42,18,54,56,20,0,0,0,0,0
HIG,4061,1464,2597,2009-08-10,2023-12-15,32,276,350,500,344,184,340,284,300,395,411,225,116,167,137,0,0
HIHO,36,0,36,2012-12-17,2023-05-24,0,0,0,1,2,4,2,3,5,4,0,7,1,4,3,0,0
HIIQ,1514,757,757,2013-02-08,2020-03-06,0,0,0,0,46,68,64,94,298,322,566,56,0,0,0,0,0
HIL,826,413,413,2010-05-06,2020-05-21,0,20,48,50,54,78,116,136,106,78,86,54,0,0,0,0,0
HILL,420,210,210,2009-08-10,2016-07-19,2,12,66,32,58,68,178,4,0,0,0,0,0,0,0,0,0
HILO,160,80,80,2011-08-04,2019-05-14,0,0,34,46,10,4,6,8,10,28,14,0,0,0,0,0,0
HIMX,672,0,672,2009-10-30,2023-12-14,1,0,1,1,24,78,58,104,97,85,23,43,72,57,28,0,0
HIO,118,23,95,2010-06-29,2023-08-21,0,2,0,4,9,10,10,8,0,23,13,24,11,1,3,0,0
HIPS,118,47,71,2015-01-09,2023-12-11,0,0,0,0,0,0,13,17,5,45,30,2,1,2,3,0,0
HIVE,668,334,334,2014-03-25,2019-08-13,0,0,0,0,0,116,124,100,68,126,134,0,0,0,0,0,0
HIW,1778,647,1131,2010-02-11,2023-12-12,0,25,76,106,261,136,194,145,89,165,225,181,21,86,68,0,0
HIX,181,53,128,2012-05-22,2023-05-22,0,0,0,5,9,10,10,8,0,8,96,21,11,2,1,0,0
HJV,6,3,3,2019-01-04,2019-06-04,0,0,0,0,0,0,0,0,0,0,6,0,0,0,0,0,0
HK,2102,1051,1051,2009-08-13,2019-07-23,14,126,214,166,138,170,426,248,174,296,130,0,0,0,0,0,0
HKOR,80,40,40,2014-03-10,2016-04-21,0,0,0,0,0,8,58,14,0,0,0,0,0,0,0,0,0
HKTV,42,21,21,2015-03-26,2015-11-30,0,0,0,0,0,0,42,0,0,0,0,0,0,0,0,0,0
HL,3018,1157,1861,2009-08-07,2023-12-13,18,267,178,127,140,144,245,408,187,314,498,210,96,80,106,0,0
HLAL,3,0,3,2022-01-07,2023-08-18,0,0,0,0,0,0,0,0,0,0,0,0,0,2,1,0,0
HLF,1102,0,1102,2010-04-08,2023-12-12,0,4,9,23,164,154,93,137,127,81,41,45,73,65,86,0,0
HLIT,978,489,489,2009-08-13,2020-06-01,10,20,44,52,54,94,82,116,84,168,206,48,0,0,0,0,0
HLS,992,496,496,2009-11-25,2017-12-29,2,68,152,96,112,160,200,104,98,0,0,0,0,0,0,0,0
HLSS,570,285,285,2012-03-07,2015-05-25,0,0,0,102,104,106,258,0,0,0,0,0,0,0,0,0,0
HLT,3010,1505,1505,2013-12-02,2020-06-11,0,0,0,0,46,344,474,350,370,514,582,330,0,0,0,0,0
HLX,1278,639,639,2010-02-26,2020-06-11,0,32,78,70,32,84,164,116,96,264,212,130,0,0,0,0,0
HMC,4640,2320,2320,2009-08-22,2020-06-11,26,238,270,208,218,248,254,710,588,910,742,228,0,0,0,0,0
HME,488,244,244,2009-10-28,2015-10-05,6,46,82,110,44,62,138,0,0,0,0,0,0,0,0,0,0
HMG,28,14,14,2011-11-14,2019-07-21,0,0,2,4,4,4,2,0,2,6,4,0,0,0,0,0,0
HMLP,708,354,354,2014-08-04,2020-05-28,0,0,0,0,0,22,46,76,60,258,172,74,0,0,0,0,0
HMN,634,317,317,2009-09-11,2020-05-14,2,18,38,30,28,68,82,82,64,88,104,30,0,0,0,0,0
HMNY,2210,1105,1105,2011-12-15,2020-02-04,0,0,6,6,10,4,18,154,494,1426,88,4,0,0,0,0,0
HMPR,144,72,72,2010-04-26,2016-07-29,0,30,18,30,18,10,18,20,0,0,0,0,0,0,0,0,0
HMSY,1268,634,634,2010-01-05,2020-05-28,0,18,108,204,50,42,110,90,122,158,286,80,0,0,0,0,0
HMTV,210,105,105,2015-03-11,2020-05-15,0,0,0,0,0,0,56,56,16,42,28,12,0,0,0,0,0
HMY,1506,753,753,2009-09-02,2020-06-05,8,44,102,74,90,68,102,268,108,166,302,174,0,0,0,0,0
HNH,196,98,98,2012-01-19,2018-03-09,0,0,0,18,2,44,30,50,46,6,0,0,0,0,0,0,0
HNI,1126,453,673,2010-01-13,2023-12-08,0,12,24,138,89,93,110,135,91,134,133,68,26,17,56,0,0
HNNA,246,109,137,2012-10-11,2023-06-22,0,0,0,2,0,9,22,31,32,62,62,12,9,2,3,0,0
HNP,716,358,358,2009-11-10,2020-04-27,4,12,32,44,160,94,154,72,26,30,58,30,0,0,0,0,0
HNR,1024,512,512,2009-11-03,2017-04-13,2,26,66,168,346,158,148,90,20,0,0,0,0,0,0,0,0
HNRG,877,319,558,2011-06-10,2023-11-08,0,0,6,17,48,56,358,131,35,70,74,52,9,9,12,0,0
HNSN,458,229,229,2009-07-27,2016-04-27,14,32,88,64,40,74,84,62,0,0,0,0,0,0,0,0,0
HNT,1248,624,624,2009-09-10,2019-06-29,12,86,112,270,250,140,328,46,0,0,4,0,0,0,0,0,0
HNW,130,24,106,2009-12-30,2023-06-07,1,4,0,2,11,12,10,9,2,35,21,9,11,0,3,0,0
HOFT,931,371,560,2010-08-30,2023-12-16,0,14,22,37,49,58,155,121,96,158,146,33,15,10,17,0,0
HOG,6545,2410,4135,2009-12-01,2023-12-16,1,48,222,620,367,399,702,948,649,892,669,395,171,280,182,0,0
HOLD,40,20,20,2014-01-17,2019-12-03,0,0,0,0,0,2,6,12,0,2,18,0,0,0,0,0,0
HOLI,1087,437,650,2010-09-20,2023-12-16,0,8,114,32,63,153,119,106,65,177,155,37,16,20,22,0,0
HOLX,4263,1492,2771,2009-09-15,2023-12-15,6,137,229,362,355,313,343,273,436,414,435,291,67,139,463,0,0
HOMB,978,489,489,2010-01-15,2020-06-05,0,32,44,76,98,36,140,126,98,122,136,70,0,0,0,0,0
HOMZ,45,0,45,2019-07-23,2023-12-12,0,0,0,0,0,0,0,0,0,0,3,1,7,20,14,0,0
HONE,100,0,100,2017-01-27,2023-12-11,0,0,0,0,0,0,0,0,1,2,1,14,29,31,22,0,0
HOOK,60,0,60,2019-06-04,2023-11-20,0,0,0,0,0,0,0,0,0,0,4,4,9,25,18,0,0
HOPE,188,0,188,2016-08-17,2023-12-13,0,0,0,0,0,0,0,9,17,30,17,12,20,32,51,0,0
HOS,1010,505,505,2009-09-15,2020-04-14,2,22,72,118,126,32,108,116,134,178,100,2,0,0,0,0,0
HOT,3472,1736,1736,2009-08-13,2019-04-02,14,230,460,494,462,422,684,700,4,0,2,0,0,0,0,0,0
HOTRW,2,1,1,2012-09-11,2012-09-11,0,0,0,2,0,0,0,0,0,0,0,0,0,0,0,0,0
HOV,2713,1183,1530,2009-08-28,2023-12-15,16,146,227,371,351,302,340,212,102,200,319,74,20,16,17,0,0
HOVNP,38,18,20,2012-01-07,2023-08-02,0,0,0,2,0,0,0,0,2,10,22,0,0,1,1,0,0
HP,6013,2326,3687,2009-08-07,2023-12-16,28,187,392,456,299,896,642,586,447,587,711,341,72,209,160,0,0
HPE,1721,0,1721,2015-11-03,2023-12-16,0,0,0,0,0,0,29,241,273,233,133,140,139,256,277,0,0
HPF,86,0,86,2012-12-07,2023-09-08,0,0,0,1,8,11,10,10,11,11,4,4,12,1,3,0,0
HPI,146,28,118,2009-08-12,2023-09-14,2,9,9,3,9,11,12,9,2,26,7,31,11,0,5,0,0
HPJ,434,217,217,2009-08-10,2019-10-30,4,8,14,4,6,40,66,38,60,98,96,0,0,0,0,0,0
HPP,1307,476,831,2010-08-20,2023-12-12,0,17,35,61,46,69,214,141,129,155,164,139,35,39,63,0,0
HPQ,5175,575,4600,2009-10-14,2023-12-16,7,151,182,459,434,390,331,312,291,341,828,531,166,381,371,0,0
HPS,171,41,130,2009-08-12,2023-09-08,2,1,0,2,10,10,10,10,4,24,46,37,11,0,4,0,0
HPT,1132,566,566,2009-11-24,2019-09-26,4,12,52,72,58,36,254,192,94,180,178,0,0,0,0,0,0
HPTX,374,187,187,2012-07-26,2015-05-28,0,0,0,34,62,146,132,0,0,0,0,0,0,0,0,0,0
HPY,912,456,456,2009-11-25,2016-07-18,6,14,94,202,156,130,246,64,0,0,0,0,0,0,0,0,0
HQH,596,278,318,2010-10-01,2023-05-17,0,6,4,3,6,5,54,123,78,169,122,15,7,3,1,0,0
HQI,79,0,79,2012-10-29,2023-10-30,0,0,0,2,8,2,0,0,0,0,4,1,14,15,33,0,0
HQL,521,247,274,2010-10-01,2023-08-23,0,8,14,6,6,6,50,116,97,111,92,7,2,3,3,0,0
HQY,2415,891,1524,2014-07-16,2023-12-16,0,0,0,0,0,62,286,231,309,412,525,235,40,87,228,0,0
HR,359,0,359,2009-11-23,2023-12-09,1,0,0,9,21,19,28,40,38,28,22,18,29,45,61,0,0
HRB,1285,0,1285,2010-04-30,2023-12-16,0,17,26,49,105,99,104,106,151,99,62,74,57,180,156,0,0
HRC,1620,810,810,2009-11-12,2020-05-15,2,40,78,76,138,62,140,120,138,260,292,274,0,0,0,0,0
HRI,229,0,229,2014-08-17,2023-12-12,0,0,0,0,0,1,0,8,14,25,20,24,27,39,71,0,0
HRL,1424,0,1424,2010-02-25,2023-12-16,0,11,21,31,73,63,94,125,117,125,101,95,116,225,227,0,0
HROW,62,0,62,2019-05-17,2023-11-14,0,0,0,0,0,0,0,0,0,0,3,0,6,10,43,0,0
HRS,3014,1507,1507,2009-08-10,2019-08-13,14,108,358,334,244,154,410,274,236,504,378,0,0,0,0,0,0
HRT,108,54,54,2009-08-10,2019-03-26,2,2,0,16,24,10,30,18,4,0,2,0,0,0,0,0,0
HRTG,663,239,424,2014-05-13,2023-12-16,0,0,0,0,0,28,134,79,77,132,101,29,6,27,50,0,0
HRTX,1072,430,642,2014-01-29,2023-11-28,0,0,0,0,0,29,156,88,126,251,294,67,22,18,21,0,0
HRZN,1178,484,694,2011-03-15,2023-12-15,0,0,16,57,64,80,184,200,109,199,113,57,7,42,50,0,0
HSBC,5056,1579,3477,2011-05-11,2023-12-16,0,0,8,6,30,514,916,836,587,665,614,382,68,189,241,0,0
HSC,1364,682,682,2009-08-10,2020-06-08,6,20,102,104,56,60,120,102,88,280,274,152,0,0,0,0,0
HSCZ,13,0,13,2015-11-23,2023-03-06,0,0,0,0,0,0,1,2,6,2,0,1,0,0,1,0,0
HSDT,26,0,26,2017-04-24,2023-12-07,0,0,0,0,0,0,0,0,1,2,3,2,3,5,10,0,0
HSEA,4,2,2,2018-04-19,2018-05-04,0,0,0,0,0,0,0,0,0,4,0,0,0,0,0,0,0
HSGX,512,256,256,2014-11-14,2019-09-30,0,0,0,0,0,12,62,54,70,236,78,0,0,0,0,0,0
HSIC,3424,1122,2302,2009-12-01,2023-12-16,2,56,162,286,199,191,281,257,337,501,359,143,56,328,266,0,0
HSII,1065,392,673,2009-10-27,2023-12-16,4,8,11,30,61,37,88,73,86,361,159,45,25,24,53,0,0
HSKA,654,327,327,2010-05-06,2020-05-28,0,6,10,24,112,82,48,90,68,92,78,44,0,0,0,0,0
HSMV,23,0,23,2021-07-14,2023-07-28,0,0,0,0,0,0,0,0,0,0,0,0,8,14,1,0,0
HSNI,830,415,415,2009-09-24,2019-04-08,4,32,78,144,90,82,156,126,114,2,2,0,0,0,0,0,0
HSOL,362,181,181,2011-02-16,2015-05-25,0,0,72,76,84,106,24,0,0,0,0,0,0,0,0,0,0
HSON,412,166,246,2012-06-01,2023-11-09,0,0,0,16,23,47,69,49,22,44,62,19,6,34,21,0,0
HSP,1722,861,861,2009-09-17,2016-10-17,4,110,244,162,208,326,654,14,0,0,0,0,0,0,0,0,0
HSPX,52,26,26,2013-06-26,2020-01-15,0,0,0,0,10,0,8,2,8,10,12,2,0,0,0,0,0
HST,909,0,909,2010-02-17,2023-12-15,0,4,7,53,66,64,58,69,63,96,42,46,39,167,135,0,0
HSTM,851,362,489,2009-09-23,2023-12-13,2,8,54,47,23,73,168,106,74,118,106,30,10,16,16,0,0
HSY,3386,1693,1693,2009-09-08,2020-05-28,28,152,240,140,118,170,212,368,468,638,654,198,0,0,0,0,0
HT,1322,661,661,2009-08-07,2020-06-11,36,44,40,82,56,38,164,194,98,210,232,128,0,0,0,0,0
HTA,1274,637,637,2012-06-11,2020-06-11,0,0,0,42,94,62,140,200,120,256,266,94,0,0,0,0,0
HTAB,1,0,1,2023-12-06,2023-12-06,0,0,0,0,0,0,0,0,0,0,0,0,0,0,1,0,0
HTBI,324,114,210,2012-07-11,2023-12-13,0,0,0,10,15,63,21,23,23,44,38,22,9,21,35,0,0
HTBK,438,219,219,2009-11-02,2020-05-26,4,0,12,28,14,16,24,38,60,90,90,62,0,0,0,0,0
HTBX,998,499,499,2013-07-10,2020-06-08,0,0,0,0,22,28,108,162,86,254,176,162,0,0,0,0,0
HTCH,362,181,181,2009-11-03,2016-10-05,2,12,60,42,32,28,118,68,0,0,0,0,0,0,0,0,0
HTD,114,57,57,2014-12-18,2020-06-01,0,0,0,0,0,2,0,0,0,2,74,36,0,0,0,0,0
HTF,2,1,1,2012-03-27,2012-03-27,0,0,0,2,0,0,0,0,0,0,0,0,0,0,0,0,0
HTGC,2242,903,1339,2009-10-20,2023-12-12,2,34,78,84,130,114,307,286,202,330,356,124,24,65,106,0,0
HTH,1406,518,888,2010-01-27,2023-12-16,0,18,26,65,266,82,119,76,114,167,247,93,42,41,50,0,0
HTHT,1940,779,1161,2010-04-08,2023-12-16,0,38,71,68,140,98,214,146,219,346,340,166,25,25,44,0,0
HTIA,7,0,7,2022-03-24,2023-08-25,0,0,0,0,0,0,0,0,0,0,0,0,0,5,2,0,0
HTLD,193,0,193,2012-08-20,2023-12-15,0,0,0,2,6,15,7,10,12,15,12,10,18,47,39,0,0
HTLF,931,341,590,2010-07-27,2023-12-13,0,8,26,67,57,43,129,90,85,137,100,79,19,42,49,0,0
HTLFP,7491,0,7491,2023-11-30,2023-12-16,0,0,0,0,0,0,0,0,0,0,0,0,0,0,7491,0,0
HTM,362,181,181,2009-08-16,2018-04-23,2,18,20,42,14,50,58,92,34,32,0,0,0,0,0,0,0
HTR,104,52,52,2012-08-15,2016-12-22,0,0,0,4,0,0,0,100,0,0,0,0,0,0,0,0,0
HTRB,7,0,7,2023-05-19,2023-12-01,0,0,0,0,0,0,0,0,0,0,0,0,0,0,7,0,0
HTS,832,416,416,2009-08-10,2019-10-14,6,62,96,166,92,32,174,170,10,10,14,0,0,0,0,0,0
HTUS,9,0,9,2016-05-31,2023-08-16,0,0,0,0,0,0,0,1,4,1,1,0,0,0,2,0,0
HTWO,18,9,9,2013-03-22,2015-03-11,0,0,0,0,10,0,8,0,0,0,0,0,0,0,0,0,0
HTWR,838,419,419,2010-02-01,2016-11-30,0,40,72,162,130,116,176,142,0,0,0,0,0,0,0,0,0
HTY,191,83,108,2010-09-02,2023-09-08,0,2,0,1,2,3,4,12,24,88,20,28,4,0,3,0,0
HTZ,5618,2696,2922,2009-08-28,2023-12-12,10,194,296,462,564,686,490,600,602,476,540,472,9,126,91,0,0
HUB.A,20,10,10,2011-02-15,2015-12-26,0,0,8,2,0,0,10,0,0,0,0,0,0,0,0,0,0
HUBB,466,0,466,2016-02-02,2023-12-16,0,0,0,0,0,0,0,15,17,42,26,23,32,93,218,0,0
HUBG,1503,622,881,2010-01-15,2023-12-15,0,38,84,104,59,92,80,129,155,281,225,95,21,81,59,0,0
HUBS,2543,911,1632,2014-08-25,2023-12-16,0,0,0,0,0,72,282,223,282,438,582,251,84,120,209,0,0
HUGE,27,0,27,2020-06-03,2021-12-30,0,0,0,0,0,0,0,0,0,0,0,22,5,0,0,0,0
HUIZ,22,0,22,2020-11-19,2023-10-05,0,0,0,0,0,0,0,0,0,0,0,1,11,4,6,0,0
HUM,8614,3145,5469,2009-08-10,2023-12-16,17,239,375,391,315,403,1295,987,1029,1077,1016,560,135,309,466,0,0
HUN,3892,1365,2527,2009-12-03,2023-12-12,2,85,162,216,217,242,201,197,597,1079,304,196,51,238,105,0,0
HURC,351,150,201,2010-09-03,2023-09-25,0,5,5,18,22,17,39,42,35,80,47,23,12,3,3,0,0
HURN,1422,542,880,2009-09-17,2023-12-13,4,34,42,64,206,193,170,64,66,127,197,82,8,81,84,0,0
HUSA,348,142,206,2010-02-17,2023-04-03,0,20,20,124,5,6,9,14,22,37,44,21,3,22,1,0,0
HUSV,74,0,74,2017-03-24,2023-03-09,0,0,0,0,0,0,0,0,7,39,7,7,4,8,2,0,0
HUYA,372,0,372,2018-05-11,2023-12-11,0,0,0,0,0,0,0,0,0,47,59,100,86,45,35,0,0
HVB,78,39,39,2011-07-21,2015-10-13,0,0,6,16,16,24,16,0,0,0,0,0,0,0,0,0,0
HVPW,52,26,26,2013-03-01,2018-12-31,0,0,0,0,6,0,22,12,8,4,0,0,0,0,0,0,0
HVT,1289,494,795,2010-09-03,2023-12-05,0,8,24,57,163,152,121,159,74,159,169,79,54,35,35,0,0
HVT-A,8630,0,8630,2023-11-30,2023-12-16,0,0,0,0,0,0,0,0,0,0,0,0,0,0,8630,0,0
HVT.A,20,10,10,2019-08-09,2020-04-27,0,0,0,0,0,0,0,0,0,0,12,8,0,0,0,0,0
HW,722,361,361,2009-09-07,2018-05-01,6,4,50,82,60,82,252,154,30,2,0,0,0,0,0,0,0
HWAY,736,368,368,2009-10-14,2017-01-06,2,32,112,122,108,82,158,110,10,0,0,0,0,0,0,0,0
HWBK,182,91,91,2010-09-24,2020-04-30,0,6,4,10,2,4,16,30,18,44,42,6,0,0,0,0,0
HWCC,410,205,205,2010-01-15,2020-05-08,0,6,28,22,26,22,88,56,34,56,58,14,0,0,0,0,0
HWKN,292,146,146,2011-02-10,2020-05-20,0,0,18,20,14,14,30,36,18,58,68,16,0,0,0,0,0
HXL,1780,890,890,2009-08-10,2020-06-11,2,24,116,144,178,90,166,120,134,204,358,244,0,0,0,0,0
HY,464,232,232,2013-01-02,2020-05-20,0,0,0,0,24,32,38,66,36,118,122,28,0,0,0,0,0
HYB,58,29,29,2012-10-11,2020-05-01,0,0,0,2,0,0,0,0,0,22,16,18,0,0,0,0,0
HYD,562,281,281,2009-11-18,2019-12-04,4,24,70,134,20,14,58,78,36,74,50,0,0,0,0,0,0
HYEM,254,127,127,2012-05-09,2020-05-08,0,0,0,42,22,2,38,44,10,56,36,4,0,0,0,0,0
HYG,4956,2478,2478,2009-08-17,2020-06-01,8,54,88,176,78,86,772,940,490,950,1026,288,0,0,0,0,0
HYGS,654,327,327,2009-07-27,2019-09-17,4,0,16,32,38,40,94,54,78,154,144,0,0,0,0,0,0
HYH,464,232,232,2014-11-01,2018-07-02,0,0,0,0,0,14,176,96,102,76,0,0,0,0,0,0,0
HYHG,102,51,51,2015-12-10,2019-12-10,0,0,0,0,0,0,2,0,0,54,46,0,0,0,0,0,0
HYI,260,130,130,2010-10-27,2020-03-12,0,2,0,0,0,0,26,44,16,106,50,16,0,0,0,0,0
HYLD,110,55,55,2012-04-16,2020-04-13,0,0,0,6,2,2,0,0,0,0,98,2,0,0,0,0,0
HYLS,142,71,71,2016-03-02,2020-05-13,0,0,0,0,0,0,0,2,0,0,130,10,0,0,0,0,0
HYMB,46,23,23,2012-05-18,2020-05-11,0,0,0,10,0,0,2,2,10,2,2,18,0,0,0,0,0
HYND,102,51,51,2016-11-23,2019-12-10,0,0,0,0,0,0,0,2,0,38,62,0,0,0,0,0,0
HYS,462,231,231,2012-01-06,2020-05-15,0,0,0,10,24,6,32,42,116,144,74,14,0,0,0,0,0
HYT,1528,764,764,2013-03-08,2020-05-15,0,0,0,0,2,0,224,322,188,486,284,22,0,0,0,0,0
HYXU,164,82,82,2012-05-31,2019-10-30,0,0,0,4,0,2,54,60,14,16,14,0,0,0,0,0,0
HZNP,3574,1787,1787,2011-07-27,2020-06-03,0,0,34,156,70,248,1156,602,296,342,504,166,0,0,0,0,0
HZO,924,462,462,2010-10-08,2020-06-03,0,4,18,40,92,56,104,80,86,166,170,108,0,0,0,0,0
I,2,1,1,2012-05-14,2012-05-14,0,0,0,2,0,0,0,0,0,0,0,0,0,0,0,0,0
IAC,511,0,511,2016-02-03,2023-12-16,0,0,0,0,0,0,0,23,53,103,62,78,80,46,66,0,0
IACI,1640,820,820,2009-08-10,2018-06-04,8,70,190,400,342,200,412,16,0,2,0,0,0,0,0,0,0
IAE,128,47,81,2009-12-03,2023-01-25,2,1,2,3,8,4,4,2,1,37,45,14,4,0,1,0,0
IAF,151,57,94,2012-01-27,2023-05-11,0,0,0,4,4,3,4,3,3,21,74,29,4,0,2,0,0
IAG,1684,574,1110,2009-07-27,2023-12-15,12,45,98,103,192,62,95,192,207,116,258,148,56,41,59,0,0
IAGG,30,0,30,2016-10-10,2023-12-11,0,0,0,0,0,0,0,2,0,0,3,3,6,4,12,0,0
IAI,470,235,235,2009-11-06,2020-05-18,12,20,28,38,40,26,78,50,26,66,66,20,0,0,0,0,0
IAK,796,167,629,2009-11-03,2023-12-11,2,8,0,37,50,90,148,108,125,104,41,8,0,46,29,0,0
IART,1797,725,1072,2010-01-04,2023-12-16,0,41,133,139,135,110,133,91,211,278,235,131,30,46,84,0,0
IAT,708,354,354,2010-01-07,2020-05-18,0,26,10,22,18,8,112,118,106,170,110,8,0,0,0,0,0
IAU,2576,248,2328,2009-04-14,2023-12-16,8,167,140,163,101,45,46,109,231,228,207,247,158,100,626,0,0
IBB,4394,1350,3044,2009-10-01,2023-12-16,12,66,52,82,96,142,341,421,708,628,690,439,204,260,253,0,0
IBCA,62,31,31,2009-10-19,2015-10-17,2,6,14,12,8,8,12,0,0,0,0,0,0,0,0,0,0
IBCB,10,5,5,2014-06-05,2015-09-29,0,0,0,0,0,2,8,0,0,0,0,0,0,0,0,0,0
IBCC,50,25,25,2014-06-05,2019-07-15,0,0,0,0,0,2,10,2,6,24,6,0,0,0,0,0,0
IBCE,50,25,25,2015-01-09,2019-07-15,0,0,0,0,0,0,8,2,6,24,10,0,0,0,0,0,0
IBCP,460,230,230,2009-10-19,2020-04-30,2,10,16,12,16,24,42,58,48,86,104,42,0,0,0,0,0
IBD,20,0,20,2017-07-17,2023-11-08,0,0,0,0,0,0,0,0,2,4,3,0,0,4,7,0,0
IBDC,50,25,25,2013-07-18,2019-07-15,0,0,0,0,2,0,6,2,6,24,10,0,0,0,0,0,0
IBDD,52,26,26,2013-07-18,2019-07-15,0,0,0,0,2,2,6,2,6,24,10,0,0,0,0,0,0
IBDF,44,22,22,2014-06-05,2019-01-04,0,0,0,0,0,4,8,4,6,20,2,0,0,0,0,0,0
IBDH,68,34,34,2014-06-05,2019-07-15,0,0,0,0,0,2,8,4,10,34,10,0,0,0,0,0,0
IBDL,50,25,25,2016-11-01,2019-09-25,0,0,0,0,0,0,0,4,6,28,12,0,0,0,0,0,0
IBDP,10,0,10,2016-04-26,2023-09-15,0,0,0,0,0,0,0,4,0,0,0,0,2,3,1,0,0
IBDQ,7,0,7,2022-04-19,2023-10-20,0,0,0,0,0,0,0,0,0,0,0,0,0,2,5,0,0
IBDR,7,0,7,2017-09-18,2023-11-14,0,0,0,0,0,0,0,0,1,0,0,0,0,1,5,0,0
IBDS,5,0,5,2018-02-12,2023-12-11,0,0,0,0,0,0,0,0,0,1,0,0,0,0,4,0,0
IBDT,7,0,7,2023-12-16,2023-12-16,0,0,0,0,0,0,0,0,0,0,0,0,0,0,7,0,0
IBDU,1,0,1,2019-10-24,2019-10-24,0,0,0,0,0,0,0,0,0,0,1,0,0,0,0,0,0
IBDV,1,0,1,2021-11-01,2021-11-01,0,0,0,0,0,0,0,0,0,0,0,0,1,0,0,0,0
IBHD,3,0,3,2020-05-15,2021-02-02,0,0,0,0,0,0,0,0,0,0,0,2,1,0,0,0,0
IBHE,2,0,2,2020-03-10,2020-10-08,0,0,0,0,0,0,0,0,0,0,0,2,0,0,0,0,0
IBIO,925,459,466,2011-02-10,2023-12-08,0,0,16,48,14,166,314,56,10,44,96,154,0,2,5,0,0
IBKC,860,430,430,2010-01-06,2020-05-15,0,24,40,68,70,44,90,94,96,110,150,74,0,0,0,0,0
IBKR,2623,1308,1315,2009-10-08,2023-12-16,16,60,168,274,248,160,338,162,278,384,384,144,0,0,7,0,0
IBLN,64,32,32,2014-12-18,2018-07-09,0,0,0,0,0,2,40,6,14,2,0,0,0,0,0,0,0
IBM,2191,1092,1099,2016-09-23,2023-12-16,0,0,0,0,0,0,0,212,568,612,444,348,0,0,7,0,0
IBMD,4,2,2,2015-04-17,2015-09-04,0,0,0,0,0,0,4,0,0,0,0,0,0,0,0,0,0
IBME,24,12,12,2015-01-14,2018-07-20,0,0,0,0,0,0,6,6,6,6,0,0,0,0,0,0,0
IBMF,22,11,11,2015-04-17,2018-07-20,0,0,0,0,0,0,4,6,6,6,0,0,0,0,0,0,0
IBMG,30,15,15,2015-01-14,2018-07-20,0,0,0,0,0,0,8,6,8,8,0,0,0,0,0,0,0
IBMH,24,12,12,2015-04-17,2018-07-20,0,0,0,0,0,0,4,6,6,8,0,0,0,0,0,0,0
IBMI,28,14,14,2014-09-12,2018-07-20,0,0,0,0,0,2,6,6,8,6,0,0,0,0,0,0,0
IBMM,6,0,6,2018-04-25,2023-09-15,0,0,0,0,0,0,0,0,0,5,0,0,0,0,1,0,0
IBMN,2,0,2,2019-01-17,2019-03-08,0,0,0,0,0,0,0,0,0,0,2,0,0,0,0,0,0
IBMO,1,0,1,2019-08-12,2019-08-12,0,0,0,0,0,0,0,0,0,0,1,0,0,0,0,0,0
IBMP,7,0,7,2023-12-16,2023-12-16,0,0,0,0,0,0,0,0,0,0,0,0,0,0,7,0,0
IBMQ,1,0,1,2019-07-12,2019-07-12,0,0,0,0,0,0,0,0,0,0,1,0,0,0,0,0,0
IBN,1421,707,714,2009-08-13,2023-12-13,8,82,118,102,72,142,196,122,98,144,216,114,0,0,7,0,0
IBND,102,51,51,2011-09-15,2019-12-02,0,0,2,0,0,0,24,18,8,24,26,0,0,0,0,0,0
IBOC,307,150,157,2010-01-20,2023-12-11,0,6,20,20,18,16,26,42,20,62,62,8,0,0,7,0,0
IBP,1003,498,505,2014-02-03,2023-12-16,0,0,0,0,0,58,78,154,80,198,236,192,0,0,7,0,0
IBTE,7,0,7,2022-04-28,2023-12-01,0,0,0,0,0,0,0,0,0,0,0,0,0,3,4,0,0
IBTF,7,0,7,2023-03-15,2023-12-16,0,0,0,0,0,0,0,0,0,0,0,0,0,0,7,0,0
IBTG,7,0,7,2023-12-16,2023-12-16,0,0,0,0,0,0,0,0,0,0,0,0,0,0,7,0,0
IBTH,2,0,2,2021-02-10,2022-06-28,0,0,0,0,0,0,0,0,0,0,0,0,1,1,0,0,0
IBTI,2,0,2,2021-07-26,2021-08-03,0,0,0,0,0,0,0,0,0,0,0,0,2,0,0,0,0
IBTJ,1,0,1,2022-10-20,2022-10-20,0,0,0,0,0,0,0,0,0,0,0,0,0,1,0,0,0
IBTX,677,225,452,2013-02-27,2023-12-14,0,0,0,0,27,38,67,62,65,129,130,55,27,28,49,0,0
ICA,220,110,110,2009-08-07,2016-11-28,4,10,30,34,28,26,38,50,0,0,0,0,0,0,0,0,0
ICAD,592,254,338,2010-06-14,2023-11-24,0,10,34,30,18,26,51,34,26,97,124,72,28,21,21,0,0
ICB,102,51,51,2013-04-09,2018-11-17,0,0,0,0,2,0,0,0,20,80,0,0,0,0,0,0,0
ICCC,404,193,211,2009-09-30,2022-10-17,2,4,12,22,10,10,47,57,39,54,74,66,4,3,0,0,0
ICCH,11,0,11,2017-03-30,2023-02-10,0,0,0,0,0,0,0,0,1,0,2,0,4,1,3,0,0
ICD,670,272,398,2014-01-30,2023-11-27,0,0,0,0,0,51,58,92,34,105,160,146,3,5,16,0,0
ICE,6140,2298,3842,2009-08-10,2023-12-16,5,190,566,527,403,394,468,578,506,703,633,536,179,214,238,0,0
ICEL,102,51,51,2013-07-25,2015-04-15,0,0,0,0,18,18,66,0,0,0,0,0,0,0,0,0,0
ICF,2558,1032,1526,2009-08-12,2023-10-20,9,62,45,46,38,59,276,360,321,764,525,30,3,8,12,0,0
ICFI,956,478,478,2009-08-31,2020-05-11,8,12,70,100,64,70,82,86,60,162,164,78,0,0,0,0,0
ICI,84,42,42,2011-05-17,2019-09-16,0,0,2,2,0,0,2,10,28,32,8,0,0,0,0,0,0
ICL,820,410,410,2014-09-12,2020-05-19,0,0,0,0,0,20,62,78,44,160,368,88,0,0,0,0,0
ICLD,464,232,232,2013-02-19,2018-12-21,0,0,0,0,58,114,180,72,26,14,0,0,0,0,0,0,0
ICLN,62,31,31,2009-10-29,2020-05-14,4,10,6,8,4,0,0,4,0,0,2,24,0,0,0,0,0
ICLR,1314,657,657,2010-01-26,2020-05-24,0,24,54,72,98,174,224,134,98,146,190,100,0,0,0,0,0
ICN,326,163,163,2009-10-29,2019-03-21,2,10,24,14,22,4,84,90,50,16,10,0,0,0,0,0,0
ICON,1762,881,881,2009-08-10,2020-06-10,12,36,90,98,178,216,294,208,160,212,224,34,0,0,0,0,0
ICPT,3028,1514,1514,2012-10-11,2020-06-05,0,0,0,32,60,440,562,448,340,480,560,106,0,0,0,0,0
ICSH,80,40,40,2015-02-09,2020-03-23,0,0,0,0,0,0,6,10,2,4,56,2,0,0,0,0,0
ICUI,1532,766,766,2010-04-19,2020-06-03,0,12,56,98,66,438,274,74,78,192,164,80,0,0,0,0,0
IDA,1058,529,529,2010-02-08,2020-05-15,0,26,42,44,130,52,74,90,78,200,250,72,0,0,0,0,0
IDG,4,2,2,2012-05-01,2016-03-25,0,0,0,2,0,0,0,2,0,0,0,0,0,0,0,0,0
IDHB,18,9,9,2012-09-20,2016-03-22,0,0,0,4,8,0,4,2,0,0,0,0,0,0,0,0,0
IDHQ,102,51,51,2012-11-28,2019-10-13,0,0,0,2,0,0,0,6,26,54,14,0,0,0,0,0,0
IDI,188,94,94,2010-07-23,2016-09-15,0,12,20,10,2,8,72,64,0,0,0,0,0,0,0,0,0
IDLV,52,26,26,2012-02-23,2019-11-27,0,0,0,14,14,0,2,2,0,12,8,0,0,0,0,0,0
IDN,606,303,303,2009-08-25,2020-05-08,4,18,26,26,12,56,62,68,40,86,98,110,0,0,0,0,0
IDOG,104,52,52,2015-03-25,2020-01-23,0,0,0,0,0,0,20,28,10,20,16,10,0,0,0,0,0
IDRA,1150,575,575,2010-03-24,2020-06-02,0,8,32,28,60,102,154,86,144,318,158,60,0,0,0,0,0
IDSY,448,224,224,2009-09-10,2019-10-07,2,4,28,24,30,66,42,46,58,58,90,0,0,0,0,0,0
IDT,744,372,372,2010-06-04,2020-06-04,0,24,28,46,34,40,108,80,86,150,114,34,0,0,0,0,0
IDTI,1652,826,826,2009-12-03,2019-06-24,2,34,74,96,104,148,284,304,186,340,80,0,0,0,0,0,0
IDU,832,416,416,2009-10-26,2020-05-05,4,12,32,26,32,20,166,158,80,170,116,16,0,0,0,0,0
IDV,422,211,211,2010-11-11,2020-05-15,0,6,16,34,20,4,26,38,96,56,90,36,0,0,0,0,0
IDX,1116,558,558,2009-09-27,2020-01-13,12,146,234,204,164,22,72,76,38,120,26,2,0,0,0,0,0
IDXJ,118,59,59,2012-06-11,2017-01-24,0,0,0,28,26,20,18,16,10,0,0,0,0,0,0,0,0
IDXX,2046,1023,1023,2010-01-13,2020-06-04,0,28,56,128,102,110,162,162,494,340,268,196,0,0,0,0,0
IEC,448,224,224,2009-12-22,2020-06-05,2,10,18,34,24,52,52,64,36,68,50,38,0,0,0,0,0
IEF,210,105,105,2009-08-17,2020-03-03,10,30,52,4,12,28,26,28,2,0,16,2,0,0,0,0,0
IEFA,56,28,28,2012-12-06,2020-05-28,0,0,0,2,0,0,2,6,16,10,0,20,0,0,0,0,0
IEI,62,31,31,2015-08-26,2020-05-21,0,0,0,0,0,0,2,0,0,0,0,60,0,0,0,0,0
IEIL,60,30,30,2016-08-06,2016-09-06,0,0,0,0,0,0,0,60,0,0,0,0,0,0,0,0,0
IEIS,36,18,18,2014-03-03,2016-09-03,0,0,0,0,0,2,22,12,0,0,0,0,0,0,0,0,0
IELG,34,17,17,2013-04-18,2016-09-03,0,0,0,0,2,4,14,14,0,0,0,0,0,0,0,0,0
IEMG,220,110,110,2012-12-05,2020-05-20,0,0,0,8,10,2,6,14,24,10,10,136,0,0,0,0,0
IEO,1932,966,966,2009-12-09,2020-04-08,6,70,40,38,48,36,222,248,182,708,326,8,0,0,0,0,0
IEP,2142,1071,1071,2010-09-13,2020-05-28,0,24,74,104,268,286,420,352,186,214,158,56,0,0,0,0,0
IESC,302,151,151,2010-01-15,2020-05-05,0,4,14,34,10,18,38,28,34,44,56,22,0,0,0,0,0
IESM,14,7,7,2013-04-18,2016-09-03,0,0,0,0,2,0,6,6,0,0,0,0,0,0,0,0,0
IEUR,112,56,56,2015-10-13,2020-05-14,0,0,0,0,0,0,4,4,2,2,78,22,0,0,0,0,0
IEX,1506,753,753,2011-03-07,2020-06-01,0,0,62,132,120,170,152,128,84,272,236,150,0,0,0,0,0
IEZ,932,466,466,2009-09-11,2020-06-08,14,70,102,84,20,14,148,136,80,136,110,18,0,0,0,0,0
IF,106,53,53,2011-10-07,2019-07-01,0,0,2,2,0,0,0,0,0,92,10,0,0,0,0,0,0
IFF,2246,1123,1123,2010-02-09,2020-06-11,0,56,160,132,78,126,182,154,194,458,566,140,0,0,0,0,0
IFGL,102,51,51,2011-09-13,2020-05-06,0,0,2,0,0,0,0,0,0,24,70,6,0,0,0,0,0
IFMI,94,47,47,2011-06-20,2017-08-03,0,0,6,4,8,6,30,24,16,0,0,0,0,0,0,0,0
IFN,268,134,134,2009-10-27,2020-05-27,2,8,24,20,10,8,12,10,14,72,66,22,0,0,0,0,0
IFNA,60,30,30,2016-08-29,2018-10-24,0,0,0,0,0,0,0,8,20,32,0,0,0,0,0,0,0
IFON,256,128,128,2010-11-11,2018-07-09,0,2,12,6,18,18,40,26,24,110,0,0,0,0,0,0,0
IFT,142,71,71,2011-02-07,2015-08-04,0,0,42,24,14,26,36,0,0,0,0,0,0,0,0,0,0
IFV,26,13,13,2014-07-30,2018-12-31,0,0,0,0,0,2,8,2,8,6,0,0,0,0,0,0,0
IG,344,172,172,2010-05-27,2020-02-28,0,4,16,16,18,140,138,0,0,6,4,2,0,0,0,0,0
IGA,46,23,23,2010-09-27,2020-03-12,0,2,2,0,0,0,0,0,0,14,18,10,0,0,0,0,0
IGC,1054,527,527,2009-08-13,2020-04-29,4,6,6,20,10,30,22,30,76,684,160,6,0,0,0,0,0
IGE,70,35,35,2012-01-03,2020-05-05,0,0,0,2,0,2,10,14,16,20,2,4,0,0,0,0,0
IGF,272,136,136,2010-01-30,2020-05-14,0,18,10,4,6,8,16,32,78,62,28,10,0,0,0,0,0
IGHG,98,49,49,2014-06-06,2019-05-22,0,0,0,0,0,2,30,6,20,32,8,0,0,0,0,0,0
IGLD,396,198,198,2010-04-07,2019-12-02,0,8,2,8,20,28,44,36,54,82,114,0,0,0,0,0,0
IGM,106,53,53,2012-04-02,2020-05-18,0,0,0,2,4,0,0,0,0,0,92,8,0,0,0,0,0
IGN,112,56,56,2011-09-28,2020-02-13,0,0,2,4,4,0,2,4,16,52,26,2,0,0,0,0,0
IGR,338,169,169,2011-04-12,2020-05-21,0,0,4,0,0,0,10,38,32,128,98,28,0,0,0,0,0
IGS,74,37,37,2015-01-26,2019-09-01,0,0,0,0,0,0,32,32,0,2,8,0,0,0,0,0,0
IGT,2640,1320,1320,2009-10-26,2020-06-11,16,158,250,374,238,274,200,154,158,272,346,200,0,0,0,0,0
IGTE,628,314,314,2010-01-20,2016-05-10,0,82,80,96,106,112,150,2,0,0,0,0,0,0,0,0,0
IGU,68,34,34,2012-05-29,2016-09-03,0,0,0,6,0,0,30,32,0,0,0,0,0,0,0,0,0
IGV,628,314,314,2009-12-10,2020-06-01,2,22,70,24,8,16,38,26,46,144,156,76,0,0,0,0,0
IHC,272,136,136,2010-03-15,2020-05-29,0,6,8,14,6,8,28,36,60,36,42,28,0,0,0,0,0
IHDG,108,54,54,2014-05-15,2020-05-08,0,0,0,0,0,4,18,18,10,16,30,12,0,0,0,0,0
IHE,700,350,350,2009-11-28,2020-05-04,4,16,42,26,22,44,90,72,96,160,118,10,0,0,0,0,0
IHF,506,253,253,2009-11-05,2020-03-18,8,32,38,36,24,8,102,28,48,74,92,16,0,0,0,0,0
IHI,602,301,301,2009-11-04,2020-05-18,6,30,34,54,26,26,28,54,64,76,130,74,0,0,0,0,0
IHT,226,113,113,2010-07-08,2020-05-05,0,10,6,6,6,4,24,20,8,114,26,2,0,0,0,0,0
IHY,274,137,137,2012-04-03,2019-12-02,0,0,0,44,4,6,68,52,18,50,32,0,0,0,0,0,0
IID,50,25,25,2018-08-16,2020-05-15,0,0,0,0,0,0,0,0,0,24,18,8,0,0,0,0,0
IIF,88,44,44,2010-10-08,2020-05-12,0,4,2,0,0,0,0,0,0,16,60,6,0,0,0,0,0
III,714,357,357,2009-08-06,2020-06-02,34,24,12,8,108,24,70,56,30,122,106,120,0,0,0,0,0
IIIN,564,282,282,2009-12-09,2020-06-10,4,8,12,18,28,16,54,116,42,106,110,50,0,0,0,0,0
IILG,390,195,195,2010-01-08,2016-09-27,0,8,22,34,30,44,106,146,0,0,0,0,0,0,0,0,0
IIM,50,25,25,2010-06-20,2020-06-01,0,4,0,0,0,0,0,0,2,4,18,22,0,0,0,0,0
IIN,540,270,270,2010-05-13,2020-05-20,0,6,16,10,8,14,36,52,50,178,132,38,0,0,0,0,0
IIVI,1588,794,794,2009-12-11,2020-06-09,2,12,46,58,58,38,192,86,170,412,308,206,0,0,0,0,0
IJH,1706,853,853,2010-01-11,2020-05-27,0,8,32,20,24,12,50,516,328,168,286,262,0,0,0,0,0
IJJ,108,54,54,2012-03-22,2020-05-07,0,0,0,2,0,0,0,4,2,24,50,26,0,0,0,0,0
IJK,50,25,25,2009-11-03,2020-05-15,2,4,8,8,0,0,0,6,0,0,2,20,0,0,0,0,0
IJNK,80,40,40,2014-03-20,2016-09-03,0,0,0,0,0,4,40,36,0,0,0,0,0,0,0,0,0
IJR,2126,1063,1063,2009-11-23,2020-05-31,2,34,40,38,12,4,120,110,586,350,508,322,0,0,0,0,0
IJS,106,53,53,2013-06-28,2020-06-03,0,0,0,0,2,0,2,0,2,0,30,70,0,0,0,0,0
IJT,116,58,58,2011-07-11,2020-04-29,0,0,8,2,0,0,0,2,0,20,58,26,0,0,0,0,0
IKAN,178,89,89,2010-02-12,2015-09-29,0,8,8,16,24,60,62,0,0,0,0,0,0,0,0,0,0
IKGH,114,57,57,2014-03-25,2017-02-07,0,0,0,0,0,14,74,24,2,0,0,0,0,0,0,0,0
IKNX,152,76,76,2010-03-15,2020-04-30,0,2,4,10,10,14,18,10,18,30,20,16,0,0,0,0,0
IL,396,198,198,2010-09-15,2019-11-05,0,6,66,46,20,48,78,120,6,4,2,0,0,0,0,0,0
ILB,60,30,30,2016-06-13,2018-12-12,0,0,0,0,0,0,0,24,22,14,0,0,0,0,0,0,0
ILF,924,462,462,2009-10-29,2020-05-28,6,44,34,56,44,14,68,160,50,112,302,34,0,0,0,0,0
ILMN,5448,2724,2724,2009-08-13,2020-06-10,14,64,252,472,264,164,932,628,380,1030,972,276,0,0,0,0,0
ILTB,40,20,20,2012-10-19,2020-03-04,0,0,0,6,2,0,10,4,0,4,10,4,0,0,0,0,0
IM,1344,672,672,2009-08-07,2020-02-13,14,56,154,200,106,250,268,286,4,0,4,2,0,0,0,0,0
IMAX,3044,1522,1522,2009-08-13,2020-05-18,14,158,270,352,256,174,564,334,286,280,240,116,0,0,0,0,0
IMDZ,634,317,317,2014-07-14,2019-04-29,0,0,0,0,0,38,144,58,140,182,72,0,0,0,0,0,0
IMI,396,198,198,2011-08-05,2020-02-17,0,0,4,54,56,62,32,46,24,64,50,4,0,0,0,0,0
IMKTA,804,402,402,2010-03-12,2020-05-07,0,12,10,30,42,64,222,68,60,96,172,28,0,0,0,0,0
IMLP,102,51,51,2013-01-15,2019-12-03,0,0,0,0,2,0,0,0,0,36,64,0,0,0,0,0,0
IMMU,2268,1134,1134,2010-01-11,2020-06-08,0,32,74,60,94,90,198,178,372,340,538,292,0,0,0,0,0
IMN,366,183,183,2010-01-21,2017-02-10,0,16,58,60,40,32,84,72,4,0,0,0,0,0,0,0,0
IMNP,364,182,182,2014-09-08,2018-12-07,0,0,0,0,0,8,92,76,100,88,0,0,0,0,0,0,0
IMO,964,482,482,2009-09-17,2020-05-10,4,6,38,24,36,38,174,140,56,168,222,58,0,0,0,0,0
IMOS,872,436,436,2010-03-12,2020-06-08,0,34,34,72,100,94,154,128,48,100,94,14,0,0,0,0,0
IMPR,200,100,100,2014-06-20,2016-09-19,0,0,0,0,0,26,94,80,0,0,0,0,0,0,0,0,0
IMPV,1556,778,778,2011-11-09,2019-05-23,0,0,24,56,46,168,364,506,158,208,26,0,0,0,0,0,0
IMRS,98,49,49,2010-11-24,2015-06-02,0,6,22,6,22,24,18,0,0,0,0,0,0,0,0,0,0
IMS,306,153,153,2009-08-10,2018-02-13,2,6,0,0,0,80,118,96,2,2,0,0,0,0,0,0,0
IMUC,484,242,242,2010-12-01,2019-11-20,0,4,10,48,60,52,92,60,90,60,8,0,0,0,0,0,0
INAP,938,469,469,2010-03-03,2020-03-25,0,10,30,40,30,32,116,98,108,226,214,34,0,0,0,0,0
INB,132,66,66,2011-04-11,2019-12-23,0,0,6,10,0,2,8,4,18,38,46,0,0,0,0,0,0
INBK,467,152,315,2013-08-06,2023-12-16,0,0,0,0,7,6,33,29,58,102,104,45,22,31,30,0,0
INBKZ,8312,0,8312,2023-12-01,2023-12-16,0,0,0,0,0,0,0,0,0,0,0,0,0,0,8312,0,0
INCO,593,247,346,2011-08-15,2023-12-06,0,0,13,56,13,19,117,83,52,104,82,5,8,20,21,0,0
INCR,650,325,325,2014-10-27,2018-01-08,0,0,0,0,0,14,294,176,156,10,0,0,0,0,0,0,0
INCY,5864,2211,3653,2009-09-23,2023-12-13,14,62,182,228,190,249,578,673,937,925,943,501,102,132,148,0,0
IND,108,54,54,2009-08-10,2020-02-25,14,46,26,8,0,0,0,2,0,8,2,2,0,0,0,0,0
INDA,4055,1913,2142,2012-02-06,2023-12-15,0,0,0,10,6,24,302,288,202,777,1693,669,18,20,46,0,0
INDB,839,297,542,2010-02-24,2023-12-16,0,8,25,33,19,53,71,74,101,118,162,70,26,30,49,0,0
INDL,951,464,487,2010-10-29,2023-10-30,0,1,10,14,25,18,179,224,100,215,156,2,2,1,4,0,0
INDO,73,0,73,2019-12-13,2023-10-06,0,0,0,0,0,0,0,0,0,0,3,11,2,51,6,0,0
INDS,19,0,19,2018-09-24,2023-11-17,0,0,0,0,0,0,0,0,0,1,4,3,5,2,4,0,0
INDY,3074,1439,1635,2010-04-19,2023-12-12,0,16,37,65,81,43,257,236,164,478,1214,438,3,23,19,0,0
INF,96,48,48,2009-12-11,2020-05-04,2,0,0,0,0,4,0,0,0,6,56,28,0,0,0,0,0
INFA,1008,504,504,2010-03-11,2018-04-26,0,30,126,374,138,144,192,2,0,2,0,0,0,0,0,0,0
INFI,1703,698,1005,2010-02-11,2023-09-13,0,9,42,146,192,137,221,267,203,257,124,59,20,18,8,0,0
INFN,2818,1161,1657,2010-02-24,2023-11-09,0,89,106,124,151,224,506,336,258,414,331,161,43,33,42,0,0
INFR,10,0,10,2017-01-12,2021-07-23,0,0,0,0,0,0,0,0,3,5,1,0,1,0,0,0,0
INFU,260,126,134,2012-01-18,2023-08-10,0,0,0,32,16,13,24,50,24,43,38,16,3,0,1,0,0
INFY,4538,1723,2815,2009-10-29,2023-12-15,8,133,171,436,362,376,507,437,402,448,654,294,99,113,98,0,0
ING,605,0,605,2009-10-27,2023-12-16,1,8,15,51,31,65,86,45,47,60,27,23,45,46,55,0,0
INGN,2464,861,1603,2014-02-04,2023-12-07,0,0,0,0,0,119,498,126,722,472,363,94,14,28,28,0,0
INGR,1639,558,1081,2012-06-06,2023-12-16,0,0,0,57,155,91,134,214,197,265,183,121,31,52,139,0,0
ININ,436,218,218,2009-10-13,2017-01-19,2,20,32,26,86,64,98,106,2,0,0,0,0,0,0,0,0
INKM,66,26,40,2012-05-11,2021-04-20,0,0,0,16,8,8,8,8,2,8,6,0,2,0,0,0,0
INMB,42,0,42,2019-05-22,2023-12-16,0,0,0,0,0,0,0,0,0,0,3,14,11,12,2,0,0
INMD,328,0,328,2019-08-07,2023-12-15,0,0,0,0,0,0,0,0,0,0,21,22,70,87,128,0,0
INN,1016,508,508,2011-02-09,2020-06-10,0,0,44,42,74,54,206,102,122,138,146,88,0,0,0,0,0
INO,4750,1770,2980,2009-10-26,2023-11-14,4,4,32,48,77,233,390,823,311,333,397,1831,177,55,35,0,0
INOD,301,126,175,2010-03-11,2023-09-14,0,6,6,10,40,52,32,28,32,38,34,8,4,1,10,0,0
INP,856,428,428,2009-10-18,2018-12-23,16,40,58,52,22,20,204,194,84,166,0,0,0,0,0,0,0
INPH,120,60,60,2010-02-05,2015-10-01,0,4,16,18,10,18,54,0,0,0,0,0,0,0,0,0,0
INPX,52,0,52,2017-04-18,2023-10-23,0,0,0,0,0,0,0,0,4,6,10,6,11,11,4,0,0
INR,108,54,54,2011-05-30,2020-03-27,0,0,4,0,4,0,0,0,0,0,54,46,0,0,0,0,0
INS,468,234,234,2010-07-08,2020-05-08,0,4,10,6,12,14,24,26,24,60,270,18,0,0,0,0,0
INSG,98,0,98,2017-04-03,2023-10-19,0,0,0,0,0,0,0,0,5,2,14,33,20,13,11,0,0
INSI,8,0,8,2020-10-16,2023-02-08,0,0,0,0,0,0,0,0,0,0,0,2,3,0,3,0,0
INSM,228,0,228,2011-08-12,2023-11-17,0,0,2,0,9,30,5,3,32,20,27,14,18,26,42,0,0
INSW,203,0,203,2017-03-16,2023-12-11,0,0,0,0,0,0,0,0,12,7,8,11,17,88,60,0,0
INSY,2334,1167,1167,2013-04-19,2019-07-03,0,0,0,0,108,236,350,312,444,566,318,0,0,0,0,0,0
INTC,13632,2475,11157,2017-12-26,2023-12-16,0,0,0,0,0,0,0,0,26,2428,4423,2031,1212,1398,2114,0,0
INTG,42,21,21,2010-10-07,2020-03-11,0,2,2,6,2,4,2,4,0,8,10,2,0,0,0,0,0
INTL,519,259,260,2010-05-12,2023-12-12,0,4,42,32,26,40,70,64,36,86,86,32,0,0,1,0,0
INTT,446,223,223,2010-02-17,2020-05-15,0,12,32,24,18,8,30,50,28,134,94,16,0,0,0,0,0
INTU,3908,1954,1954,2009-08-17,2020-06-04,18,150,256,158,170,158,274,374,422,624,928,376,0,0,0,0,0
INTX,260,130,130,2010-08-18,2019-01-14,0,10,22,24,8,22,40,36,20,76,2,0,0,0,0,0,0
INUV,600,300,300,2010-10-05,2020-06-10,0,8,22,40,10,80,102,60,26,86,118,48,0,0,0,0,0
INVE,768,384,384,2010-08-23,2020-06-01,0,4,20,58,38,32,124,58,112,134,118,70,0,0,0,0,0
INVN,1764,882,882,2011-08-09,2019-10-13,0,0,22,406,248,384,334,306,52,8,4,0,0,0,0,0,0
INVT,214,107,107,2014-06-09,2017-06-07,0,0,0,0,0,18,68,108,20,0,0,0,0,0,0,0,0
INWK,742,371,371,2010-02-05,2020-06-09,0,10,46,82,68,42,52,62,72,168,94,46,0,0,0,0,0
INXN,634,317,317,2011-03-23,2020-05-15,0,0,40,68,48,14,94,60,32,54,170,54,0,0,0,0,0
INXX,968,484,484,2010-08-26,2019-12-12,0,18,38,36,14,22,216,188,84,218,134,0,0,0,0,0,0
INY,44,22,22,2014-10-23,2016-09-03,0,0,0,0,0,4,20,20,0,0,0,0,0,0,0,0,0
INZ,2,1,1,2015-01-02,2015-01-02,0,0,0,0,0,0,2,0,0,0,0,0,0,0,0,0,0
IO,972,486,486,2009-08-10,2020-06-11,8,10,92,38,28,44,86,82,58,212,176,138,0,0,0,0,0
IOC,1350,675,675,2009-08-13,2019-02-25,12,46,132,208,282,126,204,308,30,0,2,0,0,0,0,0,0
IOIL,42,21,21,2011-05-05,2018-10-08,0,0,8,8,6,0,10,4,0,6,0,0,0,0,0,0,0
IOSP,1102,551,551,2009-10-30,2020-05-05,2,4,26,48,24,134,384,82,62,122,198,16,0,0,0,0,0
IOT,98,49,49,2010-05-28,2019-11-11,0,10,2,12,4,6,22,34,6,0,2,0,0,0,0,0,0
IP,4294,2147,2147,2009-08-07,2020-06-11,104,282,526,588,354,218,306,354,274,512,538,238,0,0,0,0,0
IPAC,106,53,53,2015-11-10,2019-12-09,0,0,0,0,0,0,2,2,2,56,44,0,0,0,0,0,0
IPAR,1396,698,698,2009-11-10,2020-05-28,6,26,82,66,144,64,168,112,146,236,250,96,0,0,0,0,0
IPAS,552,276,276,2009-08-13,2019-02-13,4,0,10,32,20,42,98,110,58,170,8,0,0,0,0,0,0
IPB,4,2,2,2012-09-11,2014-12-29,0,0,0,2,0,2,0,0,0,0,0,0,0,0,0,0,0
IPCC,388,194,194,2009-09-21,2019-08-12,2,16,34,26,26,30,50,54,70,78,2,0,0,0,0,0,0
IPCI,750,375,375,2010-03-15,2019-09-05,0,4,20,8,30,56,92,136,132,200,72,0,0,0,0,0,0
IPCM,528,264,264,2010-01-19,2015-11-23,0,54,66,124,74,80,130,0,0,0,0,0,0,0,0,0,0
IPD,28,14,14,2010-06-17,2017-03-13,0,2,4,2,0,0,10,8,2,0,0,0,0,0,0,0,0
IPDN,374,187,187,2013-03-05,2020-04-27,0,0,0,0,16,12,56,34,92,74,84,6,0,0,0,0,0
IPE,100,50,50,2019-06-09,2019-09-23,0,0,0,0,0,0,0,0,0,0,100,0,0,0,0,0,0
IPF,74,37,37,2010-03-12,2019-04-30,0,2,4,4,2,2,18,22,18,0,2,0,0,0,0,0,0
IPG,2686,1343,1343,2009-11-24,2020-06-11,6,122,210,310,182,202,240,178,186,394,404,252,0,0,0,0,0
IPGP,1600,800,800,2009-12-09,2020-06-10,4,16,108,106,58,46,196,108,250,392,238,78,0,0,0,0,0
IPHS,678,339,339,2010-02-19,2020-02-14,0,30,64,24,18,36,116,70,72,112,128,8,0,0,0,0,0
IPI,894,447,447,2009-08-07,2020-06-04,12,86,106,84,162,64,70,48,80,62,70,50,0,0,0,0,0
IPK,28,14,14,2010-08-12,2017-04-25,0,2,2,0,2,0,12,6,4,0,0,0,0,0,0,0,0
IPKW,54,27,27,2014-03-04,2019-11-19,0,0,0,0,0,2,16,18,4,6,8,0,0,0,0,0,0
IPO,412,206,206,2014-04-21,2020-06-04,0,0,0,0,0,50,78,56,32,42,130,24,0,0,0,0,0
IPOS,98,49,49,2015-04-28,2020-02-20,0,0,0,0,0,0,6,26,18,22,22,4,0,0,0,0,0
IPU,22,11,11,2011-09-12,2017-03-17,0,0,2,0,0,0,10,8,2,0,0,0,0,0,0,0,0
IPW,134,67,67,2010-03-17,2017-05-12,0,10,32,26,4,6,36,14,6,0,0,0,0,0,0,0,0
IPWR,580,290,290,2013-11-21,2020-05-29,0,0,0,0,4,28,128,64,52,90,176,38,0,0,0,0,0
IPXL,1934,967,967,2010-02-25,2018-05-02,0,90,138,220,196,290,412,230,274,84,0,0,0,0,0,0,0
IQDY,48,24,24,2013-04-17,2019-10-15,0,0,0,0,6,2,10,12,8,8,2,0,0,0,0,0,0
IQI,86,43,43,2018-09-21,2020-06-01,0,0,0,0,0,0,0,0,0,18,50,18,0,0,0,0,0
IQNT,488,244,244,2012-03-12,2017-03-18,0,0,0,58,76,82,136,122,14,0,0,0,0,0,0,0,0
IR,3204,1602,1602,2009-08-07,2020-06-11,30,120,252,396,276,212,324,246,250,392,454,252,0,0,0,0,0
IRBT,2908,1454,1454,2010-01-06,2020-06-03,0,58,124,158,156,226,296,212,268,504,746,160,0,0,0,0,0
IRC,302,151,151,2009-10-28,2017-11-29,4,14,28,34,34,38,120,26,4,0,0,0,0,0,0,0,0
IRDM,1104,552,552,2010-06-02,2020-05-28,0,14,50,74,46,58,96,96,92,206,282,90,0,0,0,0,0
IRDMB,14,7,7,2018-01-24,2018-08-10,0,0,0,0,0,0,0,0,0,14,0,0,0,0,0,0,0
IRDMZ,8,4,4,2012-02-02,2013-01-02,0,0,0,6,2,0,0,0,0,0,0,0,0,0,0,0,0
IRE,504,252,252,2009-09-17,2018-02-13,4,98,178,92,54,50,20,6,0,2,0,0,0,0,0,0,0
IRET,870,435,435,2010-04-06,2020-06-01,0,14,18,42,38,26,172,134,86,126,160,54,0,0,0,0,0
IRF,316,158,158,2009-12-11,2015-01-20,2,40,48,78,64,76,8,0,0,0,0,0,0,0,0,0,0
IRIX,498,249,249,2010-11-04,2020-06-04,0,2,16,30,30,20,42,60,30,122,104,42,0,0,0,0,0
IRL,546,273,273,2010-03-25,2020-03-19,0,6,0,10,0,2,76,66,92,186,102,6,0,0,0,0,0
IRMD,632,316,316,2014-06-18,2020-05-29,0,0,0,0,0,48,130,104,50,120,132,48,0,0,0,0,0
IROQ,120,60,60,2012-09-12,2020-04-29,0,0,0,2,2,4,16,18,16,28,30,4,0,0,0,0,0
IRR,174,87,87,2010-04-29,2020-03-06,0,2,0,0,0,0,16,16,22,56,56,6,0,0,0,0,0
IRS,398,199,199,2009-08-07,2020-02-14,6,16,18,18,12,8,32,42,26,134,78,8,0,0,0,0,0
IRT,780,390,390,2013-07-29,2020-05-18,0,0,0,0,24,28,186,150,118,128,122,24,0,0,0,0,0
IRV,38,19,19,2010-07-06,2017-05-12,0,4,0,2,0,0,14,12,6,0,0,0,0,0,0,0,0
IRWD,1690,845,845,2010-02-01,2020-06-01,0,8,56,144,214,90,200,172,158,284,294,70,0,0,0,0,0
ISBC,776,388,388,2009-11-04,2020-06-10,2,14,20,60,70,40,96,78,60,104,128,104,0,0,0,0,0
ISCA,1014,507,507,2009-08-16,2020-02-12,2,40,48,114,80,72,150,128,82,142,154,2,0,0,0,0,0
ISD,572,286,286,2014-10-15,2020-06-04,0,0,0,0,0,12,40,34,86,230,138,32,0,0,0,0,0
ISDR,46,23,23,2010-11-08,2020-06-04,0,2,0,0,0,2,4,0,0,12,16,10,0,0,0,0,0
ISF,12,6,6,2018-10-02,2019-08-28,0,0,0,0,0,0,0,0,0,4,8,0,0,0,0,0,0
ISG,4,2,2,2018-10-03,2018-10-04,0,0,0,0,0,0,0,0,0,4,0,0,0,0,0,0,0
ISH,128,64,64,2010-07-16,2015-12-21,0,2,16,24,10,14,62,0,0,0,0,0,0,0,0,0,0
ISIG,212,106,106,2010-10-27,2020-05-12,0,2,16,10,18,20,28,20,26,32,26,14,0,0,0,0,0
ISIL,1054,527,527,2009-07-27,2018-03-13,8,64,136,130,236,92,92,266,28,2,0,0,0,0,0,0,0
ISIS,1770,885,885,2009-08-07,2016-02-02,14,72,84,290,430,334,542,4,0,0,0,0,0,0,0,0,0
ISL,86,43,43,2010-05-20,2019-02-28,0,4,2,0,2,2,2,18,20,32,4,0,0,0,0,0,0
ISLE,1290,645,645,2009-08-26,2017-06-08,8,86,66,274,188,118,334,184,32,0,0,0,0,0,0,0,0
ISM,10,5,5,2014-10-28,2019-06-03,0,0,0,0,0,2,6,0,0,0,2,0,0,0,0,0,0
ISNS,370,185,185,2010-02-08,2020-06-02,0,4,14,22,14,62,32,64,24,96,18,20,0,0,0,0,0
ISP,22,11,11,2011-06-01,2019-08-08,0,0,2,0,0,0,0,0,6,8,6,0,0,0,0,0,0
ISR,690,345,345,2009-08-12,2020-06-02,6,40,54,66,8,86,112,52,28,140,66,32,0,0,0,0,0
ISRA,142,71,71,2014-07-22,2019-10-04,0,0,0,0,0,2,50,28,14,22,26,0,0,0,0,0,0
ISRL,114,57,57,2010-07-01,2019-10-30,0,4,2,28,2,10,12,14,8,2,32,0,0,0,0,0,0
ISSC,258,129,129,2009-10-23,2020-05-15,2,2,8,24,14,10,28,30,24,42,60,14,0,0,0,0,0
ISSI,454,227,227,2010-01-29,2016-02-01,0,48,44,60,30,58,212,2,0,0,0,0,0,0,0,0,0
IST,44,22,22,2011-07-25,2017-04-03,0,0,12,6,2,0,8,12,4,0,0,0,0,0,0,0,0
ISTB,68,34,34,2016-10-05,2020-05-12,0,0,0,0,0,0,0,2,6,0,2,58,0,0,0,0,0
ISTR,288,144,144,2014-05-16,2020-05-08,0,0,0,0,0,52,30,28,34,42,68,34,0,0,0,0,0
IT,3622,1811,1811,2009-08-07,2020-05-29,178,344,210,174,172,170,182,146,250,316,690,790,0,0,0,0,0
ITA,924,462,462,2009-11-09,2020-05-24,2,32,48,24,52,44,86,86,122,212,146,70,0,0,0,0,0
ITB,2408,1204,1204,2009-11-11,2020-05-28,6,88,24,72,56,40,52,20,196,982,784,88,0,0,0,0,0
ITC,990,495,495,2009-08-07,2019-08-29,16,72,120,130,134,114,196,192,2,0,14,0,0,0,0,0,0
ITCI,1116,558,558,2014-05-28,2020-05-15,0,0,0,0,0,34,146,132,196,186,328,94,0,0,0,0,0
ITE,104,52,52,2016-01-22,2019-09-24,0,0,0,0,0,0,0,2,0,0,102,0,0,0,0,0,0
ITF,116,58,58,2013-05-01,2019-08-22,0,0,0,0,14,0,90,0,0,0,12,0,0,0,0,0,0
ITG,948,474,474,2009-10-30,2019-05-10,4,32,94,58,54,176,198,100,54,156,22,0,0,0,0,0,0
ITIC,282,141,141,2010-10-29,2020-05-13,0,2,14,8,6,18,24,44,92,40,28,6,0,0,0,0,0
ITIP,54,27,27,2011-05-31,2016-09-03,0,0,2,2,0,2,18,30,0,0,0,0,0,0,0,0,0
ITLT,40,20,20,2012-02-07,2015-05-07,0,0,0,6,4,2,28,0,0,0,0,0,0,0,0,0,0
ITLY,54,27,27,2011-11-16,2015-05-07,0,0,4,8,4,8,30,0,0,0,0,0,0,0,0,0,0
ITM,274,137,137,2009-12-01,2020-05-29,2,14,10,10,6,10,38,50,12,52,58,12,0,0,0,0,0
ITOT,116,58,58,2015-11-10,2020-05-18,0,0,0,0,0,0,4,4,6,2,2,98,0,0,0,0,0
ITR,104,52,52,2015-02-03,2018-02-06,0,0,0,0,0,0,30,30,34,10,0,0,0,0,0,0,0
ITRI,1876,938,938,2009-08-07,2020-05-28,8,122,182,188,116,124,96,136,102,212,428,162,0,0,0,0,0
ITRN,552,276,276,2010-03-01,2020-05-13,0,14,20,38,4,30,48,60,82,104,120,32,0,0,0,0,0
ITT,2258,1129,1129,2009-10-13,2020-05-30,10,152,290,134,386,280,182,124,100,228,286,86,0,0,0,0,0
ITUB,1926,963,963,2009-09-30,2020-06-11,10,108,138,134,82,186,176,154,112,272,332,222,0,0,0,0,0
ITW,4154,2077,2077,2009-08-07,2020-06-11,10,158,324,454,284,232,358,370,278,788,660,238,0,0,0,0,0
IUSB,148,74,74,2015-11-10,2020-01-09,0,0,0,0,0,0,2,18,26,74,26,2,0,0,0,0,0
IUSG,146,73,73,2017-02-13,2020-05-22,0,0,0,0,0,0,0,0,2,20,84,40,0,0,0,0,0
IUSV,142,71,71,2015-11-10,2020-05-19,0,0,0,0,0,0,2,0,0,22,62,56,0,0,0,0,0
IVAC,598,299,299,2010-04-29,2020-04-27,0,24,36,36,28,50,44,44,56,138,104,38,0,0,0,0,0
IVAL,54,27,27,2014-12-30,2019-11-12,0,0,0,0,0,6,16,10,4,12,6,0,0,0,0,0,0
IVAN,158,79,79,2009-09-11,2015-06-03,14,10,46,32,12,20,24,0,0,0,0,0,0,0,0,0,0
IVC,730,365,365,2010-01-08,2020-05-21,0,10,32,30,22,38,82,70,76,148,180,42,0,0,0,0,0
IVE,1268,634,634,2010-02-08,2020-05-18,0,4,10,12,4,6,134,314,186,276,224,98,0,0,0,0,0
IVH,1360,680,680,2015-01-08,2020-06-01,0,0,0,0,0,0,188,262,168,434,296,12,0,0,0,0,0
IVOP,104,52,52,2012-03-04,2019-01-16,0,0,0,4,0,0,0,0,0,94,6,0,0,0,0,0,0
IVOV,30,15,15,2015-12-16,2019-12-13,0,0,0,0,0,0,2,10,4,6,8,0,0,0,0,0,0
IVR,1532,766,766,2009-08-10,2020-06-11,2,50,124,144,72,28,162,158,90,258,212,232,0,0,0,0,0
IVV,222,111,111,2009-09-03,2020-06-04,4,28,48,28,12,2,14,14,24,18,8,22,0,0,0,0,0
IVW,54,27,27,2009-08-13,2020-06-03,2,4,10,8,0,0,0,0,4,2,2,22,0,0,0,0,0
IVZ,3728,1864,1864,2009-10-02,2020-06-11,8,120,280,380,380,230,288,268,260,622,592,300,0,0,0,0,0
IWB,1040,520,520,2010-02-08,2020-05-18,0,6,16,12,6,6,86,252,244,180,136,96,0,0,0,0,0
IWC,322,161,161,2010-01-10,2020-05-11,0,16,18,18,4,4,64,70,14,46,56,12,0,0,0,0,0
IWD,954,477,477,2009-12-11,2020-05-29,2,8,18,16,6,4,44,78,142,242,226,168,0,0,0,0,0
IWM,2268,1134,1134,2009-08-17,2020-06-11,32,212,210,70,78,70,106,72,76,752,500,90,0,0,0,0,0
IWN,116,58,58,2011-07-06,2020-06-10,0,0,4,0,2,0,4,0,0,2,2,102,0,0,0,0,0
IWO,576,288,288,2009-12-08,2020-05-15,2,8,32,14,10,8,54,44,82,158,114,50,0,0,0,0,0
IWR,110,55,55,2016-02-12,2020-05-16,0,0,0,0,0,0,0,4,0,2,32,72,0,0,0,0,0
IWS,106,53,53,2012-03-28,2020-05-08,0,0,0,2,2,0,0,0,0,26,40,36,0,0,0,0,0
IWV,108,54,54,2012-06-07,2020-06-08,0,0,0,2,0,2,0,2,0,0,36,66,0,0,0,0,0
IWY,100,50,50,2015-10-09,2020-05-13,0,0,0,0,0,0,8,16,22,16,28,10,0,0,0,0,0
IX,296,148,148,2009-08-10,2020-04-26,4,4,2,26,14,20,16,18,18,72,82,20,0,0,0,0,0
IXC,366,183,183,2009-10-30,2020-05-12,2,14,12,64,22,10,38,98,8,40,32,26,0,0,0,0,0
IXJ,52,26,26,2011-05-20,2020-02-14,0,0,10,4,8,0,2,4,2,2,18,2,0,0,0,0,0
IXP,188,94,94,2010-08-27,2020-05-01,0,2,4,18,8,18,20,16,16,42,34,10,0,0,0,0,0
IXUS,266,133,133,2012-11-01,2020-05-18,0,0,0,6,0,0,16,20,24,48,62,90,0,0,0,0,0
IXYS,334,167,167,2009-08-25,2019-01-31,2,6,22,32,14,14,86,62,80,14,2,0,0,0,0,0,0
IYC,1018,509,509,2009-11-02,2020-04-29,2,14,16,32,12,22,240,230,158,152,126,14,0,0,0,0,0
IYE,1874,937,937,2010-03-24,2020-05-15,0,14,20,34,24,32,352,382,194,546,254,22,0,0,0,0,0
IYF,1428,714,714,2009-11-30,2020-05-08,6,28,28,44,40,6,262,418,182,238,148,28,0,0,0,0,0
IYG,1148,574,574,2009-11-19,2020-05-18,2,24,14,28,16,20,178,336,160,222,130,18,0,0,0,0,0
IYJ,92,46,46,2010-09-27,2020-04-03,0,8,8,10,4,0,2,2,0,0,46,12,0,0,0,0,0
IYK,1074,537,537,2010-02-04,2020-05-05,0,16,36,34,12,36,284,244,152,118,132,10,0,0,0,0,0
IYLD,84,42,42,2012-04-15,2020-02-26,0,0,0,12,16,10,18,2,4,8,8,6,0,0,0,0,0
IYM,364,182,182,2009-11-09,2020-04-23,2,18,20,10,16,16,96,62,34,60,24,6,0,0,0,0,0
IYR,1774,887,887,2009-08-29,2020-05-15,16,72,82,36,10,8,34,14,24,600,842,36,0,0,0,0,0
IYY,146,73,73,2011-10-12,2020-01-31,0,0,2,4,0,0,0,48,28,32,30,2,0,0,0,0,0
IYZ,676,338,338,2010-01-11,2020-04-27,0,12,36,84,22,28,110,94,82,142,62,4,0,0,0,0,0
JACK,4008,2004,2004,2009-08-07,2020-06-10,4,122,132,260,256,458,624,638,460,462,386,206,0,0,0,0,0
JAH,1124,562,562,2009-11-10,2017-02-14,2,44,100,224,222,144,294,92,2,0,0,0,0,0,0,0,0
JAKK,1812,906,906,2009-12-23,2020-05-13,2,52,146,178,134,178,276,160,186,268,196,36,0,0,0,0,0
JASN,364,182,182,2014-08-05,2020-01-27,0,0,0,0,0,4,72,60,28,86,110,4,0,0,0,0,0
JASO,3354,1677,1677,2009-11-10,2019-12-09,40,406,434,314,362,334,744,286,300,116,18,0,0,0,0,0,0
JAXB,58,29,29,2010-05-10,2016-06-23,0,10,2,8,16,2,18,2,0,0,0,0,0,0,0,0,0
JAZZ,4516,2258,2258,2009-12-15,2020-06-01,4,78,112,236,1240,608,378,396,356,466,492,150,0,0,0,0,0
JBHT,3210,1605,1605,2010-01-19,2020-06-03,0,82,238,388,176,176,248,294,290,420,698,200,0,0,0,0,0
JBK,2,1,1,2018-12-04,2018-12-04,0,0,0,0,0,0,0,0,0,2,0,0,0,0,0,0,0
JBL,3720,1860,1860,2009-09-25,2020-06-11,26,230,416,668,402,232,342,338,270,264,444,88,0,0,0,0,0
JBLU,3124,1562,1562,2009-09-10,2020-06-10,8,244,270,194,244,312,356,418,262,182,240,394,0,0,0,0,0
JBN,8,4,4,2019-01-04,2019-11-01,0,0,0,0,0,0,0,0,0,0,8,0,0,0,0,0,0
JBR,10,5,5,2013-03-12,2019-11-01,0,0,0,0,2,0,0,0,0,0,8,0,0,0,0,0,0
JBSS,436,218,218,2010-02-04,2020-05-05,0,8,22,46,12,14,46,76,38,84,76,14,0,0,0,0,0
JBT,1098,549,549,2010-07-22,2020-05-15,0,24,48,76,48,58,106,92,136,166,270,74,0,0,0,0,0
JCE,92,46,46,2018-03-03,2020-04-02,0,0,0,0,0,0,0,0,0,42,38,12,0,0,0,0,0
JCI,4352,2176,2176,2009-10-08,2020-06-10,10,250,566,488,350,226,440,508,442,442,434,196,0,0,0,0,0
JCOM,1678,839,839,2010-01-22,2020-05-14,0,50,100,130,96,180,172,178,118,220,346,88,0,0,0,0,0
JCP,5052,2526,2526,2012-12-31,2020-06-05,0,0,0,2,1762,828,526,568,634,274,238,220,0,0,0,0,0
JCS,394,197,197,2010-09-02,2020-05-29,0,8,10,24,26,10,28,38,16,62,150,22,0,0,0,0,0
JCTCF,180,90,90,2010-11-03,2020-04-14,0,4,12,26,12,6,10,24,14,28,34,10,0,0,0,0,0
JD,6788,3394,3394,2014-05-21,2020-06-10,0,0,0,0,0,380,1004,990,836,1422,1532,624,0,0,0,0,0
JDD,132,66,66,2015-01-13,2020-04-02,0,0,0,0,0,0,6,8,10,80,18,10,0,0,0,0,0
JDST,998,499,499,2013-10-09,2020-04-30,0,0,0,0,6,4,62,94,174,300,342,16,0,0,0,0,0
JDSU,1572,786,786,2009-11-06,2015-08-07,20,228,448,284,198,260,134,0,0,0,0,0,0,0,0,0,0
JEC,3756,1878,1878,2009-08-25,2019-12-10,18,184,414,348,296,284,254,312,262,706,678,0,0,0,0,0,0
JEM,60,30,30,2018-09-05,2019-12-12,0,0,0,0,0,0,0,0,0,28,32,0,0,0,0,0,0
JEQ,82,41,41,2018-08-16,2020-05-27,0,0,0,0,0,0,0,0,0,22,54,6,0,0,0,0,0
JFC,3850,1925,1925,2012-03-01,2019-08-20,0,0,0,4,0,0,856,1630,430,924,6,0,0,0,0,0,0
JFR,260,130,130,2012-03-20,2020-06-04,0,0,0,2,0,2,10,20,28,104,70,24,0,0,0,0,0
JGBB,100,50,50,2016-07-17,2016-09-25,0,0,0,0,0,0,0,100,0,0,0,0,0,0,0,0,0
JGBD,108,54,54,2011-11-14,2016-10-02,0,0,2,4,2,0,0,100,0,0,0,0,0,0,0,0,0
JGBL,106,53,53,2011-11-14,2016-10-02,0,0,2,0,2,0,0,102,0,0,0,0,0,0,0,0,0
JGBS,104,52,52,2011-11-14,2016-10-02,0,0,2,2,0,0,0,100,0,0,0,0,0,0,0,0,0
JGBT,108,54,54,2011-11-14,2016-10-02,0,0,2,0,2,0,2,102,0,0,0,0,0,0,0,0,0
JGH,278,139,139,2015-01-20,2020-05-18,0,0,0,0,0,0,14,36,12,98,106,12,0,0,0,0,0
JGV,100,50,50,2015-08-04,2018-10-23,0,0,0,0,0,0,10,70,12,8,0,0,0,0,0,0,0
JGW,166,83,83,2013-11-08,2016-06-23,0,0,0,0,16,40,88,22,0,0,0,0,0,0,0,0,0
JHI,508,254,254,2011-10-12,2020-06-01,0,0,2,0,2,0,80,148,46,128,80,22,0,0,0,0,0
JHP,20,10,10,2015-08-25,2016-04-18,0,0,0,0,0,0,10,10,0,0,0,0,0,0,0,0,0
JHS,110,55,55,2018-03-02,2020-06-01,0,0,0,0,0,0,0,0,0,46,50,14,0,0,0,0,0
JHX,590,295,295,2009-08-28,2020-05-20,2,26,18,58,132,88,66,40,20,64,58,18,0,0,0,0,0
JIVE,648,324,324,2011-11-30,2017-05-02,0,0,22,186,116,110,124,60,30,0,0,0,0,0,0,0,0
JJA,104,52,52,2011-06-17,2019-12-15,0,0,2,0,0,0,2,0,0,0,100,0,0,0,0,0,0
JJC,3182,1591,1591,2009-11-04,2020-06-04,10,292,762,174,54,58,390,400,246,274,292,230,0,0,0,0,0
JJE,100,50,50,2018-05-20,2019-12-11,0,0,0,0,0,0,0,0,0,80,20,0,0,0,0,0,0
JJG,722,361,361,2010-03-04,2020-05-05,0,76,200,66,4,2,80,72,52,130,34,6,0,0,0,0,0
JJM,62,31,31,2012-03-19,2019-12-12,0,0,0,2,0,0,0,0,0,0,60,0,0,0,0,0,0
JJN,108,54,54,2011-09-06,2020-01-15,0,0,4,2,0,0,2,0,0,6,92,2,0,0,0,0,0
JJP,64,32,32,2011-07-24,2019-12-13,0,0,2,2,0,0,0,0,0,4,56,0,0,0,0,0,0
JJS,100,50,50,2019-04-19,2019-12-12,0,0,0,0,0,0,0,0,0,0,100,0,0,0,0,0,0
JJSF,1162,581,581,2010-04-15,2020-05-21,0,14,34,50,204,174,104,94,88,112,228,60,0,0,0,0,0
JJT,102,51,51,2015-04-18,2019-11-26,0,0,0,0,0,0,2,0,20,64,16,0,0,0,0,0,0
JJU,104,52,52,2012-10-22,2020-02-18,0,0,0,2,2,0,2,0,0,34,50,14,0,0,0,0,0
JKD,100,50,50,2019-12-08,2019-12-15,0,0,0,0,0,0,0,0,0,0,100,0,0,0,0,0,0
JKE,112,56,56,2011-08-25,2020-05-13,0,0,2,12,0,4,10,18,12,28,10,16,0,0,0,0,0
JKF,102,51,51,2011-05-13,2020-03-31,0,0,2,0,0,0,8,16,14,30,28,4,0,0,0,0,0
JKG,38,19,19,2011-09-09,2019-11-03,0,0,2,2,0,0,6,6,4,10,8,0,0,0,0,0,0
JKH,106,53,53,2011-10-20,2020-06-04,0,0,2,2,2,0,6,6,2,26,42,18,0,0,0,0,0
JKI,54,27,27,2011-08-26,2020-04-03,0,0,2,2,2,2,6,2,4,20,10,4,0,0,0,0,0
JKJ,100,50,50,2016-04-11,2019-11-03,0,0,0,0,0,0,0,18,12,48,22,0,0,0,0,0,0
JKK,86,43,43,2010-08-04,2020-05-01,0,2,4,2,0,0,8,6,8,32,18,6,0,0,0,0,0
JKL,76,38,38,2010-05-13,2020-05-12,0,2,2,2,2,2,10,6,2,34,12,2,0,0,0,0,0
JKS,4092,2046,2046,2010-06-23,2020-06-09,0,112,254,156,356,534,672,292,328,462,656,270,0,0,0,0,0
JLL,2326,1163,1163,2009-08-27,2020-06-01,6,42,154,154,140,226,306,256,148,316,460,118,0,0,0,0,0
JMEI,740,370,370,2014-05-12,2020-04-15,0,0,0,0,0,150,270,88,80,78,46,28,0,0,0,0,0
JMI,430,215,215,2012-10-09,2019-06-16,0,0,0,28,18,34,222,126,0,0,2,0,0,0,0,0,0
JMLP,446,223,223,2015-05-19,2020-04-02,0,0,0,0,0,0,46,60,34,200,94,12,0,0,0,0,0
JMM,100,50,50,2018-02-22,2019-12-05,0,0,0,0,0,0,0,0,0,56,44,0,0,0,0,0,0
JMP,788,394,394,2009-08-10,2020-05-14,6,16,30,28,50,88,178,116,60,86,106,24,0,0,0,0,0
JMPB,2,1,1,2018-09-27,2018-09-27,0,0,0,0,0,0,0,0,0,2,0,0,0,0,0,0,0
JNJ,5856,2928,2928,2011-06-14,2020-06-11,0,0,298,588,546,662,574,632,602,628,864,462,0,0,0,0,0
JNK,4334,2167,2167,2009-11-09,2020-06-01,6,74,88,214,116,58,682,760,376,846,916,198,0,0,0,0,0
JNPR,2912,1456,1456,2009-08-13,2020-05-28,20,246,548,296,184,364,220,260,182,228,184,180,0,0,0,0,0
JNS,1560,780,780,2009-10-22,2017-08-24,4,116,184,234,114,294,354,206,54,0,0,0,0,0,0,0,0
JNUG,1242,621,621,2013-10-09,2020-05-18,0,0,0,0,2,24,66,144,240,326,410,30,0,0,0,0,0
JO,1542,771,771,2009-11-02,2020-06-04,2,22,60,28,18,66,118,178,106,278,472,194,0,0,0,0,0
JOB,210,105,105,2010-09-30,2020-02-06,0,4,4,14,2,18,60,22,12,54,18,2,0,0,0,0,0
JOBS,816,408,408,2009-11-23,2020-05-26,6,64,82,58,38,100,72,52,58,102,148,36,0,0,0,0,0
JOE,1006,503,503,2009-08-13,2020-05-20,2,124,190,90,54,86,108,50,52,122,84,44,0,0,0,0,0
JOEZ,362,181,181,2010-03-11,2015-10-01,0,48,28,72,106,88,20,0,0,0,0,0,0,0,0,0,0
JOF,82,41,41,2011-06-10,2020-03-12,0,0,2,4,0,0,0,0,0,10,58,8,0,0,0,0,0
JONE,836,418,418,2013-05-28,2019-05-14,0,0,0,0,34,66,96,150,130,274,86,0,0,0,0,0,0
JOUT,820,410,410,2010-09-07,2020-05-29,0,4,32,42,28,8,68,70,108,252,172,36,0,0,0,0,0
JOY,2510,1255,1255,2011-12-06,2018-03-07,0,0,22,420,416,354,652,588,56,2,0,0,0,0,0,0,0
JPC,382,191,191,2011-01-24,2020-05-05,0,0,4,6,6,2,16,102,56,122,58,10,0,0,0,0,0
JPEM,82,41,41,2015-01-09,2020-03-26,0,0,0,0,0,0,10,4,10,28,26,4,0,0,0,0,0
JPEP,242,121,121,2014-09-22,2019-06-12,0,0,0,0,0,18,66,132,18,6,2,0,0,0,0,0,0
JPGE,24,12,12,2015-09-30,2020-05-15,0,0,0,0,0,0,8,0,4,6,4,2,0,0,0,0,0
JPI,160,80,80,2015-04-10,2020-05-01,0,0,0,0,0,0,4,14,10,72,48,12,0,0,0,0,0
JPIN,28,14,14,2015-09-30,2020-04-22,0,0,0,0,0,0,2,2,2,2,10,10,0,0,0,0,0
JPM,5766,2883,2883,2018-09-15,2020-06-11,0,0,0,0,0,0,0,0,0,998,3448,1320,0,0,0,0,0
JPMV,102,51,51,2016-10-19,2019-11-19,0,0,0,0,0,0,0,2,0,42,58,0,0,0,0,0,0
JPNL,106,53,53,2013-07-02,2019-12-08,0,0,0,0,2,0,0,0,0,2,102,0,0,0,0,0,0
JPP,110,55,55,2012-02-12,2019-05-08,0,0,0,4,4,0,0,84,0,2,16,0,0,0,0,0,0
JPS,296,148,148,2011-08-04,2020-05-12,0,0,2,0,0,0,10,38,30,130,72,14,0,0,0,0,0
JPW,2,1,1,2016-11-10,2016-11-10,0,0,0,0,0,0,0,2,0,0,0,0,0,0,0,0,0
JQC,48,24,24,2018-10-12,2020-04-20,0,0,0,0,0,0,0,0,0,18,12,18,0,0,0,0,0
JRI,58,29,29,2018-10-08,2020-03-19,0,0,0,0,0,0,0,0,0,22,24,12,0,0,0,0,0
JRJC,556,278,278,2010-01-11,2020-06-10,0,20,24,18,8,136,134,44,32,60,68,12,0,0,0,0,0
JRN,332,166,166,2009-08-07,2015-09-14,6,24,38,58,60,100,46,0,0,0,0,0,0,0,0,0,0
JRO,38,19,19,2018-09-04,2020-06-04,0,0,0,0,0,0,0,0,0,16,2,20,0,0,0,0,0
JRS,44,22,22,2010-05-11,2020-03-19,0,2,0,0,0,0,0,0,0,12,18,12,0,0,0,0,0
JRVR,490,245,245,2014-12-12,2020-05-15,0,0,0,0,0,10,80,66,54,86,152,42,0,0,0,0,0
JSC,108,54,54,2012-11-15,2019-08-06,0,0,0,2,4,0,0,98,0,0,4,0,0,0,0,0,0
JSM,6,3,3,2018-10-23,2019-11-07,0,0,0,0,0,0,0,0,0,2,4,0,0,0,0,0,0
JST,216,108,108,2009-11-18,2016-04-12,6,22,26,14,28,50,52,18,0,0,0,0,0,0,0,0,0
JTA,46,23,23,2017-06-26,2020-03-12,0,0,0,0,0,0,0,0,2,18,20,6,0,0,0,0,0
JTD,42,21,21,2018-10-12,2020-03-19,0,0,0,0,0,0,0,0,0,10,20,12,0,0,0,0,0
JTP,26,13,13,2014-04-14,2016-04-18,0,0,0,0,0,2,14,10,0,0,0,0,0,0,0,0,0
JTPY,220,110,110,2014-04-07,2018-11-21,0,0,0,0,0,4,56,32,28,100,0,0,0,0,0,0,0
JUNO,2274,1137,1137,2014-11-17,2019-08-07,0,0,0,0,0,68,764,628,480,330,4,0,0,0,0,0,0
JUNR,32,16,16,2012-09-10,2015-09-26,0,0,0,4,10,0,18,0,0,0,0,0,0,0,0,0,0
JVA,712,356,356,2009-05-27,2020-04-21,10,4,238,120,30,20,68,56,28,58,68,12,0,0,0,0,0
JW.A,114,57,57,2011-05-29,2020-04-26,0,0,6,0,0,0,0,0,6,0,84,18,0,0,0,0,0
JW.B,44,22,22,2010-06-25,2020-02-18,0,2,2,0,2,0,2,6,2,10,14,4,0,0,0,0,0
JWN,8864,4432,4432,2009-10-08,2020-06-11,42,398,672,814,642,606,842,1100,988,1186,1206,368,0,0,0,0,0
JXI,62,31,31,2011-08-03,2019-12-11,0,0,4,6,4,0,14,4,6,6,18,0,0,0,0,0,0
JXSB,104,52,52,2010-09-21,2018-05-22,0,4,4,2,4,6,20,24,22,18,0,0,0,0,0,0,0
JYN,52,26,26,2011-03-04,2019-12-15,0,0,32,0,0,0,0,0,0,0,20,0,0,0,0,0,0
JYNT,454,227,227,2014-10-22,2020-05-15,0,0,0,0,0,24,38,54,46,66,176,50,0,0,0,0,0
K,3725,1859,1866,2009-07-16,2023-12-16,206,160,286,198,172,202,170,248,324,726,750,276,0,0,7,0,0
KAI,953,473,480,2010-07-12,2023-12-16,0,10,50,48,44,136,144,60,128,164,104,58,0,0,7,0,0
KALA,136,0,136,2018-07-17,2023-11-13,0,0,0,0,0,0,0,0,0,8,12,20,4,35,57,0,0
KALL,7,0,7,2023-06-16,2023-12-05,0,0,0,0,0,0,0,0,0,0,0,0,0,0,7,0,0
KALU,1321,657,664,2010-02-09,2023-10-26,0,168,48,68,66,62,102,136,136,296,186,46,0,0,7,0,0
KALV,7,0,7,2023-09-19,2023-12-07,0,0,0,0,0,0,0,0,0,0,0,0,0,0,7,0,0
KAMN,7,0,7,2023-06-27,2023-10-09,0,0,0,0,0,0,0,0,0,0,0,0,0,0,7,0,0
KANG,576,288,288,2014-04-07,2019-06-16,0,0,0,0,0,82,172,100,54,162,6,0,0,0,0,0,0
KAP,16,8,8,2014-11-13,2019-09-04,0,0,0,0,0,4,6,0,0,4,2,0,0,0,0,0,0
KAR,1329,661,668,2010-01-20,2023-12-13,0,24,78,88,86,56,116,110,128,208,316,112,0,0,7,0,0
KARS,7,0,7,2023-11-10,2023-12-08,0,0,0,0,0,0,0,0,0,0,0,0,0,0,7,0,0
KATE,1722,861,861,2014-03-05,2017-12-01,0,0,0,0,0,314,500,500,408,0,0,0,0,0,0,0,0
KB,449,221,228,2010-03-31,2023-12-06,0,40,14,50,26,28,22,20,88,60,64,30,0,0,7,0,0
KBA,97,45,52,2015-03-13,2023-10-05,0,0,0,0,0,0,8,4,2,10,62,4,0,0,7,0,0
KBAL,316,158,158,2015-01-07,2020-05-05,0,0,0,0,0,0,46,40,32,76,92,30,0,0,0,0,0
KBE,1965,979,986,2009-11-06,2023-12-16,14,144,200,108,18,6,184,454,266,296,238,30,0,0,7,0,0
KBH,3053,1523,1530,2009-09-16,2023-12-16,32,224,282,300,236,208,206,190,182,178,634,374,0,0,7,0,0
KBIO,798,399,399,2013-01-30,2017-07-12,0,0,0,0,52,72,596,62,16,0,0,0,0,0,0,0,0
KBR,2915,1454,1461,2009-08-25,2023-12-15,12,78,202,202,212,204,262,222,258,506,500,250,0,0,7,0,0
KBSF,352,176,176,2016-02-09,2020-04-21,0,0,0,0,0,0,0,8,84,166,76,18,0,0,0,0,0
KBWB,937,465,472,2012-01-12,2023-12-16,0,0,0,38,24,16,126,234,128,194,142,28,0,0,7,0,0
KBWC,74,37,37,2012-10-08,2016-03-21,0,0,0,2,12,4,46,10,0,0,0,0,0,0,0,0,0
KBWD,109,51,58,2013-04-01,2023-12-16,0,0,0,0,2,0,0,0,0,34,58,8,0,0,7,0,0
KBWI,88,44,44,2012-10-01,2016-03-21,0,0,0,4,8,10,56,10,0,0,0,0,0,0,0,0,0
KBWP,393,77,316,2012-06-12,2023-12-11,0,0,0,13,30,33,38,34,68,86,46,0,1,23,21,0,0
KBWR,568,56,512,2012-10-08,2023-12-16,0,0,0,4,4,0,2,134,149,96,99,2,11,33,34,0,0
KBWY,416,53,363,2012-11-16,2023-12-16,0,0,0,4,60,50,36,47,35,51,110,2,5,9,7,0,0
KC,123,0,123,2020-05-07,2023-12-03,0,0,0,0,0,0,0,0,0,0,0,22,36,32,33,0,0
KCAP,874,437,437,2009-10-05,2019-03-29,8,12,18,48,66,20,236,192,102,140,32,0,0,0,0,0,0
KCC,24,12,12,2011-08-22,2019-09-16,0,0,2,4,0,2,4,0,0,0,12,0,0,0,0,0,0
KCE,595,58,537,2010-04-29,2023-11-07,0,2,6,13,56,62,103,116,62,85,75,7,0,2,6,0,0
KCG,1600,800,800,2010-07-22,2017-06-30,0,22,120,884,184,98,154,78,60,0,0,0,0,0,0,0,0
KCLI,52,26,26,2011-05-23,2019-11-19,0,0,4,4,2,2,14,0,2,2,22,0,0,0,0,0,0
KCNY,146,73,73,2016-03-21,2020-04-03,0,0,0,0,0,0,0,2,22,50,70,2,0,0,0,0,0
KE,303,115,188,2014-11-19,2023-12-11,0,0,0,0,0,3,19,59,46,54,56,31,11,9,15,0,0
KED,246,123,123,2010-03-31,2019-01-25,0,8,10,18,28,28,28,32,24,68,2,0,0,0,0,0,0
KEF,116,58,58,2011-06-07,2019-01-25,0,0,2,2,0,0,8,2,2,96,4,0,0,0,0,0,0
KEG,1134,567,567,2009-12-23,2019-11-27,2,46,120,96,48,96,86,46,80,148,366,0,0,0,0,0,0
KELYA,1237,503,734,2009-07-27,2023-11-29,2,46,73,161,97,74,107,98,130,144,134,75,17,37,42,0,0
KELYB,68,0,68,2013-02-19,2023-11-27,0,0,0,0,4,3,4,3,5,3,7,13,8,6,12,0,0
KEM,1478,732,746,2010-12-14,2020-06-11,0,24,38,50,42,54,60,72,374,360,342,62,0,0,0,0,0
KEMQ,18,0,18,2018-01-09,2023-05-18,0,0,0,0,0,0,0,0,0,1,3,4,0,7,3,0,0
KEP,1009,318,691,2009-11-05,2023-10-26,4,13,17,29,36,222,109,188,88,115,123,35,6,15,9,0,0
KEQU,361,164,197,2010-08-25,2023-09-01,0,6,10,25,21,11,27,44,27,82,70,31,3,2,2,0,0
KERN,7,0,7,2023-04-28,2023-11-07,0,0,0,0,0,0,0,0,0,0,0,0,0,0,7,0,0
KERNW,4064,0,4064,2023-12-04,2023-12-16,0,0,0,0,0,0,0,0,0,0,0,0,0,0,4064,0,0
KERX,1682,841,841,2009-09-16,2019-08-11,10,46,106,202,164,198,314,246,168,220,8,0,0,0,0,0,0
KEX,1514,594,920,2010-01-28,2023-12-15,0,16,86,135,73,179,106,174,66,182,209,101,25,63,99,0,0
KEY,7693,3102,4591,2010-02-23,2023-12-16,0,90,456,504,462,329,586,588,545,660,652,2199,90,134,398,0,0
KEYS,1606,803,803,2014-11-04,2020-06-11,0,0,0,0,0,8,138,94,160,280,698,228,0,0,0,0,0
KEYW,806,403,403,2010-11-10,2019-08-16,0,6,26,62,22,80,136,98,118,128,130,0,0,0,0,0,0
KF,90,45,45,2010-09-01,2020-06-02,0,6,2,2,2,2,16,4,6,24,20,6,0,0,0,0,0
KFFB,182,72,110,2010-11-02,2023-04-11,0,2,2,6,5,6,23,23,26,39,30,6,7,5,2,0,0
KFH,2,1,1,2016-10-25,2016-10-25,0,0,0,0,0,0,0,2,0,0,0,0,0,0,0,0,0
KFI,4,2,2,2017-04-06,2019-08-12,0,0,0,0,0,0,0,0,2,0,2,0,0,0,0,0,0
KFS,266,119,147,2010-12-17,2023-03-21,0,4,10,24,5,10,22,42,21,67,37,17,3,3,1,0,0
KFX,192,96,96,2014-01-16,2017-12-12,0,0,0,0,0,96,92,0,4,0,0,0,0,0,0,0,0
KFY,1900,733,1167,2010-03-10,2023-12-15,0,25,72,132,178,152,227,184,104,342,231,85,43,65,60,0,0
KFYP,110,55,55,2013-09-05,2019-12-11,0,0,0,0,2,0,2,2,2,2,100,0,0,0,0,0,0
KGC,5652,2345,3307,2009-08-10,2023-12-16,25,489,362,758,374,173,419,662,310,403,957,351,79,93,197,0,0
KGJI,390,185,205,2010-08-03,2020-08-12,0,10,43,48,8,21,42,79,22,52,50,15,0,0,0,0,0
KGRN,58,0,58,2019-02-26,2023-09-18,0,0,0,0,0,0,0,0,0,0,2,7,17,15,17,0,0
KHC,2429,0,2429,2015-07-08,2023-12-16,0,0,0,0,0,0,82,237,306,282,261,210,210,333,508,0,0
KHI,86,43,43,2015-06-19,2018-12-03,0,0,0,0,0,0,22,38,10,16,0,0,0,0,0,0,0
KIDS,7,0,7,2023-10-04,2023-12-07,0,0,0,0,0,0,0,0,0,0,0,0,0,0,7,0,0
KIE,1201,253,948,2009-11-03,2023-12-14,6,48,31,49,79,98,191,178,199,160,60,15,6,47,34,0,0
KIM,4042,1573,2469,2009-11-17,2023-12-14,4,130,135,275,235,193,344,281,400,912,614,205,69,112,133,0,0
KIN,624,312,312,2013-12-12,2020-06-08,0,0,0,0,4,90,66,68,78,116,140,62,0,0,0,0,0
KINS,632,260,372,2010-11-03,2023-12-14,0,6,10,40,8,18,44,43,92,122,172,28,7,30,12,0,0
KIO,1372,686,686,2015-05-18,2020-04-15,0,0,0,0,0,0,192,256,194,432,278,20,0,0,0,0,0
KIQ,94,47,47,2014-12-02,2020-05-07,0,0,0,0,0,2,22,18,4,24,22,2,0,0,0,0,0
KIRK,1654,827,827,2009-11-20,2020-06-04,8,94,106,124,186,142,236,134,134,190,226,74,0,0,0,0,0
KITE,2020,1010,1010,2014-06-11,2018-09-11,0,0,0,0,0,162,682,528,572,76,0,0,0,0,0,0,0
KJAN,5,0,5,2021-01-14,2023-01-11,0,0,0,0,0,0,0,0,0,0,0,0,2,0,3,0,0
KJUL,8693,0,8693,2023-07-24,2023-12-16,0,0,0,0,0,0,0,0,0,0,0,0,0,0,8693,0,0
KKD,1970,985,985,2009-08-26,2019-11-13,4,80,264,236,568,250,356,204,6,0,2,0,0,0,0,0,0
KKR,6334,2005,4329,2010-05-07,2023-12-16,0,37,155,269,357,400,641,619,440,725,761,605,475,396,454,0,0
KLAC,3771,1882,1889,2009-12-09,2023-12-16,2,114,258,332,232,216,380,384,310,574,756,206,0,0,7,0,0
KLDO,7,0,7,2022-03-30,2022-04-18,0,0,0,0,0,0,0,0,0,0,0,0,0,7,0,0,0
KLDW,5,0,5,2016-09-20,2017-10-25,0,0,0,0,0,0,0,4,1,0,0,0,0,0,0,0,0
KLIC,416,0,416,2010-04-14,2023-12-14,0,3,3,0,2,14,23,9,33,68,29,12,69,87,64,0,0
KLXE,64,0,64,2018-10-19,2023-10-31,0,0,0,0,0,0,0,0,0,3,14,9,7,8,23,0,0
KLXI,488,244,244,2015-01-12,2019-02-05,0,0,0,0,0,0,160,90,96,140,2,0,0,0,0,0,0
KMB,7302,2647,4655,2009-08-16,2023-12-16,26,209,463,538,445,415,772,816,648,1011,816,447,150,210,336,0,0
KMDA,905,379,526,2013-05-27,2023-12-06,0,0,0,0,28,105,78,88,132,104,229,81,6,49,5,0,0
KME,24,12,12,2011-08-10,2015-04-29,0,0,4,6,4,0,10,0,0,0,0,0,0,0,0,0,0
KMF,624,312,312,2011-01-19,2020-06-03,0,0,6,10,4,10,68,102,48,248,98,30,0,0,0,0,0
KMG,986,493,493,2011-01-03,2019-07-20,0,0,6,24,76,72,198,60,144,402,4,0,0,0,0,0,0
KMI,4335,2164,2171,2010-11-23,2023-12-16,0,2,86,158,84,186,248,256,348,1258,1362,340,0,0,7,0,0
KMM,108,54,54,2015-06-19,2018-12-31,0,0,0,0,0,0,6,34,10,58,0,0,0,0,0,0,0
KMPR,1474,510,964,2012-02-02,2023-12-16,0,0,0,17,234,183,99,60,116,292,242,105,37,35,54,0,0
KMT,1588,794,794,2010-03-15,2020-06-11,0,20,68,114,148,150,194,120,202,248,220,104,0,0,0,0,0
KMX,2970,1485,1485,2009-08-16,2020-06-11,20,190,156,150,116,184,130,200,410,470,754,190,0,0,0,0,0
KND,1184,592,592,2009-12-17,2019-04-01,2,34,120,110,104,226,174,168,172,72,2,0,0,0,0,0,0
KNDI,2110,942,1168,2009-09-21,2023-11-27,4,8,59,26,124,398,339,292,168,209,308,126,28,14,7,0,0
KNG,4,0,4,2018-04-09,2023-12-13,0,0,0,0,0,0,0,0,0,1,0,0,0,1,2,0,0
KNL,792,396,396,2010-01-11,2020-04-28,0,12,36,32,42,48,96,90,104,140,140,52,0,0,0,0,0
KNM,98,49,49,2009-11-03,2015-04-28,4,16,24,16,20,14,4,0,0,0,0,0,0,0,0,0,0
KNOP,670,335,335,2013-04-09,2020-05-28,0,0,0,0,32,58,66,114,68,174,130,28,0,0,0,0,0
KNOW,130,65,65,2012-01-04,2020-02-18,0,0,0,42,16,4,14,16,16,12,6,4,0,0,0,0,0
KNSA,73,0,73,2018-05-25,2023-12-11,0,0,0,0,0,0,0,0,0,2,6,16,8,18,23,0,0
KNX,473,0,473,2011-03-17,2023-12-16,0,0,2,2,5,18,25,15,31,52,50,21,43,93,116,0,0
KO,13395,2874,10521,2009-06-22,2023-12-16,73,637,580,749,804,1342,1032,1204,1121,978,1017,1041,556,966,1295,0,0
KOD,99,0,99,2018-09-28,2023-12-14,0,0,0,0,0,0,0,0,0,1,25,17,14,21,21,0,0
KODK,1267,471,796,2013-12-11,2023-09-25,0,0,0,0,1,46,85,81,77,557,154,206,28,19,13,0,0
KOF,829,411,418,2010-02-10,2023-12-12,0,12,52,90,80,52,98,106,72,92,96,72,0,0,7,0,0
KOIN,7,0,7,2021-07-21,2023-08-22,0,0,0,0,0,0,0,0,0,0,0,0,4,0,3,0,0
KOKU,1,0,1,2021-02-01,2021-02-01,0,0,0,0,0,0,0,0,0,0,0,0,1,0,0,0,0
KOL,1734,867,867,2009-09-08,2020-06-04,16,242,220,272,120,68,172,208,74,128,180,34,0,0,0,0,0
KOLD,121,57,64,2012-04-25,2023-12-13,0,0,0,2,10,0,0,2,0,0,100,0,0,0,7,0,0
KOMP,46,0,46,2018-10-24,2023-12-16,0,0,0,0,0,0,0,0,0,2,6,8,14,5,11,0,0
KONA,886,443,443,2010-10-27,2019-11-09,0,8,76,136,38,86,166,138,122,90,26,0,0,0,0,0,0
KONE,352,176,176,2011-03-14,2018-08-30,0,0,22,4,26,22,46,70,80,82,0,0,0,0,0,0,0
KOOL,992,496,496,2010-06-24,2019-10-31,0,6,22,40,14,46,158,172,132,200,202,0,0,0,0,0,0
KOP,1911,639,1272,2010-02-17,2023-11-29,0,22,48,64,64,88,309,129,395,267,169,111,15,75,155,0,0
KOPN,743,292,451,2010-04-07,2023-11-09,0,16,30,26,25,24,106,77,63,111,109,70,37,19,30,0,0
KORP,7,0,7,2023-02-03,2023-09-02,0,0,0,0,0,0,0,0,0,0,0,0,0,0,7,0,0
KORS,4060,2030,2030,2011-12-12,2019-12-17,0,0,18,362,238,488,438,866,730,914,6,0,0,0,0,0,0
KORU,141,53,88,2013-04-10,2023-11-29,0,0,0,0,4,0,3,3,7,41,67,2,2,5,7,0,0
KOS,1784,668,1116,2011-06-20,2023-12-05,0,0,58,84,85,130,153,146,184,333,259,190,49,64,49,0,0
KOSS,543,184,359,2009-12-02,2023-07-25,2,8,8,9,22,26,30,40,33,127,60,23,136,12,7,0,0
KPTI,1894,858,1036,2013-10-28,2023-11-06,0,0,0,0,24,160,160,185,150,368,575,201,17,27,27,0,0
KR,10254,5127,5127,2009-09-15,2020-06-11,42,326,542,662,742,952,1306,1330,1186,1366,1232,568,0,0,0,0,0
KRC,1245,453,792,2009-08-10,2023-12-14,6,12,48,103,53,47,168,90,98,130,214,107,38,63,68,0,0
KRE,3672,1248,2424,2009-11-10,2023-12-16,17,193,83,75,79,103,349,436,494,593,666,223,54,100,207,0,0
KREF,7,0,7,2023-08-30,2023-10-25,0,0,0,0,0,0,0,0,0,0,0,0,0,0,7,0,0
KRG,963,478,485,2009-08-07,2023-12-16,4,10,24,40,40,54,80,100,104,226,234,40,0,0,7,0,0
KRKR,13,0,13,2019-11-07,2023-03-31,0,0,0,0,0,0,0,0,0,0,2,1,3,5,2,0,0
KRMD,35,0,35,2020-12-02,2023-09-07,0,0,0,0,0,0,0,0,0,0,0,1,11,10,13,0,0
KRNT,139,0,139,2015-02-25,2023-11-10,0,0,0,0,0,0,8,2,7,6,8,23,25,39,21,0,0
KRNY,322,161,161,2010-05-26,2020-05-28,0,14,6,8,12,20,40,40,30,66,52,34,0,0,0,0,0
KRO,924,0,924,2011-10-13,2023-11-03,0,0,4,3,5,41,24,42,424,189,28,13,25,96,30,0,0
KROO,288,144,144,2010-03-31,2018-12-10,0,42,34,22,8,0,36,56,22,68,0,0,0,0,0,0,0
KROS,44,0,44,2020-04-03,2023-12-11,0,0,0,0,0,0,0,0,0,0,0,10,6,7,21,0,0
KRP,134,0,134,2017-01-25,2023-12-14,0,0,0,0,0,0,0,0,7,8,8,14,9,46,42,0,0
KRTX,12,0,12,2023-12-06,2023-12-16,0,0,0,0,0,0,0,0,0,0,0,0,0,0,12,0,0
KRU,104,52,52,2013-07-08,2017-03-24,0,0,0,0,4,0,0,40,60,0,0,0,0,0,0,0,0
KRUS,147,0,147,2019-07-31,2023-12-15,0,0,0,0,0,0,0,0,0,0,4,6,9,30,98,0,0
KRYS,98,0,98,2018-05-31,2023-12-16,0,0,0,0,0,0,0,0,0,4,9,3,16,13,53,0,0
KS,1188,594,594,2010-05-06,2019-01-06,0,16,24,42,156,212,188,188,94,266,2,0,0,0,0,0,0
KSA,32,0,32,2013-03-08,2023-11-12,0,0,0,0,1,0,1,3,7,9,2,0,1,6,2,0,0
KSM,44,22,22,2009-08-12,2020-03-19,4,0,0,0,0,0,0,2,0,16,20,2,0,0,0,0,0
KSS,10619,3801,6818,2009-10-29,2023-12-16,46,337,437,409,384,635,1087,1322,1334,1567,1332,770,245,455,259,0,0
KST,100,50,50,2015-05-21,2018-12-31,0,0,0,0,0,0,8,32,8,52,0,0,0,0,0,0,0
KSU,4166,2083,2083,2009-09-08,2020-06-11,6,120,238,322,320,336,604,474,364,470,650,262,0,0,0,0,0
KT,695,245,450,2010-11-26,2023-12-16,0,3,39,44,18,99,48,75,53,80,115,71,13,22,15,0,0
KTB,198,0,198,2019-06-04,2023-12-15,0,0,0,0,0,0,0,0,0,0,16,31,43,43,65,0,0
KTCC,430,195,235,2010-01-27,2023-08-15,0,8,4,34,19,38,61,52,38,51,71,47,3,1,3,0,0
KTEC,188,94,94,2010-01-26,2018-03-20,0,2,4,24,34,10,24,28,30,32,0,0,0,0,0,0,0
KTF,103,26,77,2012-12-14,2023-10-13,0,0,0,1,11,11,10,12,1,26,16,8,0,1,6,0,0
KTH,7,0,7,2013-04-24,2016-04-26,0,0,0,0,2,2,2,1,0,0,0,0,0,0,0,0,0
KTN,11,2,9,2011-10-03,2016-06-27,0,0,2,0,2,2,2,3,0,0,0,0,0,0,0,0,0
KTOS,2685,1087,1598,2009-09-02,2023-12-14,2,22,145,210,149,174,128,221,297,498,457,186,54,66,76,0,0
KTP,18,9,9,2018-05-20,2019-07-08,0,0,0,0,0,0,0,0,0,2,16,0,0,0,0,0,0
KTWO,462,231,231,2014-09-02,2019-02-05,0,0,0,0,0,6,98,82,114,160,2,0,0,0,0,0,0
KURA,96,0,96,2015-11-04,2023-12-08,0,0,0,0,0,0,1,11,12,3,4,12,15,8,30,0,0
KURE,28,0,28,2018-08-16,2023-12-16,0,0,0,0,0,0,0,0,0,3,2,6,4,6,7,0,0
KUTV,222,111,111,2010-11-15,2016-07-13,0,6,30,48,20,34,36,48,0,0,0,0,0,0,0,0,0
KVHI,536,268,268,2010-02-10,2020-05-01,0,12,34,34,26,36,88,58,60,72,88,28,0,0,0,0,0
KW,967,480,487,2010-07-29,2023-12-11,0,30,50,66,76,122,120,112,82,148,108,46,0,0,7,0,0
KWEB,2394,995,1399,2013-08-06,2023-12-16,0,0,0,0,11,85,432,342,209,525,440,55,72,119,104,0,0
KWR,809,401,408,2010-08-12,2023-12-01,0,28,42,62,26,38,60,56,42,138,240,70,0,0,7,0,0
KWT,564,282,282,2009-09-08,2018-06-25,14,46,66,124,80,24,90,40,28,52,0,0,0,0,0,0,0
KXI,269,76,193,2010-02-04,2023-10-04,0,2,25,25,15,12,37,18,38,42,27,7,2,10,9,0,0
KXIN,63,0,63,2019-12-17,2023-09-11,0,0,0,0,0,0,0,0,0,0,2,33,20,5,3,0,0
KYE,472,236,236,2010-03-29,2019-11-21,0,2,6,12,0,8,72,98,54,196,24,0,0,0,0,0,0
KYN,1123,489,634,2009-12-30,2023-12-05,1,19,26,35,18,36,130,140,94,329,189,84,6,6,10,0,0
KYO,288,144,144,2009-07-27,2020-02-25,2,6,36,32,18,46,60,36,26,24,0,2,0,0,0,0,0
KYTH,372,186,186,2012-10-11,2018-04-23,0,0,0,30,86,38,210,4,0,4,0,0,0,0,0,0,0
KZ,140,70,70,2014-12-31,2019-06-19,0,0,0,0,0,2,72,56,6,0,4,0,0,0,0,0,0
KZIA,36,0,36,2017-12-27,2023-12-01,0,0,0,0,0,0,0,0,1,0,3,13,3,9,7,0,0
KZR,7,0,7,2023-05-12,2023-12-14,0,0,0,0,0,0,0,0,0,0,0,0,0,0,7,0,0
L,1833,913,920,2009-08-06,2023-12-12,128,56,118,252,154,196,212,128,98,196,196,92,0,0,7,0,0
LABC,38,19,19,2010-06-07,2015-07-31,0,2,0,6,2,6,22,0,0,0,0,0,0,0,0,0,0
LABD,7,0,7,2023-10-02,2023-11-14,0,0,0,0,0,0,0,0,0,0,0,0,0,0,7,0,0
LABL,564,282,282,2010-05-20,2019-07-08,0,8,22,26,22,68,82,64,38,128,106,0,0,0,0,0,0
LABU,7,0,7,2023-11-16,2023-12-15,0,0,0,0,0,0,0,0,0,0,0,0,0,0,7,0,0
LAC,7,0,7,2023-12-11,2023-12-16,0,0,0,0,0,0,0,0,0,0,0,0,0,0,7,0,0
LACO,110,55,55,2009-11-05,2015-07-30,2,8,4,24,8,20,44,0,0,0,0,0,0,0,0,0,0
LAD,2486,1243,1243,2009-10-06,2020-06-02,4,16,80,182,232,322,346,168,170,316,534,116,0,0,0,0,0
LADR,1235,614,621,2014-02-06,2023-12-16,0,0,0,0,0,90,104,222,152,338,202,120,0,0,7,0,0
LAG,100,50,50,2015-05-01,2016-04-26,0,0,0,0,0,0,98,2,0,0,0,0,0,0,0,0,0
LAKE,2043,1018,1025,2009-07-27,2023-12-16,12,10,30,52,24,462,378,144,152,122,92,558,0,0,7,0,0
LALT,36,18,18,2014-06-04,2019-02-21,0,0,0,0,0,6,10,2,10,6,2,0,0,0,0,0,0
LAMR,1593,793,800,2009-11-05,2023-12-16,4,32,94,164,98,114,106,128,102,294,320,130,0,0,7,0,0
LANC,835,414,421,2010-05-18,2023-12-11,0,22,30,54,38,26,96,146,64,176,138,38,0,0,7,0,0
LAND,915,454,461,2009-12-07,2023-12-13,2,0,0,0,10,20,148,132,124,196,214,62,0,0,7,0,0
LANDP,7,0,7,2017-08-15,2023-12-13,0,0,0,0,0,0,0,0,5,0,0,0,0,0,2,0,0
LAQ,100,50,50,2016-06-16,2019-05-16,0,0,0,0,0,0,0,8,22,60,10,0,0,0,0,0,0
LARK,258,107,151,2011-05-08,2023-05-04,0,0,10,0,11,9,27,46,25,45,51,14,13,5,2,0,0
LAS,178,89,89,2010-12-10,2015-04-06,0,4,36,44,26,54,14,0,0,0,0,0,0,0,0,0,0
LAUR,161,0,161,2017-01-18,2023-11-07,0,0,0,0,0,0,0,0,19,18,29,32,22,26,15,0,0
LAWS,18,0,18,2022-08-22,2023-12-13,0,0,0,0,0,0,0,0,0,0,0,0,0,1,17,0,0
LAYN,836,418,418,2009-12-07,2019-02-19,2,24,70,122,78,142,162,76,86,72,2,0,0,0,0,0,0
LAZ,3339,1222,2117,2009-08-27,2023-12-15,22,79,116,179,224,371,350,261,390,446,402,157,64,113,165,0,0
LAZY,73,0,73,2018-07-09,2023-12-15,0,0,0,0,0,0,0,0,0,1,0,11,11,27,23,0,0
LBAI,430,215,215,2010-06-24,2020-05-01,0,8,18,52,36,16,30,46,38,68,96,22,0,0,0,0,0
LBF,44,22,22,2011-06-09,2018-01-12,0,0,2,2,0,0,12,26,0,2,0,0,0,0,0,0,0
LBIX,336,168,168,2009-09-24,2018-08-03,2,8,24,6,4,6,36,76,80,94,0,0,0,0,0,0,0
LBMH,74,37,37,2013-12-24,2016-01-07,0,0,0,0,2,24,46,2,0,0,0,0,0,0,0,0,0
LBND,100,50,50,2016-05-13,2016-10-05,0,0,0,0,0,0,0,100,0,0,0,0,0,0,0,0,0
LBRDA,483,203,280,2014-11-24,2023-11-23,0,0,0,0,0,4,132,60,32,97,80,46,10,8,14,0,0
LBRDK,453,159,294,2014-11-05,2023-12-11,0,0,0,0,0,1,12,32,36,90,131,88,21,22,20,0,0
LBTYA,2596,1298,1298,2009-11-04,2020-06-10,12,60,150,100,338,296,424,280,200,326,318,92,0,0,0,0,0
LBTYB,110,55,55,2010-01-25,2020-05-07,0,2,2,2,4,14,20,12,8,12,16,18,0,0,0,0,0
LBTYK,800,400,400,2010-01-25,2020-06-09,0,2,8,6,28,34,160,114,72,128,164,84,0,0,0,0,0
LBY,566,283,283,2010-10-20,2020-06-02,0,2,10,24,22,30,46,56,62,140,154,20,0,0,0,0,0
LCAHW,172,0,172,2023-12-16,2023-12-16,0,0,0,0,0,0,0,0,0,0,0,0,0,0,172,0,0
LCI,3334,1667,1667,2010-09-13,2020-06-11,0,16,66,38,332,688,666,308,180,416,564,60,0,0,0,0,0
LCII,7,0,7,2023-10-30,2023-12-07,0,0,0,0,0,0,0,0,0,0,0,0,0,0,7,0,0
LCM,76,38,38,2011-06-01,2019-07-17,0,0,2,0,0,0,6,4,14,42,8,0,0,0,0,0,0
LCNB,220,110,110,2011-07-28,2020-04-09,0,0,6,4,12,30,20,24,12,54,38,20,0,0,0,0,0
LCTX,46,0,46,2019-09-19,2023-11-11,0,0,0,0,0,0,0,0,0,0,2,2,14,14,14,0,0
LCUT,594,234,360,2010-01-27,2023-11-09,0,8,28,20,33,42,38,59,82,86,77,30,18,14,59,0,0
LD,102,51,51,2017-03-22,2019-10-02,0,0,0,0,0,0,0,0,16,80,6,0,0,0,0,0,0
LDEM,7,0,7,2020-10-30,2023-06-12,0,0,0,0,0,0,0,0,0,0,0,2,2,1,2,0,0
LDF,100,50,50,2018-01-09,2019-11-03,0,0,0,0,0,0,0,0,0,88,12,0,0,0,0,0,0
LDL,546,273,273,2009-12-18,2020-06-02,2,4,22,24,12,22,42,54,44,122,142,56,0,0,0,0,0
LDOS,3149,1116,2033,2013-12-02,2023-12-16,0,0,0,0,16,226,438,330,418,301,634,445,85,84,172,0,0
LDP,316,109,207,2012-11-15,2023-11-10,0,0,0,7,11,14,24,22,20,129,45,29,13,1,1,0,0
LDR,380,190,190,2009-12-01,2019-08-01,2,14,40,34,48,52,92,50,38,2,8,0,0,0,0,0,0
LDRH,410,205,205,2013-10-09,2016-07-13,0,0,0,0,18,38,250,104,0,0,0,0,0,0,0,0,0
LDRI,70,35,35,2014-09-15,2019-07-15,0,0,0,0,0,4,12,6,12,24,12,0,0,0,0,0,0
LDSF,14,0,14,2019-03-26,2023-09-13,0,0,0,0,0,0,0,0,0,0,4,1,0,3,6,0,0
LDUR,98,49,49,2015-01-20,2020-04-16,0,0,0,0,0,0,34,28,4,12,10,10,0,0,0,0,0
LE,992,360,632,2010-09-15,2023-12-05,0,1,0,0,2,108,176,167,120,145,145,52,30,26,20,0,0
LEA,944,0,944,2010-11-18,2023-12-14,0,1,6,6,39,20,55,137,134,105,87,42,61,90,161,0,0
LEAD,16,0,16,2016-05-13,2020-12-24,0,0,0,0,0,0,0,4,6,2,3,1,0,0,0,0,0
LECO,1528,757,771,2009-10-30,2023-12-14,2,42,82,160,154,118,130,142,126,196,268,94,0,0,14,0,0
LEDD,100,50,50,2017-01-12,2018-12-29,0,0,0,0,0,0,0,0,34,66,0,0,0,0,0,0,0
LEDS,1243,590,653,2010-12-09,2023-01-03,0,14,153,57,54,72,65,167,104,258,166,115,14,3,1,0,0
LEE,672,306,366,2009-08-10,2023-08-15,6,8,19,99,32,18,81,92,45,123,80,53,9,5,2,0,0
LEG,2754,1019,1735,2009-11-16,2023-12-14,2,40,115,189,145,191,217,192,236,524,527,138,57,97,84,0,0
LEGH,53,0,53,2018-11-23,2023-12-16,0,0,0,0,0,0,0,0,0,3,1,0,12,16,21,0,0
LEGN,166,0,166,2020-06-05,2023-12-15,0,0,0,0,0,0,0,0,0,0,0,26,28,37,75,0,0
LEI,470,235,235,2009-11-19,2017-01-04,2,30,122,70,22,18,64,130,12,0,0,0,0,0,0,0,0
LEJU,784,330,454,2014-04-07,2023-12-07,0,0,0,0,0,119,177,100,74,194,83,26,5,0,6,0,0
LEMB,529,254,275,2011-10-19,2023-06-26,0,0,14,47,26,1,40,104,62,147,72,15,0,0,1,0,0
LEN,7172,3478,3694,2009-09-21,2023-12-16,16,344,264,252,524,838,1354,599,538,954,996,299,11,14,169,0,0
LEN.B,24,12,12,2019-10-02,2020-06-02,0,0,0,0,0,0,0,0,0,0,8,16,0,0,0,0,0
LEO,757,327,430,2009-12-07,2023-06-01,4,6,0,3,11,11,70,144,84,234,134,38,12,4,2,0,0
LEU,565,213,352,2014-10-01,2023-12-15,0,0,0,0,0,12,45,94,34,124,120,30,35,32,39,0,0
LEVI,554,0,554,2019-06-04,2023-12-16,0,0,0,0,0,0,0,0,0,0,42,84,113,128,187,0,0
LEVY,18,9,9,2013-11-13,2015-05-08,0,0,0,0,2,0,16,0,0,0,0,0,0,0,0,0,0
LEVYU,6,3,3,2014-01-02,2017-02-13,0,0,0,0,0,2,2,0,2,0,0,0,0,0,0,0,0
LFC,976,488,488,2009-11-12,2020-05-22,10,60,112,88,106,118,86,54,46,74,154,68,0,0,0,0,0
LFEQ,7,0,7,2017-11-13,2023-03-14,0,0,0,0,0,0,0,0,1,0,0,0,1,4,1,0,0
LFUS,955,474,481,2010-02-08,2023-12-16,0,8,32,50,56,56,60,118,124,198,204,42,0,0,7,0,0
LFVN,520,260,260,2012-04-02,2020-05-05,0,0,0,12,20,32,70,118,42,122,82,22,0,0,0,0,0
LG,442,221,221,2009-08-07,2016-04-26,14,10,42,32,98,68,128,50,0,0,0,0,0,0,0,0,0
LGCY,1738,869,869,2009-12-29,2019-12-10,2,28,52,56,52,84,268,504,120,370,202,0,0,0,0,0,0
LGCYO,30,15,15,2018-05-09,2018-08-16,0,0,0,0,0,0,0,0,0,30,0,0,0,0,0,0,0
LGCYP,24,12,12,2018-05-17,2018-08-06,0,0,0,0,0,0,0,0,0,24,0,0,0,0,0,0,0
LGF,3308,1654,1654,2009-08-10,2020-05-21,10,308,212,528,346,488,616,684,44,28,30,14,0,0,0,0,0
LGF-A,7,0,7,2023-12-16,2023-12-16,0,0,0,0,0,0,0,0,0,0,0,0,0,0,7,0,0
LGH,7,0,7,2023-12-16,2023-12-16,0,0,0,0,0,0,0,0,0,0,0,0,0,0,7,0,0
LGHL,7,0,7,2021-11-04,2023-12-07,0,0,0,0,0,0,0,0,0,0,0,0,2,3,2,0,0
LGHLW,916,0,916,2023-12-15,2023-12-16,0,0,0,0,0,0,0,0,0,0,0,0,0,0,916,0,0
LGI,116,58,58,2014-12-18,2020-05-15,0,0,0,0,0,2,0,2,0,40,58,14,0,0,0,0,0
LGLV,107,50,57,2019-05-17,2023-11-21,0,0,0,0,0,0,0,0,0,0,66,34,0,0,7,0,0
LGND,2883,1438,1445,2009-10-27,2023-12-14,6,14,70,114,112,328,366,294,432,672,366,102,0,0,7,0,0
LGOV,2,0,2,2019-07-12,2019-09-30,0,0,0,0,0,0,0,0,0,0,2,0,0,0,0,0,0
LH,3003,1498,1505,2010-01-03,2023-12-16,0,78,254,290,188,248,386,244,218,434,318,338,0,0,7,0,0
LHCG,1190,595,595,2010-01-05,2020-06-03,0,28,58,78,54,64,130,88,92,170,302,126,0,0,0,0,0
LHX,597,0,597,2019-07-05,2023-12-16,0,0,0,0,0,0,0,0,0,0,30,61,84,192,230,0,0
LIFE,7,0,7,2023-08-18,2023-09-21,0,0,0,0,0,0,0,0,0,0,0,0,0,0,7,0,0
LII,1659,826,833,2010-03-19,2023-12-16,0,38,72,134,124,114,180,194,100,276,338,82,0,0,7,0,0
LILA,7,0,7,2023-06-07,2023-10-18,0,0,0,0,0,0,0,0,0,0,0,0,0,0,7,0,0
LILAK,7,0,7,2023-05-09,2023-11-14,0,0,0,0,0,0,0,0,0,0,0,0,0,0,7,0,0
LIME,212,106,106,2009-09-22,2018-10-10,2,6,14,34,32,28,38,54,0,4,0,0,0,0,0,0,0
LIN,7,0,7,2023-12-14,2023-12-16,0,0,0,0,0,0,0,0,0,0,0,0,0,0,7,0,0
LINC,737,365,372,2009-09-28,2023-11-27,6,58,42,88,34,106,74,50,36,78,112,46,0,0,7,0,0
LIND,7,0,7,2023-08-01,2023-12-11,0,0,0,0,0,0,0,0,0,0,0,0,0,0,7,0,0
LINE,2690,1345,1345,2009-08-07,2016-06-06,12,90,146,234,316,214,1238,440,0,0,0,0,0,0,0,0,0
LION,456,228,228,2010-01-29,2019-07-08,0,4,8,20,36,78,86,60,26,90,48,0,0,0,0,0,0
LIOX,472,236,236,2010-02-10,2017-06-12,0,10,30,50,86,52,160,58,26,0,0,0,0,0,0,0,0
LIQD,116,58,58,2013-07-26,2016-01-28,0,0,0,0,14,70,30,2,0,0,0,0,0,0,0,0,0
LIQT,477,235,242,2013-03-27,2023-05-26,0,0,0,0,4,30,44,48,28,112,170,34,1,4,2,0,0
LIT,553,273,280,2010-08-11,2023-12-12,0,44,46,20,6,16,24,86,78,126,78,22,0,0,7,0,0
LITB,471,232,239,2013-06-06,2023-05-26,0,0,0,0,138,48,94,30,30,60,44,20,2,4,1,0,0
LITE,7,0,7,2023-12-06,2023-12-16,0,0,0,0,0,0,0,0,0,0,0,0,0,0,7,0,0
LIVE,920,457,463,2009-08-07,2023-12-15,6,8,40,68,30,206,124,114,114,138,32,34,0,0,6,0,0
LIVN,7,0,7,2023-11-09,2023-12-13,0,0,0,0,0,0,0,0,0,0,0,0,0,0,7,0,0
LIZI,7,0,7,2021-08-31,2023-08-02,0,0,0,0,0,0,0,0,0,0,0,0,3,2,2,0,0
LJPC,1108,554,554,2009-10-15,2020-06-02,2,2,2,6,8,114,162,56,206,208,244,98,0,0,0,0,0
LKCO,7,0,7,2021-12-08,2023-03-27,0,0,0,0,0,0,0,0,0,0,0,0,2,3,2,0,0
LKFN,447,220,227,2009-11-13,2023-12-14,4,2,8,36,24,36,34,44,42,92,94,24,0,0,7,0,0
LKOR,7,0,7,2022-03-15,2023-06-29,0,0,0,0,0,0,0,0,0,0,0,0,0,4,3,0,0
LL,4646,2323,2323,2009-08-07,2020-06-11,12,56,148,324,644,330,1522,562,226,254,398,170,0,0,0,0,0
LLDM,100,50,50,2015-01-09,2017-02-26,0,0,0,0,0,0,14,70,16,0,0,0,0,0,0,0,0
LLEM,142,71,71,2015-01-14,2017-02-27,0,0,0,0,0,0,2,88,52,0,0,0,0,0,0,0,0
LLEX,480,240,240,2014-03-31,2020-05-04,0,0,0,0,0,8,20,10,66,198,114,64,0,0,0,0,0
LLL,2990,1495,1495,2009-12-11,2019-09-24,18,172,298,352,196,262,344,340,286,440,282,0,0,0,0,0,0
LLNW,1442,721,721,2009-07-27,2020-06-08,2,78,174,122,48,98,186,114,88,224,184,124,0,0,0,0,0
LLSC,104,52,52,2015-01-14,2018-04-23,0,0,0,0,0,0,2,0,0,102,0,0,0,0,0,0,0
LLTC,1602,801,801,2009-08-07,2019-08-25,8,108,210,342,210,120,262,284,56,0,2,0,0,0,0,0,0
LLY,7083,3538,3545,2009-08-31,2023-12-16,46,298,464,378,302,366,498,502,470,650,2130,972,0,0,7,0,0
LM,3518,1759,1759,2009-08-13,2020-05-28,18,172,256,340,294,280,298,348,220,374,552,366,0,0,0,0,0
LMAT,1131,562,569,2010-07-28,2023-12-10,0,6,10,28,56,42,258,92,140,180,246,66,0,0,7,0,0
LMB,7,0,7,2023-12-11,2023-12-16,0,0,0,0,0,0,0,0,0,0,0,0,0,0,7,0,0
LMBS,149,71,78,2019-01-07,2023-10-24,0,0,0,0,0,0,0,0,0,0,72,70,0,0,7,0,0
LMCA,1482,741,741,2011-12-07,2017-02-08,0,0,4,234,262,334,256,356,36,0,0,0,0,0,0,0,0
LMCB,80,40,40,2012-08-14,2019-11-12,0,0,0,6,10,0,10,30,4,14,6,0,0,0,0,0,0
LMCK,112,56,56,2015-11-19,2017-02-22,0,0,0,0,0,0,26,74,12,0,0,0,0,0,0,0,0
LMFA,7,0,7,2021-10-15,2023-05-28,0,0,0,0,0,0,0,0,0,0,0,0,4,2,1,0,0
LMIA,412,206,206,2010-03-30,2017-06-30,0,10,48,50,58,36,126,52,32,0,0,0,0,0,0,0,0
LMLP,296,148,148,2011-02-10,2019-11-26,0,0,38,34,2,2,30,38,28,62,62,0,0,0,0,0,0
LMNR,918,459,459,2011-02-03,2020-06-10,0,0,12,44,72,124,88,94,110,182,142,50,0,0,0,0,0
LMNX,1608,804,804,2010-01-12,2020-05-28,0,44,80,96,128,90,250,140,378,166,148,88,0,0,0,0,0
LMOS,418,209,209,2011-11-01,2017-11-21,0,0,2,28,62,114,66,72,74,0,0,0,0,0,0,0,0
LMPX,7,0,7,2021-07-19,2022-01-25,0,0,0,0,0,0,0,0,0,0,0,0,6,1,0,0,0
LMRK,566,283,283,2014-10-08,2020-05-07,0,0,0,0,0,18,68,68,64,170,152,26,0,0,0,0,0
LMT,4477,2235,2242,2010-04-21,2023-12-16,0,466,546,404,358,352,358,520,470,390,370,236,0,0,7,0,0
LNBB,160,80,80,2010-08-31,2018-01-04,0,6,6,14,16,44,26,16,30,2,0,0,0,0,0,0,0
LNC,2625,1309,1316,2009-09-09,2023-12-14,8,192,214,192,228,260,214,280,210,274,338,208,0,0,7,0,0
LNCE,704,352,352,2010-03-09,2018-05-10,0,20,64,94,44,36,94,150,164,38,0,0,0,0,0,0,0
LNCO,1082,541,541,2012-06-25,2016-06-28,0,0,0,78,84,114,566,240,0,0,0,0,0,0,0,0,0
LND,117,55,62,2015-05-08,2022-11-24,0,0,0,0,0,0,10,28,8,36,24,4,2,5,0,0,0
LNDC,780,390,390,2010-03-31,2020-05-29,0,24,30,50,86,72,66,88,72,76,136,80,0,0,0,0,0
LNG,2551,0,2551,2009-11-10,2023-12-14,2,22,69,134,21,238,163,131,211,326,157,75,200,366,436,0,0
LNKD,3816,1908,1908,2011-05-09,2019-10-13,0,0,572,554,616,638,650,744,40,0,2,0,0,0,0,0,0
LNN,2076,790,1286,2009-12-22,2023-12-16,2,48,130,116,277,213,283,175,108,171,261,101,38,79,74,0,0
LNT,1789,891,898,2010-01-22,2023-12-16,0,20,104,160,272,84,210,168,96,260,284,124,0,0,7,0,0
LNTH,7,0,7,2023-12-11,2023-12-16,0,0,0,0,0,0,0,0,0,0,0,0,0,0,7,0,0
LOAN,337,165,172,2011-02-09,2023-04-18,0,0,14,24,2,34,36,42,36,66,58,18,1,3,3,0,0
LOCK,450,225,225,2012-09-10,2017-05-24,0,0,0,54,48,66,134,122,26,0,0,0,0,0,0,0,0
LOCM,290,145,145,2010-04-23,2015-06-24,0,34,90,56,30,32,48,0,0,0,0,0,0,0,0,0,0
LOCO,1311,652,659,2014-07-14,2023-11-02,0,0,0,0,0,168,428,166,88,202,190,62,0,0,7,0,0
LODE,306,153,153,2010-11-15,2020-05-07,0,2,10,30,10,10,44,32,38,40,74,16,0,0,0,0,0
LOGI,2057,1025,1032,2009-11-11,2023-12-15,6,74,206,158,150,180,212,166,138,322,272,166,0,0,7,0,0
LOGM,2068,1034,1034,2009-10-28,2020-05-23,2,50,102,114,114,126,212,182,286,332,398,150,0,0,0,0,0
LOJN,256,128,128,2010-05-25,2016-08-11,0,10,26,34,20,28,86,52,0,0,0,0,0,0,0,0,0
LOMA,7,0,7,2023-09-26,2023-11-07,0,0,0,0,0,0,0,0,0,0,0,0,0,0,7,0,0
LONG,522,261,261,2009-08-06,2017-12-19,34,22,48,30,14,84,240,40,10,0,0,0,0,0,0,0,0
LOOK,190,95,95,2009-08-07,2018-01-10,2,14,30,52,16,8,64,0,2,2,0,0,0,0,0,0,0
LOOP,7,0,7,2022-10-26,2023-07-27,0,0,0,0,0,0,0,0,0,0,0,0,0,1,6,0,0
LOPE,1853,923,930,2009-10-28,2023-12-16,4,80,112,246,268,218,126,102,142,186,220,142,0,0,7,0,0
LORL,342,171,171,2010-07-09,2020-06-08,0,14,12,50,16,36,38,28,14,38,46,50,0,0,0,0,0
LOV,468,234,234,2010-03-03,2020-06-04,0,4,10,18,26,48,110,94,18,28,92,20,0,0,0,0,0
LOVE,7,0,7,2023-12-06,2023-12-15,0,0,0,0,0,0,0,0,0,0,0,0,0,0,7,0,0
LOW,6481,3237,3244,2009-08-13,2023-12-16,48,374,466,406,338,320,282,378,306,1494,1446,616,0,0,7,0,0
LPCN,921,457,464,2014-05-13,2023-07-28,0,0,0,0,0,58,130,132,86,172,282,54,0,5,2,0,0
LPG,665,329,336,2014-05-07,2023-12-16,0,0,0,0,0,36,110,50,44,126,210,82,0,0,7,0,0
LPHI,226,113,113,2009-10-22,2015-01-20,18,34,80,56,14,18,6,0,0,0,0,0,0,0,0,0,0
LPI,1644,822,822,2011-12-15,2020-06-11,0,0,10,76,86,106,260,198,130,234,368,176,0,0,0,0,0
LPL,1161,577,584,2009-11-18,2023-12-09,12,32,36,76,80,76,200,148,166,194,124,10,0,0,7,0,0
LPLA,1783,888,895,2010-11-20,2023-12-15,0,14,60,96,66,112,124,274,170,258,422,180,0,0,7,0,0
LPNT,1392,696,696,2010-01-13,2019-11-05,0,52,108,202,150,138,194,138,130,264,16,0,0,0,0,0,0
LPSN,1209,601,608,2009-08-25,2023-11-01,2,14,40,100,92,114,176,92,78,136,222,136,0,0,7,0,0
LPT,1058,529,529,2014-03-03,2020-05-07,0,0,0,0,0,106,116,88,176,248,288,36,0,0,0,0,0
LPTH,461,227,234,2010-09-16,2023-11-01,0,2,10,10,28,16,66,62,50,72,68,70,0,0,7,0,0
LPTN,190,95,95,2011-06-09,2016-12-29,0,0,4,28,8,28,42,80,0,0,0,0,0,0,0,0,0
LPTX,7,0,7,2023-04-13,2023-10-03,0,0,0,0,0,0,0,0,0,0,0,0,0,0,7,0,0
LPX,2235,1114,1121,2009-08-13,2023-12-14,8,66,132,322,200,144,182,160,232,382,280,120,0,0,7,0,0
LQ,376,188,188,2013-08-08,2019-03-28,0,0,0,0,2,36,138,56,60,80,4,0,0,0,0,0,0
LQD,2859,1426,1433,2009-10-14,2023-12-11,6,74,92,122,60,36,280,424,342,546,538,332,0,0,7,0,0
LQDA,7,0,7,2023-08-14,2023-12-16,0,0,0,0,0,0,0,0,0,0,0,0,0,0,7,0,0
LQDH,7,0,7,2022-01-27,2023-10-02,0,0,0,0,0,0,0,0,0,0,0,0,0,6,1,0,0
LRAD,398,199,199,2010-09-29,2019-10-23,0,4,24,20,20,28,48,48,10,108,88,0,0,0,0,0,0
LRCX,1447,720,727,2012-08-30,2023-12-16,0,0,0,34,122,82,150,128,114,236,318,256,0,0,7,0,0
LRE,652,326,326,2011-10-28,2016-10-26,0,0,20,46,58,96,418,14,0,0,0,0,0,0,0,0,0
LRMR,7,0,7,2023-05-16,2023-11-18,0,0,0,0,0,0,0,0,0,0,0,0,0,0,7,0,0
LRN,1025,509,516,2010-03-25,2023-12-16,0,22,84,110,100,68,90,84,42,138,202,78,0,0,7,0,0
LSBK,173,83,90,2011-03-03,2021-11-05,0,0,2,2,6,0,24,24,16,44,32,17,6,0,0,0,0
LSC,104,52,52,2011-08-04,2016-09-20,0,0,4,0,0,0,0,100,0,0,0,0,0,0,0,0,0
LSCC,1059,526,533,2009-08-13,2023-12-14,6,16,50,48,32,22,72,80,60,110,406,150,0,0,7,0,0
LSG,578,289,289,2011-06-17,2016-10-11,0,0,30,42,110,164,162,70,0,0,0,0,0,0,0,0,0
LSTR,1053,523,530,2009-10-15,2023-12-16,2,56,72,64,66,68,46,62,42,176,302,90,0,0,7,0,0
LSXMA,7,0,7,2023-11-09,2023-12-12,0,0,0,0,0,0,0,0,0,0,0,0,0,0,7,0,0
LSXMB,7,0,7,2023-03-17,2023-12-12,0,0,0,0,0,0,0,0,0,0,0,0,0,0,7,0,0
LSXMK,7,0,7,2023-10-23,2023-12-13,0,0,0,0,0,0,0,0,0,0,0,0,0,0,7,0,0
LTBR,519,256,263,2011-01-04,2022-10-17,0,0,14,6,12,14,42,52,38,176,114,44,5,2,0,0,0
LTC,1353,673,680,2010-01-11,2023-12-06,0,22,48,76,48,50,152,198,110,358,252,32,0,0,7,0,0
LTHM,7,0,7,2023-12-13,2023-12-16,0,0,0,0,0,0,0,0,0,0,0,0,0,0,7,0,0
LTL,117,55,62,2011-05-05,2023-05-02,0,0,8,2,0,0,0,10,14,59,20,2,0,0,2,0,0
LTM,1222,611,611,2010-01-12,2020-06-09,0,20,68,120,88,86,130,10,48,172,258,222,0,0,0,0,0
LTPZ,115,54,61,2011-08-03,2023-12-13,0,0,6,0,0,0,0,3,2,3,92,8,0,0,1,0,0
LTRN,7,0,7,2023-08-31,2023-12-13,0,0,0,0,0,0,0,0,0,0,0,0,0,0,7,0,0
LTRPA,338,169,169,2014-11-14,2020-06-10,0,0,0,0,0,4,38,44,10,80,84,78,0,0,0,0,0
LTRPB,98,49,49,2015-03-25,2020-06-10,0,0,0,0,0,0,6,12,2,4,14,60,0,0,0,0,0
LTRX,205,99,106,2018-10-25,2023-11-09,0,0,0,0,0,0,0,0,0,8,140,50,0,0,7,0,0
LTS,796,398,398,2010-02-12,2020-02-07,0,10,24,86,82,84,64,46,56,166,170,8,0,0,0,0,0
LTXB,494,247,247,2015-01-27,2019-12-02,0,0,0,0,0,0,78,96,40,134,146,0,0,0,0,0,0
LUB,590,295,295,2010-05-28,2020-06-05,0,10,10,34,20,24,104,72,40,122,100,54,0,0,0,0,0
LULU,236,118,118,2020-03-11,2020-06-09,0,0,0,0,0,0,0,0,0,0,0,236,0,0,0,0,0
LUMO,7,0,7,2023-08-11,2023-11-08,0,0,0,0,0,0,0,0,0,0,0,0,0,0,7,0,0
LUNA,7,0,7,2023-08-07,2023-12-16,0,0,0,0,0,0,0,0,0,0,0,0,0,0,7,0,0
LUV,4757,2375,2382,2016-11-02,2023-12-16,0,0,0,0,0,0,0,230,832,1108,1476,1104,0,0,7,0,0
LUX,476,238,238,2009-11-18,2018-05-28,2,26,42,20,10,68,140,108,56,4,0,0,0,0,0,0,0
LVHD,7,0,7,2023-06-16,2023-11-23,0,0,0,0,0,0,0,0,0,0,0,0,0,0,7,0,0
LVL,110,55,55,2011-08-19,2019-10-15,0,0,4,2,4,0,38,26,14,12,10,0,0,0,0,0,0
LVLT,2478,1239,1239,2009-12-08,2018-01-10,2,106,244,244,192,478,462,486,262,2,0,0,0,0,0,0,0
LVNTA,338,169,169,2012-11-05,2018-03-09,0,0,0,12,14,68,74,74,68,28,0,0,0,0,0,0,0
LVNTB,36,18,18,2013-01-21,2017-12-04,0,0,0,0,2,6,14,10,4,0,0,0,0,0,0,0,0
LVS,194,97,97,2020-04-06,2020-06-11,0,0,0,0,0,0,0,0,0,0,0,194,0,0,0,0,0
LW,7,0,7,2023-12-11,2023-12-16,0,0,0,0,0,0,0,0,0,0,0,0,0,0,7,0,0
LWAY,565,279,286,2010-05-29,2023-12-14,0,4,36,58,64,34,58,62,30,80,110,22,0,0,7,0,0
LWC,100,50,50,2011-08-03,2017-03-01,0,0,2,6,0,12,40,28,12,0,0,0,0,0,0,0,0
LX,7,0,7,2023-05-24,2023-12-04,0,0,0,0,0,0,0,0,0,0,0,0,0,0,7,0,0
LXFR,760,380,380,2012-10-03,2020-05-24,0,0,0,24,20,46,192,48,38,262,106,24,0,0,0,0,0
LXFT,492,246,246,2013-06-26,2019-07-11,0,0,0,0,22,46,66,60,96,152,50,0,0,0,0,0,0
LXK,1430,715,715,2009-10-20,2017-09-14,12,100,174,296,174,196,254,204,20,0,0,0,0,0,0,0,0
LXP,1347,670,677,2009-08-13,2023-12-14,2,24,40,86,54,36,192,260,132,210,238,66,0,0,7,0,0
LXRX,1590,795,795,2009-09-15,2020-05-13,12,16,26,90,68,86,152,154,134,188,602,62,0,0,0,0,0
LXU,855,424,431,2010-06-25,2023-11-28,0,6,52,82,80,54,98,150,74,108,96,48,0,0,7,0,0
LYB,4435,2214,2221,2010-10-14,2023-12-16,0,40,196,260,220,446,806,412,266,728,754,300,0,0,7,0,0
LYFT,7,0,7,2023-12-11,2023-12-16,0,0,0,0,0,0,0,0,0,0,0,0,0,0,7,0,0
LYL,7,0,7,2023-12-16,2023-12-16,0,0,0,0,0,0,0,0,0,0,0,0,0,0,7,0,0
LYRA,7,0,7,2023-09-12,2023-12-16,0,0,0,0,0,0,0,0,0,0,0,0,0,0,7,0,0
LYTS,517,255,262,2010-08-19,2023-11-07,0,12,10,26,14,24,38,42,44,120,132,48,0,0,7,0,0
LYV,2115,1054,1061,2009-10-16,2023-12-16,2,74,140,164,134,142,244,114,166,298,376,254,0,0,7,0,0
LZB,1745,869,876,2009-11-18,2023-12-14,2,36,102,110,178,160,146,202,146,286,290,80,0,0,7,0,0
M,6533,3029,3504,2009-06-16,2023-12-15,262,474,532,442,470,498,562,764,856,388,488,322,0,71,404,0,0
MA,4320,2160,2160,2009-08-07,2020-06-11,144,526,558,330,428,366,328,318,268,316,406,332,0,0,0,0,0
MAA,1850,925,925,2009-08-07,2020-06-08,12,136,124,124,66,52,192,228,198,256,350,112,0,0,0,0,0
MAB,78,39,39,2016-10-04,2018-12-04,0,0,0,0,0,0,0,10,22,46,0,0,0,0,0,0,0
MAC,4145,1630,2515,2009-08-12,2023-12-15,6,60,109,209,196,251,631,280,370,649,720,421,67,78,98,0,0
MACK,1264,632,632,2012-03-29,2020-05-08,0,0,0,66,66,202,194,258,130,206,112,30,0,0,0,0,0
MAG,504,193,311,2009-08-12,2023-12-15,2,10,32,18,4,21,53,38,39,73,99,46,27,23,19,0,0
MAGA,5,0,5,2017-12-22,2023-06-08,0,0,0,0,0,0,0,0,1,0,1,0,0,2,1,0,0
MAGS,408,200,208,2010-01-04,2023-12-15,0,18,34,30,14,46,52,42,40,58,52,14,0,0,8,0,0
MAIN,3815,1588,2227,2010-01-13,2023-12-15,0,16,44,121,84,135,503,807,357,784,574,123,41,97,129,0,0
MAMS,236,118,118,2011-06-23,2019-10-17,0,0,2,0,0,4,46,34,40,64,46,0,0,0,0,0,0
MAN,2914,1091,1823,2009-09-08,2023-12-15,8,100,145,282,341,210,235,271,223,355,327,180,32,89,116,0,0
MANH,1761,684,1077,2010-02-03,2023-12-12,0,30,64,102,51,151,402,204,112,204,188,79,16,39,119,0,0
MANT,1400,700,700,2009-11-12,2020-06-10,4,48,104,192,58,38,118,122,134,222,204,156,0,0,0,0,0
MANU,845,0,845,2012-07-30,2023-12-16,0,0,0,10,20,28,13,12,14,18,23,36,176,222,273,0,0
MAR,5840,2920,2920,2009-08-10,2020-06-10,14,186,452,276,440,486,688,822,580,750,722,424,0,0,0,0,0
MARA,1638,819,819,2013-05-30,2020-06-10,0,0,0,0,4,50,220,136,386,594,188,60,0,0,0,0,0
MARB,7,0,7,2021-08-13,2023-07-12,0,0,0,0,0,0,0,0,0,0,0,0,2,3,2,0,0
MARK,816,408,408,2012-02-28,2020-06-10,0,0,0,22,2,10,16,40,98,296,142,190,0,0,0,0,0
MARPS,48,24,24,2012-11-29,2020-05-24,0,0,0,2,0,0,6,2,0,10,16,12,0,0,0,0,0
MAS,2726,1363,1363,2009-10-26,2020-06-03,8,102,228,230,340,202,330,210,174,250,446,206,0,0,0,0,0
MASI,2604,1267,1337,2009-12-23,2023-12-12,2,32,126,138,84,196,460,122,200,486,430,258,0,0,70,0,0
MATH,48,24,24,2011-07-11,2018-12-31,0,0,2,2,0,0,16,10,6,12,0,0,0,0,0,0,0
MATL,16,8,8,2014-12-23,2015-10-22,0,0,0,0,0,2,14,0,0,0,0,0,0,0,0,0,0
MATR,320,160,160,2011-12-20,2018-08-20,0,0,2,26,20,38,84,54,34,62,0,0,0,0,0,0,0
MATW,682,310,372,2009-10-27,2023-11-22,2,8,22,48,24,34,70,54,44,152,128,35,23,18,20,0,0
MATX,994,497,497,2012-07-09,2020-05-14,0,0,0,32,52,64,132,148,116,218,168,64,0,0,0,0,0
MAV,264,132,132,2012-06-28,2020-05-13,0,0,0,2,0,0,10,16,32,70,122,12,0,0,0,0,0
MAYS,48,24,24,2011-01-18,2020-03-03,0,0,4,4,0,4,4,14,6,0,10,2,0,0,0,0,0
MBB,1483,633,850,2010-03-29,2023-12-06,0,8,18,16,10,13,77,100,171,381,471,145,24,23,26,0,0
MBCN,204,95,109,2014-12-03,2023-11-15,0,0,0,0,0,2,22,26,16,40,70,14,0,7,7,0,0
MBFI,672,336,336,2009-09-14,2019-05-07,8,36,48,80,58,18,64,80,72,164,44,0,0,0,0,0,0
MBG,102,51,51,2019-04-04,2019-09-20,0,0,0,0,0,0,0,0,0,0,102,0,0,0,0,0,0
MBII,704,352,352,2013-07-01,2020-06-09,0,0,0,0,26,98,82,72,70,180,86,90,0,0,0,0,0
MBIN,63,0,63,2022-09-14,2023-12-16,0,0,0,0,0,0,0,0,0,0,0,0,0,6,57,0,0
MBIO,50,0,50,2017-12-04,2023-12-08,0,0,0,0,0,0,0,0,1,3,12,13,9,3,9,0,0
MBLX,360,180,180,2010-03-19,2017-01-06,0,24,66,90,28,30,72,46,4,0,0,0,0,0,0,0,0
MBLY,1994,997,997,2014-06-19,2019-01-05,0,0,0,0,0,200,538,744,502,8,2,0,0,0,0,0,0
MBRG,210,105,105,2010-06-11,2017-03-15,0,6,14,16,14,54,48,46,12,0,0,0,0,0,0,0,0
MBSD,140,70,70,2018-06-05,2019-10-31,0,0,0,0,0,0,0,0,0,56,84,0,0,0,0,0,0
MBT,1190,595,595,2009-09-17,2020-05-15,10,44,70,80,62,72,152,164,94,188,180,74,0,0,0,0,0
MBTF,236,118,118,2010-04-23,2019-08-01,0,6,8,12,2,4,18,40,30,92,24,0,0,0,0,0,0
MBUU,1148,574,574,2014-01-30,2020-06-05,0,0,0,0,0,94,110,58,182,314,282,108,0,0,0,0,0
MBVT,146,73,73,2010-04-16,2017-04-20,0,4,0,20,22,12,20,52,16,0,0,0,0,0,0,0,0
MBWM,473,233,240,2011-01-20,2023-12-14,0,0,10,24,70,22,36,54,56,78,92,24,0,0,7,0,0
MC,722,361,361,2011-08-10,2020-05-29,0,0,4,16,8,68,78,68,108,164,152,56,0,0,0,0,0
MCACU,1,0,1,2020-10-01,2020-10-01,0,0,0,0,0,0,0,0,0,0,0,1,0,0,0,0,0
MCBC,278,139,139,2010-04-30,2020-05-08,0,10,14,16,8,10,24,20,18,68,72,18,0,0,0,0,0
MCC,1488,744,744,2011-01-20,2020-05-12,0,0,30,52,40,44,276,338,158,238,272,40,0,0,0,0,0
MCD,4472,2236,2236,2013-10-21,2020-06-11,0,0,0,0,128,720,838,744,634,358,662,388,0,0,0,0,0
MCF,982,491,491,2009-08-13,2020-06-05,2,28,42,46,20,42,96,118,106,188,234,60,0,0,0,0,0
MCFT,126,0,126,2020-09-09,2023-11-16,0,0,0,0,0,0,0,0,0,0,0,5,19,54,48,0,0
MCGC,352,176,176,2010-08-04,2015-09-28,0,14,42,44,54,46,152,0,0,0,0,0,0,0,0,0,0
MCHI,510,54,456,2011-04-04,2023-12-06,0,0,9,27,41,9,14,41,62,76,40,37,45,55,54,0,0
MCHP,4026,2013,2013,2009-11-19,2020-06-05,16,70,186,262,328,298,296,340,520,708,640,362,0,0,0,0,0
MCHX,822,362,460,2010-05-13,2023-11-27,0,12,42,99,35,85,66,65,56,96,183,48,7,15,13,0,0
MCI,38,0,38,2010-11-17,2023-08-25,0,1,0,2,8,8,1,0,1,3,3,2,4,2,3,0,0
MCK,5760,1827,3933,2009-10-27,2023-12-14,8,142,168,175,267,282,193,488,689,799,822,423,117,689,498,0,0
MCN,141,56,85,2010-02-08,2023-06-04,0,1,0,0,3,4,20,15,24,46,16,4,4,3,1,0,0
MCO,4892,1606,3286,2009-09-09,2023-12-16,35,335,311,194,319,252,531,373,459,568,579,458,100,157,221,0,0
MCOX,90,45,45,2010-11-30,2016-04-12,0,14,4,10,6,6,46,4,0,0,0,0,0,0,0,0,0
MCP,1916,958,958,2010-10-20,2016-03-03,0,24,590,612,342,134,212,2,0,0,0,0,0,0,0,0,0
MCQ,2,1,1,2013-03-21,2013-03-21,0,0,0,0,2,0,0,0,0,0,0,0,0,0,0,0,0
MCR,517,204,313,2009-08-13,2023-07-05,2,17,6,13,15,18,39,48,30,147,141,20,11,0,10,0,0
MCRB,14,0,14,2023-04-21,2023-11-29,0,0,0,0,0,0,0,0,0,0,0,0,0,0,14,0,0
MCRI,554,277,277,2010-03-17,2020-05-27,0,6,22,28,46,60,66,58,66,74,70,58,0,0,0,0,0
MCRL,218,109,109,2010-03-11,2015-08-03,0,18,40,34,42,28,56,0,0,0,0,0,0,0,0,0,0
MCRO,64,32,32,2010-03-18,2019-01-04,0,2,6,20,0,0,8,8,16,2,2,0,0,0,0,0,0
MCS,1592,642,950,2010-04-06,2023-11-09,0,38,82,80,92,104,226,99,149,327,206,93,15,31,50,0,0
MCUR,226,113,113,2014-07-18,2017-01-23,0,0,0,0,0,18,138,68,2,0,0,0,0,0,0,0,0
MCV,24,12,12,2018-08-10,2019-12-10,0,0,0,0,0,0,0,0,0,4,20,0,0,0,0,0,0
MCY,1605,595,1010,2009-08-16,2023-12-14,4,12,40,64,56,185,156,156,228,289,211,94,33,38,39,0,0
MCZ,204,102,102,2010-02-10,2019-06-23,0,14,36,14,20,16,40,50,12,0,2,0,0,0,0,0,0
MD,1989,897,1092,2009-08-06,2023-11-30,120,38,76,138,84,90,188,164,160,324,291,183,20,63,50,0,0
MDAS,888,444,444,2009-12-09,2016-01-28,6,70,176,112,172,116,220,16,0,0,0,0,0,0,0,0,0
MDC,2544,1048,1496,2009-08-13,2023-12-14,8,84,116,224,332,76,146,122,179,383,345,252,39,77,161,0,0
MDCA,874,437,437,2010-02-18,2020-05-22,0,8,46,36,60,54,114,178,92,160,106,20,0,0,0,0,0
MDCO,2996,1498,1498,2009-08-10,2020-05-28,6,44,62,170,384,300,470,308,242,288,678,44,0,0,0,0,0
MDD,50,25,25,2011-08-26,2018-09-24,0,0,6,4,0,0,16,16,2,6,0,0,0,0,0,0,0
MDGL,271,0,271,2016-10-20,2023-12-07,0,0,0,0,0,0,0,1,8,74,24,10,14,39,101,0,0
MDGN,280,140,140,2011-04-08,2016-12-15,0,0,12,56,16,12,74,110,0,0,0,0,0,0,0,0,0
MDGS,58,0,58,2016-07-27,2023-07-07,0,0,0,0,0,0,0,7,5,1,7,28,6,1,3,0,0
MDIA,21,0,21,2020-05-11,2022-12-13,0,0,0,0,0,0,0,0,0,0,0,7,8,6,0,0,0
MDIV,275,50,225,2012-08-16,2022-06-09,0,0,0,9,56,51,38,25,25,37,29,3,1,1,0,0,0
MDJH,12,0,12,2018-08-17,2022-02-02,0,0,0,0,0,0,0,0,0,1,0,3,3,5,0,0,0
MDLL,12,6,6,2014-08-06,2015-10-22,0,0,0,0,0,2,10,0,0,0,0,0,0,0,0,0,0
MDLY,602,301,301,2014-08-18,2020-05-15,0,0,0,0,0,32,56,88,60,130,218,18,0,0,0,0,0
MDLZ,3864,1932,1932,2012-03-21,2020-06-08,0,0,0,80,302,298,576,648,484,646,574,256,0,0,0,0,0
MDP,2330,1165,1165,2009-12-09,2020-06-11,2,22,136,138,158,126,260,168,290,372,470,188,0,0,0,0,0
MDRR,21,0,21,2018-12-10,2023-05-12,0,0,0,0,0,0,0,0,0,1,0,9,5,4,2,0,0
MDRX,3049,1262,1787,2009-09-18,2023-12-08,2,196,254,509,321,235,281,194,230,281,251,126,24,108,37,0,0
MDSO,1264,632,632,2009-11-13,2020-02-14,6,30,46,128,150,84,136,108,132,186,256,2,0,0,0,0,0
MDSY,28,14,14,2015-07-24,2017-05-03,0,0,0,0,0,0,6,8,14,0,0,0,0,0,0,0,0
MDT,9323,4476,4847,2009-08-07,2023-12-15,44,374,544,286,332,1038,1096,964,716,1244,1542,772,0,0,371,0,0
MDU,1340,670,670,2009-08-13,2020-06-11,2,26,72,84,90,80,126,170,88,176,314,112,0,0,0,0,0
MDVN,3018,1509,1509,2009-10-27,2019-01-09,8,98,216,396,284,524,366,1118,6,0,2,0,0,0,0,0,0
MDVXU,20,10,10,2014-12-19,2015-01-30,0,0,0,0,0,12,8,0,0,0,0,0,0,0,0,0,0
MDW,136,68,68,2010-11-09,2019-11-09,0,2,26,24,22,32,24,4,0,0,2,0,0,0,0,0,0
MDWD,560,280,280,2014-02-10,2020-05-20,0,0,0,0,0,44,68,74,92,74,154,54,0,0,0,0,0
MDXG,1154,577,577,2013-06-28,2020-05-11,0,0,0,0,62,94,106,90,222,476,96,8,0,0,0,0,0
MDY,908,454,454,2009-11-26,2020-05-26,6,100,66,22,48,24,92,140,108,88,160,54,0,0,0,0,0
MDYG,104,52,52,2017-08-17,2020-05-12,0,0,0,0,0,0,0,0,2,42,36,24,0,0,0,0,0
MDYV,78,39,39,2012-12-07,2019-11-09,0,0,0,2,0,2,10,14,6,16,28,0,0,0,0,0,0
MEA,198,99,99,2009-08-10,2015-09-12,2,32,26,36,10,46,46,0,0,0,0,0,0,0,0,0,0
MEDP,175,0,175,2022-11-02,2023-12-15,0,0,0,0,0,0,0,0,0,0,0,0,0,55,120,0,0
MEET,1740,870,870,2012-06-05,2020-05-11,0,0,0,22,48,74,250,228,202,264,526,126,0,0,0,0,0
MEG,980,490,490,2010-07-30,2020-01-15,0,6,72,116,60,124,302,246,42,8,2,2,0,0,0,0,0
MEI,1364,530,834,2010-01-08,2023-12-06,0,19,22,49,85,124,217,125,113,209,227,70,28,38,38,0,0
MEIL,40,20,20,2013-12-17,2019-12-27,0,0,0,0,6,14,14,2,0,0,4,0,0,0,0,0,0
MEIP,878,439,439,2012-08-08,2020-06-02,0,0,0,12,32,70,124,70,120,234,132,84,0,0,0,0,0
MELA,374,187,187,2009-08-23,2016-01-04,4,56,88,50,44,50,80,2,0,0,0,0,0,0,0,0,0
MELI,62,0,62,2023-11-17,2023-12-16,0,0,0,0,0,0,0,0,0,0,0,0,0,0,62,0,0
MELR,40,20,20,2014-10-22,2020-03-16,0,0,0,0,0,2,6,0,2,0,10,20,0,0,0,0,0
MEN,624,312,312,2009-08-10,2020-03-19,18,20,0,0,2,0,48,128,64,194,140,10,0,0,0,0,0
MENT,990,495,495,2009-08-07,2017-11-27,8,34,142,130,80,76,174,302,44,0,0,0,0,0,0,0,0
MEP,342,171,171,2013-11-07,2017-12-10,0,0,0,0,18,50,96,144,34,0,0,0,0,0,0,0,0
MERC,1054,407,647,2010-01-08,2023-10-23,0,8,49,40,26,162,106,85,91,166,146,58,19,81,17,0,0
MERU,280,140,140,2010-05-27,2015-07-08,0,4,46,42,40,70,78,0,0,0,0,0,0,0,0,0,0
MES,188,94,94,2009-11-17,2017-01-22,10,18,30,16,18,22,48,24,2,0,0,0,0,0,0,0,0
MESA,62,0,62,2018-08-10,2023-09-21,0,0,0,0,0,0,0,0,0,1,10,17,21,0,13,0,0
MET,5552,2776,2776,2009-09-09,2020-06-11,34,294,630,678,404,358,492,704,502,672,516,268,0,0,0,0,0
METR,124,62,62,2009-09-21,2016-01-26,2,12,8,4,24,20,46,8,0,0,0,0,0,0,0,0,0
MEXX,24,0,24,2018-01-10,2023-11-21,0,0,0,0,0,0,0,0,0,2,1,2,2,7,10,0,0
MFA,1638,819,819,2009-09-29,2020-06-11,8,30,98,116,66,42,146,322,126,264,246,174,0,0,0,0,0
MFC,1792,896,896,2009-08-06,2020-06-11,4,78,116,110,134,70,150,136,180,262,358,194,0,0,0,0,0
MFD,160,58,102,2011-12-12,2023-05-12,0,0,2,1,3,3,9,15,10,68,37,6,4,1,1,0,0
MFEM,4,0,4,2017-11-07,2021-12-07,0,0,0,0,0,0,0,0,2,1,0,0,1,0,0,0,0
MFG,568,207,361,2009-11-13,2023-12-16,4,16,36,30,32,38,82,62,32,53,39,42,18,37,47,0,0
MFH,68,0,68,2016-06-21,2023-05-26,0,0,0,0,0,0,0,6,15,19,14,7,0,4,3,0,0
MFI,100,50,50,2010-01-06,2019-04-15,0,12,40,10,6,22,4,2,0,0,4,0,0,0,0,0,0
MFIN,113,0,113,2016-05-13,2023-12-12,0,0,0,0,0,0,0,3,4,9,1,2,13,25,56,0,0
MFL,54,27,27,2018-09-10,2020-03-19,0,0,0,0,0,0,0,0,0,26,16,12,0,0,0,0,0
MFLA,60,30,30,2018-02-13,2019-10-13,0,0,0,0,0,0,0,0,0,50,10,0,0,0,0,0,0
MFLX,326,163,163,2010-01-12,2018-11-08,0,8,44,46,30,24,92,78,2,2,0,0,0,0,0,0,0
MFM,644,301,343,2010-05-11,2023-06-04,0,2,2,1,9,13,54,130,74,189,154,14,0,0,2,0,0
MFNC,274,137,137,2010-07-20,2020-05-28,0,4,0,22,8,8,20,42,12,76,64,18,0,0,0,0,0
MFO,6,3,3,2018-11-08,2019-11-09,0,0,0,0,0,0,0,0,0,4,2,0,0,0,0,0,0
MFRI,112,56,56,2010-09-09,2017-02-22,0,4,6,12,16,10,24,36,4,0,0,0,0,0,0,0,0
MFRM,1334,667,667,2011-06-10,2019-05-29,0,0,14,250,170,248,332,292,20,6,2,0,0,0,0,0,0
MFSF,352,176,176,2010-08-19,2020-05-15,0,4,14,10,42,40,46,32,20,40,84,20,0,0,0,0,0
MFT,586,293,293,2009-11-11,2020-03-19,2,2,2,0,0,0,46,130,62,186,148,8,0,0,0,0,0
MFUS,2,0,2,2017-11-07,2018-07-19,0,0,0,0,0,0,0,0,1,1,0,0,0,0,0,0,0
MFV,304,131,173,2012-12-14,2023-06-04,0,0,0,1,11,9,14,14,15,101,136,0,0,0,3,0,0
MG,1195,432,763,2009-10-09,2023-11-27,1,3,68,51,133,117,136,161,90,87,92,107,56,38,55,0,0
MGA,4065,1488,2577,2009-11-11,2023-12-13,4,154,188,202,310,412,429,363,383,668,415,193,115,83,146,0,0
MGCD,144,72,72,2012-08-30,2017-12-19,0,0,0,6,4,10,34,40,50,0,0,0,0,0,0,0,0
MGEE,732,259,473,2010-02-25,2023-12-05,0,9,29,51,40,29,77,97,54,75,90,41,21,51,68,0,0
MGF,117,38,79,2012-12-14,2023-06-04,0,0,0,1,9,9,10,8,0,12,56,8,0,1,3,0,0
MGH,18,9,9,2011-04-06,2015-08-29,0,0,6,4,0,0,8,0,0,0,0,0,0,0,0,0,0
MGIC,603,234,369,2009-08-07,2023-11-09,6,54,60,28,26,21,58,43,44,125,66,20,15,21,16,0,0
MGK,265,53,212,2009-08-18,2023-12-11,1,1,0,0,3,5,9,8,15,18,59,60,14,22,50,0,0
MGLN,1248,624,624,2009-12-15,2020-06-01,6,52,78,122,76,80,118,102,130,192,216,76,0,0,0,0,0
MGM,2836,0,2836,2010-02-09,2023-12-16,0,20,21,35,53,172,197,188,235,230,163,386,383,311,442,0,0
MGN,144,72,72,2010-05-11,2016-08-25,0,18,50,12,2,0,32,30,0,0,0,0,0,0,0,0,0
MGNI,371,0,371,2020-07-05,2023-11-24,0,0,0,0,0,0,0,0,0,0,0,49,154,102,66,0,0
MGNX,1457,622,835,2013-09-04,2023-11-07,0,0,0,0,43,91,85,98,76,216,553,200,20,44,31,0,0
MGPI,1113,407,706,2010-01-14,2023-12-16,0,4,13,12,17,16,50,102,145,157,170,226,22,82,97,0,0
MGR,19,4,15,2014-12-23,2023-12-16,0,0,0,0,0,2,0,0,0,0,6,0,1,4,6,0,0
MGRC,590,295,295,2010-05-05,2020-05-01,0,16,18,56,26,20,30,58,70,116,138,42,0,0,0,0,0
MGT,534,267,267,2009-11-04,2016-12-15,2,0,26,54,20,30,50,352,0,0,0,0,0,0,0,0,0
MGTX,42,0,42,2018-06-08,2023-10-30,0,0,0,0,0,0,0,0,0,1,6,5,4,14,12,0,0
MGU,190,95,95,2010-09-09,2020-03-27,0,2,4,2,0,2,6,14,22,76,40,22,0,0,0,0,0
MGV,250,69,181,2010-02-24,2023-11-20,0,1,5,5,15,9,11,25,38,39,32,23,2,22,23,0,0
MGYR,13,0,13,2014-03-11,2023-04-21,0,0,0,0,0,1,0,0,0,0,0,0,7,4,1,0,0
MHD,75,21,54,2012-12-10,2023-06-05,0,0,0,1,4,6,2,1,0,18,21,8,11,1,2,0,0
MHE,42,21,21,2018-07-20,2019-12-09,0,0,0,0,0,0,0,0,0,22,20,0,0,0,0,0,0
MHF,151,55,96,2011-05-05,2023-05-22,0,0,2,4,12,10,14,22,16,42,24,4,0,0,1,0,0
MHFI,668,334,334,2013-05-16,2016-05-01,0,0,0,0,198,152,234,84,0,0,0,0,0,0,0,0,0
MHG,82,41,41,2014-03-13,2018-05-09,0,0,0,0,0,4,12,42,14,10,0,0,0,0,0,0,0
MHGC,400,200,200,2009-08-17,2016-11-10,2,48,96,48,62,34,38,72,0,0,0,0,0,0,0,0,0
MHH,267,127,140,2010-11-15,2023-02-09,0,2,12,7,20,10,18,26,17,63,54,32,4,1,1,0,0
MHI,182,53,129,2010-10-07,2023-06-07,0,1,0,3,10,11,10,8,3,30,66,27,11,0,2,0,0
MHK,2795,980,1815,2009-08-13,2023-12-13,10,58,42,154,212,148,374,239,211,498,408,220,46,87,88,0,0
MHLA,1,0,1,2020-06-01,2020-06-01,0,0,0,0,0,0,0,0,0,0,0,1,0,0,0,0,0
MHLD,126,0,126,2012-10-18,2023-02-01,0,0,0,2,10,19,18,20,22,21,1,3,3,6,1,0,0
MHN,160,80,80,2013-03-25,2020-03-12,0,0,0,0,4,0,10,20,12,62,40,12,0,0,0,0,0
MHNC,21,7,14,2015-02-10,2019-10-23,0,0,0,0,0,0,4,3,0,4,10,0,0,0,0,0,0
MHO,1696,652,1044,2010-04-20,2023-12-14,0,22,30,155,223,84,193,62,168,136,286,132,32,41,132,0,0
MHR,1254,627,627,2009-08-12,2015-11-03,2,52,148,216,138,200,498,0,0,0,0,0,0,0,0,0,0
MHY,100,50,50,2018-06-28,2019-01-13,0,0,0,0,0,0,0,0,0,88,12,0,0,0,0,0,0
MIC,1710,855,855,2009-08-07,2020-06-11,4,10,28,60,180,166,150,120,112,458,308,114,0,0,0,0,0
MICT,452,226,226,2014-06-05,2020-04-20,0,0,0,0,0,20,34,46,94,170,76,12,0,0,0,0,0
MIDD,1734,867,867,2010-03-03,2020-06-10,0,36,28,118,170,362,308,128,80,206,190,108,0,0,0,0,0
MIDU,87,31,56,2013-02-27,2023-03-20,0,0,0,0,1,2,6,13,15,27,9,1,7,3,3,0,0
MIDZ,54,27,27,2014-11-13,2019-11-03,0,0,0,0,0,4,14,4,6,18,8,0,0,0,0,0,0
MIE,40,20,20,2016-02-17,2020-04-21,0,0,0,0,0,0,0,2,0,4,16,18,0,0,0,0,0
MIFI,244,122,122,2014-11-07,2016-11-05,0,0,0,0,0,8,164,72,0,0,0,0,0,0,0,0,0
MIK,1252,626,626,2011-05-26,2020-06-08,0,0,4,6,0,116,162,134,116,248,388,78,0,0,0,0,0
MIL,162,81,81,2009-08-10,2016-04-12,6,58,2,22,12,12,46,4,0,0,0,0,0,0,0,0,0
MILL,430,215,215,2010-06-21,2016-10-09,0,22,72,40,64,136,86,10,0,0,0,0,0,0,0,0,0
MILN,30,0,30,2016-05-05,2023-11-03,0,0,0,0,0,0,0,9,3,2,3,2,4,2,5,0,0
MIN,275,57,218,2013-01-11,2023-12-16,0,0,0,0,10,9,10,12,12,22,101,10,26,13,50,0,0
MINC,36,18,18,2012-09-11,2019-04-13,0,0,0,2,8,0,8,10,0,6,2,0,0,0,0,0,0
MIND,787,342,445,2009-09-10,2023-09-13,4,32,102,94,45,45,186,49,35,71,72,33,11,6,2,0,0
MINDP,10,0,10,2017-07-10,2022-04-11,0,0,0,0,0,0,0,0,1,2,3,2,1,1,0,0,0
MINI,1016,508,508,2010-03-26,2020-05-29,0,20,30,86,130,66,98,102,38,174,162,110,0,0,0,0,0
MINT,358,56,302,2009-11-18,2023-12-08,1,21,16,29,10,5,3,4,20,13,24,117,12,37,46,0,0
MIST,42,0,42,2019-10-03,2023-10-24,0,0,0,0,0,0,0,0,0,0,2,17,5,10,8,0,0
MITK,77,0,77,2019-01-22,2023-12-13,0,0,0,0,0,0,0,0,0,0,10,8,20,22,17,0,0
MITL,882,441,441,2010-06-01,2019-04-25,0,24,48,56,92,66,114,234,118,122,8,0,0,0,0,0,0
MITT,1162,581,581,2011-08-03,2020-06-11,0,0,30,72,54,30,122,204,110,196,214,130,0,0,0,0,0
MIW,94,47,47,2015-06-11,2018-12-04,0,0,0,0,0,0,8,24,22,40,0,0,0,0,0,0,0
MIXT,601,268,333,2013-07-22,2023-10-17,0,0,0,0,4,27,81,97,92,77,126,83,5,3,6,0,0
MIY,182,91,91,2015-04-10,2020-03-12,0,0,0,0,0,0,12,22,16,82,40,10,0,0,0,0,0
MJI,4,2,2,2013-06-09,2015-02-11,0,0,0,0,2,0,2,0,0,0,0,0,0,0,0,0,0
MJN,1784,892,892,2009-11-13,2018-07-21,12,62,218,248,212,244,308,270,208,2,0,0,0,0,0,0,0
MKC,5331,1917,3414,2010-02-04,2023-12-13,0,58,208,270,183,322,571,618,513,844,884,284,109,215,252,0,0
MKC.V,14,7,7,2016-01-08,2019-10-16,0,0,0,0,0,0,0,4,4,2,4,0,0,0,0,0,0
MKL,1576,788,788,2009-10-30,2020-05-28,4,36,60,92,112,72,196,124,194,226,340,120,0,0,0,0,0
MKSI,2027,737,1290,2009-12-09,2023-12-11,2,18,49,108,109,113,127,201,341,356,292,116,74,54,67,0,0
MKTO,418,209,209,2013-04-02,2018-05-10,0,0,0,0,94,58,136,124,4,2,0,0,0,0,0,0,0
MKTX,2514,871,1643,2009-10-28,2023-12-14,4,6,62,99,111,80,267,189,245,342,522,244,83,102,158,0,0
MLAB,522,261,261,2010-10-11,2020-06-10,0,8,8,36,12,22,54,64,124,58,106,30,0,0,0,0,0
MLHR,1452,726,726,2009-12-17,2020-05-22,2,18,56,82,80,104,174,158,150,246,336,46,0,0,0,0,0
MLI,276,0,276,2012-10-25,2023-11-28,0,0,0,3,5,6,8,9,12,18,50,24,39,60,42,0,0
MLM,2901,1038,1863,2009-12-09,2023-12-16,4,55,137,209,88,194,306,326,327,330,383,189,69,97,187,0,0
MLN,112,56,56,2011-11-28,2020-05-29,0,0,2,8,2,0,0,12,18,34,34,2,0,0,0,0,0
MLNK,314,157,157,2010-01-27,2018-02-27,0,22,40,60,28,30,64,28,40,2,0,0,0,0,0,0,0
MLNX,3612,1806,1806,2010-03-29,2020-05-15,0,62,94,738,362,140,340,298,168,658,574,178,0,0,0,0,0
MLP,354,177,177,2009-08-13,2020-05-12,12,94,46,20,4,14,12,30,28,48,26,20,0,0,0,0,0
MLPA,1042,294,748,2012-04-19,2023-12-14,0,0,0,31,24,58,135,147,153,199,153,62,65,8,7,0,0
MLPB,21,0,21,2018-09-04,2023-10-31,0,0,0,0,0,0,0,0,0,2,0,0,5,5,9,0,0
MLPC,14,7,7,2018-03-28,2019-07-16,0,0,0,0,0,0,0,0,0,8,6,0,0,0,0,0,0
MLPG,100,50,50,2019-07-31,2019-12-16,0,0,0,0,0,0,0,0,0,0,100,0,0,0,0,0,0
MLPI,100,50,50,2018-10-11,2020-04-22,0,0,0,0,0,0,0,0,0,20,72,8,0,0,0,0,0
MLPJ,78,39,39,2013-01-14,2018-03-28,0,0,0,0,18,2,28,10,18,2,0,0,0,0,0,0,0
MLPL,102,51,51,2011-12-10,2019-05-20,0,0,2,0,0,0,60,34,0,4,2,0,0,0,0,0,0
MLPN,100,50,50,2017-11-29,2018-12-05,0,0,0,0,0,0,0,0,12,88,0,0,0,0,0,0,0
MLPO,100,50,50,2018-05-30,2020-05-18,0,0,0,0,0,0,0,0,0,52,44,4,0,0,0,0,0
MLPW,100,50,50,2015-01-15,2017-01-18,0,0,0,0,0,0,52,46,2,0,0,0,0,0,0,0,0
MLPX,345,41,304,2013-08-09,2023-10-27,0,0,0,0,1,23,31,37,81,58,86,11,5,6,6,0,0
MLPY,100,50,50,2015-01-15,2019-07-16,0,0,0,0,0,0,34,28,14,14,10,0,0,0,0,0,0
MLR,539,222,317,2009-12-07,2023-08-22,2,23,56,64,22,17,53,58,37,71,71,41,14,3,7,0,0
MLSS,24,0,24,2014-05-07,2021-12-28,0,0,0,0,0,12,0,1,1,0,3,2,5,0,0,0,0
MLVF,258,129,129,2011-06-27,2020-05-06,0,0,2,4,8,6,64,30,64,50,20,10,0,0,0,0,0
MM,700,350,350,2011-06-09,2018-10-23,0,0,14,244,150,136,146,2,4,4,0,0,0,0,0,0,0
MMAC,184,92,92,2015-03-28,2020-05-14,0,0,0,0,0,0,14,30,22,64,42,12,0,0,0,0,0
MMC,2438,1219,1219,2009-09-10,2020-06-11,6,78,160,254,174,252,296,202,168,294,358,196,0,0,0,0,0
MMD,194,68,126,2012-12-10,2021-12-13,0,0,0,1,4,4,21,21,16,68,33,14,12,0,0,0,0
MMI,1990,995,995,2011-01-04,2020-06-10,0,0,1106,484,2,28,64,54,38,102,88,24,0,0,0,0,0
MMLP,1223,553,670,2009-12-31,2023-10-25,2,11,26,60,61,53,86,214,121,219,266,90,3,10,1,0,0
MMM,7441,1495,5946,2009-08-13,2023-12-16,56,424,369,374,374,409,415,510,700,724,614,821,394,513,744,0,0
MMP,3518,1759,1759,2009-08-12,2020-06-11,4,56,140,232,304,388,340,416,290,562,590,196,0,0,0,0,0
MMS,1499,535,964,2010-02-04,2023-12-14,0,33,39,72,88,89,132,122,154,195,240,104,39,46,146,0,0
MMSI,2094,685,1409,2010-05-14,2023-12-16,0,20,48,52,99,86,245,76,159,296,375,180,23,146,289,0,0
MMT,146,28,118,2011-02-10,2023-06-04,0,0,15,3,12,10,10,10,12,22,6,32,11,0,3,0,0
MMTM,86,34,52,2012-10-25,2023-11-09,0,0,0,4,4,8,32,7,9,8,10,0,0,3,1,0,0
MMU,137,28,109,2012-11-16,2023-05-22,0,0,0,2,10,10,10,9,12,37,21,13,11,0,2,0,0
MMV,106,53,53,2011-09-29,2019-05-06,0,0,2,0,0,0,0,8,32,56,8,0,0,0,0,0,0
MMYT,1183,469,714,2010-08-10,2023-12-11,0,43,62,84,39,131,116,130,106,157,122,79,23,28,63,0,0
MNA,484,171,313,2010-02-26,2022-12-22,0,30,9,33,22,28,60,37,52,50,123,32,4,4,0,0,0
MNDO,29,0,29,2010-06-14,2023-03-09,0,1,0,0,3,4,2,2,1,1,3,0,5,5,2,0,0
MNE,42,21,21,2010-05-10,2020-05-21,0,2,0,0,0,0,0,0,0,16,18,6,0,0,0,0,0
MNGA,898,449,449,2010-09-01,2019-02-19,0,2,0,8,22,108,206,98,110,264,80,0,0,0,0,0,0
MNI,904,452,452,2009-12-08,2020-02-13,2,52,74,100,58,50,120,98,80,116,114,40,0,0,0,0,0
MNK,3330,1665,1665,2013-06-29,2020-06-11,0,0,0,0,38,472,482,240,440,628,858,172,0,0,0,0,0
MNKD,4222,1772,2450,2009-10-06,2023-11-13,10,178,214,212,231,499,812,519,437,617,322,56,39,33,43,0,0
MNOV,1237,563,674,2010-08-02,2023-11-20,0,4,32,53,29,52,163,134,87,334,198,125,14,7,5,0,0
MNP,88,44,44,2010-08-05,2020-05-21,0,2,2,0,0,0,2,0,0,16,60,6,0,0,0,0,0
MNR,1034,452,582,2010-07-15,2022-02-18,0,12,22,39,31,35,146,123,118,195,225,53,32,3,0,0,0
MNRK,134,67,67,2009-09-30,2016-06-27,2,2,8,16,34,8,38,26,0,0,0,0,0,0,0,0,0
MNRO,1619,695,924,2009-12-16,2023-10-25,2,44,75,143,103,67,156,167,164,279,251,87,24,24,33,0,0
MNSB,51,0,51,2018-06-14,2023-12-13,0,0,0,0,0,0,0,0,0,2,1,2,4,21,21,0,0
MNST,6600,2572,4028,2012-01-11,2023-12-16,0,0,0,797,360,722,1285,724,437,634,791,366,90,133,261,0,0
MNTA,1678,839,839,2009-11-10,2020-05-15,2,62,112,132,54,96,248,152,184,294,232,110,0,0,0,0,0
MNTX,794,322,472,2010-08-11,2023-12-16,0,8,32,53,85,108,91,65,97,117,62,20,6,13,37,0,0
MO,2922,1461,1461,2009-08-10,2020-06-11,36,300,310,180,164,156,152,180,168,314,750,212,0,0,0,0,0
MOAT,559,44,515,2012-05-21,2023-12-16,0,0,0,21,39,50,47,65,47,43,21,68,30,58,70,0,0
MOBI,454,227,227,2011-01-28,2017-06-30,0,0,154,36,34,86,110,30,4,0,0,0,0,0,0,0,0
MOBL,462,231,231,2014-04-07,2020-04-30,0,0,0,0,0,40,84,60,74,92,82,30,0,0,0,0,0
MOC,220,110,110,2011-05-23,2019-02-25,0,0,12,24,12,10,30,34,26,70,2,0,0,0,0,0,0
MOCO,178,89,89,2011-02-18,2017-05-10,0,0,6,28,14,10,40,48,32,0,0,0,0,0,0,0,0
MOD,1230,435,795,2009-09-21,2023-12-16,2,18,38,62,45,65,74,74,129,173,185,110,7,45,203,0,0
MODN,658,329,329,2013-02-13,2020-05-22,0,0,0,0,82,60,46,86,60,110,146,68,0,0,0,0,0
MOFG,562,208,354,2010-05-10,2023-12-13,0,4,12,25,16,68,67,36,37,86,104,41,11,29,26,0,0
MOG,98,0,98,2013-01-16,2023-12-03,0,0,0,0,2,0,1,4,5,12,7,8,16,19,24,0,0
MOG-B,2415,0,2415,2023-11-29,2023-12-16,0,0,0,0,0,0,0,0,0,0,0,0,0,0,2415,0,0
MOG.A,290,145,145,2011-05-02,2020-04-07,0,0,20,8,4,10,48,50,16,48,78,8,0,0,0,0,0
MOG.B,40,20,20,2011-05-24,2019-10-23,0,0,10,4,0,2,2,12,0,0,10,0,0,0,0,0,0
MOGO,64,0,64,2019-03-21,2023-11-27,0,0,0,0,0,0,0,0,0,0,3,6,25,16,14,0,0
MOGU,59,0,59,2018-11-23,2023-03-20,0,0,0,0,0,0,0,0,0,6,11,30,7,4,1,0,0
MOH,3500,1750,1750,2009-11-03,2020-06-08,8,62,126,370,250,174,402,230,348,614,732,184,0,0,0,0,0
MOKO,42,21,21,2014-06-20,2016-06-10,0,0,0,0,0,10,20,12,0,0,0,0,0,0,0,0,0
MOLG,92,46,46,2014-09-23,2016-04-13,0,0,0,0,0,42,38,12,0,0,0,0,0,0,0,0,0
MOM,100,50,50,2015-05-29,2020-03-30,0,0,0,0,0,0,36,16,12,20,8,8,0,0,0,0,0
MOMO,3466,1322,2144,2014-11-28,2023-12-08,0,0,0,0,0,31,226,424,777,767,805,198,63,58,117,0,0
MON,5350,2675,2675,2009-08-16,2019-10-11,44,484,442,364,328,324,496,1644,666,546,12,0,0,0,0,0,0
MONY,18,9,9,2012-02-24,2018-11-04,0,0,0,8,0,0,6,0,2,2,0,0,0,0,0,0,0
MOO,1973,827,1146,2009-10-19,2023-11-24,17,175,237,192,87,110,89,93,60,190,505,167,9,19,23,0,0
MOR,150,0,150,2018-04-13,2023-12-12,0,0,0,0,0,0,0,0,0,24,34,21,30,20,21,0,0
MORE,248,124,124,2014-12-22,2017-09-14,0,0,0,0,0,6,72,88,82,0,0,0,0,0,0,0,0
MORF,126,0,126,2019-07-25,2023-12-08,0,0,0,0,0,0,0,0,0,0,3,0,17,69,37,0,0
MORL,100,50,50,2019-09-23,2020-03-05,0,0,0,0,0,0,0,0,0,0,98,2,0,0,0,0,0
MORN,1395,505,890,2009-12-07,2023-12-13,4,142,106,84,69,53,116,142,126,142,181,82,41,47,60,0,0
MORT,1769,654,1115,2011-10-27,2023-11-08,0,0,1,31,25,90,277,379,219,317,377,27,11,8,7,0,0
MOS,6125,2186,3939,2009-09-14,2023-12-16,47,312,532,377,393,218,445,667,363,960,769,309,118,385,230,0,0
MOTI,57,0,57,2015-07-22,2023-12-14,0,0,0,0,0,0,1,14,7,10,4,1,0,7,13,0,0
MOTO,13,0,13,2021-03-03,2023-10-16,0,0,0,0,0,0,0,0,0,0,0,0,6,5,2,0,0
MOTS,41,0,41,2018-02-09,2023-12-13,0,0,0,0,0,0,0,0,0,2,4,1,6,15,13,0,0
MOV,2046,841,1205,2009-09-04,2023-11-30,14,36,73,235,123,194,224,191,189,363,226,87,21,47,23,0,0
MPA,234,117,117,2009-11-18,2020-03-12,2,0,10,0,0,0,8,20,12,106,58,18,0,0,0,0,0
MPAA,1002,419,583,2010-09-07,2023-09-26,0,2,26,45,70,140,105,111,62,131,217,35,13,19,26,0,0
MPB,344,129,215,2009-08-12,2023-12-13,2,6,2,5,7,13,22,32,36,54,71,24,16,30,24,0,0
MPC,3148,1574,1574,2011-07-01,2020-06-11,0,0,66,126,192,154,164,166,116,628,1132,404,0,0,0,0,0
MPEL,3206,1603,1603,2009-09-22,2018-01-01,20,166,192,168,370,648,870,586,182,4,0,0,0,0,0,0,0
MPET,240,120,120,2010-05-19,2017-02-07,0,14,26,42,18,26,22,76,16,0,0,0,0,0,0,0,0
MPLX,2538,866,1672,2012-10-18,2023-12-12,0,0,0,30,38,62,232,228,257,485,674,171,47,152,162,0,0
MPO,846,423,423,2012-04-20,2019-08-07,0,0,0,80,58,176,216,46,26,144,100,0,0,0,0,0,0
MPV,138,55,83,2012-11-28,2023-08-25,0,0,0,3,10,6,3,2,1,1,98,12,0,0,2,0,0
MPW,2720,899,1821,2009-11-23,2023-12-16,1,18,42,88,107,63,262,267,193,381,466,196,76,197,363,0,0
MPWR,2112,757,1355,2010-02-03,2023-12-16,0,35,65,99,85,93,123,202,265,258,345,141,45,217,139,0,0
MPX,598,299,299,2009-08-13,2020-04-30,2,8,10,22,18,36,46,52,36,152,160,56,0,0,0,0,0
MQT,71,27,44,2012-12-10,2023-06-05,0,0,0,1,4,5,3,1,0,20,18,16,0,0,3,0,0
MQY,61,20,41,2012-12-10,2023-12-16,0,0,0,1,5,5,3,0,0,16,21,5,0,2,3,0,0
MRAM,61,0,61,2016-09-09,2023-08-31,0,0,0,0,0,0,0,5,8,8,4,9,17,6,4,0,0
MRBK,70,0,70,2018-11-12,2023-12-16,0,0,0,0,0,0,0,0,0,1,1,4,17,30,17,0,0
MRC,1114,557,557,2012-04-12,2020-06-11,0,0,0,52,132,114,150,126,74,148,204,114,0,0,0,0,0
MRCC,1015,423,592,2012-10-26,2023-11-06,0,0,0,9,4,157,159,129,124,200,154,31,7,12,29,0,0
MRCY,2332,985,1347,2010-01-27,2023-12-14,0,19,56,98,67,149,114,181,398,447,471,154,35,65,78,0,0
MRD,376,188,188,2014-06-09,2019-09-23,0,0,0,0,0,78,162,124,0,0,12,0,0,0,0,0,0
MREO,37,0,37,2018-04-13,2023-11-03,0,0,0,0,0,0,0,0,0,2,2,10,3,7,13,0,0
MRGR,122,38,84,2012-12-13,2023-11-29,0,0,0,4,8,8,20,21,27,25,2,2,2,2,1,0,0
MRH,682,341,341,2010-04-08,2016-02-23,0,22,102,112,268,92,80,6,0,0,0,0,0,0,0,0,0
MRIN,474,237,237,2013-03-22,2020-05-07,0,0,0,0,44,60,54,52,44,142,74,4,0,0,0,0,0
MRK,14109,3335,10774,2009-07-27,2023-12-16,65,522,615,659,740,1120,977,1192,1512,1525,1244,996,884,1078,980,0,0
MRKR,31,0,31,2019-04-17,2023-08-09,0,0,0,0,0,0,0,0,0,0,5,3,14,5,4,0,0
MRKT,392,196,196,2014-06-16,2016-07-15,0,0,0,0,0,122,138,132,0,0,0,0,0,0,0,0,0
MRLN,424,212,212,2009-08-26,2020-05-06,2,0,20,36,34,20,62,54,46,62,52,36,0,0,0,0,0
MRNS,1337,580,757,2014-06-17,2023-12-14,0,0,0,0,0,26,94,144,194,352,340,114,11,27,35,0,0
MRO,6655,2708,3947,2009-08-07,2023-12-16,10,130,487,655,449,378,748,1033,534,824,709,453,0,0,245,0,0
MRSK,2,0,2,2020-08-19,2022-04-04,0,0,0,0,0,0,0,0,0,0,0,1,0,1,0,0,0
MRTN,700,350,350,2010-01-27,2020-05-28,0,8,12,62,36,32,70,74,44,120,188,54,0,0,0,0,0
MRTX,402,0,402,2013-10-29,2023-12-16,0,0,0,0,2,0,22,3,10,21,57,41,42,90,114,0,0
MRUS,95,0,95,2015-10-19,2023-12-11,0,0,0,0,0,0,1,8,1,4,6,0,18,10,47,0,0
MRVC,112,56,56,2010-06-21,2017-08-02,0,2,2,6,0,10,46,30,16,0,0,0,0,0,0,0,0
MRVL,6515,2397,4118,2009-08-13,2023-12-12,50,312,294,317,295,253,727,688,668,663,982,416,180,243,427,0,0
MS,12704,3246,9458,2010-01-20,2023-12-16,0,1204,1054,730,514,623,847,815,971,873,783,1157,889,1018,1226,0,0
MSA,920,460,460,2009-08-07,2020-06-03,6,16,38,64,42,36,98,80,68,200,188,84,0,0,0,0,0
MSB,557,228,329,2010-03-04,2023-10-26,0,44,26,28,8,4,30,25,105,117,114,34,15,1,6,0,0
MSBF,152,76,76,2010-01-04,2020-05-28,0,2,0,8,0,10,16,16,12,34,22,32,0,0,0,0,0
MSBI,144,0,144,2016-05-11,2023-12-12,0,0,0,0,0,0,0,8,7,10,13,11,11,59,25,0,0
MSC,293,129,164,2012-06-25,2023-12-14,0,0,0,1,1,2,0,0,0,77,162,33,10,0,7,0,0
MSCC,1440,720,720,2009-11-13,2018-06-27,2,58,114,120,80,84,336,308,154,184,0,0,0,0,0,0,0
MSCI,2454,855,1599,2010-07-07,2023-12-16,0,24,46,135,150,100,155,186,287,302,378,292,64,103,232,0,0
MSD,23,0,23,2012-03-09,2023-06-28,0,0,0,2,6,6,2,0,4,0,0,1,0,0,2,0,0
MSEX,1228,469,759,2010-02-19,2023-12-06,0,23,34,32,99,52,83,141,69,213,261,79,29,63,50,0,0
MSF,44,22,22,2010-04-06,2019-12-13,0,2,0,0,0,0,0,2,2,16,22,0,0,0,0,0,0
MSFG,230,115,115,2011-03-22,2018-05-03,0,0,8,32,44,12,40,32,40,22,0,0,0,0,0,0,0
MSFT,8737,0,8737,2022-04-26,2023-12-16,0,0,0,0,0,0,0,0,0,0,0,0,0,2679,6058,0,0
MSG,2272,1136,1136,2010-05-17,2020-04-22,0,32,72,376,144,222,398,166,130,308,298,126,0,0,0,0,0
MSGS,46,0,46,2020-08-17,2023-11-10,0,0,0,0,0,0,0,0,0,0,0,6,21,12,7,0,0
MSI,4891,1820,3071,2011-01-04,2023-12-16,0,0,319,349,344,303,589,407,393,830,630,330,72,82,243,0,0
MSLI,232,116,116,2012-03-19,2017-07-10,0,0,0,12,14,50,62,74,20,0,0,0,0,0,0,0,0
MSM,2007,787,1220,2009-08-30,2023-12-15,4,32,73,183,137,110,166,217,134,268,327,168,50,57,81,0,0
MSN,225,102,123,2009-08-13,2023-10-01,6,6,12,24,13,18,39,55,20,10,10,0,5,5,2,0,0
MSO,764,382,382,2009-08-12,2019-07-23,12,40,110,136,148,104,204,4,2,2,2,0,0,0,0,0,0
MSON,486,243,243,2010-05-04,2020-05-22,0,14,32,34,22,30,26,48,28,82,102,68,0,0,0,0,0
MSP,70,35,35,2011-12-12,2018-12-31,0,0,2,2,0,2,10,12,18,24,0,0,0,0,0,0,0
MSTR,1711,450,1261,2009-10-30,2023-12-14,2,23,48,145,54,107,204,135,57,92,179,66,263,149,187,0,0
MSTX,300,150,150,2013-06-05,2017-04-20,0,0,0,0,14,50,70,138,28,0,0,0,0,0,0,0,0
MT,7227,2555,4672,2009-08-13,2023-12-16,21,339,595,667,435,486,727,788,698,909,753,445,36,155,173,0,0
MTA,14,0,14,2020-02-27,2023-12-14,0,0,0,0,0,0,0,0,0,0,0,7,0,0,7,0,0
MTB,4897,1728,3169,2009-09-08,2023-12-16,12,239,262,506,263,256,482,350,413,696,589,289,80,215,245,0,0
MTBC,558,279,279,2014-07-07,2020-06-05,0,0,0,0,0,30,44,50,132,132,86,84,0,0,0,0,0
MTC,44,0,44,2019-01-08,2023-12-06,0,0,0,0,0,0,0,0,0,0,5,12,9,9,9,0,0
MTCH,1366,0,1366,2015-11-06,2023-12-11,0,0,0,0,0,0,13,56,69,192,135,140,290,241,230,0,0
MTD,1518,587,931,2009-08-10,2023-12-16,2,22,61,102,102,80,77,130,126,209,305,152,31,56,63,0,0
MTDR,3024,1018,2006,2012-02-01,2023-12-16,0,0,0,73,502,231,278,286,149,375,345,275,38,194,278,0,0
MTEM,46,0,46,2017-09-05,2023-08-31,0,0,0,0,0,0,0,0,1,3,0,7,13,11,11,0,0
MTEX,405,180,225,2010-08-04,2023-11-07,0,4,22,36,11,26,45,49,27,107,42,13,9,10,4,0,0
MTG,3256,1156,2100,2009-08-07,2023-12-13,8,81,213,156,225,217,358,239,240,612,452,178,32,158,87,0,0
MTGE,1224,612,612,2011-08-03,2019-10-14,0,0,16,72,52,48,276,404,142,202,12,0,0,0,0,0,0
MTGEP,4,2,2,2018-06-14,2018-07-10,0,0,0,0,0,0,0,0,0,4,0,0,0,0,0,0,0
MTH,3192,1217,1975,2009-09-24,2023-12-16,16,40,84,242,594,188,281,142,139,373,543,217,43,108,182,0,0
MTK,234,117,117,2009-11-02,2017-10-27,2,40,12,12,4,0,56,74,34,0,0,0,0,0,0,0,0
MTLS,728,264,464,2014-06-12,2023-10-26,0,0,0,0,0,71,122,97,84,150,109,44,29,15,7,0,0
MTN,3100,1113,1987,2009-10-05,2023-12-16,8,48,114,163,162,215,329,403,285,410,459,217,73,124,90,0,0
MTNB,36,0,36,2017-06-26,2023-10-30,0,0,0,0,0,0,0,0,1,0,7,7,9,9,3,0,0
MTOR,2002,1001,1001,2011-04-01,2020-06-11,0,0,102,122,88,332,218,130,204,286,402,118,0,0,0,0,0
MTR,335,125,210,2011-03-10,2023-08-30,0,0,2,29,13,14,19,50,35,65,88,12,1,1,6,0,0
MTRN,1054,426,628,2011-05-03,2023-11-13,0,0,26,46,48,57,64,64,47,125,435,62,23,31,26,0,0
MTRX,1504,602,902,2010-03-25,2023-11-27,0,34,44,64,62,436,227,116,86,131,205,56,15,5,23,0,0
MTS,76,38,38,2011-02-10,2019-07-25,0,0,2,4,4,4,22,28,4,6,2,0,0,0,0,0,0
MTSC,664,332,332,2009-11-20,2020-05-19,2,20,30,48,40,50,72,76,64,70,120,72,0,0,0,0,0
MTSI,1890,781,1109,2012-03-13,2023-12-12,0,0,0,53,70,121,277,302,244,222,323,150,16,51,61,0,0
MTSL,478,239,239,2010-10-22,2020-05-04,0,14,8,26,16,8,34,20,50,222,64,16,0,0,0,0,0
MTSN,260,130,130,2009-12-02,2017-01-08,2,4,40,54,24,26,88,20,2,0,0,0,0,0,0,0,0
MTT,108,54,54,2015-01-15,2020-05-21,0,0,0,0,0,0,4,8,12,54,18,12,0,0,0,0,0
MTU,812,406,406,2009-08-13,2018-07-12,10,38,82,116,138,94,172,62,60,40,0,0,0,0,0,0,0
MTUM,1303,455,848,2013-04-18,2023-12-16,0,0,0,0,17,32,103,131,189,306,283,130,35,41,36,0,0
MTW,2384,1192,1192,2009-09-21,2020-05-15,8,108,176,244,172,374,308,230,206,280,194,84,0,0,0,0,0
MTX,317,0,317,2011-12-21,2023-12-12,0,0,1,1,44,62,17,22,15,21,20,21,23,33,37,0,0
MTZ,635,0,635,2010-11-18,2023-12-16,0,2,3,3,16,47,25,85,113,117,28,28,33,49,86,0,0
MU,12754,3149,9605,2011-04-20,2023-12-16,0,0,426,308,793,856,1163,896,1746,2100,1554,749,547,734,882,0,0
MUA,141,58,83,2010-10-06,2023-06-05,0,1,0,3,4,5,3,1,0,13,100,6,2,0,3,0,0
MUB,2395,988,1407,2009-04-21,2023-12-16,2,49,110,91,38,33,187,290,268,452,529,205,44,53,44,0,0
MUC,56,28,28,2011-11-03,2020-04-29,0,0,2,0,0,0,0,0,0,20,0,34,0,0,0,0,0
MUE,145,41,104,2013-01-09,2023-06-05,0,0,0,0,5,5,11,8,0,24,61,14,13,0,4,0,0
MUFG,188,0,188,2018-04-11,2023-12-16,0,0,0,0,0,0,0,0,0,37,12,7,14,49,69,0,0
MUH,56,28,28,2018-09-20,2020-05-07,0,0,0,0,0,0,0,0,0,22,18,16,0,0,0,0,0
MUI,37,0,37,2010-04-05,2023-08-02,0,1,0,1,4,5,3,2,0,0,0,5,12,0,4,0,0
MUJ,32,0,32,2012-12-10,2023-06-05,0,0,0,1,4,6,9,9,0,0,0,0,1,0,2,0,0
MULT,24,12,12,2014-07-15,2019-01-04,0,0,0,0,0,2,4,2,14,0,2,0,0,0,0,0,0
MUNI,97,40,57,2010-01-11,2023-11-28,0,3,0,0,4,3,18,11,13,27,10,0,1,2,5,0,0
MUS,568,284,284,2010-03-31,2020-03-19,0,2,0,0,0,0,46,126,58,196,130,10,0,0,0,0,0
MUSA,2516,693,1823,2010-04-09,2023-12-16,0,22,59,94,76,379,179,280,124,155,281,187,34,270,376,0,0
MUX,241,0,241,2012-05-28,2023-12-04,0,0,0,3,5,20,13,45,29,8,27,15,18,25,33,0,0
MVBF,82,0,82,2018-02-28,2023-10-26,0,0,0,0,0,0,0,0,0,5,2,6,20,28,21,0,0
MVC,428,214,214,2009-09-08,2020-05-27,6,6,4,26,30,16,38,52,92,92,32,34,0,0,0,0,0
MVF,596,290,306,2011-11-22,2023-06-05,0,0,2,1,4,5,51,131,62,198,130,10,0,0,2,0,0
MVG,268,134,134,2010-02-25,2016-09-02,0,36,48,22,6,76,52,28,0,0,0,0,0,0,0,0,0
MVIS,1311,522,789,2009-09-23,2023-12-16,14,37,30,80,40,95,135,103,113,162,130,182,126,30,34,0,0
MVNR,188,94,94,2013-11-06,2015-05-21,0,0,0,0,22,70,96,0,0,0,0,0,0,0,0,0,0
MVO,239,94,145,2010-02-18,2023-10-13,0,8,17,26,12,13,42,24,10,35,33,12,0,2,5,0,0
MVT,17,0,17,2012-06-28,2023-06-05,0,0,0,2,4,5,3,1,0,0,0,0,0,0,2,0,0
MVV,116,34,82,2009-04-08,2023-01-12,1,1,0,0,7,4,16,13,9,23,14,2,6,19,1,0,0
MW,2592,1296,1296,2009-08-10,2019-04-07,48,306,298,308,518,710,370,32,0,0,2,0,0,0,0,0,0
MWA,1233,488,745,2009-09-14,2023-12-14,6,22,22,41,98,79,183,104,111,162,223,67,28,49,38,0,0
MWE,1192,596,596,2009-12-22,2018-05-04,4,56,194,266,156,136,360,14,4,2,0,0,0,0,0,0,0
MWG,4,2,2,2014-05-12,2014-10-19,0,0,0,0,0,4,0,0,0,0,0,0,0,0,0,0,0
MWIV,402,201,201,2009-12-07,2017-01-09,2,26,58,92,96,52,74,0,2,0,0,0,0,0,0,0,0
MWV,912,456,456,2009-10-28,2015-08-27,4,48,190,192,116,190,172,0,0,0,0,0,0,0,0,0,0
MX,1385,574,811,2011-04-28,2023-12-16,0,0,24,57,284,63,148,78,136,126,203,168,49,28,21,0,0
MXC,268,122,146,2010-01-05,2023-04-10,0,5,12,11,9,6,12,8,10,100,64,19,5,5,2,0,0
MXF,122,42,80,2012-12-19,2022-11-03,0,0,0,1,9,8,6,3,5,17,52,18,2,1,0,0,0
MXI,340,131,209,2009-10-27,2023-06-27,6,82,38,23,13,20,21,23,17,52,34,3,5,2,1,0,0
MXIM,2840,1420,1420,2009-08-07,2020-06-05,10,92,202,258,226,164,432,294,216,422,390,134,0,0,0,0,0
MXL,1715,650,1065,2010-03-24,2023-12-13,0,28,32,29,84,79,243,453,203,126,145,104,31,95,63,0,0
MXWL,960,480,480,2010-02-19,2019-06-13,0,32,76,96,66,102,164,78,82,156,108,0,0,0,0,0,0
MY,348,174,174,2010-10-01,2016-06-24,0,30,102,44,24,48,72,28,0,0,0,0,0,0,0,0,0
MYC,42,21,21,2018-09-18,2020-03-19,0,0,0,0,0,0,0,0,0,18,18,6,0,0,0,0,0
MYCC,298,149,149,2013-09-20,2017-09-15,0,0,0,0,16,28,64,78,112,0,0,0,0,0,0,0,0
MYD,100,40,60,2012-12-10,2023-06-05,0,0,0,1,5,5,2,1,0,11,54,16,0,3,2,0,0
MYE,952,348,604,2010-08-04,2023-11-30,0,10,34,56,36,87,94,84,45,172,126,75,26,87,20,0,0
MYF,110,55,55,2018-12-14,2020-03-19,0,0,0,0,0,0,0,0,0,2,98,10,0,0,0,0,0
MYFW,47,0,47,2018-08-10,2023-12-14,0,0,0,0,0,0,0,0,0,1,2,1,8,17,18,0,0
MYGN,4779,1964,2815,2009-09-25,2023-12-12,20,118,168,291,547,698,370,340,493,664,710,244,21,36,59,0,0
MYI,619,299,320,2012-05-07,2023-06-05,0,0,0,4,5,5,50,134,66,193,138,20,1,0,3,0,0
MYJ,168,84,84,2011-10-17,2020-03-19,0,0,2,2,0,0,16,18,8,92,26,4,0,0,0,0,0
MYL,8892,4446,4446,2009-10-19,2020-06-08,12,184,358,622,576,606,1572,1470,1006,1230,924,332,0,0,0,0,0
MYM,14,7,7,2014-10-02,2015-08-12,0,0,0,0,0,4,10,0,0,0,0,0,0,0,0,0,0
MYN,83,25,58,2012-12-10,2023-06-05,0,0,0,1,8,6,10,9,0,20,18,8,0,0,3,0,0
MYO,49,0,49,2017-11-07,2023-12-14,0,0,0,0,0,0,0,0,6,4,1,9,2,13,14,0,0
MYOS,458,229,229,2014-07-14,2020-06-04,0,0,0,0,0,28,60,26,88,114,96,46,0,0,0,0,0
MYRG,729,284,445,2010-01-19,2023-12-13,0,20,46,52,30,39,85,55,56,80,101,60,27,15,63,0,0
MYSZ,18,0,18,2017-12-08,2023-11-15,0,0,0,0,0,0,0,0,2,1,1,0,6,3,5,0,0
MYY,42,21,21,2011-08-24,2019-11-03,0,0,4,2,0,2,6,4,0,10,14,0,0,0,0,0,0
MZF,102,51,51,2012-08-29,2019-12-11,0,0,0,2,0,0,0,0,0,30,70,0,0,0,0,0,0
MZOR,396,198,198,2013-10-11,2019-06-11,0,0,0,0,6,14,80,68,68,152,8,0,0,0,0,0,0
MZZ,54,27,27,2011-06-12,2020-04-02,0,0,8,2,0,0,10,18,4,4,6,2,0,0,0,0,0
NAC,177,58,119,2010-08-31,2023-06-05,0,1,0,1,4,6,12,11,3,70,40,15,11,0,3,0,0
NAD,742,329,413,2011-06-06,2023-05-03,0,0,2,1,3,4,51,149,90,216,174,38,11,1,2,0,0
NADL,564,282,282,2014-05-17,2018-05-17,0,0,0,0,0,84,204,174,100,2,0,0,0,0,0,0,0
NAII,200,100,100,2009-09-23,2020-05-14,2,4,14,12,0,10,30,42,20,18,32,16,0,0,0,0,0
NAIL,89,0,89,2015-08-19,2023-12-16,0,0,0,0,0,0,1,2,14,10,2,3,16,12,29,0,0
NAK,905,367,538,2010-03-26,2022-03-09,0,20,35,29,11,6,15,72,420,137,92,44,17,7,0,0,0
NAME,140,70,70,2014-10-20,2017-07-17,0,0,0,0,0,10,44,44,42,0,0,0,0,0,0,0,0
NAN,223,83,140,2012-12-10,2023-06-05,0,0,0,1,8,4,22,31,20,59,40,18,16,1,3,0,0
NANO,940,470,470,2009-10-30,2019-10-22,10,68,76,70,56,42,68,70,76,246,158,0,0,0,0,0,0
NANR,57,0,57,2016-01-04,2023-12-11,0,0,0,0,0,0,0,10,6,17,6,1,2,8,7,0,0
NAO,418,209,209,2014-06-02,2019-06-06,0,0,0,0,0,40,58,44,78,96,102,0,0,0,0,0,0
NAOV,34,0,34,2020-07-07,2023-11-28,0,0,0,0,0,0,0,0,0,0,0,17,8,2,7,0,0
NAP,588,294,294,2014-10-31,2019-09-12,0,0,0,0,0,22,110,142,86,210,18,0,0,0,0,0,0
NAPR,4,0,4,2020-07-15,2023-04-13,0,0,0,0,0,0,0,0,0,0,0,1,2,0,1,0,0
NARI,189,0,189,2020-11-14,2023-12-15,0,0,0,0,0,0,0,0,0,0,0,1,54,43,91,0,0
NAT,2471,1050,1421,2009-08-07,2023-11-29,6,82,105,109,112,169,317,422,275,201,321,235,28,39,50,0,0
NATH,446,195,251,2010-06-11,2023-06-21,0,6,16,22,22,29,139,38,26,52,50,19,10,10,7,0,0
NATI,840,420,420,2010-04-21,2020-06-09,0,18,64,58,102,54,64,88,38,160,130,64,0,0,0,0,0
NATL,234,117,117,2010-04-13,2017-01-31,0,4,14,38,16,32,44,84,2,0,0,0,0,0,0,0,0
NAUH,336,168,168,2010-10-15,2020-02-13,0,2,10,10,24,20,94,42,30,82,14,8,0,0,0,0,0
NAV,4038,2019,2019,2009-02-14,2020-06-05,34,180,340,720,272,194,406,368,338,458,530,198,0,0,0,0,0
NAVB,856,428,428,2012-01-20,2020-06-03,0,0,0,82,116,92,122,134,34,78,144,54,0,0,0,0,0
NAVI,1857,652,1205,2010-07-26,2023-12-15,0,10,20,0,1,90,212,194,305,301,365,161,42,70,86,0,0
NAZ,214,92,122,2011-12-12,2023-06-05,0,0,4,1,8,4,10,21,20,100,40,4,0,0,2,0,0
NBB,50,0,50,2012-12-10,2023-06-05,0,0,0,1,3,4,10,9,0,8,5,3,5,0,2,0,0
NBBC,158,79,79,2010-11-12,2016-02-08,0,2,10,30,34,22,48,12,0,0,0,0,0,0,0,0,0
NBG,3546,1773,1773,2009-12-10,2016-05-04,2,84,394,1520,216,84,1240,6,0,0,0,0,0,0,0,0,0
NBH,209,55,154,2010-07-16,2023-12-05,0,1,0,1,11,9,11,8,0,48,63,15,15,12,15,0,0
NBHC,334,167,167,2012-09-24,2020-05-05,0,0,0,16,16,12,32,24,28,92,86,28,0,0,0,0,0
NBIX,2358,939,1419,2009-09-16,2023-12-15,2,84,46,60,76,72,225,175,265,454,477,206,54,55,107,0,0
NBL,4204,2102,2102,2009-07-27,2020-06-11,8,100,316,326,280,256,598,504,354,496,660,306,0,0,0,0,0
NBN,343,144,199,2010-02-03,2023-12-16,0,8,6,13,3,10,27,39,44,68,79,22,12,8,4,0,0
NBO,108,54,54,2018-09-26,2020-05-15,0,0,0,0,0,0,0,0,0,16,82,10,0,0,0,0,0
NBR,3056,1528,1528,2010-03-02,2020-06-11,0,26,358,454,192,302,298,202,208,244,514,258,0,0,0,0,0
NBS,370,185,185,2009-08-10,2015-09-28,4,16,50,62,96,74,68,0,0,0,0,0,0,0,0,0,0
NBSE,71,0,71,2013-11-12,2023-09-07,0,0,0,0,1,13,13,11,5,3,4,6,6,4,5,0,0
NBTB,555,184,371,2009-07-27,2023-12-15,2,2,13,33,25,21,39,52,45,86,92,30,23,40,52,0,0
NBTF,44,22,22,2010-03-20,2015-02-18,0,6,8,4,4,16,6,0,0,0,0,0,0,0,0,0,0
NBY,913,431,482,2010-03-30,2023-08-12,0,6,18,41,19,46,113,89,58,92,341,83,0,3,4,0,0
NC,635,264,371,2009-08-07,2023-10-02,28,10,29,60,29,30,52,63,86,71,110,37,11,13,6,0,0
NCA,156,58,98,2011-09-29,2023-06-05,0,0,2,3,3,4,13,10,4,81,22,12,0,0,2,0,0
NCB,118,59,59,2018-05-02,2020-03-11,0,0,0,0,0,0,0,0,0,56,60,2,0,0,0,0,0
NCFT,88,44,44,2012-04-27,2015-05-06,0,0,0,2,16,34,36,0,0,0,0,0,0,0,0,0,0
NCI,998,499,499,2009-08-13,2020-02-27,4,48,76,84,84,66,76,80,46,146,282,6,0,0,0,0,0
NCIT,472,236,236,2009-09-18,2017-07-31,2,22,60,58,50,74,90,64,52,0,0,0,0,0,0,0,0
NCLH,2715,1032,1683,2011-07-15,2023-12-16,0,0,2,0,98,96,294,212,226,332,320,484,59,319,273,0,0
NCMI,1116,558,558,2009-10-20,2020-06-05,4,18,74,76,80,58,152,88,136,194,166,70,0,0,0,0,0
NCNA,45,0,45,2017-10-11,2023-10-05,0,0,0,0,0,0,0,0,4,1,5,9,6,13,7,0,0
NCQ,52,26,26,2012-07-18,2016-09-01,0,0,0,8,6,0,4,34,0,0,0,0,0,0,0,0,0
NCR,2360,1180,1180,2010-02-04,2020-06-11,0,16,228,446,262,150,326,138,156,222,294,122,0,0,0,0,0
NCSM,21,0,21,2017-04-17,2023-12-15,0,0,0,0,0,0,0,0,6,3,2,3,0,4,3,0,0
NCTY,504,252,252,2009-08-17,2020-05-19,10,14,16,14,34,32,30,16,18,182,120,18,0,0,0,0,0
NCZ,474,192,282,2009-12-23,2023-09-08,2,2,0,1,10,10,47,73,40,146,90,29,17,0,7,0,0
NDAQ,6981,2726,4255,2009-08-27,2023-12-14,28,218,701,813,806,309,448,450,645,708,694,496,198,205,262,0,0
NDLS,1382,555,827,2013-06-27,2023-11-07,0,0,0,0,108,93,327,138,151,263,196,44,10,37,15,0,0
NDP,1746,861,885,2012-09-05,2023-05-11,0,0,0,5,3,7,121,243,162,765,407,30,2,0,1,0,0
NDRA,18,0,18,2019-03-29,2022-12-09,0,0,0,0,0,0,0,0,0,0,4,4,6,4,0,0,0
NDRO,340,170,170,2011-08-03,2018-09-04,0,0,20,22,20,36,100,46,32,64,0,0,0,0,0,0,0
NDSN,2620,923,1697,2009-12-17,2023-12-15,4,49,78,158,110,376,270,308,217,286,338,145,49,127,105,0,0
NE,5117,2222,2895,2009-08-06,2023-12-16,12,206,207,146,188,207,190,257,173,438,2615,359,21,42,56,0,0
NEA,867,375,492,2010-09-01,2023-12-16,0,2,5,4,7,6,57,170,90,220,196,60,35,8,7,0,0
NEAR,177,30,147,2016-06-07,2023-12-04,0,0,0,0,0,0,0,5,9,11,14,69,8,40,21,0,0
NECB,96,48,48,2011-05-20,2020-03-19,0,0,8,8,0,2,8,12,10,22,18,8,0,0,0,0,0
NEE,8927,2217,6710,2010-07-24,2023-12-16,0,86,166,157,241,322,545,860,897,1420,1561,947,317,601,807,0,0
NEM,6780,2069,4711,2009-08-28,2023-12-16,41,365,353,284,421,346,346,479,301,695,1436,822,191,257,443,0,0
NEN,96,35,61,2011-09-13,2023-05-11,0,0,4,9,6,3,6,14,11,16,12,8,4,2,1,0,0
NEO,664,330,334,2012-12-13,2023-05-05,0,0,0,8,24,36,98,56,56,150,186,46,0,1,3,0,0
NEOG,1100,550,550,2010-03-31,2020-05-18,0,12,84,80,76,86,134,82,84,216,176,70,0,0,0,0,0
NEON,62,0,62,2012-08-01,2023-01-18,0,0,0,3,2,11,11,5,9,0,0,9,7,3,2,0,0
NEOT,216,108,108,2014-11-10,2018-01-08,0,0,0,0,0,18,66,58,70,4,0,0,0,0,0,0,0
NEP,1930,573,1357,2010-01-20,2023-12-16,0,39,64,12,0,47,115,116,213,308,432,179,71,122,212,0,0
NEPH,14,0,14,2021-04-28,2023-11-27,0,0,0,0,0,0,0,0,0,0,0,0,5,8,1,0,0
NEPT,1258,567,691,2010-09-02,2023-11-20,0,6,36,48,50,38,66,75,40,196,400,271,7,13,12,0,0
NERD,21,0,21,2019-10-07,2023-10-13,0,0,0,0,0,0,0,0,0,0,2,6,6,0,7,0,0
NERV,974,438,536,2014-06-10,2023-06-29,0,0,0,0,0,44,162,140,83,141,247,133,3,15,6,0,0
NES,242,121,121,2013-05-24,2020-05-15,0,0,0,0,30,24,76,6,0,48,52,6,0,0,0,0,0
NESR,56,0,56,2018-06-07,2023-04-27,0,0,0,0,0,0,0,0,0,2,5,8,21,15,5,0,0
NET,1062,0,1062,2019-09-13,2023-12-15,0,0,0,0,0,0,0,0,0,0,11,103,271,288,389,0,0
NETE,626,313,313,2012-10-24,2020-06-04,0,0,0,6,14,30,62,44,128,200,96,46,0,0,0,0,0
NETL,9,0,9,2019-08-21,2023-08-30,0,0,0,0,0,0,0,0,0,0,1,1,4,0,3,0,0
NEU,800,310,490,2009-10-08,2023-12-11,8,10,62,59,39,74,78,80,33,89,159,47,28,17,17,0,0
NEWM,870,435,435,2014-03-07,2019-12-02,0,0,0,0,0,24,158,118,92,208,270,0,0,0,0,0,0
NEWP,304,152,152,2009-12-11,2016-10-13,4,22,36,38,40,40,68,56,0,0,0,0,0,0,0,0,0
NEWS,300,150,150,2009-08-07,2017-12-21,30,12,26,26,18,14,66,70,38,0,0,0,0,0,0,0,0
NEWT,1264,564,700,2010-02-25,2023-11-28,0,7,14,20,29,31,93,231,165,274,265,66,16,21,32,0,0
NEWTI,3130,0,3130,2023-12-05,2023-12-16,0,0,0,0,0,0,0,0,0,0,0,0,0,0,3130,0,0
NEWTL,6901,0,6901,2023-11-30,2023-12-16,0,0,0,0,0,0,0,0,0,0,0,0,0,0,6901,0,0
NEXA,123,0,123,2018-01-02,2023-10-30,0,0,0,0,0,0,0,0,0,16,11,12,16,35,33,0,0
NEXT,147,0,147,2017-11-09,2023-12-14,0,0,0,0,0,0,0,0,2,6,20,18,31,26,44,0,0
NFBK,387,149,238,2010-09-27,2023-12-15,0,4,6,10,25,45,36,22,18,55,91,27,11,20,17,0,0
NFE,329,0,329,2020-03-04,2023-12-12,0,0,0,0,0,0,0,0,0,0,0,12,58,98,161,0,0
NFEC,484,242,242,2010-09-16,2019-01-31,0,2,24,18,8,8,38,36,14,302,34,0,0,0,0,0,0
NFG,1218,609,609,2009-10-08,2020-06-01,2,28,64,106,76,80,98,136,70,216,250,92,0,0,0,0,0
NFJ,219,92,127,2009-11-19,2023-09-08,2,8,4,1,4,5,25,13,28,60,39,23,0,3,4,0,0
NFLT,7,0,7,2021-02-10,2023-08-21,0,0,0,0,0,0,0,0,0,0,0,0,1,5,1,0,0
NFLX,6056,3028,3028,2016-08-23,2020-06-10,0,0,0,0,0,0,0,590,1518,1568,1602,778,0,0,0,0,0
NFO,82,41,41,2010-01-17,2019-03-20,0,8,8,28,14,6,0,2,8,6,2,0,0,0,0,0,0
NFRA,164,33,131,2013-10-11,2023-09-27,0,0,0,0,3,6,14,10,17,29,10,9,38,19,9,0,0
NFTY,12,0,12,2019-02-04,2023-12-06,0,0,0,0,0,0,0,0,0,0,2,0,0,4,6,0,0
NFX,2162,1081,1081,2010-01-14,2019-07-29,0,102,282,256,110,176,266,332,190,400,48,0,0,0,0,0,0
NG,2684,862,1822,2009-08-12,2023-12-16,12,138,284,313,173,89,181,144,70,177,212,583,138,88,82,0,0
NGD,1525,608,917,2010-03-05,2023-12-15,0,53,78,61,57,46,169,214,113,225,331,88,43,13,34,0,0
NGE,329,133,196,2013-04-03,2023-08-11,0,0,0,0,36,33,95,88,8,26,20,7,1,3,12,0,0
NGG,1076,538,538,2010-03-25,2020-06-01,0,18,54,76,44,66,130,134,84,158,232,80,0,0,0,0,0
NGHC,712,356,356,2014-03-24,2020-05-20,0,0,0,0,0,42,78,74,70,178,202,68,0,0,0,0,0
NGHCP,6,3,3,2018-12-12,2019-03-06,0,0,0,0,0,0,0,0,0,2,4,0,0,0,0,0,0
NGL,2601,850,1751,2010-08-03,2023-12-11,0,1,33,131,257,264,208,414,183,333,424,188,17,10,138,0,0
NGLS,762,381,381,2010-01-13,2019-03-01,0,12,62,88,58,200,240,78,8,10,6,0,0,0,0,0,0
NGM,66,0,66,2019-10-02,2023-11-02,0,0,0,0,0,0,0,0,0,0,4,11,18,22,11,0,0
NGS,486,243,243,2010-06-30,2020-05-07,0,8,10,26,90,50,94,24,16,54,72,42,0,0,0,0,0
NGVC,955,419,536,2012-07-20,2023-12-16,0,0,0,41,92,95,132,107,71,200,112,75,15,9,6,0,0
NHC,515,185,330,2010-04-06,2023-11-25,0,29,18,52,22,27,53,60,27,78,51,16,25,29,28,0,0
NHF,86,43,43,2014-08-22,2020-06-02,0,0,0,0,0,2,2,0,2,14,44,22,0,0,0,0,0
NHI,1665,661,1004,2009-10-22,2023-12-04,2,21,32,109,103,127,166,237,154,277,205,125,38,41,28,0,0
NHS,148,25,123,2009-08-13,2023-05-13,2,0,8,12,9,9,14,13,12,25,10,19,10,1,4,0,0
NHTB,42,21,21,2010-10-11,2015-04-21,0,4,4,14,0,6,14,0,0,0,0,0,0,0,0,0,0
NHTC,49,0,49,2014-07-16,2023-05-04,0,0,0,0,0,1,8,12,1,13,7,0,3,2,2,0,0
NI,2094,1047,1047,2009-08-06,2020-06-04,88,68,184,190,134,126,220,144,188,326,278,148,0,0,0,0,0
NIB,770,385,385,2010-08-18,2020-06-04,0,14,40,6,4,4,4,0,0,76,446,176,0,0,0,0,0
NICE,1058,529,529,2009-09-08,2020-06-04,4,56,28,38,66,60,162,128,76,166,170,104,0,0,0,0,0
NICK,296,148,148,2010-10-12,2020-06-04,0,2,10,18,14,34,24,30,58,56,34,16,0,0,0,0,0
NID,80,40,40,2018-07-07,2020-03-12,0,0,0,0,0,0,0,0,0,28,46,6,0,0,0,0,0
NIE,29,0,29,2012-12-21,2023-09-08,0,0,0,1,3,4,0,0,1,3,1,3,8,0,5,0,0
NILE,882,441,441,2009-11-09,2017-02-17,2,96,140,160,60,66,210,134,14,0,0,0,0,0,0,0,0
NIM,357,57,300,2011-05-03,2023-06-05,0,0,8,49,44,86,27,21,12,5,101,2,0,0,2,0,0
NINE,232,0,232,2018-01-12,2023-12-08,0,0,0,0,0,0,0,0,0,83,9,14,7,78,41,0,0
NIO,5562,679,4883,2012-12-10,2023-12-16,0,0,0,1,3,3,11,4,0,70,934,1470,1240,1033,793,0,0
NIQ,88,44,44,2018-07-05,2020-01-31,0,0,0,0,0,0,0,0,0,40,44,4,0,0,0,0,0
NIU,117,0,117,2018-11-01,2023-11-27,0,0,0,0,0,0,0,0,0,2,4,35,51,12,13,0,0
NJ,382,191,191,2009-08-07,2017-01-24,54,12,24,50,54,74,72,38,4,0,0,0,0,0,0,0,0
NJR,1018,509,509,2010-01-04,2020-05-29,0,10,36,42,48,96,118,124,104,190,168,82,0,0,0,0,0
NJV,50,25,25,2018-09-13,2019-12-06,0,0,0,0,0,0,0,0,0,24,26,0,0,0,0,0,0
NKA,308,154,154,2010-06-14,2016-07-20,0,10,24,34,38,72,110,20,0,0,0,0,0,0,0,0,0
NKE,7129,0,7129,2009-11-22,2023-12-16,3,37,52,136,145,306,441,672,828,673,540,681,730,921,964,0,0
NKG,50,25,25,2012-10-17,2020-01-31,0,0,0,4,0,2,0,0,0,14,26,4,0,0,0,0,0
NKLA,1812,0,1812,2020-03-03,2023-12-16,0,0,0,0,0,0,0,0,0,0,0,741,423,301,347,0,0
NKSH,245,86,159,2010-01-29,2023-10-27,0,1,9,17,9,5,22,30,25,24,39,9,7,31,17,0,0
NKTR,3497,1396,2101,2009-09-22,2023-12-08,2,53,117,124,166,180,260,201,324,919,784,213,51,56,47,0,0
NKX,293,116,177,2010-10-22,2023-06-05,0,1,0,2,3,7,23,25,23,132,42,22,11,0,2,0,0
NKY,84,42,42,2011-07-17,2019-07-24,0,0,10,6,6,2,0,58,0,0,2,0,0,0,0,0,0
NL,779,142,637,2009-08-07,2023-11-02,6,0,17,23,13,102,50,39,13,50,26,321,55,37,27,0,0
NLNK,2018,1009,1009,2011-11-11,2020-03-19,0,0,12,52,40,570,342,194,232,322,214,40,0,0,0,0,0
NLR,344,57,287,2009-07-17,2023-12-16,3,9,12,4,20,21,26,62,60,82,25,2,3,7,8,0,0
NLS,1158,579,579,2010-08-16,2020-06-11,0,12,10,52,56,80,134,170,98,122,256,168,0,0,0,0,0
NLSN,2618,1309,1309,2011-01-26,2020-06-09,0,0,130,168,194,164,268,252,202,562,506,172,0,0,0,0,0
NLST,780,390,390,2009-11-12,2020-05-06,28,70,64,44,20,56,130,68,64,134,40,62,0,0,0,0,0
NLY,2795,741,2054,2009-09-17,2023-12-13,16,151,196,181,145,97,160,167,148,114,552,308,145,214,201,0,0
NM,1506,753,753,2009-07-27,2020-06-04,10,74,84,78,52,62,206,256,106,226,334,18,0,0,0,0,0
NMA,78,39,39,2015-05-23,2016-05-08,0,0,0,0,0,0,44,34,0,0,0,0,0,0,0,0,0
NMBL,800,400,400,2013-12-13,2017-05-09,0,0,0,0,10,186,274,246,84,0,0,0,0,0,0,0,0
NMCO,19,0,19,2020-08-12,2023-06-05,0,0,0,0,0,0,0,0,0,0,0,5,10,0,4,0,0
NMFC,201,0,201,2012-12-10,2023-12-14,0,0,0,1,4,14,10,14,18,24,25,14,22,31,24,0,0
NMI,88,28,60,2010-03-03,2023-09-11,0,6,4,1,5,4,8,5,0,28,20,0,1,1,5,0,0
NMIH,1226,421,805,2013-11-01,2023-12-06,0,0,0,0,11,23,100,170,119,296,228,135,22,59,63,0,0
NML,168,56,112,2014-11-12,2023-06-02,0,0,0,0,0,1,13,11,0,43,67,18,10,2,3,0,0
NMM,1772,796,976,2009-07-27,2023-10-18,7,59,68,49,79,68,284,217,170,290,339,81,12,35,14,0,0
NMO,100,50,50,2012-03-26,2016-09-01,0,0,0,4,0,0,46,50,0,0,0,0,0,0,0,0,0
NMR,1266,523,743,2009-09-24,2023-11-29,6,18,46,302,197,61,105,150,44,99,161,42,21,5,9,0,0
NMRD,30,0,30,2018-09-13,2023-11-26,0,0,0,0,0,0,0,0,0,2,0,10,6,3,9,0,0
NMRK,132,0,132,2018-11-30,2023-12-15,0,0,0,0,0,0,0,0,0,6,8,4,24,44,46,0,0
NMRX,234,117,117,2010-02-25,2017-12-06,0,4,16,8,26,24,76,38,42,0,0,0,0,0,0,0,0
NMS,114,29,85,2014-11-11,2023-09-05,0,0,0,0,0,1,12,9,2,40,26,10,11,0,3,0,0
NMT,206,84,122,2012-06-14,2023-08-22,0,0,0,2,3,5,13,37,20,72,44,2,1,1,6,0,0
NMY,162,81,81,2016-09-13,2020-03-19,0,0,0,0,0,0,0,8,18,66,60,10,0,0,0,0,0
NMZ,103,27,76,2010-01-18,2023-06-05,0,2,0,0,0,0,0,8,9,24,32,19,4,2,3,0,0
NNA,1166,583,583,2010-04-08,2020-05-06,0,26,22,14,54,62,220,214,78,206,226,44,0,0,0,0,0
NNBR,77,0,77,2013-08-19,2023-10-31,0,0,0,0,20,15,0,0,0,8,7,9,8,3,7,0,0
NNC,184,92,92,2009-08-10,2019-12-02,4,0,0,4,0,0,0,10,10,60,96,0,0,0,0,0,0
NNI,567,231,336,2009-08-10,2023-11-28,4,30,70,60,24,18,26,38,38,73,51,56,23,35,21,0,0
NNN,3062,1195,1867,2010-04-01,2023-12-14,0,29,60,96,69,151,409,526,274,572,449,162,48,108,109,0,0
NNVC,854,406,448,2011-09-27,2023-04-18,0,0,2,6,4,53,98,28,19,38,125,466,8,6,1,0,0
NNY,98,35,63,2013-01-09,2023-06-05,0,0,0,0,3,4,10,9,14,18,30,8,0,0,2,0,0
NOA,862,431,431,2009-08-07,2020-05-08,4,18,28,28,24,20,54,48,38,232,292,76,0,0,0,0,0
NOAH,1601,656,945,2010-11-10,2023-11-30,0,8,39,36,232,129,363,119,117,204,230,54,14,35,21,0,0
NOBL,1535,539,996,2013-10-15,2023-12-16,0,0,0,0,16,40,148,258,175,256,337,102,28,78,97,0,0
NOC,5785,1222,4563,2009-08-07,2023-12-16,20,332,377,337,432,387,571,510,573,520,326,276,153,472,499,0,0
NOG,2558,912,1646,2010-03-17,2023-12-11,0,28,120,134,157,116,162,145,424,645,271,76,62,101,117,0,0
NOK,7903,2225,5678,2009-08-10,2023-12-15,73,594,756,1102,1076,577,647,512,502,462,496,450,279,187,190,0,0
NOM,97,45,52,2016-10-11,2023-09-10,0,0,0,0,0,0,0,1,1,52,34,5,0,1,3,0,0
NOMD,350,0,350,2016-01-26,2023-12-08,0,0,0,0,0,0,0,7,65,28,63,19,35,51,82,0,0
NOR,466,233,233,2010-06-23,2015-11-30,0,34,58,50,38,76,210,0,0,0,0,0,0,0,0,0,0
NORD,244,122,122,2014-03-25,2018-04-03,0,0,0,0,0,44,66,78,54,2,0,0,0,0,0,0,0
NORW,532,241,291,2010-11-10,2023-10-10,0,29,77,82,15,31,61,50,23,86,54,13,3,3,5,0,0
NOV,5416,2023,3393,2009-08-07,2023-12-11,30,142,361,532,459,453,822,582,336,471,627,287,97,90,127,0,0
NOVA,241,0,241,2019-09-24,2023-12-16,0,0,0,0,0,0,0,0,0,0,3,40,45,66,87,0,0
NOVT,104,0,104,2017-05-05,2023-11-17,0,0,0,0,0,0,0,0,1,28,19,2,10,23,21,0,0
NOW,5531,1990,3541,2009-08-07,2023-12-16,10,2,1,121,120,180,375,471,423,657,1370,781,161,273,586,0,0
NP,706,353,353,2009-11-30,2020-05-22,4,22,22,44,38,114,86,58,44,112,116,46,0,0,0,0,0
NPBC,300,150,150,2009-12-31,2016-06-29,2,14,46,38,22,40,122,16,0,0,0,0,0,0,0,0,0
NPD,306,153,153,2009-12-01,2016-07-29,2,40,40,32,36,48,80,28,0,0,0,0,0,0,0,0,0
NPF,82,41,41,2015-05-23,2016-09-01,0,0,0,0,0,0,34,48,0,0,0,0,0,0,0,0,0
NPK,296,120,176,2009-11-25,2023-11-29,4,32,12,40,21,11,26,10,28,37,41,10,10,8,6,0,0
NPO,1412,501,911,2009-12-18,2023-11-01,2,12,48,37,163,187,168,88,100,285,158,60,35,35,34,0,0
NPP,94,47,47,2011-12-12,2019-04-25,0,0,2,2,0,0,40,48,0,0,2,0,0,0,0,0,0
NPSP,842,421,421,2010-03-21,2018-06-28,0,16,92,162,192,214,158,2,0,6,0,0,0,0,0,0,0
NPT,76,38,38,2015-05-23,2016-05-08,0,0,0,0,0,0,36,40,0,0,0,0,0,0,0,0,0
NPTN,1638,819,819,2011-02-02,2020-06-11,0,0,52,18,78,62,274,222,162,234,386,150,0,0,0,0,0
NPV,138,69,69,2009-08-07,2019-12-06,4,6,16,6,0,0,2,14,10,42,38,0,0,0,0,0,0
NQM,98,49,49,2013-11-22,2016-09-01,0,0,0,0,2,0,44,52,0,0,0,0,0,0,0,0,0
NQP,28,0,28,2014-02-04,2023-06-05,0,0,0,0,0,6,10,9,0,0,1,0,0,0,2,0,0
NQS,92,46,46,2015-05-23,2016-09-01,0,0,0,0,0,0,42,50,0,0,0,0,0,0,0,0,0
NQU,60,30,30,2015-09-25,2016-05-19,0,0,0,0,0,0,20,40,0,0,0,0,0,0,0,0,0
NR,1072,438,634,2010-02-03,2023-12-05,0,31,95,43,165,112,95,91,64,107,121,106,21,14,7,0,0
NRBO,83,0,83,2016-06-13,2023-09-29,0,0,0,0,0,0,0,6,3,30,6,2,15,14,7,0,0
NRCIA,42,21,21,2015-12-01,2018-05-01,0,0,0,0,0,0,4,2,22,14,0,0,0,0,0,0,0
NRCIB,48,24,24,2014-02-18,2018-07-26,0,0,0,0,0,8,10,2,6,22,0,0,0,0,0,0,0
NREF,43,0,43,2020-09-11,2023-08-02,0,0,0,0,0,0,0,0,0,0,0,2,10,17,14,0,0
NRF,1036,518,518,2009-08-09,2017-03-16,6,30,44,92,66,172,244,368,14,0,0,0,0,0,0,0,0
NRG,3386,943,2443,2009-11-16,2023-12-16,8,186,262,204,159,260,240,272,400,243,458,170,103,173,248,0,0
NRGD,34,0,34,2020-06-05,2023-12-08,0,0,0,0,0,0,0,0,0,0,0,8,6,9,11,0,0
NRGU,65,0,65,2020-04-16,2023-10-17,0,0,0,0,0,0,0,0,0,0,0,3,1,40,21,0,0
NRIM,580,214,366,2011-08-19,2023-12-06,0,0,8,19,8,66,64,54,43,110,85,47,13,39,24,0,0
NRK,232,87,145,2012-12-10,2023-06-05,0,0,0,1,10,6,12,23,26,71,44,25,12,0,2,0,0
NRO,241,74,167,2010-09-24,2023-06-14,0,1,4,1,6,6,10,11,23,13,135,17,10,0,4,0,0
NRP,1207,488,719,2009-12-31,2023-11-09,1,33,101,119,106,156,183,117,73,165,112,20,3,6,12,0,0
NRT,251,90,161,2010-03-04,2023-11-27,0,6,7,4,8,15,26,28,20,40,40,27,8,14,8,0,0
NRUC,1,0,1,2019-08-21,2019-08-21,0,0,0,0,0,0,0,0,0,0,1,0,0,0,0,0,0
NRX,218,109,109,2014-01-21,2016-05-02,0,0,0,0,0,58,118,42,0,0,0,0,0,0,0,0,0
NRZ,2468,1234,1234,2013-10-18,2020-06-11,0,0,0,0,8,40,278,518,382,518,532,192,0,0,0,0,0
NS,2558,998,1560,2009-08-10,2023-11-30,2,42,104,184,190,153,308,229,188,354,505,176,28,38,57,0,0
NSAM,476,238,238,2014-07-08,2019-09-19,0,0,0,0,0,58,112,288,16,0,2,0,0,0,0,0,0
NSC,7738,3007,4731,2009-10-26,2023-12-16,23,214,458,707,400,414,1123,910,640,850,935,378,133,248,305,0,0
NSEC,170,85,85,2010-10-25,2020-05-14,0,2,8,10,4,4,18,26,14,38,42,4,0,0,0,0,0
NSH,460,230,230,2009-09-11,2019-03-22,10,8,8,36,30,30,74,88,78,96,2,0,0,0,0,0,0
NSIT,1289,465,824,2009-09-08,2023-12-16,2,22,42,70,35,26,59,113,142,251,245,91,27,53,111,0,0
NSL,58,29,29,2009-12-23,2020-04-24,2,2,0,0,0,0,0,0,0,22,2,30,0,0,0,0,0
NSM,2030,1015,1015,2009-08-12,2018-08-16,20,162,254,422,458,146,266,120,94,88,0,0,0,0,0,0,0
NSP,2034,738,1296,2011-07-07,2023-12-05,0,0,27,140,89,89,173,185,179,417,420,133,29,72,81,0,0
NSPH,452,226,226,2010-01-08,2016-06-20,0,6,56,96,58,62,102,72,0,0,0,0,0,0,0,0,0
NSPR,944,445,499,2012-04-06,2023-11-27,0,0,0,2,10,32,78,124,61,300,277,48,5,0,7,0,0
NSR,888,444,444,2009-08-07,2019-11-06,24,18,96,126,114,90,198,168,50,2,2,0,0,0,0,0,0
NSS,14,7,7,2018-12-03,2019-11-04,0,0,0,0,0,0,0,0,0,6,8,0,0,0,0,0,0
NSSC,664,231,433,2010-09-28,2023-12-16,0,6,6,16,6,8,110,29,34,75,186,57,21,42,68,0,0
NSTG,943,405,538,2013-05-20,2023-11-20,0,0,0,0,39,54,67,83,124,177,243,74,18,32,32,0,0
NTAP,8039,3253,4786,2009-07-27,2023-12-15,46,384,680,1081,616,443,804,713,660,1148,775,259,94,162,174,0,0
NTB,282,0,282,2016-08-04,2023-12-16,0,0,0,0,0,0,0,5,51,49,17,28,22,46,64,0,0
NTCO,46,0,46,2020-05-11,2023-11-14,0,0,0,0,0,0,0,0,0,0,0,4,7,17,18,0,0
NTCT,231,0,231,2010-08-19,2023-12-03,0,2,0,1,9,23,21,18,17,27,14,10,23,29,37,0,0
NTES,6236,2347,3889,2009-08-17,2023-12-16,20,144,230,376,279,288,705,1081,860,616,722,346,148,146,275,0,0
NTG,610,290,320,2010-08-16,2023-05-11,0,6,4,9,3,7,65,92,54,220,96,47,5,1,1,0,0
NTGR,1812,697,1115,2010-01-08,2023-12-12,0,57,83,106,117,57,155,213,159,299,346,89,27,62,42,0,0
NTI,630,315,315,2012-07-26,2019-08-29,0,0,0,66,162,38,262,98,0,0,4,0,0,0,0,0,0
NTIC,731,299,432,2010-07-20,2023-11-22,0,4,33,21,144,169,26,37,66,93,74,28,11,15,10,0,0
NTIP,323,148,175,2014-11-14,2023-09-17,0,0,0,0,0,4,53,52,56,80,40,31,3,2,2,0,0
NTK,270,135,135,2011-12-20,2019-07-24,0,0,4,10,32,62,68,92,0,0,2,0,0,0,0,0,0
NTL,46,23,23,2010-07-09,2018-02-14,0,4,0,0,0,8,4,2,26,2,0,0,0,0,0,0,0
NTLA,495,0,495,2016-04-27,2023-12-15,0,0,0,0,0,0,0,8,15,53,25,34,136,92,132,0,0
NTLS,380,190,190,2010-02-26,2017-03-12,0,12,34,58,68,56,136,14,2,0,0,0,0,0,0,0,0
NTN,344,172,172,2010-11-11,2020-05-27,0,2,12,18,12,26,20,38,34,90,66,26,0,0,0,0,0
NTP,254,127,127,2014-08-22,2020-06-03,0,0,0,0,0,4,54,46,42,46,36,26,0,0,0,0,0
NTR,815,0,815,2018-01-12,2023-12-16,0,0,0,0,0,0,0,0,0,60,35,50,88,434,148,0,0
NTRA,209,0,209,2015-07-01,2023-12-14,0,0,0,0,0,0,5,5,8,18,20,17,36,39,61,0,0
NTRS,3358,1245,2113,2009-09-16,2023-12-14,8,169,238,253,197,152,348,212,288,565,449,218,49,97,115,0,0
NTRSP,34,17,17,2018-06-16,2019-10-23,0,0,0,0,0,0,0,0,0,26,8,0,0,0,0,0,0
NTSX,24,0,24,2018-11-02,2023-09-25,0,0,0,0,0,0,0,0,0,3,6,1,6,5,3,0,0
NTT,628,314,314,2010-01-26,2019-10-13,0,42,24,48,82,98,174,130,18,8,4,0,0,0,0,0,0
NTWK,706,308,398,2009-07-27,2023-07-13,2,8,34,66,96,37,97,85,50,87,98,32,8,2,4,0,0
NTX,86,43,43,2018-03-22,2020-01-10,0,0,0,0,0,0,0,0,0,34,50,2,0,0,0,0,0
NTZ,100,0,100,2010-06-04,2022-11-28,0,1,2,0,2,3,1,13,17,25,8,14,10,4,0,0,0
NU,616,308,308,2009-12-22,2016-11-29,2,56,82,174,134,90,68,10,0,0,0,0,0,0,0,0,0
NUAN,2784,1392,1392,2009-08-07,2020-06-02,8,98,250,464,360,260,304,184,228,222,280,126,0,0,0,0,0
NUDM,17,0,17,2017-06-07,2023-10-31,0,0,0,0,0,0,0,0,1,1,0,1,5,4,5,0,0
NUE,2265,0,2265,2009-12-02,2023-12-16,1,17,13,59,29,90,129,183,227,230,120,121,265,352,429,0,0
NUGT,479,0,479,2011-09-19,2023-12-06,0,0,2,5,23,11,55,128,164,18,21,16,10,7,19,0,0
NULG,31,0,31,2018-05-22,2023-12-11,0,0,0,0,0,0,0,0,0,6,1,3,5,4,12,0,0
NULV,53,0,53,2016-12-14,2023-12-04,0,0,0,0,0,0,0,1,1,13,1,2,5,12,18,0,0
NUMG,27,0,27,2018-05-30,2023-11-07,0,0,0,0,0,0,0,0,0,7,2,4,4,4,6,0,0
NUMV,47,0,47,2018-03-27,2023-12-06,0,0,0,0,0,0,0,0,0,19,10,2,4,5,7,0,0
NUO,56,28,28,2010-03-29,2020-03-19,0,2,0,0,0,0,0,2,0,22,26,4,0,0,0,0,0
NURO,980,490,490,2009-11-05,2020-06-10,2,8,32,26,58,112,108,124,50,200,118,142,0,0,0,0,0
NUS,735,0,735,2010-03-01,2023-12-12,0,3,3,14,64,79,50,102,92,55,49,35,43,77,69,0,0
NUSC,42,0,42,2018-05-02,2023-10-20,0,0,0,0,0,0,0,0,0,14,7,2,5,4,10,0,0
NUSI,84,0,84,2020-03-24,2023-09-11,0,0,0,0,0,0,0,0,0,0,0,53,19,7,5,0,0
NUTR,168,84,84,2010-11-23,2017-07-27,0,2,10,18,14,14,34,36,40,0,0,0,0,0,0,0,0
NUV,121,22,99,2011-06-08,2023-06-05,0,0,2,0,4,3,15,12,11,12,25,20,13,1,3,0,0
NUVA,2752,1376,1376,2009-11-25,2020-06-05,10,106,166,192,306,180,540,170,144,274,522,142,0,0,0,0,0
NUW,110,25,85,2010-02-08,2023-06-05,0,1,0,2,2,4,10,10,0,34,25,8,12,0,2,0,0
NVAX,6553,1622,4931,2009-09-01,2023-12-16,26,36,68,79,135,268,465,463,235,472,521,1712,1093,693,287,0,0
NVCN,1024,512,512,2014-10-09,2020-06-03,0,0,0,0,0,4,40,182,64,256,326,152,0,0,0,0,0
NVDA,15008,3146,11862,2011-03-03,2023-12-16,0,0,452,366,288,236,360,674,1230,1052,1016,618,711,2368,5637,0,0
NVDQ,216,108,108,2012-03-01,2017-09-11,0,0,0,34,36,20,34,34,58,0,0,0,0,0,0,0,0
NVEC,477,177,300,2010-01-05,2023-10-26,0,9,8,20,13,90,78,46,49,57,61,8,22,10,6,0,0
NVEE,1515,577,938,2013-10-07,2023-12-11,0,0,0,0,5,66,235,112,197,363,318,116,27,42,34,0,0
NVFY,574,287,287,2014-04-14,2020-05-12,0,0,0,0,0,16,38,118,188,124,68,22,0,0,0,0,0
NVG,784,343,441,2012-12-10,2023-11-01,0,0,0,1,4,3,51,165,100,229,193,16,17,2,3,0,0
NVGN,476,238,238,2009-09-29,2017-11-12,2,4,10,10,38,48,278,58,28,0,0,0,0,0,0,0,0
NVGS,659,259,400,2013-11-06,2023-11-06,0,0,0,0,10,101,65,93,77,83,123,40,11,26,30,0,0
NVIV,41,0,41,2012-07-05,2023-07-02,0,0,0,1,0,1,4,5,3,4,2,1,10,1,9,0,0
NVMI,884,330,554,2009-10-13,2023-12-14,12,24,48,31,24,31,78,52,145,132,120,58,19,57,53,0,0
NVO,4498,1326,3172,2009-07-27,2023-12-16,12,67,45,104,236,140,255,318,421,857,886,262,67,144,684,0,0
NVR,3543,1258,2285,2009-10-21,2023-12-15,6,84,56,224,331,327,257,159,519,464,543,183,60,140,190,0,0
NVRO,1462,595,867,2014-10-27,2023-12-07,0,0,0,0,0,19,142,160,84,348,345,221,31,48,64,0,0
NVS,7948,2145,5803,2009-08-13,2023-12-14,35,322,226,290,481,528,640,662,950,1013,1357,660,137,249,398,0,0
NVSL,32,16,16,2011-05-13,2015-10-28,0,0,8,8,2,2,12,0,0,0,0,0,0,0,0,0,0
NVST,143,0,143,2019-09-25,2023-12-11,0,0,0,0,0,0,0,0,0,0,4,23,32,40,44,0,0
NVT,260,0,260,2018-05-01,2023-12-13,0,0,0,0,0,0,0,0,0,12,26,26,40,60,96,0,0
NVTA,426,0,426,2015-01-09,2023-12-12,0,0,0,0,0,0,13,15,17,28,59,58,87,89,60,0,0
NVX,24,12,12,2015-07-03,2016-10-07,0,0,0,0,0,0,8,16,0,0,0,0,0,0,0,0,0
NWBI,694,242,452,2010-05-28,2023-12-13,0,12,28,25,27,35,62,74,50,106,117,49,28,40,41,0,0
NWBO,348,174,174,2011-03-16,2020-03-24,0,0,4,4,26,64,118,70,30,24,6,2,0,0,0,0,0
NWE,1151,439,712,2009-08-26,2023-12-11,2,16,46,51,76,60,114,128,86,162,173,117,29,35,56,0,0
NWFL,288,144,144,2010-12-15,2020-06-10,0,2,12,6,8,6,36,56,30,44,62,26,0,0,0,0,0
NWHM,386,193,193,2014-01-31,2020-05-29,0,0,0,0,0,50,64,72,26,68,90,16,0,0,0,0,0
NWL,4790,1813,2977,2010-01-08,2023-12-14,0,145,246,244,202,280,418,486,522,1010,709,227,70,89,142,0,0
NWLI,279,115,164,2009-12-09,2023-12-12,2,2,4,13,3,13,37,36,34,45,36,25,6,7,16,0,0
NWN,824,412,412,2010-01-04,2020-05-27,0,20,12,32,22,22,22,188,68,158,196,84,0,0,0,0,0
NWPX,805,336,469,2009-09-22,2023-11-22,2,6,11,59,91,37,64,63,28,105,223,67,13,21,15,0,0
NWS,2756,1123,1633,2009-08-17,2023-11-13,39,231,570,537,354,115,239,146,112,141,100,74,40,23,35,0,0
NWSA,6212,2496,3716,2009-08-07,2023-12-13,48,357,1118,1303,883,397,487,274,233,255,283,161,126,119,168,0,0
NWY,582,291,291,2009-11-19,2018-11-29,4,26,84,54,40,36,58,80,60,140,0,0,0,0,0,0,0
NX,327,0,327,2010-12-02,2023-12-14,0,1,1,3,14,42,91,13,15,18,9,8,21,73,18,0,0
NXC,28,0,28,2013-01-09,2023-06-05,0,0,0,0,3,4,10,9,0,0,0,0,0,0,2,0,0
NXE,88,0,88,2012-12-10,2023-12-16,0,0,0,1,3,0,0,0,7,7,1,4,23,18,24,0,0
NXJ,257,99,158,2012-12-10,2023-09-08,0,0,0,1,2,6,14,29,14,98,56,23,11,0,3,0,0
NXN,113,42,71,2012-10-26,2023-08-05,0,0,0,3,2,6,10,21,14,28,26,0,0,0,3,0,0
NXP,796,398,398,2011-02-09,2020-05-29,0,0,8,2,2,6,52,132,80,200,222,92,0,0,0,0,0
NXPI,2228,1114,1114,2010-10-27,2020-06-08,0,22,186,104,92,148,238,294,182,422,336,204,0,0,0,0,0
NXQ,118,59,59,2018-09-20,2020-03-12,0,0,0,0,0,0,0,0,0,10,102,6,0,0,0,0,0
NXR,110,55,55,2012-01-19,2020-03-19,0,0,0,2,0,0,0,0,0,4,100,4,0,0,0,0,0
NXRT,137,0,137,2015-04-16,2023-12-05,0,0,0,0,0,0,3,9,11,12,12,8,13,40,29,0,0
NXST,2369,873,1496,2010-01-22,2023-12-13,0,12,40,42,152,99,327,279,281,294,420,139,47,104,133,0,0
NXTC,32,0,32,2019-10-02,2023-12-14,0,0,0,0,0,0,0,0,0,0,11,7,4,3,7,0,0
NXTD,360,180,180,2013-10-09,2020-06-10,0,0,0,0,2,72,26,24,84,92,54,6,0,0,0,0,0
NXTDW,6,3,3,2014-11-05,2014-11-19,0,0,0,0,0,6,0,0,0,0,0,0,0,0,0,0,0
NXTG,26,0,26,2019-06-20,2023-11-06,0,0,0,0,0,0,0,0,0,0,4,6,3,6,7,0,0
NXTM,610,305,305,2010-02-25,2019-02-25,0,32,54,78,48,44,84,80,106,60,24,0,0,0,0,0,0
NXZ,76,38,38,2015-05-23,2016-05-08,0,0,0,0,0,0,40,36,0,0,0,0,0,0,0,0,0
NYCB,1992,485,1507,2012-11-15,2023-12-14,0,0,0,12,150,96,241,188,186,308,290,131,74,99,217,0,0
NYCC,4,2,2,2014-01-16,2015-06-07,0,0,0,0,0,2,2,0,0,0,0,0,0,0,0,0,0
NYF,54,27,27,2011-05-27,2020-05-21,0,0,6,2,0,0,4,6,10,12,10,4,0,0,0,0,0
NYH,94,47,47,2015-06-11,2018-12-15,0,0,0,0,0,0,6,22,16,50,0,0,0,0,0,0,0
NYLD,670,335,335,2013-07-08,2018-09-05,0,0,0,0,60,156,118,98,76,162,0,0,0,0,0,0,0
NYMT,2024,915,1109,2010-10-04,2023-12-06,0,16,26,58,41,75,253,465,146,277,363,227,21,29,27,0,0
NYMTN,5208,0,5208,2023-12-06,2023-12-16,0,0,0,0,0,0,0,0,0,0,0,0,0,0,5208,0,0
NYMTP,44,22,22,2017-02-14,2019-12-10,0,0,0,0,0,0,0,0,2,14,28,0,0,0,0,0,0
NYMX,626,313,313,2009-08-26,2020-04-27,2,14,24,26,16,50,98,140,78,106,38,34,0,0,0,0,0
NYNY,378,189,189,2010-03-08,2019-11-18,0,18,20,10,10,50,46,42,12,96,74,0,0,0,0,0,0
NYRT,492,246,246,2014-04-15,2019-08-31,0,0,0,0,0,48,124,148,94,68,10,0,0,0,0,0,0
NYT,3172,1586,1586,2010-02-03,2020-06-05,0,176,406,428,430,216,336,188,276,308,298,110,0,0,0,0,0
NYV,76,38,38,2018-05-23,2020-03-19,0,0,0,0,0,0,0,0,0,28,46,2,0,0,0,0,0
NZF,740,323,417,2010-12-21,2023-08-29,0,2,2,1,3,4,54,166,91,206,159,15,13,8,16,0,0
NZH,14,7,7,2015-01-20,2016-10-07,0,0,0,0,0,0,8,6,0,0,0,0,0,0,0,0,0
O,3723,779,2944,2015-08-26,2023-12-15,0,0,0,0,0,0,42,170,197,211,1408,416,225,440,614,0,0
OAK,962,481,481,2012-04-13,2019-12-12,0,0,0,44,26,38,114,132,104,228,276,0,0,0,0,0,0
OAKS,462,231,231,2013-03-22,2018-05-18,0,0,0,0,18,26,108,168,68,74,0,0,0,0,0,0,0
OAS,2656,1328,1328,2010-10-08,2020-06-11,0,4,34,62,166,142,452,530,276,356,408,226,0,0,0,0,0
OB,324,162,162,2009-06-09,2017-09-25,6,28,38,42,24,76,50,30,30,0,0,0,0,0,0,0,0
OBCI,288,144,144,2010-04-21,2020-05-27,0,4,10,12,12,24,28,46,20,38,26,68,0,0,0,0,0
OBLG,21,0,21,2020-07-22,2023-05-19,0,0,0,0,0,0,0,0,0,0,0,7,4,7,3,0,0
OBOR,14,0,14,2019-12-10,2022-08-09,0,0,0,0,0,0,0,0,0,0,1,0,10,3,0,0,0
OC,3435,1200,2235,2009-08-07,2023-12-16,6,133,121,224,216,157,325,242,532,413,424,184,51,155,252,0,0
OCC,278,139,139,2011-09-12,2020-03-19,0,0,2,20,4,10,38,44,28,70,56,6,0,0,0,0,0
OCCI,21,0,21,2018-10-11,2023-12-11,0,0,0,0,0,0,0,0,0,4,5,3,5,0,4,0,0
OCFC,710,259,451,2009-12-17,2023-10-24,2,8,8,30,21,30,30,81,48,100,160,81,22,45,44,0,0
OCFCP,8832,0,8832,2023-11-29,2023-12-16,0,0,0,0,0,0,0,0,0,0,0,0,0,0,8832,0,0
OCFT,82,0,82,2019-12-09,2023-08-04,0,0,0,0,0,0,0,0,0,0,6,28,27,10,11,0,0
OCGN,646,0,646,2014-11-14,2023-11-09,0,0,0,0,0,2,3,1,10,9,19,60,398,117,27,0,0
OCIO,3,0,3,2021-01-26,2023-04-04,0,0,0,0,0,0,0,0,0,0,0,0,1,1,1,0,0
OCIP,216,108,108,2013-09-23,2018-07-22,0,0,0,0,18,24,50,44,32,48,0,0,0,0,0,0,0
OCIR,130,65,65,2013-09-03,2015-11-05,0,0,0,0,12,8,110,0,0,0,0,0,0,0,0,0,0
OCLR,1800,900,900,2010-03-11,2019-11-24,0,42,142,128,64,44,156,342,490,382,10,0,0,0,0,0,0
OCLS,450,225,225,2009-05-30,2017-07-13,6,6,22,36,68,50,160,100,2,0,0,0,0,0,0,0,0
OCN,3373,1515,1858,2009-10-14,2023-12-14,3,26,112,340,453,454,731,323,391,266,151,86,10,16,11,0,0
OCR,904,452,452,2009-09-22,2018-04-24,2,120,140,202,120,106,210,2,0,2,0,0,0,0,0,0,0
OCRX,192,96,96,2013-07-20,2018-01-09,0,0,0,0,8,24,36,38,84,2,0,0,0,0,0,0,0
OCSL,122,0,122,2017-11-28,2023-11-21,0,0,0,0,0,0,0,0,3,10,10,15,15,50,19,0,0
OCUL,1422,633,789,2014-06-20,2023-12-16,0,0,0,0,0,50,170,241,249,189,343,115,24,15,26,0,0
OCX,84,0,84,2016-04-04,2023-08-28,0,0,0,0,0,0,0,7,1,10,8,6,17,21,14,0,0
ODC,503,207,296,2009-12-14,2023-10-13,1,13,6,37,25,23,44,62,42,92,98,20,19,11,10,0,0
ODFL,784,0,784,2011-08-19,2023-12-12,0,0,2,7,10,21,17,17,40,113,54,41,64,169,229,0,0
ODP,5317,2196,3121,2009-08-13,2023-11-13,14,259,404,479,545,582,774,699,410,379,500,161,47,29,35,0,0
OEC,861,315,546,2014-07-14,2023-12-15,0,0,0,0,0,39,168,55,147,153,147,59,21,33,39,0,0
OEF,298,38,260,2009-07-31,2023-12-11,1,4,2,8,9,27,32,29,28,21,35,46,10,16,30,0,0
OESX,818,374,444,2010-12-13,2023-11-27,0,2,29,40,37,39,66,84,58,84,211,130,16,9,13,0,0
OEUR,27,0,27,2015-08-25,2023-12-16,0,0,0,0,0,0,1,2,2,2,2,1,2,4,11,0,0
OFC,1020,510,510,2010-01-08,2020-06-11,0,40,76,86,92,34,146,112,84,126,144,80,0,0,0,0,0
OFED,112,38,74,2013-02-01,2023-04-29,0,0,0,0,2,6,9,20,15,24,14,11,6,3,2,0,0
OFG,1103,359,744,2010-01-27,2023-12-14,0,33,33,85,34,69,119,117,57,181,183,37,26,60,69,0,0
OFIX,1025,400,625,2010-01-22,2023-12-11,0,26,63,61,50,37,72,107,130,151,135,102,9,49,33,0,0
OFLX,322,125,197,2010-10-20,2023-12-14,0,2,2,21,15,10,37,22,26,58,60,27,17,14,11,0,0
OFS,410,205,205,2010-10-22,2020-05-08,0,2,2,6,10,20,58,54,48,116,86,8,0,0,0,0,0
OGCP,9,3,6,2018-02-02,2023-05-16,0,0,0,0,0,0,0,0,0,4,2,2,0,0,1,0,0
OGE,1802,648,1154,2009-10-29,2023-12-15,2,36,138,179,128,115,144,132,100,276,194,126,49,80,103,0,0
OGEN,576,259,317,2013-08-08,2023-10-05,0,0,0,0,7,23,54,26,19,293,86,42,17,4,5,0,0
OGI,476,0,476,2019-05-23,2023-12-14,0,0,0,0,0,0,0,0,0,0,94,129,173,43,37,0,0
OGIG,29,0,29,2018-06-10,2023-10-10,0,0,0,0,0,0,0,0,0,7,1,2,5,4,10,0,0
OGS,764,382,382,2014-02-04,2020-05-19,0,0,0,0,0,18,62,100,78,200,208,98,0,0,0,0,0
OGXI,548,274,274,2009-12-22,2017-08-01,2,16,32,58,56,108,182,80,14,0,0,0,0,0,0,0,0
OHAI,324,162,162,2014-12-30,2020-02-17,0,0,0,0,0,2,58,62,66,60,74,2,0,0,0,0,0
OHGI,472,236,236,2014-11-12,2019-09-26,0,0,0,0,0,6,166,36,64,158,42,0,0,0,0,0,0
OHI,5315,2323,2992,2009-11-17,2023-12-07,9,19,42,102,155,185,748,1111,689,1021,843,174,48,92,77,0,0
OHRP,638,319,319,2013-06-03,2019-07-16,0,0,0,0,8,82,164,96,76,80,132,0,0,0,0,0,0
OI,2361,888,1473,2009-08-07,2023-12-13,4,86,177,165,101,148,216,244,141,224,334,210,29,94,188,0,0
OIA,56,28,28,2016-11-14,2020-03-19,0,0,0,0,0,0,0,2,0,24,24,6,0,0,0,0,0
OIBR,376,188,188,2012-04-24,2020-04-24,0,0,0,24,26,40,114,144,20,4,2,2,0,0,0,0,0
OIH,3288,1644,1644,2009-10-08,2020-05-04,26,236,284,178,62,60,518,562,278,660,390,34,0,0,0,0,0
OII,616,0,616,2010-01-14,2023-12-06,0,3,5,6,23,37,24,37,31,33,29,40,38,95,215,0,0
OIIM,418,209,209,2010-01-25,2020-05-08,0,10,46,98,22,28,44,36,38,44,40,12,0,0,0,0,0
OILK,22,0,22,2016-09-28,2023-10-24,0,0,0,0,0,0,0,1,2,7,1,0,0,4,7,0,0
OILT,274,137,137,2011-07-13,2015-10-19,0,0,18,54,112,78,12,0,0,0,0,0,0,0,0,0,0
OIS,1232,616,616,2010-01-07,2020-06-11,0,28,76,132,146,80,110,110,72,164,192,122,0,0,0,0,0
OKE,4658,1661,2997,2009-10-29,2023-12-14,2,29,151,211,171,158,439,457,438,719,800,513,100,190,280,0,0
OKS,1510,755,755,2009-10-29,2017-08-14,2,62,162,206,182,142,332,308,114,0,0,0,0,0,0,0,0
OKSB,242,121,121,2010-01-29,2017-10-18,0,8,22,16,24,22,56,64,30,0,0,0,0,0,0,0,0
OKTA,1365,0,1365,2017-03-13,2023-12-16,0,0,0,0,0,0,0,0,28,83,176,177,257,325,319,0,0
OLED,3273,1138,2135,2013-07-29,2023-12-12,0,0,0,0,99,141,334,403,525,655,692,190,72,77,85,0,0
OLEM,102,51,51,2013-09-23,2020-04-28,0,0,0,0,2,0,0,0,0,0,96,4,0,0,0,0,0
OLLI,854,0,854,2015-07-16,2023-12-14,0,0,0,0,0,0,15,83,107,138,100,61,60,115,175,0,0
OLN,2301,822,1479,2009-07-27,2023-12-14,10,21,71,88,176,112,329,244,183,285,312,196,57,111,106,0,0
OLO,142,71,71,2014-10-20,2019-12-14,0,0,0,0,0,2,0,0,0,0,140,0,0,0,0,0,0
OLP,655,274,381,2009-11-17,2023-12-07,1,8,10,32,24,19,49,105,85,122,87,66,15,17,15,0,0
OMAB,720,360,360,2010-08-11,2020-06-05,0,38,22,32,24,10,32,86,96,194,138,48,0,0,0,0,0
OMAM,242,121,121,2014-09-23,2018-03-14,0,0,0,0,0,18,44,68,80,32,0,0,0,0,0,0,0
OMC,2970,1485,1485,2009-08-07,2020-06-11,4,108,182,312,294,258,296,244,178,356,464,274,0,0,0,0,0
OMCL,1288,644,644,2010-01-29,2020-05-15,0,32,88,102,84,118,86,64,94,148,374,98,0,0,0,0,0
OME,702,351,351,2009-08-12,2017-12-16,2,8,38,60,176,36,174,102,106,0,0,0,0,0,0,0,0
OMED,822,411,411,2013-07-18,2019-05-03,0,0,0,0,106,110,102,154,122,196,32,0,0,0,0,0,0
OMER,1996,885,1111,2009-10-08,2023-10-31,2,2,30,100,153,114,198,242,271,484,259,83,29,14,15,0,0
OMEX,523,232,291,2010-12-21,2023-08-16,0,4,33,27,71,114,64,57,14,68,48,13,3,4,3,0,0
OMF,360,0,360,2015-12-18,2023-12-13,0,0,0,0,0,0,1,27,30,33,35,38,50,50,96,0,0
OMFL,83,0,83,2018-01-22,2023-12-12,0,0,0,0,0,0,0,0,0,1,10,16,13,16,27,0,0
OMFS,34,0,34,2018-01-22,2023-12-12,0,0,0,0,0,0,0,0,0,1,3,2,7,6,15,0,0
OMG,368,184,184,2010-01-20,2018-05-17,0,10,54,60,92,22,128,0,0,2,0,0,0,0,0,0,0
OMI,1879,747,1132,2010-03-09,2023-12-15,0,22,58,129,60,162,136,129,161,300,316,219,48,102,37,0,0
OMN,614,307,307,2009-10-13,2020-05-21,8,16,74,52,46,46,52,66,36,86,116,16,0,0,0,0,0
ON,1367,0,1367,2015-04-14,2023-12-15,0,0,0,0,0,0,40,45,145,137,64,69,97,295,475,0,0
ONB,1295,434,861,2010-04-26,2023-12-13,0,18,58,56,69,125,120,147,112,192,156,81,36,56,69,0,0
ONCT,126,0,126,2011-06-07,2023-11-01,0,0,4,2,7,9,8,5,7,11,9,24,11,10,19,0,0
ONCY,859,402,457,2009-11-18,2023-11-09,2,13,50,70,58,83,161,0,0,144,123,134,3,13,5,0,0
ONE,676,338,338,2010-07-27,2020-06-09,0,24,68,80,82,60,68,52,0,110,70,62,0,0,0,0,0
ONEF,102,51,51,2012-08-20,2015-10-20,0,0,0,2,0,0,100,0,0,0,0,0,0,0,0,0,0
ONEK,100,50,50,2017-01-06,2017-11-20,0,0,0,0,0,0,0,0,100,0,0,0,0,0,0,0,0
ONEO,118,0,118,2015-12-23,2023-05-25,0,0,0,0,0,0,1,9,13,38,14,1,8,26,8,0,0
ONEQ,209,51,158,2010-04-06,2023-12-15,0,2,2,6,7,11,12,7,27,44,32,7,5,17,30,0,0
ONEV,114,0,114,2016-01-11,2023-11-09,0,0,0,0,0,0,0,6,18,22,12,3,5,27,21,0,0
ONEW,137,0,137,2019-10-25,2023-11-16,0,0,0,0,0,0,0,0,0,0,1,15,16,70,35,0,0
ONEY,127,0,127,2016-03-24,2023-11-27,0,0,0,0,0,0,0,1,13,40,17,4,5,24,23,0,0
ONFC,78,39,39,2010-06-25,2015-12-07,0,8,12,18,4,8,28,0,0,0,0,0,0,0,0,0,0
ONG,100,50,50,2018-03-13,2019-01-10,0,0,0,0,0,0,0,0,0,96,4,0,0,0,0,0,0
ONNN,1168,584,584,2009-10-06,2015-04-22,8,114,224,244,160,314,104,0,0,0,0,0,0,0,0,0,0
ONP,362,181,181,2010-03-09,2018-08-01,0,80,62,10,16,30,46,42,28,48,0,0,0,0,0,0,0
ONTO,175,0,175,2020-01-15,2023-12-12,0,0,0,0,0,0,0,0,0,0,0,7,16,72,80,0,0
ONTX,1146,526,620,2013-07-11,2023-10-31,0,0,0,0,46,74,144,59,88,225,355,124,10,13,8,0,0
ONTY,738,369,369,2009-12-10,2016-06-08,2,24,136,164,88,86,204,34,0,0,0,0,0,0,0,0,0
ONVI,110,55,55,2010-07-27,2018-02-06,0,4,4,12,6,2,32,18,30,2,0,0,0,0,0,0,0
ONVO,1142,571,571,2012-06-20,2020-05-28,0,0,0,4,82,160,244,198,118,134,142,60,0,0,0,0,0
OOMA,126,0,126,2015-07-17,2023-12-08,0,0,0,0,0,0,3,4,6,6,9,7,5,40,46,0,0
OPB,516,258,258,2014-04-16,2020-05-27,0,0,0,0,0,32,54,114,58,92,86,80,0,0,0,0,0
OPCH,355,0,355,2011-09-23,2023-12-11,0,0,1,16,23,24,27,33,23,19,16,12,24,38,99,0,0
OPGN,83,0,83,2015-04-06,2023-10-12,0,0,0,0,0,0,6,1,4,10,17,20,7,8,10,0,0
OPHC,229,113,116,2009-11-24,2022-08-10,2,0,6,18,4,6,14,0,70,66,32,9,1,1,0,0,0
OPHT,856,428,428,2013-09-09,2019-04-16,0,0,0,0,34,76,130,314,106,148,48,0,0,0,0,0,0
OPI,129,0,129,2019-01-23,2023-12-13,0,0,0,0,0,0,0,0,0,0,10,12,28,23,56,0,0
OPINL,6683,0,6683,2023-12-02,2023-12-16,0,0,0,0,0,0,0,0,0,0,0,0,0,0,6683,0,0
OPK,4168,1740,2428,2010-10-14,2023-12-12,0,4,87,190,224,398,642,547,357,697,493,361,49,63,56,0,0
OPOF,191,74,117,2010-12-28,2023-05-19,0,2,2,9,3,9,5,18,34,41,36,19,7,3,3,0,0
OPP,24,0,24,2017-05-22,2021-12-14,0,0,0,0,0,0,0,0,2,8,4,3,7,0,0,0,0
OPRA,131,0,131,2018-08-15,2023-12-13,0,0,0,0,0,0,0,0,0,8,22,14,18,8,61,0,0
OPRT,68,0,68,2019-09-23,2023-12-04,0,0,0,0,0,0,0,0,0,0,3,7,3,25,30,0,0
OPRX,119,0,119,2012-05-17,2023-12-11,0,0,0,3,0,3,3,5,0,4,2,2,40,32,25,0,0
OPTN,54,0,54,2018-08-14,2023-11-30,0,0,0,0,0,0,0,0,0,4,6,19,1,15,9,0,0
OPTT,1248,555,693,2009-09-09,2023-11-28,6,9,44,57,38,81,54,245,128,123,361,76,15,8,3,0,0
OPWR,154,77,77,2014-04-03,2016-06-15,0,0,0,0,0,56,52,46,0,0,0,0,0,0,0,0,0
OPXA,382,191,191,2009-09-23,2017-07-05,4,12,28,28,82,28,88,96,16,0,0,0,0,0,0,0,0
OPY,460,197,263,2009-08-25,2023-12-05,14,38,22,29,23,25,47,44,22,66,42,32,0,32,24,0,0
OR,161,0,161,2016-09-27,2023-09-26,0,0,0,0,0,0,0,5,12,25,18,15,24,19,43,0,0
ORA,406,0,406,2010-08-18,2023-12-14,0,7,8,3,11,25,15,27,45,34,14,35,51,40,91,0,0
ORAN,1576,450,1126,2013-07-18,2023-12-13,0,0,0,0,89,151,353,220,80,164,104,109,105,91,110,0,0
ORB,430,215,215,2009-12-14,2015-07-01,4,30,44,66,68,182,36,0,0,0,0,0,0,0,0,0,0
ORBC,638,319,319,2010-08-12,2020-06-08,0,4,18,24,22,56,54,82,46,88,192,52,0,0,0,0,0
ORBK,596,298,298,2009-12-23,2019-04-23,2,14,36,40,38,36,60,90,112,138,30,0,0,0,0,0,0
ORC,152,0,152,2012-10-22,2023-11-20,0,0,0,1,13,13,13,15,17,22,10,13,20,8,7,0,0
ORCL,10705,2707,7998,2009-11-22,2023-12-16,5,85,807,900,938,927,906,1189,977,854,674,687,452,488,816,0,0
OREX,2178,1089,1089,2009-08-13,2019-09-24,4,196,186,314,140,210,662,274,126,64,2,0,0,0,0,0,0
ORGO,105,0,105,2019-11-22,2023-12-15,0,0,0,0,0,0,0,0,0,0,3,19,37,25,21,0,0
ORGS,7,0,7,2020-09-29,2023-11-08,0,0,0,0,0,0,0,0,0,0,0,1,1,2,3,0,0
ORI,1754,877,877,2009-12-22,2020-06-11,2,54,80,100,92,144,374,210,154,260,206,78,0,0,0,0,0
ORIC,69,0,69,2020-04-28,2023-12-05,0,0,0,0,0,0,0,0,0,0,0,6,4,44,15,0,0
ORIG,1810,905,905,2011-10-06,2019-04-02,0,0,10,72,106,148,464,504,178,326,2,0,0,0,0,0,0
ORIT,408,204,204,2010-06-15,2020-01-08,0,10,26,44,18,22,42,34,30,52,128,2,0,0,0,0,0
ORLY,5513,2021,3492,2009-09-02,2023-12-16,8,73,225,505,329,431,851,543,544,649,619,263,73,162,238,0,0
ORM,234,117,117,2013-09-12,2019-05-01,0,0,0,0,2,4,20,32,26,108,42,0,0,0,0,0,0
ORMP,42,0,42,2018-07-03,2023-11-27,0,0,0,0,0,0,0,0,0,1,4,6,12,7,12,0,0
ORN,988,494,494,2010-01-29,2020-05-19,0,14,34,48,172,82,80,70,18,128,304,38,0,0,0,0,0
ORPN,438,219,219,2014-04-08,2019-03-13,0,0,0,0,0,32,98,80,68,120,40,0,0,0,0,0,0
ORRF,272,136,136,2010-09-27,2020-06-01,0,4,8,14,12,10,28,32,16,70,64,14,0,0,0,0,0
ORTX,64,0,64,2018-10-26,2023-12-11,0,0,0,0,0,0,0,0,0,1,7,14,14,6,22,0,0
OSBC,382,191,191,2010-09-20,2020-05-15,0,4,2,14,42,26,28,32,52,92,60,30,0,0,0,0,0
OSCV,1,0,1,2019-09-20,2019-09-20,0,0,0,0,0,0,0,0,0,0,1,0,0,0,0,0,0
OSG,93,0,93,2010-02-11,2023-12-06,0,2,16,12,0,0,0,3,3,0,4,10,15,8,20,0,0
OSGB,64,32,32,2014-12-26,2016-11-28,0,0,0,0,0,4,30,30,0,0,0,0,0,0,0,0,0
OSHC,152,76,76,2010-10-20,2017-02-07,0,4,6,6,14,6,36,74,6,0,0,0,0,0,0,0,0
OSIR,862,431,431,2010-02-24,2019-07-09,0,24,26,144,198,76,142,104,38,66,44,0,0,0,0,0,0
OSIS,1778,750,1028,2009-12-28,2023-12-15,22,87,143,163,123,74,107,187,150,193,329,67,29,28,76,0,0
OSK,2556,1278,1278,2009-08-13,2020-05-26,8,74,188,324,212,124,210,204,154,500,450,108,0,0,0,0,0
OSM,2,1,1,2011-11-01,2011-11-01,0,0,2,0,0,0,0,0,0,0,0,0,0,0,0,0,0
OSMS,44,22,22,2014-05-09,2016-06-02,0,0,0,0,0,2,26,16,0,0,0,0,0,0,0,0,0
OSN,490,245,245,2011-04-01,2020-04-20,0,0,14,10,12,38,44,42,20,178,126,6,0,0,0,0,0
OSPN,68,0,68,2018-07-12,2023-10-26,0,0,0,0,0,0,0,0,0,4,9,14,20,7,14,0,0
OSS,56,0,56,2018-08-30,2023-11-08,0,0,0,0,0,0,0,0,0,3,3,5,10,28,7,0,0
OSTK,4024,2012,2012,2009-10-19,2020-06-10,4,114,140,152,178,186,198,124,506,1232,1000,190,0,0,0,0,0
OSUR,1756,689,1067,2009-11-17,2023-12-15,4,14,14,169,53,267,253,215,235,154,153,176,16,12,21,0,0
OSW,236,0,236,2019-08-07,2023-12-03,0,0,0,0,0,0,0,0,0,0,3,8,6,18,201,0,0
OTEL,310,155,155,2013-06-21,2020-05-04,0,0,0,0,18,20,26,50,24,66,78,28,0,0,0,0,0
OTEX,1845,744,1101,2009-11-06,2023-11-30,2,40,116,144,125,158,247,196,135,244,232,84,36,48,38,0,0
OTIC,690,345,345,2014-08-11,2020-05-12,0,0,0,0,0,28,158,76,126,144,116,42,0,0,0,0,0
OTIS,287,0,287,2020-04-03,2023-12-15,0,0,0,0,0,0,0,0,0,0,0,19,49,85,134,0,0
OTIV,694,347,347,2009-11-06,2019-11-11,2,6,34,32,34,70,118,118,100,94,86,0,0,0,0,0,0
OTLK,57,0,57,2019-04-10,2023-11-27,0,0,0,0,0,0,0,0,0,0,15,2,17,7,16,0,0
OTTR,776,388,388,2010-04-05,2020-04-28,0,4,34,38,108,86,88,60,44,152,136,26,0,0,0,0,0
OTTW,4,0,4,2017-02-23,2017-11-27,0,0,0,0,0,0,0,0,4,0,0,0,0,0,0,0,0
OUNZ,57,0,57,2014-05-22,2023-12-11,0,0,0,0,0,1,1,13,2,2,2,9,6,8,13,0,0
OUSA,76,0,76,2015-08-25,2023-11-14,0,0,0,0,0,0,1,31,9,3,3,1,0,13,15,0,0
OUSM,48,0,48,2018-02-20,2023-12-13,0,0,0,0,0,0,0,0,0,8,10,1,0,2,27,0,0
OUT,443,0,443,2014-11-28,2023-12-14,0,0,0,0,0,2,13,33,44,117,31,21,28,94,60,0,0
OUTR,724,362,362,2013-07-02,2017-02-10,0,0,0,0,90,150,284,194,6,0,0,0,0,0,0,0,0
OVB,3,0,3,2021-01-21,2023-07-05,0,0,0,0,0,0,0,0,0,0,0,0,1,1,1,0,0
OVBC,244,102,142,2010-12-20,2023-04-19,0,2,6,13,9,5,48,52,17,36,31,12,6,6,1,0,0
OVF,6,0,6,2020-07-16,2023-07-05,0,0,0,0,0,0,0,0,0,0,0,3,1,1,1,0,0
OVID,71,0,71,2017-04-25,2023-12-13,0,0,0,0,0,0,0,0,2,2,12,27,14,1,13,0,0
OVL,4,0,4,2019-11-04,2023-07-05,0,0,0,0,0,0,0,0,0,0,1,0,1,0,2,0,0
OVLY,200,79,121,2009-07-27,2023-11-27,2,0,2,2,2,9,38,26,18,39,21,17,9,8,7,0,0
OVM,3,0,3,2021-01-21,2021-04-05,0,0,0,0,0,0,0,0,0,0,0,0,3,0,0,0,0
OVS,21,0,21,2019-11-08,2023-09-20,0,0,0,0,0,0,0,0,0,0,1,3,7,5,5,0,0
OVTI,1524,762,762,2009-08-25,2019-10-13,12,158,388,262,234,274,180,14,0,0,2,0,0,0,0,0,0
OVV,363,0,363,2020-02-25,2023-12-13,0,0,0,0,0,0,0,0,0,0,0,35,51,151,126,0,0
OWW,1392,696,696,2009-08-25,2016-10-14,6,74,206,248,188,296,368,6,0,0,0,0,0,0,0,0,0
OXBR,304,129,175,2014-08-05,2022-10-21,0,0,0,0,0,3,33,31,32,96,74,21,11,3,0,0,0
OXBRW,5,0,5,2020-08-11,2020-11-03,0,0,0,0,0,0,0,0,0,0,0,5,0,0,0,0,0
OXFD,446,223,223,2013-11-22,2020-06-05,0,0,0,0,6,12,34,46,62,92,144,50,0,0,0,0,0
OXLC,1139,538,601,2011-01-20,2023-06-30,0,0,12,11,10,44,122,113,92,281,346,92,6,9,1,0,0
OXLCM,6200,0,6200,2023-12-01,2023-12-16,0,0,0,0,0,0,0,0,0,0,0,0,0,0,6200,0,0
OXLCO,70,28,42,2014-11-20,2023-11-01,0,0,0,0,0,2,18,10,10,26,1,0,0,0,3,0,0
OXLCP,2,1,1,2014-11-20,2014-11-20,0,0,0,0,0,2,0,0,0,0,0,0,0,0,0,0,0
OXM,1420,710,710,2009-12-08,2020-06-10,4,38,68,110,76,68,244,168,140,212,226,66,0,0,0,0,0
OXSQ,42,0,42,2018-04-05,2023-06-09,0,0,0,0,0,0,0,0,0,16,2,7,11,1,5,0,0
OXSQL,4443,0,4443,2023-12-08,2023-12-16,0,0,0,0,0,0,0,0,0,0,0,0,0,0,4443,0,0
OXSQZ,6238,0,6238,2023-12-01,2023-12-16,0,0,0,0,0,0,0,0,0,0,0,0,0,0,6238,0,0
OXY,11506,3815,7691,2009-07-27,2023-12-16,5,259,296,499,402,566,899,884,609,1176,2193,1562,362,962,832,0,0
OZK,414,0,414,2018-07-19,2023-12-14,0,0,0,0,0,0,0,0,0,29,55,33,26,112,159,0,0
OZM,852,426,426,2009-10-14,2019-09-03,2,40,82,70,20,48,96,154,78,182,80,0,0,0,0,0,0
OZRK,1578,789,789,2010-01-14,2018-07-17,0,60,110,156,102,138,326,294,184,208,0,0,0,0,0,0,0
P,4488,2244,2244,2012-09-07,2019-11-22,0,0,0,178,696,680,902,862,760,382,28,0,0,0,0,0,0
PAA,5157,2035,3122,2009-11-10,2023-12-07,6,92,263,526,347,200,655,586,466,616,728,349,69,127,127,0,0
PAAS,2855,1158,1697,2009-08-10,2023-12-14,2,127,172,187,132,112,219,319,201,290,509,374,48,59,104,0,0
PACB,2003,712,1291,2010-11-01,2023-12-16,0,10,101,88,46,78,208,213,109,332,348,177,91,97,105,0,0
PACD,1294,647,647,2011-11-07,2020-06-10,0,0,8,78,82,82,306,274,94,48,228,94,0,0,0,0,0
PACK,49,0,49,2020-03-05,2023-08-31,0,0,0,0,0,0,0,0,0,0,0,4,13,24,8,0,0
PACW,946,473,473,2010-03-05,2020-06-10,0,20,34,92,44,42,116,82,98,154,168,96,0,0,0,0,0
PAF,40,20,20,2010-08-16,2018-12-14,0,2,2,6,0,0,6,4,2,18,0,0,0,0,0,0,0
PAG,2941,1023,1918,2009-08-07,2023-12-16,4,38,108,331,201,227,283,342,212,349,343,141,50,172,140,0,0
PAGG,64,32,32,2011-09-16,2019-02-15,0,0,2,0,0,2,0,0,0,56,4,0,0,0,0,0,0
PAGP,1714,689,1025,2013-10-07,2023-11-21,0,0,0,0,75,58,186,269,241,266,367,127,25,48,52,0,0
PAGS,315,0,315,2017-12-29,2023-11-13,0,0,0,0,0,0,0,0,1,18,32,32,50,60,122,0,0
PAH,692,346,346,2014-01-27,2019-01-28,0,0,0,0,0,58,112,112,130,244,36,0,0,0,0,0,0
PAHC,956,369,587,2014-03-10,2023-12-08,0,0,0,0,0,77,198,113,96,162,168,64,15,33,30,0,0
PAI,110,55,55,2018-05-03,2020-03-19,0,0,0,0,0,0,0,0,0,38,70,2,0,0,0,0,0
PAK,20,0,20,2015-05-11,2023-10-17,0,0,0,0,0,0,1,4,7,2,0,1,1,3,1,0,0
PAL,402,201,201,2009-08-11,2016-08-04,4,130,60,32,62,66,46,2,0,0,0,0,0,0,0,0,0
PALC,5,0,5,2021-06-21,2023-08-19,0,0,0,0,0,0,0,0,0,0,0,0,2,2,1,0,0
PALL,2435,1134,1301,2010-02-19,2023-08-22,0,344,473,64,31,18,22,13,30,324,853,235,5,19,4,0,0
PAM,796,299,497,2010-10-20,2023-11-28,0,15,9,20,2,54,40,86,114,139,192,37,4,35,49,0,0
PAMC,4,0,4,2020-08-14,2022-09-14,0,0,0,0,0,0,0,0,0,0,0,1,1,2,0,0,0
PANL,1007,409,598,2010-05-17,2023-12-11,0,8,235,260,74,2,38,33,42,64,81,27,19,98,26,0,0
PANW,9952,3591,6361,2012-07-09,2023-12-16,0,0,0,332,305,736,1538,1362,1077,1150,1304,552,187,473,936,0,0
PAPR,7,0,7,2019-11-14,2023-04-20,0,0,0,0,0,0,0,0,0,0,1,0,2,1,3,0,0
PAR,864,363,501,2009-12-04,2023-12-13,6,248,30,19,12,21,21,61,36,126,131,69,21,30,33,0,0
PARN,78,39,39,2014-05-21,2017-03-21,0,0,0,0,0,14,28,34,2,0,0,0,0,0,0,0,0
PARR,1147,323,824,2013-10-03,2023-12-16,0,0,0,0,1,9,49,92,300,134,164,84,23,79,212,0,0
PASG,28,0,28,2020-02-27,2023-08-09,0,0,0,0,0,0,0,0,0,0,0,7,7,10,4,0,0
PATI,12,0,12,2015-03-17,2023-11-01,0,0,0,0,0,0,1,0,0,0,1,2,4,2,2,0,0
PATK,1350,506,844,2010-06-14,2023-12-15,0,7,12,66,29,22,90,124,196,355,210,83,31,82,43,0,0
PAUG,2,0,2,2020-03-16,2023-08-07,0,0,0,0,0,0,0,0,0,0,0,1,0,0,1,0,0
PAVE,105,0,105,2017-04-27,2023-12-11,0,0,0,0,0,0,0,0,7,3,3,5,22,33,32,0,0
PAVM,28,0,28,2018-01-19,2023-12-16,0,0,0,0,0,0,0,0,0,1,1,2,14,2,8,0,0
PAVMZ,4976,0,4976,2023-12-01,2023-12-16,0,0,0,0,0,0,0,0,0,0,0,0,0,0,4976,0,0
PAWZ,34,0,34,2018-11-19,2023-06-02,0,0,0,0,0,0,0,0,0,2,2,8,14,4,4,0,0
PAY,3024,1512,1512,2009-09-02,2019-12-06,10,136,292,594,418,378,368,410,264,152,2,0,0,0,0,0,0
PAYC,2932,1466,1466,2014-04-11,2020-06-11,0,0,0,0,0,122,500,352,266,688,646,358,0,0,0,0,0
PAYS,7,0,7,2023-06-13,2023-11-23,0,0,0,0,0,0,0,0,0,0,0,0,0,0,7,0,0
PAYX,5361,1809,3552,2009-09-24,2023-12-16,17,146,267,442,423,477,523,499,392,913,533,234,103,202,190,0,0
PB,1056,528,528,2012-01-06,2020-06-11,0,0,0,82,124,80,138,152,52,134,220,74,0,0,0,0,0
PBA,2371,778,1593,2011-01-31,2023-12-16,0,0,6,10,99,233,469,183,156,307,432,229,69,116,62,0,0
PBCP,28,14,14,2012-09-17,2016-12-22,0,0,0,4,2,4,14,4,0,0,0,0,0,0,0,0,0
PBCT,1790,895,895,2009-11-13,2020-06-08,12,92,208,158,64,88,128,212,92,300,326,110,0,0,0,0,0
PBD,194,54,140,2010-04-14,2023-11-28,0,2,0,6,15,13,8,7,9,62,38,2,7,17,8,0,0
PBE,395,48,347,2009-06-18,2023-11-08,1,10,5,11,27,40,50,48,65,32,63,10,8,13,12,0,0
PBF,2727,761,1966,2012-12-03,2023-12-16,0,0,0,4,86,89,264,273,266,359,394,204,89,390,309,0,0
PBFS,7,0,7,2021-08-16,2023-12-01,0,0,0,0,0,0,0,0,0,0,0,0,2,2,3,0,0
PBFX,684,342,342,2014-04-03,2020-05-22,0,0,0,0,0,60,64,88,84,146,146,96,0,0,0,0,0
PBH,1424,561,863,2010-02-05,2023-12-15,0,19,44,153,93,139,125,172,97,183,187,77,23,56,56,0,0
PBHC,204,81,123,2010-09-28,2023-04-04,0,4,4,8,4,10,29,34,14,36,34,10,9,6,2,0,0
PBI,2615,1031,1584,2009-08-07,2023-12-12,9,103,164,307,248,227,243,227,261,260,332,131,40,33,30,0,0
PBIB,178,89,89,2009-11-09,2018-06-18,2,12,8,22,12,12,22,46,22,20,0,0,0,0,0,0,0
PBIP,202,101,101,2010-01-22,2020-05-20,0,6,6,6,10,14,20,38,22,38,30,12,0,0,0,0,0
PBJ,1468,487,981,2009-06-18,2023-12-11,3,35,104,34,66,67,227,284,229,171,155,5,10,49,29,0,0
PBM,126,63,63,2009-08-29,2017-01-04,6,64,24,6,2,6,12,4,2,0,0,0,0,0,0,0,0
PBMD,478,239,239,2012-05-24,2017-11-21,0,0,0,14,20,18,240,104,82,0,0,0,0,0,0,0,0
PBP,121,0,121,2010-05-18,2023-06-09,0,2,4,8,16,4,9,14,8,25,7,3,7,10,4,0,0
PBPB,1189,440,749,2013-09-23,2023-12-11,0,0,0,0,109,77,204,128,145,193,135,84,7,64,43,0,0
PBR,10157,3634,6523,2009-09-03,2023-12-16,10,444,396,657,763,698,1586,1272,682,1551,1003,316,153,318,308,0,0
PBR-A,7693,0,7693,2023-11-30,2023-12-16,0,0,0,0,0,0,0,0,0,0,0,0,0,0,7693,0,0
PBR.A,242,121,121,2010-05-25,2020-05-15,0,2,4,0,12,20,62,36,24,14,56,12,0,0,0,0,0
PBS,386,193,193,2009-08-10,2020-05-28,4,16,20,44,36,32,46,32,26,68,50,12,0,0,0,0,0
PBSK,52,26,26,2013-10-21,2018-12-10,0,0,0,0,2,2,6,0,4,38,0,0,0,0,0,0,0
PBT,492,170,322,2010-03-04,2023-12-13,0,22,5,29,24,16,49,56,29,90,97,27,24,8,16,0,0
PBTP,10,0,10,2018-11-16,2023-09-01,0,0,0,0,0,0,0,0,0,1,0,0,3,3,3,0,0
PBTS,18,0,18,2021-04-12,2023-09-21,0,0,0,0,0,0,0,0,0,0,0,0,11,4,3,0,0
PBUS,90,0,90,2017-09-22,2023-12-04,0,0,0,0,0,0,0,0,1,12,7,7,14,16,33,0,0
PBW,502,251,251,2009-11-29,2020-05-15,4,24,28,28,28,12,34,64,24,116,110,30,0,0,0,0,0
PBY,1324,662,662,2009-12-04,2019-12-10,6,42,126,302,102,160,480,66,0,20,20,0,0,0,0,0,0
PBYI,2085,762,1323,2012-07-19,2023-12-16,0,0,0,22,33,107,270,171,391,490,387,65,9,53,87,0,0
PCAR,1469,0,1469,2010-06-22,2023-12-16,0,2,9,31,19,67,216,59,138,202,79,57,99,156,335,0,0
PCB,102,0,102,2018-08-04,2023-12-16,0,0,0,0,0,0,0,0,0,6,4,4,14,53,21,0,0
PCEF,612,51,561,2010-04-07,2023-10-12,0,4,2,15,88,89,97,83,40,94,77,3,6,6,8,0,0
PCF,186,53,133,2012-11-16,2023-07-11,0,0,0,2,10,10,9,10,12,8,100,12,11,0,2,0,0
PCG,8423,3340,5083,2009-07-27,2023-12-16,8,127,255,286,293,414,592,318,413,1241,3218,640,129,165,324,0,0
PCH,1631,569,1062,2010-01-13,2023-12-14,0,22,45,47,140,89,91,117,270,371,216,73,42,69,39,0,0
PCI,90,45,45,2014-12-22,2020-05-18,0,0,0,0,0,2,0,0,0,20,38,30,0,0,0,0,0
PCK,92,0,92,2010-11-17,2023-10-10,0,1,0,0,10,11,10,11,11,12,5,4,10,0,7,0,0
PCL,896,448,448,2009-09-21,2017-04-30,8,116,132,176,164,78,174,44,4,0,0,0,0,0,0,0,0
PCLN,3340,1670,1670,2011-01-13,2018-04-10,0,0,362,504,504,602,546,442,312,68,0,0,0,0,0,0,0
PCM,215,76,139,2011-03-02,2023-09-08,0,0,3,2,11,17,15,8,4,68,76,8,0,0,3,0,0
PCMI,616,308,308,2013-03-15,2020-05-26,0,0,0,0,24,16,28,62,112,206,166,2,0,0,0,0,0
PCN,178,40,138,2010-05-10,2023-09-07,0,7,2,3,12,14,13,8,7,50,26,19,11,1,5,0,0
PCO,88,44,44,2011-10-06,2018-01-24,0,0,8,26,0,2,28,10,12,2,0,0,0,0,0,0,0
PCOM,310,155,155,2012-04-12,2020-05-14,0,0,0,6,20,22,24,54,26,68,54,36,0,0,0,0,0
PCP,1668,834,834,2009-08-13,2018-05-06,10,78,152,234,268,172,650,94,6,4,0,0,0,0,0,0,0
PCQ,227,75,152,2010-04-16,2023-09-08,0,1,4,1,10,13,11,8,1,9,147,7,11,0,4,0,0
PCRX,2287,928,1359,2011-02-03,2023-11-13,0,0,59,64,103,186,304,261,306,407,323,148,22,51,53,0,0
PCTI,902,390,512,2010-07-26,2023-10-16,0,14,20,42,54,37,64,59,67,110,302,108,14,3,8,0,0
PCTY,1501,532,969,2014-01-30,2023-12-13,0,0,0,0,0,55,140,166,146,246,356,189,33,59,111,0,0
PCVX,57,0,57,2020-06-12,2023-12-07,0,0,0,0,0,0,0,0,0,0,0,1,7,21,28,0,0
PCY,1074,537,537,2009-12-08,2020-05-13,2,36,50,140,68,24,106,172,96,214,144,22,0,0,0,0,0
PCYC,1674,837,837,2010-01-13,2018-04-25,0,46,112,274,322,294,610,12,2,2,0,0,0,0,0,0,0
PCYG,314,157,157,2012-09-25,2020-05-11,0,0,0,4,6,48,36,32,42,76,60,10,0,0,0,0,0
PCYO,471,182,289,2011-11-14,2023-05-27,0,0,2,14,50,113,54,72,39,34,44,31,7,9,2,0,0
PD,245,0,245,2019-06-07,2023-12-13,0,0,0,0,0,0,0,0,0,0,24,34,64,44,79,0,0
PDBC,233,0,233,2014-11-11,2023-12-16,0,0,0,0,0,4,3,3,6,12,6,7,63,90,39,0,0
PDCE,1638,819,819,2012-09-04,2020-06-09,0,0,0,40,110,120,256,256,134,210,346,166,0,0,0,0,0
PDCO,2788,999,1789,2009-12-28,2023-12-01,4,72,137,200,143,149,265,263,315,431,291,135,56,209,118,0,0
PDD,1528,0,1528,2018-07-27,2023-12-16,0,0,0,0,0,0,0,0,0,20,64,205,272,371,596,0,0
PDEC,2,0,2,2020-12-15,2023-12-08,0,0,0,0,0,0,0,0,0,0,0,1,0,0,1,0,0
PDEX,237,105,132,2010-09-27,2023-12-16,0,10,8,8,13,16,27,20,12,71,29,6,10,6,1,0,0
PDFS,562,221,341,2010-02-05,2023-10-26,0,3,4,38,29,48,55,56,55,92,76,33,10,34,29,0,0
PDI,162,29,133,2012-11-18,2023-12-08,0,0,0,5,13,20,4,4,5,30,18,21,16,11,15,0,0
PDII,216,108,108,2010-10-14,2015-12-22,0,8,28,34,30,48,68,0,0,0,0,0,0,0,0,0,0
PDLB,28,0,28,2021-04-01,2023-12-14,0,0,0,0,0,0,0,0,0,0,0,0,5,7,16,0,0
PDLI,1418,709,709,2009-08-17,2020-05-27,34,54,128,108,98,126,208,136,114,150,212,50,0,0,0,0,0
PDM,266,0,266,2011-12-20,2023-10-30,0,0,1,5,11,12,21,20,67,22,17,20,21,24,25,0,0
PDN,98,24,74,2009-06-18,2023-11-13,1,2,2,14,12,22,8,2,10,9,1,1,2,5,7,0,0
PDP,280,140,140,2009-08-12,2020-05-28,6,40,14,20,6,4,48,28,44,36,28,6,0,0,0,0,0
PDS,1319,539,780,2009-08-13,2023-11-21,2,17,60,56,44,94,169,165,120,176,235,86,10,47,38,0,0
PDT,468,205,263,2009-06-09,2023-09-08,20,2,8,4,10,15,33,114,45,100,76,36,1,1,3,0,0
PE,2320,1160,1160,2014-05-12,2020-06-11,0,0,0,0,0,124,224,486,224,392,538,332,0,0,0,0,0
PEAK,285,0,285,2019-11-21,2023-12-14,0,0,0,0,0,0,0,0,0,0,3,46,36,72,128,0,0
PEBK,177,85,92,2010-11-04,2023-10-24,0,4,4,18,6,12,22,22,8,24,40,10,0,1,6,0,0
PEBO,571,201,370,2010-10-26,2023-12-15,0,4,15,44,16,47,61,41,42,86,72,54,14,34,41,0,0
PED,316,126,190,2009-11-13,2023-10-26,2,2,6,0,1,26,13,0,11,101,106,16,6,11,15,0,0
PEG,3973,1339,2634,2009-10-28,2023-12-14,4,99,229,363,267,377,351,350,295,616,426,260,63,98,175,0,0
PEGA,510,0,510,2011-03-15,2023-12-16,0,0,3,1,35,30,14,23,37,47,36,25,47,43,169,0,0
PEGI,1324,662,662,2013-09-27,2020-05-05,0,0,0,0,20,44,142,180,182,386,328,42,0,0,0,0,0
PEI,1538,769,769,2009-08-07,2020-06-11,8,22,38,54,44,40,126,136,184,336,428,122,0,0,0,0,0
PEIX,1202,601,601,2010-01-08,2020-06-10,0,38,62,68,44,106,148,120,80,260,246,30,0,0,0,0,0
PEJ,1346,418,928,2009-06-18,2023-11-17,1,34,33,51,58,77,226,306,211,125,100,33,30,40,21,0,0
PEK,1632,816,816,2010-10-18,2020-02-14,0,22,28,40,16,28,500,316,128,424,128,2,0,0,0,0,0
PEN,546,0,546,2015-08-14,2023-12-14,0,0,0,0,0,0,8,27,54,55,79,33,24,42,224,0,0
PENN,4247,1493,2754,2009-10-21,2023-12-12,16,142,121,368,283,234,331,199,267,621,388,636,275,156,210,0,0
PENX,204,102,102,2010-09-09,2015-03-22,0,4,16,36,62,46,40,0,0,0,0,0,0,0,0,0,0
PEO,481,197,284,2009-08-10,2023-11-24,2,20,14,22,5,14,45,57,40,92,85,57,10,9,9,0,0
PEOP,46,23,23,2011-07-20,2015-02-02,0,0,4,10,10,16,6,0,0,0,0,0,0,0,0,0,0
PEP,9264,2151,7113,2009-09-10,2023-12-16,46,443,547,469,569,767,668,740,857,774,635,603,455,693,998,0,0
PER,478,239,239,2009-08-06,2020-04-23,42,6,30,32,20,32,112,52,18,62,54,18,0,0,0,0,0
PERF,146,73,73,2009-11-09,2017-09-05,2,10,46,28,10,2,8,28,12,0,0,0,0,0,0,0,0
PERI,1014,507,507,2012-01-11,2020-05-27,0,0,0,26,156,66,134,72,54,64,238,204,0,0,0,0,0
PERM,38,19,19,2012-02-07,2018-12-31,0,0,0,20,0,0,4,6,6,2,0,0,0,0,0,0,0
PERY,1462,731,731,2009-08-28,2018-10-29,4,40,160,88,76,198,330,156,118,292,0,0,0,0,0,0,0
PES,992,496,496,2012-10-25,2019-10-31,0,0,0,16,54,290,106,146,72,184,124,0,0,0,0,0,0
PESI,503,219,284,2010-03-10,2023-11-28,0,4,20,34,53,53,112,62,12,42,84,10,4,2,11,0,0
PETM,2046,1023,1023,2009-08-12,2019-06-03,10,142,298,590,250,574,174,2,4,0,2,0,0,0,0,0,0
PETQ,117,0,117,2017-07-07,2023-12-11,0,0,0,0,0,0,0,0,5,17,11,10,12,33,29,0,0
PETS,2590,1295,1295,2009-08-11,2020-05-05,8,58,96,130,108,92,556,122,616,524,220,60,0,0,0,0,0
PETX,988,494,494,2013-06-27,2019-11-14,0,0,0,0,34,108,178,180,184,132,172,0,0,0,0,0,0
PETZ,27,0,27,2017-09-22,2022-12-07,0,0,0,0,0,0,0,0,3,1,0,2,13,8,0,0,0
PEX,154,45,109,2013-07-26,2023-12-01,0,0,0,0,4,14,24,23,31,37,15,3,1,1,1,0,0
PEY,689,152,537,2009-08-12,2023-11-23,2,13,12,23,43,53,73,123,85,103,70,28,9,23,29,0,0
PEZ,315,23,292,2009-06-18,2023-12-01,1,7,11,13,28,32,67,45,37,35,24,3,2,3,7,0,0
PF,1414,707,707,2012-06-25,2019-04-07,0,0,0,2,234,292,142,130,206,396,12,0,0,0,0,0,0
PFBC,955,335,620,2009-09-01,2023-12-13,6,10,12,21,151,93,78,51,125,107,151,36,26,53,35,0,0
PFBI,188,94,94,2010-09-01,2020-05-27,0,6,8,12,2,8,32,28,16,38,28,10,0,0,0,0,0
PFBX,92,46,46,2011-12-28,2020-03-13,0,0,2,12,8,4,8,18,14,12,12,2,0,0,0,0,0
PFC,235,0,235,2012-05-16,2023-12-14,0,0,0,2,23,5,10,12,15,19,15,10,33,38,53,0,0
PFD,240,120,120,2011-12-02,2020-03-19,0,0,6,0,0,0,12,82,24,58,50,8,0,0,0,0,0
PFE,3642,1821,1821,2016-01-14,2020-06-11,0,0,0,0,0,0,0,1056,722,818,648,398,0,0,0,0,0
PFEM,22,11,11,2013-05-10,2016-03-21,0,0,0,0,2,4,12,4,0,0,0,0,0,0,0,0,0
PFF,2098,846,1252,2009-11-06,2023-11-29,2,32,42,70,24,38,154,319,326,438,415,173,30,20,15,0,0
PFFA,17,0,17,2018-11-08,2023-12-12,0,0,0,0,0,0,0,0,0,1,1,1,4,7,3,0,0
PFFD,32,0,32,2017-09-13,2023-12-01,0,0,0,0,0,0,0,0,3,2,1,2,5,13,6,0,0
PFFL,8822,0,8822,2023-07-21,2023-12-16,0,0,0,0,0,0,0,0,0,0,0,0,0,0,8822,0,0
PFFR,28,0,28,2017-02-13,2023-12-12,0,0,0,0,0,0,0,0,2,13,7,0,1,4,1,0,0
PFG,2968,1059,1909,2009-08-16,2023-12-05,10,142,185,209,186,154,193,233,233,444,460,234,77,97,111,0,0
PFH,8,4,4,2011-06-28,2019-06-04,0,0,2,0,0,0,0,0,0,0,6,0,0,0,0,0,0
PFI,525,54,471,2009-06-18,2023-09-01,2,2,4,9,36,52,96,104,82,90,37,4,4,1,2,0,0
PFIE,566,222,344,2012-09-10,2023-11-27,0,0,0,3,13,79,67,60,39,160,64,18,4,13,46,0,0
PFIG,67,11,56,2012-02-29,2023-05-25,0,0,0,7,3,8,27,10,5,2,2,0,0,1,2,0,0
PFIN,17,0,17,2016-03-16,2023-10-13,0,0,0,0,0,0,0,2,3,5,2,0,2,0,3,0,0
PFK,4,2,2,2011-06-16,2012-10-24,0,0,2,2,0,0,0,0,0,0,0,0,0,0,0,0,0
PFL,171,58,113,2009-12-30,2023-09-28,1,1,0,2,11,14,10,10,0,58,44,10,3,2,5,0,0
PFLT,1492,588,904,2011-06-29,2023-12-16,0,0,6,13,38,32,257,213,148,304,267,45,18,61,90,0,0
PFM,215,33,182,2010-08-05,2023-11-14,0,5,2,8,21,22,11,10,21,35,22,12,10,22,14,0,0
PFMT,474,237,237,2012-08-10,2020-05-29,0,0,0,32,34,62,52,48,38,84,88,36,0,0,0,0,0
PFN,52,26,26,2010-05-27,2020-03-12,0,4,0,2,2,2,0,0,0,8,18,16,0,0,0,0,0
PFNX,660,330,330,2014-06-05,2020-06-03,0,0,0,0,0,36,114,30,42,190,192,56,0,0,0,0,0
PFO,114,57,57,2011-12-12,2020-03-19,0,0,2,2,0,0,0,0,2,58,42,8,0,0,0,0,0
PFPT,2094,1047,1047,2012-04-20,2020-05-29,0,0,0,38,44,112,376,392,280,322,398,132,0,0,0,0,0
PFS,1051,311,740,2009-09-07,2023-12-13,4,55,72,83,64,58,78,67,84,141,116,86,21,77,45,0,0
PFSI,994,337,657,2013-04-29,2023-12-06,0,0,0,0,58,71,45,91,30,89,221,225,59,52,53,0,0
PFSW,574,287,287,2010-01-15,2020-06-08,0,14,10,12,14,66,94,68,60,86,92,58,0,0,0,0,0
PFX,16,8,8,2012-12-06,2015-09-29,0,0,0,2,4,0,10,0,0,0,0,0,0,0,0,0,0
PFXF,143,40,103,2012-07-17,2023-12-01,0,0,0,22,3,2,4,16,6,3,67,1,4,8,7,0,0
PG,2624,1312,1312,2013-05-22,2020-06-05,0,0,0,0,192,404,308,420,468,356,292,184,0,0,0,0,0
PGAL,135,54,81,2013-11-13,2023-01-05,0,0,0,0,5,10,4,3,3,37,62,8,1,1,1,0,0
PGC,459,180,279,2009-08-12,2023-10-24,4,8,16,24,14,22,41,53,35,73,69,50,8,21,21,0,0
PGD,100,50,50,2018-08-21,2019-12-12,0,0,0,0,0,0,0,0,0,66,34,0,0,0,0,0,0
PGEM,292,146,146,2013-06-18,2019-01-25,0,0,0,0,44,58,48,50,50,40,2,0,0,0,0,0,0
PGEN,389,0,389,2013-07-29,2023-09-05,0,0,0,0,10,21,63,107,53,38,23,13,18,15,28,0,0
PGF,517,215,302,2009-08-06,2023-05-04,9,17,41,30,18,19,39,135,38,72,74,10,6,6,3,0,0
PGHY,149,57,92,2013-06-21,2023-10-18,0,0,0,0,14,3,25,39,10,28,16,0,5,3,6,0,0
PGI,250,125,125,2010-04-23,2016-06-17,0,24,22,36,30,46,90,2,0,0,0,0,0,0,0,0,0
PGJ,6573,3114,3459,2009-05-20,2023-08-24,7,45,29,27,53,77,1660,1742,486,1485,873,19,31,24,15,0,0
PGM,104,52,52,2011-11-30,2019-12-13,0,0,4,0,0,0,0,0,0,10,90,0,0,0,0,0,0
PGN,946,473,473,2009-12-04,2016-02-17,4,96,312,186,0,30,306,12,0,0,0,0,0,0,0,0,0
PGNX,1588,794,794,2010-03-21,2020-05-18,0,14,44,96,88,158,170,188,136,378,278,38,0,0,0,0,0
PGNY,196,0,196,2019-10-24,2023-12-16,0,0,0,0,0,0,0,0,0,0,9,16,32,72,67,0,0
PGP,207,56,151,2011-02-21,2023-09-07,0,0,3,1,12,17,10,9,9,16,105,8,11,3,3,0,0
PGR,5936,1972,3964,2009-11-02,2023-12-16,4,125,173,345,225,295,462,339,670,1223,948,374,113,244,396,0,0
PGRE,712,245,467,2014-08-27,2023-11-29,0,0,0,0,0,43,68,96,88,117,120,69,20,59,32,0,0
PGTI,1378,505,873,2010-11-04,2023-12-16,0,2,5,16,102,155,160,108,98,413,126,58,20,49,66,0,0
PGX,818,307,511,2009-11-06,2023-11-30,2,13,16,32,18,25,75,180,90,136,142,56,13,13,7,0,0
PGZ,170,53,117,2013-08-14,2022-08-15,0,0,0,0,4,10,12,9,2,7,101,11,13,1,0,0,0
PH,4082,1441,2641,2009-10-20,2023-12-16,4,90,228,235,238,186,314,455,567,547,537,272,68,105,236,0,0
PHAT,58,0,58,2019-10-24,2023-12-06,0,0,0,0,0,0,0,0,0,0,4,3,5,5,41,0,0
PHB,322,114,208,2010-03-22,2023-11-08,0,22,42,45,17,17,37,28,43,13,31,9,4,6,8,0,0
PHD,136,29,107,2010-08-04,2023-06-07,0,3,2,1,13,10,14,9,2,28,20,20,11,0,3,0,0
PHDG,192,52,140,2012-08-17,2023-08-07,0,0,0,7,3,13,28,31,31,42,10,6,2,11,8,0,0
PHF,108,54,54,2011-12-12,2019-01-13,0,0,2,0,0,0,2,4,0,88,12,0,0,0,0,0,0
PHG,3229,1182,2047,2010-01-25,2023-12-16,0,101,323,221,198,256,398,262,209,244,370,258,85,132,172,0,0
PHGE,23,0,23,2020-03-31,2023-12-04,0,0,0,0,0,0,0,0,0,0,0,8,7,3,5,0,0
PHH,716,358,358,2009-09-24,2018-10-08,2,20,56,78,74,128,94,100,78,86,0,0,0,0,0,0,0
PHI,551,204,347,2010-05-03,2023-12-16,0,31,18,20,35,20,63,85,48,66,69,61,9,12,14,0,0
PHII,276,138,138,2010-09-09,2019-03-21,0,14,6,16,2,16,70,24,14,44,70,0,0,0,0,0,0
PHIIK,162,81,81,2012-04-16,2019-03-15,0,0,0,26,0,6,24,12,10,58,26,0,0,0,0,0,0
PHIO,28,0,28,2019-11-21,2023-12-06,0,0,0,0,0,0,0,0,0,0,1,7,4,9,7,0,0
PHK,719,327,392,2009-09-08,2023-09-08,11,10,4,5,11,17,146,154,68,155,113,14,2,3,6,0,0
PHM,3873,937,2936,2009-09-14,2023-12-16,35,193,199,339,309,250,259,379,328,327,224,215,90,232,494,0,0
PHMD,354,177,177,2010-03-15,2017-09-14,0,6,16,54,62,78,62,46,30,0,0,0,0,0,0,0,0
PHO,750,184,566,2009-11-12,2023-11-21,2,40,20,35,42,66,104,106,98,115,43,4,5,25,45,0,0
PHT,1500,711,789,2010-08-04,2023-08-24,0,3,0,0,12,13,224,289,184,465,273,22,11,0,4,0,0
PHUN,122,0,122,2011-04-21,2023-09-22,0,0,2,0,0,0,0,0,0,0,21,10,39,33,17,0,0
PHX,598,210,388,2010-11-01,2023-12-08,0,12,5,31,16,37,40,42,32,86,107,80,19,35,56,0,0
PHYS,75,0,75,2010-05-21,2023-10-18,0,2,2,4,4,0,3,3,7,1,0,4,33,9,3,0,0
PI,362,0,362,2016-07-11,2023-12-13,0,0,0,0,0,0,0,13,55,52,28,43,31,53,87,0,0
PICB,102,51,51,2011-06-09,2020-05-11,0,0,2,2,0,0,0,50,14,12,18,4,0,0,0,0,0
PICK,92,0,92,2012-07-13,2023-12-14,0,0,0,6,2,2,5,10,11,12,6,3,11,15,9,0,0
PICO,358,179,179,2010-09-22,2020-05-07,0,4,14,34,16,4,50,82,52,58,34,10,0,0,0,0,0
PID,620,56,564,2010-01-12,2023-12-16,0,2,2,7,27,70,95,112,114,79,27,17,4,28,36,0,0
PIE,240,94,146,2009-12-13,2023-09-01,2,12,12,38,44,9,18,12,25,41,21,2,1,2,1,0,0
PIH,216,108,108,2014-03-25,2020-05-14,0,0,0,0,0,36,20,54,30,38,32,6,0,0,0,0,0
PII,2850,1425,1425,2009-08-13,2020-06-04,4,60,132,470,182,182,340,428,250,362,302,138,0,0,0,0,0
PILL,15,0,15,2017-12-22,2022-09-13,0,0,0,0,0,0,0,0,1,2,5,0,5,2,0,0,0
PIM,160,59,101,2012-01-18,2023-05-23,0,0,0,3,11,9,10,20,6,52,40,6,0,0,3,0,0
PIN,161,0,161,2009-12-21,2023-12-16,1,11,7,19,23,7,19,11,13,23,9,1,4,8,5,0,0
PINC,994,386,608,2013-08-26,2023-12-06,0,0,0,0,35,63,128,116,80,181,197,72,34,36,52,0,0
PINE,70,0,70,2020-06-04,2023-12-16,0,0,0,0,0,0,0,0,0,0,0,6,15,28,21,0,0
PINS,2374,0,2374,2019-05-17,2023-12-16,0,0,0,0,0,0,0,0,0,0,108,281,688,665,632,0,0
PIO,245,29,216,2009-11-12,2023-11-21,2,11,12,9,39,38,21,25,24,21,19,3,3,8,10,0,0
PIP,418,209,209,2009-08-10,2017-06-23,10,52,84,44,42,44,54,48,40,0,0,0,0,0,0,0,0
PIR,3366,1683,1683,2009-08-07,2020-02-18,20,146,218,394,270,292,476,482,282,336,382,68,0,0,0,0,0
PIRS,89,0,89,2015-06-09,2023-11-13,0,0,0,0,0,0,5,0,12,11,3,5,19,13,21,0,0
PIXY,64,0,64,2017-06-29,2023-10-06,0,0,0,0,0,0,0,0,2,8,5,20,8,13,8,0,0
PIZ,103,21,82,2010-06-09,2023-12-01,0,1,0,14,9,14,14,7,13,24,0,1,2,1,3,0,0
PJC,1152,576,576,2009-08-27,2019-12-27,24,98,70,114,138,208,138,64,90,88,120,0,0,0,0,0,0
PJP,920,290,630,2009-06-18,2023-12-11,3,8,16,41,40,64,143,133,152,132,115,13,5,27,28,0,0
PJT,170,0,170,2015-12-28,2023-12-14,0,0,0,0,0,0,1,4,17,12,10,32,19,28,47,0,0
PK,379,0,379,2017-01-04,2023-12-16,0,0,0,0,0,0,0,0,24,56,34,58,25,51,131,0,0
PKB,3084,1275,1809,2009-05-06,2023-12-13,6,17,8,27,42,88,527,562,394,749,524,28,14,41,57,0,0
PKBK,226,113,113,2009-12-02,2020-03-19,2,4,10,10,6,2,34,28,18,42,56,14,0,0,0,0,0
PKD,726,363,363,2009-08-10,2020-03-03,4,4,64,48,64,84,82,90,46,162,64,14,0,0,0,0,0
PKE,657,271,386,2009-08-07,2023-09-29,4,30,22,53,46,70,73,58,52,105,89,29,14,5,7,0,0
PKG,3007,1072,1935,2009-10-09,2023-12-16,6,34,82,232,391,267,246,284,297,340,333,113,46,198,138,0,0
PKI,1590,795,795,2009-08-13,2020-06-11,4,44,108,114,104,78,120,106,100,432,236,144,0,0,0,0,0
PKO,44,22,22,2010-12-21,2020-03-19,0,2,0,0,0,2,0,0,0,4,18,18,0,0,0,0,0
PKOH,604,254,350,2010-05-05,2023-08-02,0,16,22,45,34,51,49,63,49,89,90,58,12,12,14,0,0
PKW,772,216,556,2011-08-09,2023-11-16,0,0,11,24,80,71,146,115,113,92,65,13,15,19,8,0,0
PKX,2160,709,1451,2009-10-11,2023-12-07,3,145,190,183,193,135,166,218,437,221,140,53,23,19,34,0,0
PKY,788,394,394,2010-01-07,2018-03-01,0,108,54,114,106,134,96,106,68,2,0,0,0,0,0,0,0
PLAB,1401,493,908,2010-05-18,2023-12-16,0,26,81,103,59,53,148,118,119,179,190,82,38,119,86,0,0
PLAY,4575,1542,3033,2012-10-01,2023-12-14,0,0,0,3,0,85,776,761,729,678,668,397,87,195,196,0,0
PLBC,271,107,164,2010-05-25,2023-12-13,0,2,12,24,0,6,17,28,52,43,30,15,13,15,14,0,0
PLCE,4435,1561,2874,2009-09-21,2023-12-13,26,118,153,256,238,135,303,628,1064,550,616,159,42,78,69,0,0
PLCM,1272,636,636,2009-12-16,2017-02-15,4,90,214,294,172,128,178,190,2,0,0,0,0,0,0,0,0
PLD,1787,0,1787,2010-06-24,2023-12-16,0,3,12,34,58,89,83,100,163,185,86,90,102,402,380,0,0
PLG,101,0,101,2010-06-23,2023-12-16,0,2,3,9,10,10,16,11,5,2,5,10,4,8,6,0,0
PLKI,724,362,362,2014-04-14,2017-12-08,0,0,0,0,0,76,268,244,136,0,0,0,0,0,0,0,0
PLL,434,0,434,2010-03-15,2023-12-11,0,6,10,17,36,36,33,0,0,0,1,36,53,71,135,0,0
PLM,310,155,155,2010-04-05,2020-03-25,0,14,20,2,0,20,30,32,14,78,68,32,0,0,0,0,0
PLMR,134,0,134,2019-05-31,2023-12-01,0,0,0,0,0,0,0,0,0,0,8,19,21,38,48,0,0
PLMT,18,9,9,2012-06-20,2016-06-28,0,0,0,4,4,4,4,2,0,0,0,0,0,0,0,0,0
PLND,406,203,203,2010-04-12,2019-10-17,0,32,42,94,30,6,42,30,32,78,20,0,0,0,0,0,0
PLNR,276,138,138,2010-02-03,2016-01-08,0,4,0,24,34,104,108,2,0,0,0,0,0,0,0,0,0
PLOW,1168,470,698,2010-11-02,2023-10-30,0,8,52,39,51,187,173,139,82,127,199,60,16,17,18,0,0
PLPC,287,107,180,2010-09-22,2023-12-05,0,6,8,25,16,12,33,29,23,34,40,14,20,14,13,0,0
PLPM,230,115,115,2012-04-02,2017-12-20,0,0,0,6,12,30,50,66,66,0,0,0,0,0,0,0,0
PLRX,112,0,112,2020-06-02,2023-11-09,0,0,0,0,0,0,0,0,0,0,0,6,8,39,59,0,0
PLSE,42,0,42,2016-05-20,2023-11-21,0,0,0,0,0,0,0,1,10,3,3,9,4,9,3,0,0
PLT,1312,656,656,2009-11-30,2020-06-08,2,30,62,92,36,64,80,104,70,242,324,206,0,0,0,0,0
PLTM,1488,711,777,2010-03-23,2023-08-11,0,200,356,26,12,8,27,26,18,434,366,0,2,4,9,0,0
PLUG,5303,1449,3854,2009-10-08,2023-12-16,8,8,31,48,147,911,444,277,294,315,664,701,626,345,484,0,0
PLUS,848,303,545,2009-08-07,2023-10-06,8,3,10,23,22,50,109,68,151,108,109,73,21,37,56,0,0
PLW,102,51,51,2012-12-18,2020-04-07,0,0,0,2,0,0,0,0,0,0,98,2,0,0,0,0,0
PLX,1126,485,641,2009-11-02,2023-11-21,4,24,50,89,107,66,108,67,122,180,133,127,20,15,14,0,0
PLXP,36,0,36,2015-10-05,2022-11-10,0,0,0,0,0,0,1,4,3,4,2,1,8,13,0,0,0
PLXS,1311,509,802,2010-01-21,2023-12-13,0,30,94,124,138,100,113,89,92,120,184,82,21,90,34,0,0
PLYA,214,0,214,2016-09-27,2023-12-14,0,0,0,0,0,0,0,2,5,8,8,10,13,66,102,0,0
PM,3685,0,3685,2009-11-20,2023-12-16,1,18,51,91,130,218,269,348,425,404,314,209,275,453,479,0,0
PMAY,9108,0,9108,2023-07-19,2023-12-16,0,0,0,0,0,0,0,0,0,0,0,0,0,0,9108,0,0
PMBC,242,121,121,2009-12-03,2020-05-21,2,2,8,24,2,10,26,30,28,50,36,24,0,0,0,0,0
PMC,664,332,332,2010-01-11,2019-08-20,0,44,94,108,60,88,108,88,68,0,6,0,0,0,0,0,0
PMCS,744,372,372,2009-10-29,2016-03-14,4,34,98,118,60,44,362,24,0,0,0,0,0,0,0,0,0
PMD,418,188,230,2010-09-24,2023-05-11,0,6,10,28,17,14,21,58,62,70,90,34,3,3,2,0,0
PME,512,256,256,2014-09-03,2020-05-11,0,0,0,0,0,12,68,50,126,160,88,8,0,0,0,0,0
PMF,190,55,135,2010-03-04,2023-09-08,0,1,2,1,10,15,12,10,2,8,104,9,13,0,3,0,0
PMFG,198,99,99,2010-07-13,2015-08-27,0,4,12,54,20,64,44,0,0,0,0,0,0,0,0,0,0
PML,213,54,159,2012-01-20,2023-09-07,0,0,0,14,12,20,14,12,2,8,104,10,13,0,4,0,0
PMM,165,59,106,2012-11-16,2023-05-23,0,0,0,2,11,11,10,8,2,6,100,10,2,0,3,0,0
PMO,671,290,381,2009-08-10,2023-05-23,6,18,0,1,13,14,52,124,67,180,140,45,8,0,3,0,0
PMR,1932,966,966,2010-03-24,2020-01-13,0,6,20,34,32,28,442,512,322,332,200,4,0,0,0,0,0
PMT,1544,589,955,2010-03-15,2023-12-06,0,4,32,83,69,54,229,189,72,234,304,142,25,51,56,0,0
PMX,186,55,131,2010-03-04,2023-09-08,0,1,2,1,10,12,13,10,0,8,105,9,10,0,5,0,0
PNBK,159,64,95,2010-12-06,2023-02-14,0,2,4,12,2,2,10,12,10,49,39,8,7,1,1,0,0
PNC,4181,943,3238,2009-09-03,2023-12-16,26,298,230,272,224,241,295,330,472,355,281,363,125,228,441,0,0
PNF,180,54,126,2011-05-24,2023-09-08,0,0,2,1,9,13,10,9,1,20,92,9,10,0,4,0,0
PNFP,1246,453,793,2009-12-23,2023-12-16,2,14,33,69,82,70,157,113,110,161,202,89,29,45,70,0,0
PNI,181,54,127,2011-05-24,2023-09-08,0,0,2,1,9,13,10,9,0,18,94,8,11,1,5,0,0
PNK,1666,833,833,2009-11-11,2019-04-21,2,100,88,294,278,136,336,186,116,128,2,0,0,0,0,0,0
PNM,1761,666,1095,2009-08-11,2023-12-13,6,32,94,100,123,84,202,129,165,189,285,150,37,71,94,0,0
PNNT,1362,604,758,2009-12-22,2023-11-27,2,16,42,43,34,39,269,277,144,185,221,35,9,17,29,0,0
PNOV,2,0,2,2022-11-10,2023-04-13,0,0,0,0,0,0,0,0,0,0,0,0,0,1,1,0,0
PNQI,466,233,233,2010-01-22,2020-05-06,0,8,8,58,62,46,62,20,42,88,46,26,0,0,0,0,0
PNR,2711,1044,1667,2009-11-23,2023-12-12,4,43,101,184,145,154,422,338,209,339,334,168,62,77,131,0,0
PNRA,3254,1627,1627,2009-08-17,2018-11-05,4,162,152,226,490,464,772,608,374,2,0,0,0,0,0,0,0
PNRG,158,79,79,2010-11-15,2020-05-15,0,2,0,8,2,8,22,20,36,22,30,8,0,0,0,0,0
PNTG,77,0,77,2019-11-25,2023-12-13,0,0,0,0,0,0,0,0,0,0,1,5,12,21,38,0,0
PNTR,358,179,179,2010-05-03,2019-10-07,0,4,18,12,10,14,74,42,62,58,64,0,0,0,0,0,0
PNW,762,0,762,2009-10-09,2023-12-08,1,1,1,13,20,33,35,50,94,70,87,40,61,119,137,0,0
PNX,240,120,120,2009-12-01,2016-07-21,2,16,24,40,14,32,80,32,0,0,0,0,0,0,0,0,0
POAI,24,0,24,2020-03-12,2023-10-10,0,0,0,0,0,0,0,0,0,0,0,8,3,6,7,0,0
PODD,2302,809,1493,2009-10-27,2023-12-16,6,25,57,113,58,48,163,217,134,288,486,255,28,63,361,0,0
POL,1504,654,850,2009-10-16,2023-10-19,2,42,92,176,156,122,118,116,82,184,280,127,4,2,1,0,0
POLA,47,0,47,2016-09-09,2023-11-30,0,0,0,0,0,0,0,3,4,5,2,19,8,5,1,0,0
POM,1092,546,546,2009-10-27,2019-10-01,8,78,132,162,114,150,270,174,0,0,4,0,0,0,0,0,0
POOL,2067,699,1368,2010-04-19,2023-12-11,0,26,93,136,82,83,155,158,191,330,323,161,82,125,122,0,0
POPE,290,145,145,2010-10-29,2020-05-06,0,6,12,18,12,16,30,48,36,46,44,22,0,0,0,0,0
POR,1429,528,901,2009-10-29,2023-12-12,6,30,62,102,111,52,98,138,70,210,223,154,40,55,78,0,0
POST,2888,1015,1873,2012-02-06,2023-12-11,0,0,0,61,109,377,516,366,268,405,347,123,30,70,216,0,0
POT,5014,2507,2507,2009-09-14,2019-10-26,92,918,740,700,536,328,550,830,308,8,4,0,0,0,0,0,0
POTX,42,0,42,2019-09-23,2023-12-05,0,0,0,0,0,0,0,0,0,0,4,6,14,11,7,0,0
POWI,1256,498,758,2009-10-23,2023-12-16,6,39,47,197,101,61,55,90,96,133,191,98,44,54,44,0,0
POWL,744,309,435,2009-12-09,2023-12-08,2,22,40,54,21,103,159,69,37,86,97,19,15,6,14,0,0
POWR,430,215,215,2010-05-17,2016-05-09,0,10,28,40,62,102,150,38,0,0,0,0,0,0,0,0,0
POZN,472,236,236,2010-03-21,2017-02-01,0,18,54,66,70,104,140,18,2,0,0,0,0,0,0,0,0
PPA,977,249,728,2009-11-09,2023-12-11,2,53,21,47,73,91,124,103,117,126,67,38,9,48,58,0,0
PPBI,683,243,440,2010-02-02,2023-12-08,0,6,0,51,41,18,64,58,67,106,113,55,29,27,48,0,0
PPC,3431,1276,2155,2009-12-29,2023-12-16,2,28,127,154,269,597,445,242,391,337,331,169,64,196,79,0,0
PPEM,2,0,2,2019-07-16,2023-02-13,0,0,0,0,0,0,0,0,0,0,1,0,0,0,1,0,0
PPG,4770,2385,2385,2009-09-09,2020-06-11,26,128,298,588,412,480,474,316,470,642,630,306,0,0,0,0,0
PPH,1080,312,768,2009-10-21,2023-12-14,6,23,67,46,38,70,132,107,150,173,101,26,35,56,50,0,0
PPHI,7723,0,7723,2023-12-01,2023-12-16,0,0,0,0,0,0,0,0,0,0,0,0,0,0,7723,0,0
PPHM,1028,514,514,2010-01-11,2018-01-05,0,18,60,246,146,98,158,152,144,6,0,0,0,0,0,0,0
PPHMP,84,42,42,2014-10-30,2018-01-02,0,0,0,0,0,12,28,18,24,2,0,0,0,0,0,0,0
PPL,2868,1434,1434,2010-01-28,2020-06-11,0,110,228,250,200,202,286,272,232,468,470,150,0,0,0,0,0
PPLT,2857,1345,1512,2010-02-03,2023-08-11,0,150,168,267,74,36,208,275,160,588,731,178,7,7,8,0,0
PPO,924,462,462,2009-08-10,2015-11-16,10,126,150,246,148,132,112,0,0,0,0,0,0,0,0,0,0
PPP,512,256,256,2011-08-29,2018-03-20,0,0,24,52,24,54,164,138,50,6,0,0,0,0,0,0,0
PPR,472,236,236,2009-08-12,2020-06-04,2,10,6,8,0,0,34,30,26,120,164,72,0,0,0,0,0
PPS,702,351,351,2009-08-10,2016-12-18,8,40,92,122,54,46,172,168,0,0,0,0,0,0,0,0,0
PPSI,430,215,215,2013-09-25,2020-03-23,0,0,0,0,14,54,108,42,38,60,106,8,0,0,0,0,0
PPT,246,58,188,2010-03-19,2023-12-11,0,1,0,4,11,11,9,11,35,58,37,18,16,27,8,0,0
PPTY,5,0,5,2018-05-18,2022-01-12,0,0,0,0,0,0,0,0,0,1,1,0,2,1,0,0,0
PQ,658,329,329,2009-08-11,2018-08-16,4,16,48,62,78,58,118,146,68,60,0,0,0,0,0,0,0
PQDI,12,0,12,2020-09-25,2021-06-30,0,0,0,0,0,0,0,0,0,0,0,7,5,0,0,0,0
PRA,445,0,445,2012-02-13,2023-12-08,0,0,0,27,45,34,24,22,37,35,19,12,21,106,63,0,0
PRAA,1375,535,840,2010-01-21,2023-12-16,0,48,39,71,205,160,154,121,113,145,145,91,14,31,38,0,0
PRAH,1028,514,514,2014-11-03,2020-05-06,0,0,0,0,0,36,114,160,200,216,198,104,0,0,0,0,0
PRAN,396,198,198,2010-04-19,2019-01-31,0,8,64,20,18,80,40,24,42,56,44,0,0,0,0,0,0
PRB,108,54,54,2011-07-19,2019-12-11,0,0,4,2,0,0,0,2,0,8,92,0,0,0,0,0,0
PRCP,498,249,249,2010-10-19,2020-06-01,0,2,32,16,26,30,76,70,48,60,100,38,0,0,0,0,0
PRDO,308,0,308,2010-04-29,2023-12-12,0,8,7,14,18,16,40,8,4,21,31,8,22,45,66,0,0
PRE,1176,588,588,2009-08-13,2019-01-24,16,42,152,194,124,110,492,44,0,0,2,0,0,0,0,0,0
PREF,19,0,19,2020-09-29,2022-09-21,0,0,0,0,0,0,0,0,0,0,0,12,4,3,0,0,0
PRF,678,233,445,2010-01-25,2023-12-04,0,8,13,7,30,20,91,126,142,107,41,10,13,37,33,0,0
PRFT,1048,422,626,2010-01-14,2023-12-16,0,12,28,41,46,24,78,79,41,101,343,117,27,55,56,0,0
PRFZ,159,0,159,2012-10-22,2023-11-15,0,0,0,4,30,14,8,8,19,23,11,1,6,20,15,0,0
PRGN,452,226,226,2009-11-19,2016-05-25,2,40,32,52,84,92,84,66,0,0,0,0,0,0,0,0,0
PRGO,6068,2558,3510,2009-09-21,2023-12-13,8,102,265,501,546,401,1138,821,479,640,577,256,99,108,127,0,0
PRGS,2159,834,1325,2009-07-27,2023-12-16,14,27,111,205,189,123,154,182,183,331,314,124,43,89,70,0,0
PRGX,422,211,211,2009-11-19,2020-05-29,2,4,10,34,16,16,38,50,46,90,72,44,0,0,0,0,0
PRH,13,1,12,2013-05-28,2023-08-03,0,0,0,0,1,2,5,3,0,0,0,0,0,1,1,0,0
PRI,1922,664,1258,2010-04-01,2023-12-14,0,58,46,70,84,149,270,202,228,284,191,111,42,53,134,0,0
PRIM,1781,712,1069,2010-03-11,2023-11-29,0,8,52,111,140,151,193,147,154,304,296,77,28,86,34,0,0
PRK,441,147,294,2010-01-18,2023-12-14,0,18,12,41,25,19,46,55,32,65,45,16,4,22,41,0,0
PRKR,626,313,313,2009-10-26,2020-03-24,4,4,20,36,88,86,88,112,92,76,14,6,0,0,0,0,0
PRLB,1419,537,882,2012-02-24,2023-11-03,0,0,0,32,339,118,172,127,103,198,143,75,45,37,30,0,0
PRLS,102,51,51,2010-09-14,2016-05-23,0,8,12,18,8,48,6,2,0,0,0,0,0,0,0,0,0
PRMW,1136,417,719,2010-12-15,2023-12-10,0,2,62,72,50,51,171,156,80,143,135,95,17,47,55,0,0
PRNT,67,0,67,2016-08-02,2023-11-22,0,0,0,0,0,0,0,3,3,2,2,7,31,10,9,0,0
PRO,846,337,509,2009-08-10,2023-12-08,4,16,56,37,48,46,84,78,40,98,164,78,20,22,55,0,0
PROF,23,0,23,2021-11-05,2023-11-01,0,0,0,0,0,0,0,0,0,0,0,0,1,10,12,0,0
PROV,543,223,320,2009-11-06,2023-12-12,8,2,2,54,80,47,81,52,29,66,63,31,8,3,17,0,0
PRPH,411,163,248,2011-07-05,2023-11-06,0,0,6,33,14,32,36,22,44,97,34,26,8,45,14,0,0
PRPL,169,0,169,2018-03-16,2023-12-06,0,0,0,0,0,0,0,0,0,6,8,29,46,33,47,0,0
PRPO,56,0,56,2017-08-01,2023-10-05,0,0,0,0,0,0,0,0,4,4,13,21,13,0,1,0,0
PRQR,867,384,483,2014-09-08,2023-11-08,0,0,0,0,0,39,71,73,91,233,265,46,14,19,16,0,0
PRS,22,0,22,2011-06-10,2023-12-04,0,0,3,0,0,0,0,0,0,0,0,4,8,3,4,0,0
PRSC,460,230,230,2009-10-20,2020-05-28,2,14,20,42,34,38,86,40,26,68,54,36,0,0,0,0,0
PRSS,416,208,208,2012-03-29,2018-10-01,0,0,0,90,40,42,100,42,50,52,0,0,0,0,0,0,0
PRT,56,0,56,2018-04-27,2023-08-30,0,0,0,0,0,0,0,0,0,12,6,6,18,6,8,0,0
PRTA,252,0,252,2012-12-27,2023-12-16,0,0,0,1,3,11,32,19,24,35,7,9,27,26,58,0,0
PRTH,33,0,33,2019-11-14,2023-12-15,0,0,0,0,0,0,0,0,0,0,1,10,5,10,7,0,0
PRTK,1088,544,544,2015-01-02,2020-05-15,0,0,0,0,0,0,102,136,166,376,248,60,0,0,0,0,0
PRTO,414,207,207,2014-09-16,2019-12-06,0,0,0,0,0,18,46,86,66,60,138,0,0,0,0,0,0
PRTS,1110,336,774,2010-02-26,2023-12-14,0,14,20,42,48,51,256,79,48,92,95,78,70,131,86,0,0
PRU,6021,2130,3891,2009-09-09,2023-12-12,20,278,235,463,408,352,542,554,547,697,688,558,173,230,276,0,0
PRXI,202,101,101,2010-01-10,2018-04-22,0,16,24,42,32,24,56,6,0,2,0,0,0,0,0,0,0
PRXL,1004,502,502,2009-09-16,2017-11-13,2,34,86,114,188,158,114,164,144,0,0,0,0,0,0,0,0
PRY,12,6,6,2010-05-17,2017-06-01,0,4,0,0,2,0,4,0,2,0,0,0,0,0,0,0,0
PSA,5259,1684,3575,2009-12-01,2023-12-14,4,129,141,311,213,398,676,939,362,658,603,267,87,238,233,0,0
PSAU,106,53,53,2011-05-13,2019-07-23,0,0,2,0,4,0,0,0,0,22,78,0,0,0,0,0,0
PSBH,20,10,10,2011-11-14,2015-09-10,0,0,2,6,6,2,4,0,0,0,0,0,0,0,0,0,0
PSCC,291,55,236,2012-06-22,2023-12-05,0,0,0,4,25,30,31,33,18,53,82,3,2,3,7,0,0
PSCD,291,44,247,2011-07-11,2023-12-11,0,0,10,12,16,30,29,32,25,28,63,5,9,13,19,0,0
PSCE,318,57,261,2011-10-17,2023-12-16,0,0,4,14,14,18,24,24,20,70,62,7,18,24,19,0,0
PSCF,466,74,392,2011-10-24,2023-02-13,0,0,2,7,45,41,43,89,95,87,39,5,6,5,2,0,0
PSCH,114,57,57,2011-07-13,2020-03-23,0,0,2,2,2,0,2,0,2,64,38,2,0,0,0,0,0
PSCI,281,54,227,2011-08-16,2023-08-24,0,0,1,8,19,25,39,42,51,51,29,2,2,3,9,0,0
PSCM,222,30,192,2012-01-31,2023-06-07,0,0,0,6,20,23,29,36,37,37,28,0,1,2,3,0,0
PSCT,128,0,128,2013-01-03,2023-11-29,0,0,0,0,14,11,18,22,10,18,7,2,4,11,11,0,0
PSCU,114,57,57,2012-04-26,2020-05-06,0,0,0,2,4,0,0,4,2,56,40,6,0,0,0,0,0
PSDV,628,314,314,2009-12-23,2018-04-23,2,14,30,52,80,78,130,110,84,48,0,0,0,0,0,0,0
PSEC,4087,1729,2358,2009-10-05,2023-12-14,6,25,90,133,96,242,948,907,394,580,378,93,38,77,80,0,0
PSEM,296,148,148,2011-02-02,2015-11-25,0,0,16,16,54,84,126,0,0,0,0,0,0,0,0,0,0
PSET,37,0,37,2016-03-28,2022-05-23,0,0,0,0,0,0,0,2,8,13,9,2,2,1,0,0,0
PSF,88,0,88,2012-12-17,2023-11-06,0,0,0,2,10,11,11,9,0,9,5,5,12,7,7,0,0
PSG,432,216,216,2014-08-19,2019-05-17,0,0,0,0,0,26,120,282,2,0,2,0,0,0,0,0,0
PSHG,123,0,123,2011-11-28,2023-12-15,0,0,1,3,16,17,32,18,9,5,1,7,2,8,4,0,0
PSI,715,58,657,2009-06-18,2023-12-16,1,4,6,12,40,79,95,84,91,75,86,45,17,37,43,0,0
PSIX,354,177,177,2012-05-30,2020-03-12,0,0,0,10,32,48,64,82,86,8,18,6,0,0,0,0,0
PSK,116,58,58,2011-05-23,2020-05-15,0,0,2,2,2,0,0,6,0,0,76,28,0,0,0,0,0
PSL,457,43,414,2009-06-18,2023-09-01,1,1,6,7,31,41,76,93,71,42,67,1,9,9,2,0,0
PSLV,2812,1406,1406,2011-03-11,2020-04-08,0,0,26,24,0,4,178,542,314,998,724,2,0,0,0,0,0
PSMT,373,0,373,2010-07-03,2023-12-04,0,2,7,9,41,28,36,34,30,62,34,18,24,24,24,0,0
PSN,275,0,275,2019-06-19,2023-12-16,0,0,0,0,0,0,0,0,0,0,6,46,53,78,92,0,0
PSNL,61,0,61,2019-06-19,2023-11-20,0,0,0,0,0,0,0,0,0,0,12,11,15,9,14,0,0
PSO,1467,583,884,2009-11-23,2023-11-26,2,58,105,143,98,123,248,170,155,81,124,69,14,39,38,0,0
PSP,293,59,234,2010-05-24,2023-12-01,0,2,6,9,12,22,36,48,53,53,36,4,3,7,2,0,0
PSQ,124,17,107,2009-04-08,2023-12-16,2,4,2,13,2,5,8,3,5,4,11,17,1,25,22,0,0
PSR,741,74,667,2010-03-16,2023-12-06,0,3,6,10,39,44,94,74,118,157,172,3,4,14,3,0,0
PST,88,0,88,2009-04-08,2023-12-08,2,2,1,2,2,1,0,4,1,1,0,17,13,19,23,0,0
PSTB,192,96,96,2010-08-31,2017-11-16,0,10,4,16,6,14,36,66,40,0,0,0,0,0,0,0,0
PSTG,656,0,656,2015-09-11,2023-12-12,0,0,0,0,0,0,12,29,53,66,55,25,48,236,132,0,0
PSTI,1350,675,675,2009-12-02,2020-06-03,2,10,64,130,140,134,166,80,120,174,150,180,0,0,0,0,0
PSTL,85,0,85,2019-05-15,2023-10-31,0,0,0,0,0,0,0,0,0,0,1,2,11,25,46,0,0
PSTR,208,104,104,2010-09-21,2016-04-03,0,10,32,32,32,14,86,2,0,0,0,0,0,0,0,0,0
PSTV,131,0,131,2010-01-12,2023-11-20,0,1,2,0,9,9,22,11,11,5,12,13,8,12,16,0,0
PSUN,1160,580,580,2009-10-13,2018-02-21,18,88,240,172,172,156,278,32,2,2,0,0,0,0,0,0,0
PSX,1298,0,1298,2020-04-29,2023-12-16,0,0,0,0,0,0,0,0,0,0,0,182,187,475,454,0,0
PSXP,1416,708,708,2013-03-27,2020-06-02,0,0,0,0,28,72,162,206,134,286,456,72,0,0,0,0,0
PT,894,408,486,2009-08-10,2023-09-27,26,50,37,54,83,120,60,2,0,49,319,80,7,6,1,0,0
PTBI,134,67,67,2014-12-30,2015-06-19,0,0,0,0,0,2,132,0,0,0,0,0,0,0,0,0,0
PTC,930,465,465,2009-08-13,2020-06-10,2,10,10,10,14,44,48,66,130,220,272,104,0,0,0,0,0
PTCT,2359,988,1371,2013-06-13,2023-12-16,0,0,0,0,42,148,352,461,310,400,350,139,21,35,101,0,0
PTEN,3012,1506,1506,2010-02-09,2020-06-09,0,132,398,356,146,490,310,228,196,236,360,160,0,0,0,0,0
PTF,341,40,301,2009-06-18,2023-11-22,1,1,4,8,35,27,42,59,28,33,56,15,7,10,15,0,0
PTGX,159,0,159,2016-07-11,2023-12-16,0,0,0,0,0,0,0,5,13,44,6,7,18,24,42,0,0
PTH,245,0,245,2010-03-04,2023-09-01,0,3,0,4,28,28,35,59,24,22,9,8,13,9,3,0,0
PTIE,908,454,454,2010-03-21,2019-03-27,0,20,60,28,42,36,56,100,96,426,44,0,0,0,0,0,0
PTLA,1864,932,932,2013-05-22,2020-05-22,0,0,0,0,56,66,208,266,282,460,288,238,0,0,0,0,0
PTLC,28,0,28,2018-02-08,2023-10-26,0,0,0,0,0,0,0,0,0,7,1,5,1,8,6,0,0
PTM,108,54,54,2011-04-30,2019-12-13,0,0,2,4,2,0,0,0,0,0,100,0,0,0,0,0,0
PTMN,94,0,94,2012-09-19,2023-10-25,0,0,0,4,20,5,7,5,8,8,1,2,4,8,22,0,0
PTN,818,336,482,2009-10-01,2023-11-14,2,10,14,30,43,43,144,90,70,124,142,42,15,28,21,0,0
PTNR,792,396,396,2009-11-19,2020-06-09,8,50,54,80,48,42,164,78,66,88,78,36,0,0,0,0,0
PTON,2105,0,2105,2019-08-27,2023-12-16,0,0,0,0,0,0,0,0,0,0,52,508,705,567,273,0,0
PTP,380,190,190,2009-12-31,2015-04-09,2,16,78,38,72,138,36,0,0,0,0,0,0,0,0,0,0
PTR,2342,1171,1171,2009-10-28,2020-06-03,10,212,294,262,158,176,280,166,102,268,302,112,0,0,0,0,0
PTRY,386,193,193,2009-12-02,2015-04-22,10,22,72,72,50,118,42,0,0,0,0,0,0,0,0,0,0
PTSI,378,189,189,2010-02-19,2020-05-14,0,4,6,10,26,48,30,46,48,60,80,20,0,0,0,0,0
PTX,1054,527,527,2010-12-20,2019-03-05,0,2,48,44,112,96,174,174,126,208,70,0,0,0,0,0,0
PTY,96,0,96,2010-02-23,2023-10-26,0,1,1,2,12,12,3,2,10,8,4,8,14,4,15,0,0
PUI,78,39,39,2011-07-12,2020-04-16,0,0,4,4,2,0,0,6,2,12,46,2,0,0,0,0,0
PUK,1318,400,918,2009-08-16,2023-12-08,4,139,30,56,90,120,186,118,93,144,170,109,18,20,21,0,0
PULB,88,44,44,2010-09-15,2016-03-31,0,4,2,12,14,10,32,14,0,0,0,0,0,0,0,0,0
PULM,50,0,50,2015-06-17,2023-09-19,0,0,0,0,0,0,1,1,12,1,7,10,5,6,7,0,0
PULS,37,0,37,2012-03-12,2023-10-03,0,0,0,2,0,0,0,0,0,0,1,1,0,16,17,0,0
PUMP,358,0,358,2014-12-19,2023-12-05,0,0,0,0,0,1,3,0,18,49,38,35,26,80,108,0,0
PUTW,13,0,13,2016-03-09,2023-10-05,0,0,0,0,0,0,0,4,1,0,0,1,3,2,2,0,0
PUYI,8,0,8,2019-06-28,2022-08-06,0,0,0,0,0,0,0,0,0,0,1,3,2,2,0,0,0
PVA,816,408,408,2009-12-30,2016-05-20,2,36,92,110,92,164,286,34,0,0,0,0,0,0,0,0,0
PVAL,36,0,36,2017-11-15,2022-09-30,0,0,0,0,0,0,0,0,3,21,4,1,5,2,0,0,0
PVBC,39,0,39,2017-11-16,2023-12-05,0,0,0,0,0,0,0,0,4,1,2,5,12,10,5,0,0
PVCT,250,125,125,2012-01-18,2020-06-01,0,0,0,2,2,46,80,68,18,18,10,6,0,0,0,0,0
PVG,1626,813,813,2010-01-11,2020-05-28,0,30,12,14,164,126,230,114,134,350,294,158,0,0,0,0,0
PVH,5954,2334,3620,2009-09-08,2023-12-14,6,162,393,788,490,409,433,473,578,692,740,309,82,140,259,0,0
PVI,137,51,86,2009-07-07,2023-09-01,1,1,0,5,4,3,0,3,0,6,96,1,1,9,7,0,0
PVL,42,0,42,2018-09-26,2023-10-30,0,0,0,0,0,0,0,0,0,3,10,7,6,7,9,0,0
PVTB,696,348,348,2009-10-26,2017-07-07,10,36,50,88,122,94,98,158,40,0,0,0,0,0,0,0,0
PW,152,67,85,2010-04-06,2022-04-27,0,3,5,6,7,3,38,10,2,2,38,26,10,2,0,0,0
PWC,40,20,20,2010-03-31,2019-10-28,0,2,0,8,2,4,8,6,6,0,4,0,0,0,0,0,0
PWE,586,293,293,2010-02-19,2017-06-28,0,18,30,40,16,70,178,170,64,0,0,0,0,0,0,0,0
PWFL,71,0,71,2012-03-30,2023-11-28,0,0,0,1,6,3,2,1,9,4,2,2,8,12,21,0,0
PWOD,291,128,163,2010-08-24,2023-07-19,0,8,4,22,12,8,31,36,28,39,63,28,6,3,3,0,0
PWR,3384,1227,2157,2009-08-07,2023-12-16,4,91,134,356,381,382,260,188,185,280,522,199,68,157,177,0,0
PWRD,844,422,422,2009-09-23,2018-01-08,34,106,132,214,116,146,92,2,0,2,0,0,0,0,0,0,0
PWS,3,0,3,2019-03-15,2019-03-18,0,0,0,0,0,0,0,0,0,0,3,0,0,0,0,0,0
PWV,333,69,264,2009-06-18,2023-11-27,2,3,5,9,25,13,32,54,41,53,26,22,9,21,18,0,0
PWX,50,25,25,2012-02-15,2016-10-31,0,0,0,4,0,4,10,32,0,0,0,0,0,0,0,0,0
PWZ,68,29,39,2009-04-21,2023-08-03,1,2,0,3,0,3,10,10,17,16,2,1,1,1,1,0,0
PXD,8011,2789,5222,2009-08-07,2023-12-16,6,76,189,328,371,339,823,1048,738,1492,931,515,186,335,634,0,0
PXE,1642,821,821,2010-01-21,2020-02-27,0,2,12,24,10,12,208,242,172,678,278,4,0,0,0,0,0
PXF,103,28,75,2011-07-07,2023-11-30,0,0,2,7,14,0,10,7,16,15,8,3,3,7,11,0,0
PXH,113,24,89,2009-06-18,2023-12-11,1,3,10,3,14,2,7,11,9,4,23,5,3,7,11,0,0
PXI,322,0,322,2009-06-18,2023-11-23,1,2,2,3,31,45,65,39,50,31,4,1,20,21,7,0,0
PXJ,1285,56,1229,2009-06-18,2023-12-16,1,2,10,7,29,50,53,36,105,43,110,16,8,18,797,0,0
PXLC,40,20,20,2014-12-22,2015-06-07,0,0,0,0,0,2,38,0,0,0,0,0,0,0,0,0,0
PXLG,66,33,33,2012-12-10,2019-06-11,0,0,0,2,4,6,10,8,16,14,6,0,0,0,0,0,0
PXLV,54,27,27,2012-05-16,2019-06-03,0,0,0,4,0,2,6,18,10,10,4,0,0,0,0,0,0
PXLW,154,0,154,2012-11-05,2023-12-05,0,0,0,2,4,11,29,7,17,16,10,8,11,24,15,0,0
PXMC,12,6,6,2013-07-16,2019-06-03,0,0,0,0,2,0,6,0,0,2,2,0,0,0,0,0,0
PXMG,50,25,25,2015-03-24,2019-06-17,0,0,0,0,0,0,2,4,0,18,26,0,0,0,0,0,0
PXMV,34,17,17,2013-10-14,2019-06-03,0,0,0,0,4,0,10,8,0,8,4,0,0,0,0,0,0
PXQ,106,53,53,2011-09-14,2020-02-13,0,0,2,2,0,0,2,8,14,54,22,2,0,0,0,0,0
PXR,66,33,33,2010-04-21,2018-12-14,0,4,16,12,2,0,8,4,4,16,0,0,0,0,0,0,0
PXS,57,0,57,2016-08-17,2023-12-08,0,0,0,0,0,0,0,2,5,3,3,3,5,29,7,0,0
PXSC,36,18,18,2013-03-05,2019-09-04,0,0,0,0,4,0,8,4,6,10,4,0,0,0,0,0,0
PXSG,40,20,20,2014-07-28,2019-06-03,0,0,0,0,0,4,8,10,0,12,6,0,0,0,0,0,0
PXSV,48,24,24,2013-03-20,2019-06-03,0,0,0,0,6,2,12,10,2,12,4,0,0,0,0,0,0
PYN,70,0,70,2013-01-08,2023-09-07,0,0,0,0,10,11,10,9,0,8,4,4,10,0,4,0,0
PYPD,18,0,18,2020-06-22,2023-10-24,0,0,0,0,0,0,0,0,0,0,0,4,3,7,4,0,0
PYPL,6222,0,6222,2015-07-20,2023-12-16,0,0,0,0,0,0,91,273,530,618,502,649,1283,1093,1183,0,0
PYT,20,10,10,2014-11-04,2016-05-03,0,0,0,0,0,2,14,4,0,0,0,0,0,0,0,0,0
PYZ,60,30,30,2010-04-30,2019-06-13,0,2,4,2,0,6,10,8,12,10,6,0,0,0,0,0,0
PZA,206,74,132,2009-04-21,2023-11-29,1,6,0,7,4,3,1,11,5,26,108,13,7,8,6,0,0
PZC,213,55,158,2011-05-24,2023-11-23,0,0,2,1,10,12,11,10,12,43,74,11,14,3,10,0,0
PZE,248,124,124,2010-01-11,2018-08-13,0,26,24,18,16,62,36,44,12,10,0,0,0,0,0,0,0
PZG,403,178,225,2009-07-27,2023-07-06,4,21,49,68,30,67,35,34,16,48,22,3,1,4,1,0,0
PZI,68,34,34,2010-05-05,2019-01-02,0,4,4,8,2,6,8,14,8,12,2,0,0,0,0,0,0
PZN,504,252,252,2009-12-07,2020-06-04,2,6,10,14,24,20,48,48,72,130,110,20,0,0,0,0,0
PZT,30,15,15,2015-03-03,2019-03-07,0,0,0,0,0,0,4,10,8,6,2,0,0,0,0,0,0
PZZA,4486,1703,2783,2009-12-15,2023-12-14,6,57,125,188,148,231,393,583,480,950,731,342,61,71,120,0,0
Q,954,477,477,2009-05-29,2020-05-12,140,174,74,6,74,110,88,134,144,6,2,2,0,0,0,0,0
QABA,266,0,266,2010-04-29,2023-09-29,0,3,0,1,25,59,57,30,48,20,9,0,1,7,6,0,0
QADA,408,204,204,2011-06-09,2020-05-28,0,0,6,6,6,18,78,46,32,108,78,30,0,0,0,0,0
QAI,317,127,190,2009-09-14,2021-04-22,6,11,13,43,4,24,38,37,44,27,47,21,2,0,0,0,0
QARP,9,0,9,2018-12-06,2023-01-12,0,0,0,0,0,0,0,0,0,1,0,2,1,3,2,0,0
QAT,164,58,106,2014-05-14,2023-11-12,0,0,0,0,0,24,28,15,19,54,19,0,0,3,2,0,0
QAUS,100,50,50,2016-08-22,2018-04-18,0,0,0,0,0,0,0,48,40,12,0,0,0,0,0,0,0
QBAK,304,152,152,2010-09-23,2020-05-07,0,6,6,26,40,10,20,30,38,76,32,20,0,0,0,0,0
QCAN,110,55,55,2016-08-20,2019-12-06,0,0,0,0,0,0,0,4,6,0,100,0,0,0,0,0,0
QCCO,50,25,25,2011-05-23,2019-11-25,0,0,2,0,8,6,8,10,6,8,2,0,0,0,0,0,0
QCLN,942,244,698,2009-12-11,2023-12-16,1,8,5,2,80,123,95,117,69,162,95,40,39,68,38,0,0
QCOM,11902,2948,8954,2010-02-01,2023-12-16,0,56,124,650,755,774,1272,1011,946,1577,1441,816,568,833,1079,0,0
QCRH,131,0,131,2012-05-09,2023-12-15,0,0,0,5,5,3,2,3,4,7,11,16,18,28,29,0,0
QD,157,0,157,2017-10-13,2023-12-11,0,0,0,0,0,0,0,0,33,34,36,30,15,7,2,0,0
QDEF,125,49,76,2012-12-19,2023-10-23,0,0,0,6,14,0,8,18,15,10,28,18,3,2,3,0,0
QDEL,681,0,681,2011-03-14,2023-12-11,0,0,4,3,3,16,6,114,27,39,22,100,135,144,68,0,0
QDEM,10,5,5,2014-01-28,2015-09-04,0,0,0,0,0,2,8,0,0,0,0,0,0,0,0,0,0
QDEU,100,50,50,2018-11-26,2019-09-05,0,0,0,0,0,0,0,0,0,22,78,0,0,0,0,0,0
QDF,108,54,54,2013-04-08,2020-05-05,0,0,0,0,4,0,0,2,34,20,32,16,0,0,0,0,0
QDXU,10,5,5,2014-01-28,2015-09-04,0,0,0,0,0,2,8,0,0,0,0,0,0,0,0,0,0
QDYN,44,22,22,2012-12-20,2020-04-23,0,0,0,6,8,0,0,8,12,0,8,2,0,0,0,0,0
QEFA,47,15,32,2014-06-09,2023-11-09,0,0,0,0,0,4,4,5,10,6,4,0,2,5,7,0,0
QEH,38,19,19,2012-08-07,2019-01-04,0,0,0,12,0,0,6,4,14,0,2,0,0,0,0,0,0
QEM,14,7,7,2014-01-28,2015-09-04,0,0,0,0,0,4,10,0,0,0,0,0,0,0,0,0,0
QEMM,112,49,63,2014-08-22,2023-02-06,0,0,0,0,0,3,20,18,12,30,24,2,1,1,1,0,0
QEP,1974,987,987,2010-11-17,2020-06-11,0,2,80,142,98,142,234,210,186,312,420,148,0,0,0,0,0
QEPM,136,68,68,2013-08-09,2018-05-06,0,0,0,0,28,42,62,2,0,2,0,0,0,0,0,0,0
QESP,140,70,70,2016-01-08,2018-09-20,0,0,0,0,0,0,0,74,44,22,0,0,0,0,0,0,0
QFIN,128,0,128,2018-12-14,2023-11-18,0,0,0,0,0,0,0,0,0,1,22,13,30,36,26,0,0
QGBR,106,53,53,2016-06-21,2019-11-18,0,0,0,0,0,0,0,6,0,0,100,0,0,0,0,0,0
QGEN,2661,1047,1614,2009-11-25,2023-12-14,6,54,147,200,165,100,188,138,185,311,579,371,51,81,85,0,0
QGRO,73,0,73,2021-05-14,2023-10-27,0,0,0,0,0,0,0,0,0,0,0,0,45,16,12,0,0
QID,276,114,162,2009-04-08,2023-10-09,8,74,86,46,12,3,0,3,2,1,14,9,1,15,2,0,0
QIHU,3222,1611,1611,2011-03-30,2019-03-16,0,0,122,486,948,824,672,156,10,0,4,0,0,0,0,0,0
QINC,22,11,11,2014-03-18,2017-03-08,0,0,0,0,0,2,0,10,10,0,0,0,0,0,0,0,0
QINT,19,0,19,2021-05-05,2023-09-21,0,0,0,0,0,0,0,0,0,0,0,0,7,7,5,0,0
QIWI,1609,684,925,2013-03-27,2023-08-22,0,0,0,0,188,281,258,117,175,195,280,89,19,5,2,0,0
QJPN,140,70,70,2018-07-06,2019-09-30,0,0,0,0,0,0,0,0,0,90,50,0,0,0,0,0,0
QKLS,132,66,66,2010-03-15,2016-06-02,0,10,14,28,8,18,44,10,0,0,0,0,0,0,0,0,0
QKOR,102,51,51,2016-04-06,2017-03-24,0,0,0,0,0,0,0,54,48,0,0,0,0,0,0,0,0
QLC,15,0,15,2018-05-25,2022-08-03,0,0,0,0,0,0,0,0,0,3,1,0,6,5,0,0,0
QLD,224,60,164,2009-04-08,2023-12-01,6,32,39,30,2,3,6,6,13,9,19,18,12,14,15,0,0
QLGC,854,427,427,2009-10-28,2018-06-01,4,64,104,134,94,120,178,148,6,2,0,0,0,0,0,0,0
QLIK,1238,619,619,2010-08-25,2018-04-26,0,38,138,176,172,122,286,304,0,2,0,0,0,0,0,0,0
QLTA,113,50,63,2012-03-23,2023-10-30,0,0,0,2,0,0,0,3,0,43,54,5,2,3,1,0,0
QLTB,78,39,39,2012-06-20,2016-09-03,0,0,0,8,2,0,38,30,0,0,0,0,0,0,0,0,0
QLTC,142,71,71,2012-05-31,2016-09-04,0,0,0,2,0,0,0,140,0,0,0,0,0,0,0,0,0
QLTI,464,232,232,2009-10-02,2016-11-29,8,14,14,54,118,104,76,76,0,0,0,0,0,0,0,0,0
QLTY,284,142,142,2009-10-12,2015-08-18,2,12,64,82,40,36,48,0,0,0,0,0,0,0,0,0,0
QLV,35,0,35,2020-04-29,2023-09-29,0,0,0,0,0,0,0,0,0,0,0,1,14,16,4,0,0
QLVD,21,0,21,2020-12-01,2023-05-30,0,0,0,0,0,0,0,0,0,0,0,4,11,5,1,0,0
QLVE,17,0,17,2019-11-06,2022-09-22,0,0,0,0,0,0,0,0,0,0,1,2,5,9,0,0,0
QLYS,1917,761,1156,2012-09-12,2023-12-14,0,0,0,22,55,131,395,194,144,380,325,118,30,61,62,0,0
QMCO,48,0,48,2019-11-05,2023-09-05,0,0,0,0,0,0,0,0,0,0,1,2,11,20,14,0,0
QMN,56,28,28,2012-10-04,2020-03-12,0,0,0,8,0,0,18,6,10,6,6,2,0,0,0,0,0
QMOM,20,0,20,2017-01-25,2023-11-09,0,0,0,0,0,0,0,0,6,7,1,0,0,2,4,0,0
QNST,187,0,187,2010-02-11,2023-12-15,0,2,1,2,0,0,0,0,7,101,15,8,16,15,20,0,0
QQEW,271,45,226,2010-04-23,2023-12-16,0,3,1,20,27,17,20,8,15,14,63,22,5,23,33,0,0
QQH,2,0,2,2022-09-26,2023-09-06,0,0,0,0,0,0,0,0,0,0,0,0,0,1,1,0,0
QQQ,14919,3106,11813,2011-03-16,2023-12-16,0,0,2334,1546,759,909,843,877,1365,2001,894,588,538,1080,1185,0,0
QQQE,163,28,135,2012-06-05,2023-12-15,0,0,0,8,15,7,12,8,8,13,28,8,8,14,34,0,0
QQQX,169,47,122,2012-12-10,2023-12-13,0,0,0,1,1,1,3,4,9,17,70,35,11,6,11,0,0
QQXT,290,71,219,2012-06-11,2023-03-24,0,0,0,3,15,35,20,15,27,9,148,3,9,3,3,0,0
QRFT,7,0,7,2021-03-15,2023-11-13,0,0,0,0,0,0,0,0,0,0,0,0,2,0,5,0,0
QRHC,408,160,248,2014-06-10,2023-11-25,0,0,0,0,0,18,49,38,49,90,86,13,10,41,14,0,0
QRTEA,169,0,169,2018-04-12,2023-12-15,0,0,0,0,0,0,0,0,0,33,33,25,29,26,23,0,0
QRVO,4212,1703,2509,2015-01-02,2023-12-12,0,0,0,0,0,0,740,655,461,716,916,412,85,89,138,0,0
QSII,1492,746,746,2009-08-17,2018-09-10,10,150,240,350,166,134,152,110,62,118,0,0,0,0,0,0,0
QSR,3904,1619,2285,2014-12-16,2023-12-16,0,0,0,0,0,8,490,448,504,550,906,393,157,155,293,0,0
QTEC,114,57,57,2012-02-13,2020-05-04,0,0,0,6,2,2,0,2,2,0,80,20,0,0,0,0,0
QTM,794,397,397,2009-10-28,2019-01-15,2,28,86,70,60,62,142,86,92,160,6,0,0,0,0,0,0
QTNT,708,354,354,2014-04-12,2020-06-10,0,0,0,0,0,20,34,96,94,214,138,112,0,0,0,0,0
QTRX,204,0,204,2017-12-01,2023-12-04,0,0,0,0,0,0,0,0,3,1,4,7,23,19,147,0,0
QTS,1386,693,693,2013-10-09,2020-06-10,0,0,0,0,28,48,200,212,120,304,328,146,0,0,0,0,0
QTUM,30,0,30,2020-02-11,2023-11-30,0,0,0,0,0,0,0,0,0,0,0,2,6,8,14,0,0
QTWN,42,21,21,2015-01-09,2017-01-11,0,0,0,0,0,0,14,22,6,0,0,0,0,0,0,0,0
QTWO,789,297,492,2014-03-06,2023-12-13,0,0,0,0,0,52,66,56,65,130,213,95,26,30,56,0,0
QTWW,378,189,189,2009-09-28,2016-03-23,2,12,102,90,30,56,76,10,0,0,0,0,0,0,0,0,0
QUAD,1083,470,613,2010-11-16,2023-11-01,0,1,39,89,36,27,85,94,65,199,351,57,13,9,18,0,0
QUAL,842,211,631,2013-07-23,2023-12-11,0,0,0,0,16,35,92,146,78,130,128,51,24,49,93,0,0
QUIK,945,378,567,2009-11-17,2023-12-01,2,2,40,40,54,72,134,111,99,120,122,57,22,37,33,0,0
QUMU,296,148,148,2013-11-27,2020-05-29,0,0,0,0,6,12,46,16,32,58,62,64,0,0,0,0,0
QUNR,816,408,408,2013-11-01,2017-03-01,0,0,0,0,52,118,430,214,2,0,0,0,0,0,0,0,0
QURE,1643,717,926,2014-01-02,2023-12-12,0,0,0,0,0,55,247,134,172,335,494,108,21,32,45,0,0
QUS,140,0,140,2015-09-15,2023-12-14,0,0,0,0,0,0,5,10,5,16,11,4,13,36,40,0,0
QVAL,165,52,113,2015-03-05,2023-08-19,0,0,0,0,0,0,38,16,29,41,30,3,0,5,3,0,0
QVCA,566,283,283,2014-10-20,2018-03-12,0,0,0,0,0,34,210,168,124,30,0,0,0,0,0,0,0
QVCB,34,17,17,2014-10-20,2017-09-26,0,0,0,0,0,4,8,12,10,0,0,0,0,0,0,0,0
QVCD,7775,0,7775,2023-11-29,2023-12-16,0,0,0,0,0,0,0,0,0,0,0,0,0,0,7775,0,0
QWLD,60,30,30,2014-06-09,2020-02-07,0,0,0,0,0,6,20,6,8,10,6,4,0,0,0,0,0
QXUS,18,9,9,2014-01-28,2015-09-04,0,0,0,0,0,6,12,0,0,0,0,0,0,0,0,0,0
QYLD,246,51,195,2014-01-21,2023-12-15,0,0,0,0,0,5,7,2,9,54,54,7,33,34,41,0,0
R,2535,716,1819,2009-06-19,2023-12-12,208,29,114,127,129,171,181,123,158,193,356,258,49,278,161,0,0
RA,85,0,85,2009-10-27,2023-11-06,1,0,2,17,0,0,0,0,5,16,3,6,15,6,14,0,0
RAAX,29,0,29,2018-05-22,2023-09-14,0,0,0,0,0,0,0,0,0,1,1,4,6,11,6,0,0
RACE,1132,0,1132,2015-10-20,2023-12-15,0,0,0,0,0,0,5,60,166,147,64,104,145,202,239,0,0
RAD,6870,3435,3435,2009-09-17,2020-06-11,22,226,334,450,616,872,1176,782,940,632,562,258,0,0,0,0,0
RADA,550,275,275,2009-08-26,2020-06-10,2,8,2,16,20,18,62,50,66,90,142,74,0,0,0,0,0
RAFE,1,0,1,2020-04-08,2020-04-08,0,0,0,0,0,0,0,0,0,0,0,1,0,0,0,0,0
RAI,1332,666,666,2009-08-10,2018-10-09,16,92,192,120,100,264,180,216,140,12,0,0,0,0,0,0,0
RAIL,912,456,456,2009-11-06,2020-06-03,4,30,24,98,50,66,144,140,74,124,130,28,0,0,0,0,0
RALS,68,34,34,2011-01-10,2019-06-08,0,0,2,2,2,12,22,2,10,12,4,0,0,0,0,0,0
RALY,210,105,105,2013-04-02,2016-01-11,0,0,0,0,50,98,60,2,0,0,0,0,0,0,0,0,0
RAMP,102,0,102,2021-07-12,2023-12-05,0,0,0,0,0,0,0,0,0,0,0,0,16,37,49,0,0
RAND,332,137,195,2010-07-19,2023-12-07,0,4,4,8,4,17,12,23,37,48,78,55,19,16,7,0,0
RAPT,83,0,83,2019-08-01,2023-11-09,0,0,0,0,0,0,0,0,0,0,8,12,17,23,23,0,0
RARE,1742,813,929,2014-01-30,2023-12-08,0,0,0,0,0,102,178,190,292,382,330,152,4,42,70,0,0
RAS,630,315,315,2010-04-29,2018-05-29,0,2,14,40,36,40,212,128,130,28,0,0,0,0,0,0,0
RATE,768,384,384,2010-05-11,2018-11-08,0,2,78,150,106,98,132,114,84,4,0,0,0,0,0,0,0
RAVE,387,176,211,2015-02-03,2023-09-05,0,0,0,0,0,0,86,83,51,38,85,36,4,2,2,0,0
RAVI,85,18,67,2012-10-11,2023-12-15,0,0,0,6,9,3,13,13,7,14,4,1,4,9,2,0,0
RAVN,1086,543,543,2010-06-24,2020-05-19,0,14,42,94,144,110,120,104,100,240,100,18,0,0,0,0,0
RAX,3330,1665,1665,2009-11-10,2018-03-27,16,214,310,786,420,654,482,436,10,2,0,0,0,0,0,0,0
RBA,1235,551,684,2010-04-01,2023-12-15,0,4,28,66,72,48,142,194,106,150,176,116,0,41,92,0,0
RBB,66,0,66,2021-09-08,2023-12-16,0,0,0,0,0,0,0,0,0,0,0,0,5,37,24,0,0
RBBN,66,0,66,2020-08-06,2023-10-26,0,0,0,0,0,0,0,0,0,0,0,5,17,19,25,0,0
RBC,1570,785,785,2009-08-07,2020-05-27,28,58,104,170,130,98,128,136,134,240,238,106,0,0,0,0,0
RBCAA,355,147,208,2010-07-21,2023-11-15,0,4,22,38,20,12,40,30,22,44,42,20,9,19,33,0,0
RBCN,1058,515,543,2010-02-09,2022-07-05,0,85,170,270,224,147,57,61,12,20,10,0,0,2,0,0,0
RBKB,10,0,10,2021-02-04,2023-02-14,0,0,0,0,0,0,0,0,0,0,0,0,6,2,2,0,0
RBL,870,435,435,2010-03-19,2019-08-23,0,28,90,40,8,46,376,204,72,2,4,0,0,0,0,0,0
RBPAA,46,23,23,2010-10-18,2017-12-04,0,2,4,4,2,2,2,10,20,0,0,0,0,0,0,0,0
RBS,3504,1752,1752,2009-08-10,2020-06-11,32,268,200,338,270,406,496,508,192,288,316,190,0,0,0,0,0
RBY,216,108,108,2009-10-19,2016-04-11,2,4,48,22,2,28,94,16,0,0,0,0,0,0,0,0,0
RCAP,432,216,216,2013-06-05,2016-05-25,0,0,0,0,26,182,204,20,0,0,0,0,0,0,0,0,0
RCB,10,0,10,2020-04-06,2023-11-01,0,0,0,0,0,0,0,0,0,0,0,2,1,4,3,0,0
RCD,1808,904,904,2011-03-30,2020-04-04,0,0,18,22,14,14,410,518,300,306,200,6,0,0,0,0,0
RCEL,52,0,52,2019-12-29,2023-11-22,0,0,0,0,0,0,0,0,0,0,1,7,2,2,40,0,0
RCG,154,75,79,2011-12-10,2022-10-20,0,0,1,0,0,0,0,12,4,72,62,2,0,1,0,0,0
RCI,2121,1007,1114,2009-08-12,2023-12-15,10,48,132,212,292,160,244,146,190,260,268,52,0,28,79,0,0
RCII,2542,1271,1271,2009-08-07,2020-05-27,4,58,146,174,148,172,186,194,420,422,528,90,0,0,0,0,0
RCKT,98,0,98,2018-06-22,2023-12-12,0,0,0,0,0,0,0,0,0,5,9,14,12,23,35,0,0
RCKY,959,455,504,2009-11-02,2023-12-16,4,4,32,20,28,28,128,92,110,274,130,60,7,28,14,0,0
RCL,2381,1146,1235,2009-08-13,2023-12-15,20,152,112,130,100,212,158,170,134,128,210,766,0,0,89,0,0
RCM,96,0,96,2021-01-21,2023-12-14,0,0,0,0,0,0,0,0,0,0,0,0,27,33,36,0,0
RCMT,340,129,211,2009-08-17,2023-12-15,2,8,0,21,10,17,33,28,22,52,40,30,7,34,36,0,0
RCON,529,234,295,2011-09-28,2023-07-03,0,0,4,59,22,24,35,31,47,139,57,81,19,6,5,0,0
RCPI,82,41,41,2014-09-12,2016-08-11,0,0,0,0,0,12,66,4,0,0,0,0,0,0,0,0,0
RCPT,556,278,278,2013-04-25,2016-06-21,0,0,0,0,44,154,350,8,0,0,0,0,0,0,0,0,0
RCS,69,0,69,2009-12-30,2023-09-07,1,0,0,3,12,11,15,9,4,6,2,0,1,2,3,0,0
RCUS,129,0,129,2021-11-21,2023-12-15,0,0,0,0,0,0,0,0,0,0,0,0,4,47,78,0,0
RDC,2838,1419,1419,2009-08-07,2019-11-26,6,124,228,378,202,156,364,404,242,558,176,0,0,0,0,0,0
RDCM,696,307,389,2009-10-22,2023-11-08,2,34,10,12,18,39,79,134,52,186,84,17,2,17,10,0,0
RDEN,804,402,402,2009-11-12,2016-09-19,2,30,74,118,88,254,128,110,0,0,0,0,0,0,0,0,0
RDFN,75,0,75,2023-07-24,2023-12-14,0,0,0,0,0,0,0,0,0,0,0,0,0,0,75,0,0
RDHL,1403,651,752,2013-08-23,2023-11-27,0,0,0,0,16,60,182,134,226,302,174,255,33,10,11,0,0
RDI,581,266,315,2010-11-03,2022-09-23,0,4,8,30,11,19,96,89,67,142,67,41,4,3,0,0,0
RDIB,47,20,27,2012-05-25,2020-03-13,0,0,0,4,0,0,13,4,15,4,3,4,0,0,0,0,0
RDIV,193,55,138,2013-10-07,2023-11-07,0,0,0,0,2,2,3,7,32,56,36,9,8,25,13,0,0
RDN,1225,557,668,2009-08-07,2023-12-14,8,62,102,68,102,86,38,42,42,58,374,132,0,8,103,0,0
RDNT,889,403,486,2009-11-09,2023-12-10,2,10,50,32,38,126,78,66,68,114,160,62,22,26,35,0,0
RDOG,23,0,23,2020-02-26,2023-12-01,0,0,0,0,0,0,0,0,0,0,0,5,4,6,8,0,0
RDS.A,2746,1373,1373,2010-02-14,2020-06-04,0,62,86,54,20,24,54,36,32,632,1418,328,0,0,0,0,0
RDUS,1392,672,720,2014-04-25,2023-12-15,0,0,0,0,0,84,256,166,240,324,200,79,15,23,5,0,0
RDVT,14,0,14,2020-03-14,2023-05-25,0,0,0,0,0,0,0,0,0,0,0,3,5,4,2,0,0
RDVY,294,51,243,2014-01-28,2023-11-14,0,0,0,0,0,26,19,31,39,42,38,19,26,33,21,0,0
RDWR,1040,484,556,2009-09-02,2023-12-04,6,100,50,106,94,60,114,76,66,142,106,64,21,21,14,0,0
RDY,1987,948,1039,2009-09-25,2023-12-08,6,66,146,158,126,166,176,150,128,326,314,134,0,0,91,0,0
RE,1670,835,835,2009-11-24,2020-05-22,2,34,104,138,254,140,138,94,162,242,262,100,0,0,0,0,0
REAL,85,0,85,2021-11-16,2023-12-14,0,0,0,0,0,0,0,0,0,0,0,0,14,32,39,0,0
RECN,858,429,429,2010-03-16,2020-04-03,0,22,66,96,32,44,92,114,48,134,170,40,0,0,0,0,0
RECS,5,0,5,2020-06-05,2023-09-21,0,0,0,0,0,0,0,0,0,0,0,1,0,1,3,0,0
REE,576,288,288,2010-10-20,2016-02-01,0,108,216,136,30,20,58,8,0,0,0,0,0,0,0,0,0
REED,842,421,421,2010-03-09,2020-06-03,0,12,20,76,24,26,72,72,74,180,230,56,0,0,0,0,0
REET,140,70,70,2019-04-16,2020-03-26,0,0,0,0,0,0,0,0,0,0,138,2,0,0,0,0,0
REFR,457,196,261,2010-06-18,2023-02-14,0,5,7,12,9,60,41,53,26,67,147,16,7,6,1,0,0
REG,1942,916,1026,2009-08-10,2023-12-15,2,26,80,108,110,164,182,132,268,352,282,126,0,7,103,0,0
REGI,1266,633,633,2011-07-18,2020-06-08,0,0,4,62,98,52,182,126,90,250,310,92,0,0,0,0,0
REGL,202,0,202,2016-06-29,2023-12-01,0,0,0,0,0,0,0,32,65,29,11,11,8,26,20,0,0
REGN,7394,3638,3756,2010-03-21,2023-12-16,0,56,262,282,236,254,788,1104,1062,1274,1110,848,0,0,118,0,0
REI,680,288,392,2013-12-16,2023-10-04,0,0,0,0,4,30,40,42,70,168,194,50,21,44,17,0,0
REIS,360,180,180,2009-12-17,2018-10-08,2,0,16,22,22,56,68,50,40,84,0,0,0,0,0,0,0
REK,27,0,27,2010-07-06,2023-10-18,0,1,0,0,2,0,5,3,1,4,0,1,1,3,6,0,0
REKR,63,0,63,2020-08-27,2023-11-07,0,0,0,0,0,0,0,0,0,0,0,7,24,13,19,0,0
RELL,636,264,372,2010-04-19,2023-12-07,0,10,28,56,48,32,74,62,38,88,64,28,1,48,59,0,0
RELV,225,109,116,2010-11-10,2020-05-29,0,4,8,16,10,10,26,35,45,30,22,19,0,0,0,0,0
RELX,92,0,92,2019-09-25,2023-12-15,0,0,0,0,0,0,0,0,0,0,4,7,11,31,39,0,0
REM,2287,1039,1248,2010-03-05,2023-11-01,0,4,14,52,36,18,330,500,285,503,482,28,10,15,10,0,0
REMX,539,210,329,2010-11-05,2023-10-10,0,16,110,49,10,6,56,37,61,47,88,9,29,10,11,0,0
REMY,112,56,56,2013-02-28,2015-10-14,0,0,0,0,6,36,70,0,0,0,0,0,0,0,0,0,0
REN,1180,590,590,2010-03-25,2019-08-12,0,8,36,62,56,70,130,330,166,292,30,0,0,0,0,0,0
RENN,1526,763,763,2011-05-04,2020-06-03,0,0,260,366,222,84,172,74,56,164,84,44,0,0,0,0,0
RENT,1034,517,517,2010-03-16,2016-02-01,0,12,108,102,108,304,366,34,0,0,0,0,0,0,0,0,0
REPH,896,448,448,2014-03-07,2020-05-15,0,0,0,0,0,46,102,138,82,198,260,70,0,0,0,0,0
REPL,52,0,52,2019-04-15,2023-12-05,0,0,0,0,0,0,0,0,0,0,3,7,7,5,30,0,0
RES,1494,691,803,2009-08-12,2023-12-15,2,40,124,88,40,64,110,114,156,198,358,88,0,21,91,0,0
RESD,2,0,2,2021-06-15,2023-12-06,0,0,0,0,0,0,0,0,0,0,0,0,1,0,1,0,0
RESE,2,0,2,2022-03-29,2023-05-23,0,0,0,0,0,0,0,0,0,0,0,0,0,1,1,0,0
RESI,990,495,495,2013-04-22,2020-06-11,0,0,0,0,32,110,242,138,78,138,138,114,0,0,0,0,0
RESN,708,354,354,2014-05-29,2020-06-03,0,0,0,0,0,18,106,78,68,186,184,68,0,0,0,0,0
RESP,15,0,15,2020-05-12,2023-02-23,0,0,0,0,0,0,0,0,0,0,0,1,4,9,1,0,0
RETL,171,26,145,2010-07-14,2023-12-13,0,1,0,4,13,9,14,11,26,22,18,10,15,12,16,0,0
RETO,12,0,12,2017-12-01,2022-01-25,0,0,0,0,0,0,0,0,1,4,0,0,3,4,0,0,0
REV,1172,586,586,2009-10-30,2020-06-09,6,18,84,84,106,46,68,130,100,212,284,34,0,0,0,0,0
REVG,97,0,97,2021-12-15,2023-12-14,0,0,0,0,0,0,0,0,0,0,0,0,4,34,59,0,0
REVS,4,0,4,2021-06-01,2022-03-04,0,0,0,0,0,0,0,0,0,0,0,0,3,1,0,0,0
REW,136,56,80,2010-01-28,2023-07-24,0,3,6,7,0,3,2,0,1,3,100,2,2,6,1,0,0
REX,768,331,437,2011-06-01,2023-12-13,0,0,20,32,16,34,116,90,54,154,130,16,20,58,28,0,0
REXI,282,141,141,2010-11-22,2016-09-09,0,10,16,14,18,36,66,122,0,0,0,0,0,0,0,0,0
REXR,1004,502,502,2013-07-22,2020-06-11,0,0,0,0,30,52,108,108,122,186,278,120,0,0,0,0,0
REXX,952,476,476,2009-12-08,2018-08-31,2,36,72,130,58,128,208,174,84,60,0,0,0,0,0,0,0
REYN,89,0,89,2021-08-13,2023-11-17,0,0,0,0,0,0,0,0,0,0,0,0,10,36,43,0,0
REZ,327,55,272,2012-05-01,2023-12-16,0,0,0,2,0,2,0,2,82,89,113,16,5,4,12,0,0
REZI,77,0,77,2021-07-15,2023-12-16,0,0,0,0,0,0,0,0,0,0,0,0,14,30,33,0,0
RF,5157,2528,2629,2009-05-27,2023-12-14,50,432,638,940,370,196,438,396,304,460,532,300,0,0,101,0,0
RFCI,4,0,4,2016-06-21,2022-10-03,0,0,0,0,0,0,0,1,0,0,0,0,1,2,0,0,0
RFDA,14,0,14,2018-01-25,2023-06-08,0,0,0,0,0,0,0,0,0,3,8,0,0,2,1,0,0
RFDI,4,0,4,2016-04-18,2017-06-29,0,0,0,0,0,0,0,2,2,0,0,0,0,0,0,0,0
RFEM,6,0,6,2016-06-21,2017-12-29,0,0,0,0,0,0,0,2,4,0,0,0,0,0,0,0,0
RFEU,6,0,6,2016-04-18,2023-09-08,0,0,0,0,0,0,0,3,1,0,0,0,0,1,1,0,0
RFFC,12,0,12,2016-06-14,2022-11-07,0,0,0,0,0,0,0,1,0,3,6,0,0,2,0,0,0
RFG,82,41,41,2011-08-24,2020-04-30,0,0,8,6,0,2,18,12,10,12,10,4,0,0,0,0,0
RFI,31,0,31,2010-03-02,2023-06-05,0,2,2,1,5,3,4,1,2,2,2,2,1,2,2,0,0
RFIL,541,231,310,2010-06-30,2023-09-29,0,4,18,21,33,31,43,50,24,179,78,17,9,25,9,0,0
RFP,914,457,457,2012-08-02,2020-06-05,0,0,0,26,82,96,124,126,86,192,118,64,0,0,0,0,0
RFT,4,2,2,2012-01-09,2018-05-11,0,0,0,2,0,0,0,0,0,2,0,0,0,0,0,0,0
RFTA,10,5,5,2018-12-17,2019-09-06,0,0,0,0,0,0,0,0,0,2,8,0,0,0,0,0,0
RFV,70,35,35,2010-03-09,2020-04-30,0,4,0,0,2,2,2,20,6,10,22,2,0,0,0,0,0
RGA,1502,703,799,2010-01-11,2023-12-15,0,12,68,140,116,116,184,104,148,218,204,96,0,0,96,0,0
RGCO,622,247,375,2010-09-30,2023-12-08,0,4,10,16,6,6,24,62,70,140,136,65,13,19,51,0,0
RGDO,176,88,88,2013-04-29,2015-05-07,0,0,0,0,14,86,76,0,0,0,0,0,0,0,0,0,0
RGDX,168,84,84,2010-05-11,2016-03-28,0,6,16,34,46,36,28,2,0,0,0,0,0,0,0,0,0
RGEN,1280,591,689,2009-12-09,2023-12-13,4,6,46,98,60,62,92,76,104,170,296,168,0,30,68,0,0
RGI,108,54,54,2011-07-22,2020-02-17,0,0,4,2,0,0,0,0,2,0,98,2,0,0,0,0,0
RGLD,2527,1205,1322,2009-11-06,2023-12-16,6,40,142,210,104,86,302,376,154,294,440,256,0,7,110,0,0
RGLS,707,301,406,2012-10-04,2023-10-05,0,0,0,16,14,47,133,116,94,179,71,17,4,7,9,0,0
RGP,444,188,256,2011-08-24,2023-12-06,0,0,16,60,80,114,88,0,0,0,0,18,5,41,22,0,0
RGR,3551,1724,1827,2010-01-13,2023-12-05,0,28,92,690,464,206,262,610,284,430,330,52,14,64,25,0,0
RGRA,56,28,28,2012-11-15,2015-07-06,0,0,0,2,0,6,48,0,0,0,0,0,0,0,0,0,0
RGRC,78,39,39,2012-11-15,2015-07-06,0,0,0,2,0,8,68,0,0,0,0,0,0,0,0,0,0
RGRI,70,35,35,2012-11-15,2015-07-06,0,0,0,2,0,6,62,0,0,0,0,0,0,0,0,0,0
RGRP,24,12,12,2012-11-15,2015-07-07,0,0,0,2,0,4,18,0,0,0,0,0,0,0,0,0,0
RGS,1002,467,535,2010-01-08,2023-12-16,0,48,116,120,70,56,66,68,52,104,154,103,17,13,15,0,0
RGSE,802,401,401,2014-03-06,2020-02-10,0,0,0,0,0,82,220,92,166,156,78,8,0,0,0,0,0
RGT,46,20,26,2015-12-09,2021-12-09,0,0,0,0,0,0,1,0,0,11,0,33,1,0,0,0,0
RH,2193,1048,1145,2012-11-02,2023-12-15,0,0,0,40,148,192,164,370,424,292,320,146,0,0,97,0,0
RHE,18,0,18,2019-04-22,2023-09-21,0,0,0,0,0,0,0,0,0,0,3,7,4,3,1,0,0
RHI,2010,948,1062,2009-11-10,2023-12-14,4,42,100,178,152,134,170,188,122,334,312,160,0,0,114,0,0
RHP,1061,485,576,2012-10-03,2023-12-15,0,0,0,24,66,30,130,78,92,180,254,116,0,26,65,0,0
RHS,118,59,59,2011-09-08,2020-04-16,0,0,4,2,2,2,0,6,2,0,86,14,0,0,0,0,0
RHT,4182,2091,2091,2009-08-17,2019-11-15,36,216,298,256,298,252,418,536,482,948,442,0,0,0,0,0,0
RIBT,396,186,210,2014-01-03,2022-07-19,0,0,0,0,0,39,38,64,37,94,97,21,5,1,0,0,0
RIC,200,100,100,2009-08-07,2019-07-06,4,12,24,12,0,2,10,28,96,4,8,0,0,0,0,0,0
RICE,952,476,476,2014-01-13,2019-08-21,0,0,0,0,0,142,248,260,294,6,2,0,0,0,0,0,0
RICK,1082,492,590,2010-01-11,2023-12-14,0,50,56,48,64,48,82,90,76,200,190,80,0,55,43,0,0
RIF,34,17,17,2011-08-01,2020-05-12,0,0,2,4,0,0,2,2,4,0,16,4,0,0,0,0,0
RIG,3713,1798,1915,2009-09-18,2023-12-12,20,530,472,376,390,362,314,258,174,156,298,246,0,0,117,0,0
RIGL,1373,626,747,2010-02-16,2023-12-08,0,20,30,100,126,40,106,156,134,302,168,93,34,32,32,0,0
RIGP,444,222,222,2014-07-22,2017-02-14,0,0,0,0,0,68,140,234,2,0,0,0,0,0,0,0,0
RIGS,12,6,6,2018-08-13,2019-11-01,0,0,0,0,0,0,0,0,0,6,6,0,0,0,0,0,0
RILY,157,0,157,2021-02-27,2023-12-15,0,0,0,0,0,0,0,0,0,0,0,0,52,50,55,0,0
RILYG,107,0,107,2023-12-16,2023-12-16,0,0,0,0,0,0,0,0,0,0,0,0,0,0,107,0,0
RILYM,106,0,106,2023-12-16,2023-12-16,0,0,0,0,0,0,0,0,0,0,0,0,0,0,106,0,0
RILYN,109,0,109,2023-12-16,2023-12-16,0,0,0,0,0,0,0,0,0,0,0,0,0,0,109,0,0
RILYO,111,0,111,2023-12-16,2023-12-16,0,0,0,0,0,0,0,0,0,0,0,0,0,0,111,0,0
RILYP,103,0,103,2023-12-16,2023-12-16,0,0,0,0,0,0,0,0,0,0,0,0,0,0,103,0,0
RILYZ,122,0,122,2023-12-16,2023-12-16,0,0,0,0,0,0,0,0,0,0,0,0,0,0,122,0,0
RINF,135,50,85,2013-02-07,2023-12-04,0,0,0,0,1,1,5,10,1,6,99,2,0,8,2,0,0
RING,169,23,146,2012-03-27,2023-12-04,0,0,0,10,7,14,20,25,17,28,13,21,0,3,11,0,0
RIO,2256,1032,1224,2009-08-07,2023-12-16,10,146,258,150,106,120,120,170,86,86,610,202,0,0,192,0,0
RIOM,116,58,58,2014-04-04,2018-02-12,0,0,0,0,0,48,62,4,0,2,0,0,0,0,0,0,0
RIT,104,52,52,2012-08-13,2019-01-09,0,0,0,2,0,0,2,0,0,96,4,0,0,0,0,0,0
RITT,200,100,100,2009-09-21,2019-09-30,2,18,44,32,12,30,34,26,0,0,2,0,0,0,0,0,0
RIV,72,0,72,2015-12-31,2022-09-16,0,0,0,0,0,0,1,11,11,13,4,4,21,7,0,0,0
RIVR,72,36,36,2010-10-26,2016-02-05,0,2,4,10,4,14,34,4,0,0,0,0,0,0,0,0,0
RJA,110,55,55,2012-07-18,2019-12-31,0,0,0,2,0,0,2,2,4,0,100,0,0,0,0,0,0
RJET,1210,605,605,2009-08-16,2016-03-26,4,64,96,156,202,212,394,82,0,0,0,0,0,0,0,0,0
RJF,2041,968,1073,2009-08-16,2023-12-16,10,64,112,278,190,104,154,120,232,222,292,158,0,91,14,0,0
RJI,102,51,51,2011-06-16,2019-12-12,0,0,2,0,0,0,0,0,0,18,82,0,0,0,0,0,0
RJN,100,50,50,2018-07-26,2019-12-11,0,0,0,0,0,0,0,0,0,48,52,0,0,0,0,0,0
RJZ,102,51,51,2012-10-02,2019-12-12,0,0,0,2,0,0,0,0,0,0,100,0,0,0,0,0,0
RKDA,58,0,58,2015-02-17,2023-11-28,0,0,0,0,0,0,5,0,1,5,14,2,3,9,19,0,0
RKT,922,461,461,2010-01-15,2020-05-28,0,28,140,210,234,132,176,0,0,0,0,2,0,0,0,0,0
RKUS,780,390,390,2012-11-16,2016-08-31,0,0,0,58,146,204,222,150,0,0,0,0,0,0,0,0,0
RL,6628,2468,4160,2009-08-07,2023-12-14,16,201,392,645,440,436,674,702,588,788,771,375,119,187,294,0,0
RLD,594,297,297,2010-07-16,2016-08-29,0,10,108,94,82,122,144,34,0,0,0,0,0,0,0,0,0
RLGT,885,376,509,2012-01-09,2023-06-04,0,0,0,30,66,125,101,99,111,108,198,35,2,2,8,0,0
RLGY,1726,863,863,2012-10-11,2020-06-11,0,0,0,84,166,124,116,150,134,182,558,212,0,0,0,0,0
RLH,752,376,376,2010-06-01,2020-06-09,0,14,78,80,58,20,78,52,50,120,162,40,0,0,0,0,0
RLI,2916,892,2024,2009-08-13,2023-12-16,4,49,101,68,216,310,316,216,279,461,376,131,25,174,190,0,0
RLJ,1362,553,809,2011-05-11,2023-11-29,0,0,34,49,86,147,157,156,162,213,164,114,16,20,44,0,0
RLJE,228,114,114,2013-04-10,2018-10-31,0,0,0,0,20,16,28,52,34,78,0,0,0,0,0,0,0
RLMD,52,0,52,2019-10-15,2023-11-10,0,0,0,0,0,0,0,0,0,0,6,5,11,23,7,0,0
RLOC,390,195,195,2010-07-28,2019-10-29,0,4,42,64,40,86,68,84,0,0,2,0,0,0,0,0,0
RLOG,272,136,136,2011-01-25,2019-06-28,0,0,24,20,24,44,36,56,66,0,2,0,0,0,0,0,0
RLY,104,43,61,2012-07-12,2022-12-30,0,0,0,5,3,10,23,19,10,19,8,0,2,5,0,0,0
RLYP,472,236,236,2013-11-15,2018-05-08,0,0,0,0,24,32,122,284,8,2,0,0,0,0,0,0,0
RM,842,325,517,2012-03-28,2023-11-28,0,0,0,32,122,70,140,80,47,72,108,96,17,28,30,0,0
RMAX,956,388,568,2013-08-20,2023-11-03,0,0,0,0,54,98,120,90,92,138,208,83,15,21,37,0,0
RMBI,17,0,17,2020-09-01,2023-05-19,0,0,0,0,0,0,0,0,0,0,0,2,10,3,2,0,0
RMBL,93,0,93,2017-09-01,2023-10-20,0,0,0,0,0,0,0,0,1,1,9,17,14,23,28,0,0
RMBS,3056,1172,1884,2009-09-16,2023-12-16,20,217,322,251,347,344,270,240,173,342,211,79,32,41,167,0,0
RMCF,482,213,269,2010-02-04,2023-07-25,0,14,24,52,33,36,86,65,41,72,27,16,8,3,5,0,0
RMD,3416,1293,2123,2010-02-08,2023-12-11,0,33,91,183,375,138,188,244,254,466,709,454,81,81,119,0,0
RMGN,248,124,124,2014-05-08,2018-10-04,0,0,0,0,0,32,54,66,40,56,0,0,0,0,0,0,0
RMI,32,0,32,2015-07-22,2021-12-17,0,0,0,0,0,0,2,6,0,2,5,5,12,0,0,0,0
RMM,7,0,7,2021-10-13,2023-04-06,0,0,0,0,0,0,0,0,0,0,0,0,3,3,1,0,0
RMNI,66,0,66,2019-08-09,2023-11-08,0,0,0,0,0,0,0,0,0,0,3,7,13,33,10,0,0
RMP,422,211,211,2014-12-15,2018-11-14,0,0,0,0,0,14,74,138,102,94,0,0,0,0,0,0,0
RMR,141,0,141,2016-04-20,2023-12-08,0,0,0,0,0,0,0,8,19,28,13,10,12,34,17,0,0
RMT,21,0,21,2012-11-30,2023-11-06,0,0,0,1,3,3,4,2,0,0,0,0,2,1,5,0,0
RMTI,1447,636,811,2009-09-30,2023-11-14,2,4,24,46,125,119,211,141,117,238,217,138,13,10,42,0,0
RNA,396,160,236,2013-07-23,2023-12-11,0,0,0,0,62,222,36,0,0,0,0,3,5,26,42,0,0
RNDY,372,186,186,2012-02-08,2016-07-13,0,0,0,96,44,38,192,2,0,0,0,0,0,0,0,0,0
RNE,4,2,2,2012-01-11,2012-06-24,0,0,0,4,0,0,0,0,0,0,0,0,0,0,0,0,0
RNEM,3,0,3,2017-10-31,2023-07-25,0,0,0,0,0,0,0,0,1,1,0,0,0,0,1,0,0
RNET,610,305,305,2011-03-29,2020-06-10,0,0,28,58,58,78,88,44,32,88,72,64,0,0,0,0,0
RNF,660,330,330,2011-10-26,2017-02-21,0,0,18,262,142,50,134,52,2,0,0,0,0,0,0,0,0
RNG,2256,872,1384,2010-06-28,2023-12-14,0,1,0,0,36,90,112,108,132,329,661,471,66,107,143,0,0
RNGR,104,0,104,2017-08-01,2023-12-01,0,0,0,0,0,0,0,0,3,7,1,8,4,12,69,0,0
RNLC,31,0,31,2017-08-23,2020-07-06,0,0,0,0,0,0,0,0,3,15,8,5,0,0,0,0,0
RNMC,42,0,42,2017-08-08,2022-02-16,0,0,0,0,0,0,0,0,4,10,21,6,0,1,0,0,0
RNN,642,321,321,2010-03-22,2019-06-04,0,20,44,58,30,60,80,50,94,110,96,0,0,0,0,0,0
RNP,183,55,128,2010-09-24,2023-03-17,0,1,0,1,3,4,3,5,14,13,98,26,12,2,1,0,0
RNR,1576,788,788,2009-11-10,2020-06-05,10,20,120,174,90,152,208,122,108,238,250,84,0,0,0,0,0
RNSC,28,0,28,2017-09-19,2023-07-10,0,0,0,0,0,0,0,0,3,12,11,0,1,0,1,0,0
RNST,564,282,282,2010-04-22,2020-04-28,0,18,26,46,38,40,62,90,26,102,96,20,0,0,0,0,0
RNWK,436,218,218,2009-11-12,2020-06-08,4,38,34,34,14,30,52,32,28,60,48,62,0,0,0,0,0
ROAD,190,0,190,2018-07-03,2023-12-16,0,0,0,0,0,0,0,0,0,6,7,9,19,34,115,0,0
ROAM,13,0,13,2015-03-05,2023-11-22,0,0,0,0,0,0,2,0,0,2,0,0,0,1,8,0,0
ROBO,231,47,184,2013-10-23,2023-12-14,0,0,0,0,7,9,4,8,32,44,59,13,5,8,42,0,0
ROBT,46,0,46,2018-02-26,2023-12-14,0,0,0,0,0,0,0,0,0,4,2,1,2,3,34,0,0
ROC,744,372,372,2009-08-13,2019-09-28,4,48,90,158,242,164,30,2,0,4,2,0,0,0,0,0,0
ROCK,1794,595,1199,2009-08-28,2023-12-14,2,12,27,37,206,231,237,256,141,168,235,98,20,52,72,0,0
RODE,6,0,6,2023-06-06,2023-11-22,0,0,0,0,0,0,0,0,0,0,0,0,0,0,6,0,0
RODI,100,50,50,2016-08-11,2019-12-05,0,0,0,0,0,0,0,12,12,36,40,0,0,0,0,0,0
RODM,36,0,36,2015-03-05,2023-11-17,0,0,0,0,0,0,1,0,3,2,4,4,1,7,14,0,0
ROG,1668,469,1199,2009-08-10,2023-12-08,2,14,71,62,64,93,76,114,131,148,230,272,193,156,42,0,0
ROIAK,120,60,60,2010-10-01,2017-05-04,0,6,18,8,14,10,34,22,8,0,0,0,0,0,0,0,0
ROIC,1109,369,740,2010-05-21,2023-12-12,0,4,33,25,47,63,124,186,166,168,143,70,24,33,23,0,0
ROIQ,16,8,8,2013-05-02,2015-10-26,0,0,0,0,2,0,14,0,0,0,0,0,0,0,0,0,0
ROIQU,2,1,1,2013-05-02,2013-05-02,0,0,0,0,2,0,0,0,0,0,0,0,0,0,0,0,0
ROIQW,2,1,1,2013-05-02,2013-05-02,0,0,0,0,2,0,0,0,0,0,0,0,0,0,0,0,0
ROK,3595,1352,2243,2009-11-03,2023-12-16,7,61,153,209,190,148,400,285,405,480,632,275,67,101,182,0,0
ROKA,54,27,27,2014-08-11,2017-12-20,0,0,0,0,0,10,0,18,26,0,0,0,0,0,0,0,0
ROKT,13,0,13,2020-06-02,2023-02-16,0,0,0,0,0,0,0,0,0,0,0,4,6,1,2,0,0
ROKU,2702,0,2702,2017-09-20,2023-12-16,0,0,0,0,0,0,0,0,138,327,628,167,0,637,805,0,0
ROL,1744,568,1176,2010-01-27,2023-12-13,0,22,20,46,61,55,162,134,123,237,340,194,46,123,181,0,0
ROLA,100,50,50,2018-03-04,2019-11-03,0,0,0,0,0,0,0,0,0,84,16,0,0,0,0,0,0
ROLL,904,452,452,2010-03-30,2020-05-20,0,8,34,62,74,52,194,50,50,142,182,56,0,0,0,0,0
ROM,24,0,24,2009-04-08,2023-10-23,1,2,0,3,0,2,0,2,3,1,0,2,2,3,3,0,0
ROMO,3,0,3,2019-11-25,2022-04-26,0,0,0,0,0,0,0,0,0,0,1,0,0,2,0,0,0
ROOF,317,57,260,2011-06-14,2023-05-10,0,0,6,4,42,31,29,34,28,25,112,3,1,1,1,0,0
ROP,3462,1269,2193,2010-01-07,2023-12-16,0,33,142,205,176,180,256,224,276,590,780,225,57,154,164,0,0
RORO,20,10,10,2014-09-19,2016-09-03,0,0,0,0,0,4,6,10,0,0,0,0,0,0,0,0,0
ROSC,11,0,11,2020-08-25,2023-10-31,0,0,0,0,0,0,0,0,0,0,0,1,2,0,8,0,0
ROSE,1322,661,661,2009-11-13,2020-06-10,4,50,180,108,138,84,264,2,48,202,176,66,0,0,0,0,0
ROST,2011,0,2011,2010-03-22,2023-12-13,0,16,22,83,104,78,117,173,304,276,82,98,98,221,339,0,0
ROUS,42,0,42,2015-03-05,2023-11-30,0,0,0,0,0,0,3,0,0,14,1,0,0,0,24,0,0
ROVI,1410,705,705,2010-01-04,2017-12-07,0,144,238,222,118,186,282,218,2,0,0,0,0,0,0,0,0
ROX,404,202,202,2010-11-15,2019-10-15,0,2,10,12,14,50,84,36,54,58,84,0,0,0,0,0,0
ROYL,290,145,145,2010-06-16,2019-12-20,0,8,100,48,52,48,22,4,0,2,6,0,0,0,0,0,0
RP,1298,649,649,2010-12-10,2020-05-28,0,10,34,106,52,126,60,114,162,256,274,104,0,0,0,0,0
RPAI,790,395,395,2012-04-04,2020-06-11,0,0,0,42,36,64,86,110,88,130,132,102,0,0,0,0,0
RPAR,11,0,11,2021-03-29,2023-11-22,0,0,0,0,0,0,0,0,0,0,0,0,1,3,7,0,0
RPAY,115,0,115,2020-01-19,2023-12-05,0,0,0,0,0,0,0,0,0,0,0,24,28,24,39,0,0
RPD,173,0,173,2015-07-06,2023-11-30,0,0,0,0,0,0,11,2,9,15,25,15,17,25,54,0,0
RPG,310,50,260,2009-08-18,2023-11-15,2,5,7,0,13,24,12,20,20,22,113,16,11,22,23,0,0
RPM,2364,865,1499,2009-08-07,2023-12-14,14,65,123,172,131,167,173,203,131,357,382,180,60,89,117,0,0
RPRX,1055,433,622,2009-08-08,2023-12-14,10,30,44,126,146,168,114,154,68,6,0,27,43,57,62,0,0
RPRXW,2,1,1,2013-01-14,2013-01-14,0,0,0,0,2,0,0,0,0,0,0,0,0,0,0,0,0
RPRXZ,4,2,2,2013-01-08,2013-01-09,0,0,0,0,4,0,0,0,0,0,0,0,0,0,0,0,0
RPT,293,58,235,2011-01-14,2023-12-04,0,0,1,2,6,8,13,21,17,19,75,62,15,22,32,0,0
RPTP,826,413,413,2010-07-14,2019-02-13,0,4,74,92,100,88,256,208,2,0,2,0,0,0,0,0,0
RPTX,70,0,70,2020-06-18,2023-11-20,0,0,0,0,0,0,0,0,0,0,0,4,8,31,27,0,0
RPV,382,25,357,2009-12-14,2023-12-01,1,2,8,11,23,35,19,39,30,45,37,15,37,45,35,0,0
RPX,78,39,39,2012-02-15,2016-06-24,0,0,0,2,0,14,48,14,0,0,0,0,0,0,0,0,0
RQI,211,53,158,2010-09-24,2023-12-08,0,1,0,1,4,3,4,5,15,13,95,40,15,8,7,0,0
RRBI,65,0,65,2020-02-01,2023-11-28,0,0,0,0,0,0,0,0,0,0,0,7,13,27,18,0,0
RRC,6476,2482,3994,2009-10-21,2023-12-16,8,175,345,392,864,603,595,660,835,637,704,214,69,195,180,0,0
RRD,1560,780,780,2009-08-10,2020-06-10,12,34,148,326,164,80,150,168,72,166,160,80,0,0,0,0,0
RRGB,3170,1585,1585,2009-08-17,2020-06-10,2,120,292,208,366,278,480,224,316,348,418,118,0,0,0,0,0
RRR,291,0,291,2010-10-12,2023-12-15,0,1,12,4,0,0,0,15,21,43,26,21,17,54,77,0,0
RRST,146,73,73,2010-08-27,2015-02-02,0,4,30,18,26,56,12,0,0,0,0,0,0,0,0,0,0
RRTS,960,480,480,2011-07-07,2020-04-28,0,0,22,56,66,54,78,140,84,234,176,50,0,0,0,0,0
RS,2861,0,2861,2014-11-13,2023-12-11,0,0,0,0,0,7,55,63,1549,615,35,38,59,237,203,0,0
RSCO,74,37,37,2015-01-28,2019-09-04,0,0,0,0,0,0,20,12,10,24,8,0,0,0,0,0,0
RSE,266,133,133,2012-01-31,2019-07-30,0,0,0,28,16,66,72,76,0,0,8,0,0,0,0,0,0
RSF,22,0,22,2019-11-12,2022-01-09,0,0,0,0,0,0,0,0,0,0,1,6,13,2,0,0,0
RSG,3133,1047,2086,2009-10-29,2023-12-14,3,103,161,258,147,196,240,236,239,396,425,330,91,144,164,0,0
RSH,2560,1280,1280,2009-09-14,2017-03-10,30,246,380,704,360,614,218,0,8,0,0,0,0,0,0,0,0
RSO,826,413,413,2009-12-21,2018-05-04,2,22,14,26,28,34,304,262,86,48,0,0,0,0,0,0,0
RSP,6153,2706,3447,2009-06-04,2023-12-16,3,31,37,14,41,26,40,53,79,51,5280,91,99,150,158,0,0
RSPP,1106,553,553,2014-01-17,2018-12-06,0,0,0,0,0,190,218,288,166,244,0,0,0,0,0,0,0
RSSS,25,0,25,2020-06-29,2023-09-14,0,0,0,0,0,0,0,0,0,0,0,1,3,13,8,0,0
RST,990,495,495,2009-08-17,2020-05-15,2,62,78,48,54,50,122,92,70,64,302,46,0,0,0,0,0
RSTI,360,180,180,2009-11-25,2018-04-17,4,16,48,62,34,28,58,104,2,4,0,0,0,0,0,0,0
RSX,3666,1833,1833,2010-02-08,2020-06-11,0,54,62,38,34,122,666,372,168,374,1276,500,0,0,0,0,0
RSXJ,666,333,333,2011-04-14,2019-12-03,0,0,40,40,22,58,148,112,54,144,48,0,0,0,0,0,0
RSYS,570,285,285,2010-02-03,2019-01-11,0,12,28,56,44,38,96,72,92,128,4,0,0,0,0,0,0
RT,1662,831,831,2009-08-10,2019-08-13,6,54,196,208,178,206,388,264,154,4,4,0,0,0,0,0,0
RTEC,802,401,401,2010-02-02,2020-02-10,0,20,52,76,28,56,154,84,56,162,112,2,0,0,0,0,0
RTGN,76,38,38,2013-08-08,2015-06-16,0,0,0,0,2,36,38,0,0,0,0,0,0,0,0,0,0
RTH,3278,1295,1983,2009-10-22,2023-12-16,10,116,96,109,96,188,626,647,516,470,273,40,11,38,42,0,0
RTI,450,225,225,2009-09-09,2017-04-20,2,26,58,74,60,50,172,0,8,0,0,0,0,0,0,0,0
RTIX,1036,518,518,2010-02-16,2020-05-26,0,14,22,32,40,256,208,84,52,82,110,136,0,0,0,0,0
RTK,432,216,216,2009-08-17,2017-12-19,12,6,56,78,38,48,72,58,64,0,0,0,0,0,0,0,0
RTLA,20,10,10,2014-05-19,2019-06-03,0,0,0,0,0,2,2,2,2,8,4,0,0,0,0,0,0
RTM,112,56,56,2011-07-14,2020-02-21,0,0,6,2,0,0,2,26,20,34,20,2,0,0,0,0,0
RTR,50,25,25,2010-04-05,2018-10-23,0,4,2,2,2,2,12,12,10,4,0,0,0,0,0,0,0
RTRX,724,362,362,2013-02-19,2020-06-08,0,0,0,0,16,56,144,86,80,160,148,34,0,0,0,0,0
RUBI,1180,590,590,2014-03-31,2020-06-11,0,0,0,0,0,84,196,274,126,182,182,136,0,0,0,0,0
RUBY,52,0,52,2018-06-29,2023-02-09,0,0,0,0,0,0,0,0,0,7,7,5,22,10,1,0,0
RUK,116,58,58,2009-11-04,2015-07-01,4,2,10,36,14,26,24,0,0,0,0,0,0,0,0,0,0
RUN,944,0,944,2015-06-25,2023-12-16,0,0,0,0,0,0,9,68,107,89,58,124,142,152,195,0,0
RUSHA,943,336,607,2010-10-21,2023-11-28,0,2,14,23,43,64,51,121,124,176,158,58,16,35,58,0,0
RUSHB,162,67,95,2010-10-21,2023-10-05,0,2,6,8,4,8,12,12,31,26,25,21,4,1,2,0,0
RUSL,1072,536,536,2011-08-08,2020-04-07,0,0,44,8,6,52,354,210,94,226,74,4,0,0,0,0,0
RUSS,1104,552,552,2011-08-08,2019-12-13,0,0,38,26,14,52,372,218,100,212,72,0,0,0,0,0,0
RUTH,1306,653,653,2009-08-17,2020-06-09,6,38,92,82,82,40,128,124,94,296,160,164,0,0,0,0,0
RVBD,2180,1090,1090,2009-08-10,2016-11-29,26,296,468,648,270,430,40,2,0,0,0,0,0,0,0,0,0
RVLT,828,414,414,2013-04-17,2020-04-24,0,0,0,0,54,104,84,126,110,186,152,12,0,0,0,0,0
RVLV,297,0,297,2019-06-06,2023-11-30,0,0,0,0,0,0,0,0,0,0,17,49,73,90,68,0,0
RVM,42,21,21,2011-07-25,2015-06-17,0,0,14,4,2,2,20,0,0,0,0,0,0,0,0,0,0
RVMD,84,0,84,2021-03-30,2023-12-15,0,0,0,0,0,0,0,0,0,0,0,0,12,21,51,0,0
RVNC,1191,496,695,2014-01-02,2023-12-11,0,0,0,0,0,68,129,125,160,244,229,111,32,34,59,0,0
RVNU,142,71,71,2016-01-05,2019-12-11,0,0,0,0,0,0,0,2,0,38,102,0,0,0,0,0,0
RVP,207,86,121,2009-09-01,2023-02-08,2,4,6,8,10,6,26,32,8,22,18,50,8,6,1,0,0
RVSB,270,135,135,2010-10-05,2020-05-08,0,6,16,18,8,4,40,30,20,48,62,18,0,0,0,0,0
RVT,471,203,268,2010-03-19,2023-12-06,0,8,4,1,9,4,17,69,32,140,118,44,9,6,10,0,0
RWC,186,93,93,2009-12-08,2018-03-07,2,8,6,24,12,18,56,36,20,4,0,0,0,0,0,0,0
RWG,38,19,19,2013-08-13,2016-03-02,0,0,0,0,4,2,26,6,0,0,0,0,0,0,0,0,0
RWJ,229,70,159,2009-11-16,2023-11-01,1,3,0,4,12,24,26,26,31,42,25,6,6,9,14,0,0
RWK,134,28,106,2010-01-01,2023-12-11,0,2,0,7,7,12,9,16,18,9,12,5,9,15,13,0,0
RWL,240,54,186,2009-06-04,2023-12-11,2,3,1,0,7,16,8,4,14,3,87,29,10,29,27,0,0
RWLK,1126,515,611,2014-07-10,2023-11-28,0,0,0,0,0,89,119,139,102,146,386,90,24,14,17,0,0
RWM,167,71,96,2010-05-04,2022-08-23,0,1,2,2,0,8,4,3,0,4,139,3,0,1,0,0,0
RWO,189,52,137,2010-06-01,2023-11-15,0,1,3,3,2,1,6,13,22,15,86,19,0,7,11,0,0
RWR,498,58,440,2009-10-23,2023-10-19,1,6,0,12,39,42,55,62,60,44,122,17,3,18,17,0,0
RWT,704,232,472,2009-11-03,2023-12-13,5,30,47,52,41,32,29,56,26,49,55,170,30,43,39,0,0
RWV,102,51,51,2013-03-05,2019-01-12,0,0,0,0,2,0,0,0,0,76,24,0,0,0,0,0,0
RWW,104,52,52,2015-03-01,2019-12-03,0,0,0,0,0,0,4,0,0,20,80,0,0,0,0,0,0
RWX,223,75,148,2009-06-29,2023-06-12,1,2,0,12,5,8,10,13,11,58,92,9,0,1,1,0,0
RWXL,48,24,24,2012-03-29,2016-09-06,0,0,0,2,2,0,20,24,0,0,0,0,0,0,0,0,0
RXD,132,58,74,2009-04-08,2023-11-01,1,1,8,9,0,2,0,2,4,59,38,1,0,6,1,0,0
RXDX,530,265,265,2014-03-13,2018-06-16,0,0,0,0,0,56,166,106,176,26,0,0,0,0,0,0,0
RXI,80,40,40,2011-05-31,2020-05-04,0,0,6,6,0,0,4,10,10,20,16,8,0,0,0,0,0
RXII,698,349,349,2010-01-14,2018-11-19,0,10,54,6,6,40,86,94,64,338,0,0,0,0,0,0,0
RXL,166,56,110,2009-04-08,2023-02-28,1,3,4,5,6,3,0,6,0,62,47,3,7,16,3,0,0
RY,1785,0,1785,2009-06-09,2023-12-16,2,6,6,34,61,84,59,112,127,101,62,218,274,295,344,0,0
RYAAY,2474,1237,1237,2009-12-03,2020-06-03,10,74,52,114,246,182,434,270,190,350,346,206,0,0,0,0,0
RYAM,361,73,288,2014-06-30,2023-10-23,0,0,0,0,0,14,32,23,51,96,49,37,12,21,26,0,0
RYE,114,57,57,2011-11-02,2020-03-11,0,0,4,8,2,0,0,0,0,0,96,4,0,0,0,0,0
RYH,42,21,21,2011-07-13,2019-11-25,0,0,4,6,2,0,2,2,4,0,22,0,0,0,0,0,0
RYI,444,222,222,2014-08-05,2020-05-20,0,0,0,0,0,6,56,52,70,110,118,32,0,0,0,0,0
RYJ,46,23,23,2012-01-04,2019-12-10,0,0,0,6,0,0,0,6,12,20,2,0,0,0,0,0,0
RYL,120,60,60,2015-06-16,2016-11-07,0,0,0,0,0,0,108,12,0,0,0,0,0,0,0,0,0
RYLD,10,0,10,2020-09-28,2023-10-05,0,0,0,0,0,0,0,0,0,0,0,1,2,0,7,0,0
RYT,712,356,356,2011-07-20,2020-05-16,0,0,2,16,18,0,46,100,84,276,152,18,0,0,0,0,0
RYTM,110,0,110,2014-08-28,2023-12-15,0,0,0,0,0,1,0,0,6,8,5,10,11,32,37,0,0
RYU,548,274,274,2011-07-22,2020-04-16,0,0,12,6,8,24,102,118,44,140,88,6,0,0,0,0,0
RZB,1,0,1,2017-08-07,2017-08-07,0,0,0,0,0,0,0,0,1,0,0,0,0,0,0,0,0
RZG,225,43,182,2009-08-18,2023-12-08,2,1,5,3,1,7,65,33,29,51,16,5,2,2,3,0,0
RZV,176,0,176,2009-12-14,2023-11-28,1,0,0,2,18,18,25,23,17,26,4,3,11,10,18,0,0
S,1318,659,659,2019-04-18,2020-05-22,0,0,0,0,0,0,0,0,0,0,938,380,0,0,0,0,0
SA,928,351,577,2009-12-31,2023-12-05,1,35,43,14,27,48,66,96,34,67,239,212,9,23,14,0,0
SAA,88,44,44,2011-09-13,2019-11-03,0,0,2,0,0,0,18,10,16,30,12,0,0,0,0,0,0
SAAS,372,186,186,2009-08-13,2019-10-25,2,10,42,44,30,26,106,110,0,0,2,0,0,0,0,0,0
SABR,1375,438,937,2011-05-12,2023-12-11,0,0,2,0,0,66,133,119,148,272,240,145,67,92,91,0,0
SACC,3,0,3,2023-08-03,2023-11-01,0,0,0,0,0,0,0,0,0,0,0,0,0,0,3,0,0
SACH,7,0,7,2023-08-10,2023-10-30,0,0,0,0,0,0,0,0,0,0,0,0,0,0,7,0,0
SAEX,1166,583,583,2013-08-26,2020-06-09,0,0,0,0,18,28,46,156,48,334,438,98,0,0,0,0,0
SAFM,2274,1137,1137,2009-12-08,2020-06-03,6,96,180,206,180,236,300,224,236,258,266,86,0,0,0,0,0
SAFT,131,0,131,2012-03-15,2023-11-28,0,0,0,5,4,6,9,11,16,13,10,8,23,15,11,0,0
SAGE,1705,629,1076,2010-05-25,2023-12-14,0,1,4,0,0,52,148,158,228,351,380,174,62,55,92,0,0
SAGG,418,209,209,2015-01-06,2019-11-15,0,0,0,0,0,0,178,136,22,50,32,0,0,0,0,0,0
SAH,343,0,343,2011-11-18,2023-12-12,0,0,5,16,10,6,19,17,19,32,21,19,32,93,54,0,0
SAIA,1465,554,911,2009-12-22,2023-12-12,8,20,24,65,75,80,115,135,138,169,259,143,40,75,119,0,0
SAIC,358,179,179,2019-06-07,2020-06-04,0,0,0,0,0,0,0,0,0,0,196,162,0,0,0,0,0
SAJA,54,27,27,2014-10-16,2017-04-27,0,0,0,0,0,2,18,14,20,0,0,0,0,0,0,0,0
SAL,222,111,111,2011-08-25,2020-04-28,0,0,4,6,2,14,16,24,50,34,56,16,0,0,0,0,0
SALM,530,265,265,2009-11-17,2020-06-01,2,4,2,36,36,32,104,44,52,110,90,18,0,0,0,0,0
SALT,1054,527,527,2013-12-12,2020-06-09,0,0,0,0,2,60,186,168,122,212,250,54,0,0,0,0,0
SAM,876,438,438,2018-04-25,2020-06-08,0,0,0,0,0,0,0,0,0,216,514,146,0,0,0,0,0
SAMG,240,120,120,2013-06-27,2020-05-04,0,0,0,0,16,12,76,14,18,54,40,10,0,0,0,0,0
SAN,238,119,119,2019-07-03,2020-06-11,0,0,0,0,0,0,0,0,0,0,124,114,0,0,0,0,0
SAND,40,20,20,2020-04-08,2020-05-19,0,0,0,0,0,0,0,0,0,0,0,40,0,0,0,0,0
SANM,1607,653,954,2009-09-07,2023-12-05,2,53,120,81,86,91,194,201,146,195,244,82,24,55,33,0,0
SANW,372,186,186,2010-08-31,2020-05-14,0,4,20,20,36,38,26,30,46,40,94,18,0,0,0,0,0
SAPE,330,165,165,2010-01-11,2016-07-14,0,30,56,82,68,82,10,2,0,0,0,0,0,0,0,0,0
SAR,508,160,348,2011-05-18,2023-10-13,0,0,2,1,7,13,11,16,60,113,157,65,21,18,24,0,0
SARA,88,44,44,2011-07-18,2018-02-21,0,0,8,26,28,12,12,0,0,2,0,0,0,0,0,0,0
SASR,165,0,165,2013-02-07,2023-12-14,0,0,0,0,5,4,4,9,20,17,22,15,16,22,31,0,0
SATS,976,488,488,2009-07-27,2020-06-03,10,88,132,60,66,74,68,60,68,114,188,48,0,0,0,0,0
SAVA,439,0,439,2011-04-25,2023-12-15,0,0,5,0,11,2,1,10,11,26,4,50,185,82,52,0,0
SAVE,6297,3075,3222,2011-05-25,2023-12-14,0,0,88,524,472,688,970,672,558,798,794,586,0,0,147,0,0
SB,1492,635,857,2009-08-07,2023-11-07,20,32,41,67,62,88,204,252,121,199,243,52,31,61,19,0,0
SBAC,2086,1043,1043,2010-02-09,2020-06-09,0,56,98,312,162,106,156,150,254,306,288,198,0,0,0,0,0
SBB,128,56,72,2009-04-08,2023-07-17,1,1,6,4,0,14,24,16,13,25,14,3,0,0,7,0,0
SBBA,772,0,772,2023-12-14,2023-12-16,0,0,0,0,0,0,0,0,0,0,0,0,0,0,772,0,0
SBBX,296,148,148,2011-04-19,2020-05-30,0,0,6,12,0,0,22,20,32,64,56,84,0,0,0,0,0
SBCF,630,246,384,2009-12-01,2023-12-15,2,12,12,24,22,24,39,66,105,103,80,50,20,23,48,0,0
SBFG,82,0,82,2013-05-07,2023-12-14,0,0,0,0,3,3,4,3,6,5,3,3,8,20,24,0,0
SBGI,2821,1211,1610,2009-10-13,2023-12-15,4,45,97,91,229,123,254,250,368,568,495,160,39,28,70,0,0
SBGL,740,370,370,2013-05-21,2020-02-24,0,0,0,0,8,4,8,6,26,272,314,102,0,0,0,0,0
SBI,300,79,221,2010-01-21,2023-05-22,0,2,3,1,10,11,13,17,36,85,35,47,38,0,2,0,0
SBIO,74,37,37,2015-02-17,2020-05-18,0,0,0,0,0,0,8,4,0,2,54,6,0,0,0,0,0
SBLK,2207,860,1347,2009-08-07,2023-12-15,8,24,49,41,95,171,378,264,191,286,338,67,35,162,98,0,0
SBNA,2,1,1,2019-06-26,2019-06-26,0,0,0,0,0,0,0,0,0,0,2,0,0,0,0,0,0
SBND,462,231,231,2012-03-31,2016-10-05,0,0,0,2,2,4,286,168,0,0,0,0,0,0,0,0,0
SBNY,2170,643,1527,2010-01-25,2023-12-14,0,21,81,112,59,122,177,169,114,225,270,134,77,133,476,0,0
SBR,266,133,133,2009-08-07,2020-06-04,2,6,8,10,2,4,38,50,22,38,64,22,0,0,0,0,0
SBRAP,40,20,20,2017-03-21,2018-02-01,0,0,0,0,0,0,0,0,34,6,0,0,0,0,0,0,0
SBS,634,60,574,2010-12-18,2023-12-11,0,1,1,16,56,57,42,106,92,45,91,75,20,16,16,0,0
SBSA,138,69,69,2010-05-27,2016-12-04,0,2,12,38,10,16,38,22,0,0,0,0,0,0,0,0,0
SBSI,175,0,175,2011-08-31,2023-12-15,0,0,1,2,11,7,2,7,16,13,11,8,18,41,38,0,0
SBT,33,0,33,2017-11-09,2023-03-17,0,0,0,0,0,0,0,0,1,6,5,7,0,8,6,0,0
SBUX,8229,821,7408,2014-08-22,2023-12-16,0,0,0,0,0,173,452,698,747,1233,1052,1435,649,904,886,0,0
SBV,692,346,346,2012-10-04,2019-01-06,0,0,0,2,0,8,180,224,66,208,4,0,0,0,0,0,0
SBW,278,139,139,2015-05-18,2019-01-02,0,0,0,0,0,0,18,100,50,106,4,0,0,0,0,0,0
SBY,314,157,157,2012-12-04,2017-03-15,0,0,0,6,50,32,98,84,44,0,0,0,0,0,0,0,0
SC,762,381,381,2014-01-22,2020-06-05,0,0,0,0,0,42,10,22,86,256,238,108,0,0,0,0,0
SCAI,268,134,134,2013-10-30,2017-12-06,0,0,0,0,28,26,74,90,50,0,0,0,0,0,0,0,0
SCC,766,383,383,2010-08-31,2020-02-29,0,10,56,10,4,14,166,198,126,86,94,2,0,0,0,0,0
SCCB,3,0,3,2023-08-03,2023-11-01,0,0,0,0,0,0,0,0,0,0,0,0,0,0,3,0,0
SCCO,1559,440,1119,2010-04-01,2023-12-11,0,8,16,28,31,48,243,171,120,213,251,88,77,139,126,0,0
SCD,127,39,88,2011-06-01,2023-05-16,0,0,8,4,3,7,11,23,8,23,24,7,5,1,3,0,0
SCG,1316,658,658,2011-05-23,2019-08-20,0,0,44,68,32,46,20,116,340,636,14,0,0,0,0,0,0
SCHA,215,15,200,2009-11-05,2023-12-11,1,4,2,6,20,16,9,7,32,12,10,28,14,18,36,0,0
SCHB,993,397,596,2009-11-04,2023-12-08,9,21,12,29,25,14,90,155,169,125,197,118,5,10,14,0,0
SCHC,272,107,165,2010-04-21,2023-11-14,0,3,1,9,9,5,44,46,43,32,39,29,1,4,7,0,0
SCHD,1597,589,1008,2012-03-15,2023-12-15,0,0,0,19,23,30,158,253,181,299,228,166,47,96,97,0,0
SCHE,162,18,144,2010-04-21,2023-12-12,0,7,7,12,12,10,1,13,15,10,16,32,10,5,12,0,0
SCHF,833,343,490,2009-11-04,2023-12-12,5,9,27,7,4,5,48,67,186,72,178,184,16,16,9,0,0
SCHG,154,77,77,2011-10-26,2020-05-14,0,0,2,2,0,0,2,0,4,4,60,80,0,0,0,0,0
SCHH,1136,455,681,2011-09-08,2023-11-29,0,0,2,7,27,28,34,24,22,271,593,70,20,16,22,0,0
SCHJ,5,0,5,2019-11-26,2022-12-08,0,0,0,0,0,0,0,0,0,0,1,1,1,2,0,0,0
SCHL,1070,535,535,2009-11-23,2020-04-21,6,50,80,122,82,76,148,128,78,104,170,26,0,0,0,0,0
SCHM,355,174,181,2012-02-01,2023-11-28,0,0,0,4,0,2,10,20,80,64,84,84,0,0,7,0,0
SCHN,1514,757,757,2009-10-27,2020-04-02,2,52,92,234,102,52,176,148,144,238,230,44,0,0,0,0,0
SCHP,280,140,140,2011-08-03,2020-05-15,0,0,4,2,4,0,0,6,0,2,194,68,0,0,0,0,0
SCHR,54,0,54,2012-08-01,2023-12-06,0,0,0,1,1,0,1,0,2,1,10,8,14,6,10,0,0
SCHV,89,34,55,2012-09-21,2023-10-30,0,0,0,2,4,0,0,2,0,0,0,60,0,2,19,0,0
SCHW,76,38,38,2020-05-07,2020-06-11,0,0,0,0,0,0,0,0,0,0,0,76,0,0,0,0,0
SCHX,73,19,54,2012-06-18,2023-12-16,0,0,0,4,2,0,4,4,4,0,0,20,0,7,28,0,0
SCHZ,34,17,17,2012-09-21,2020-05-31,0,0,0,2,0,0,0,8,2,0,2,20,0,0,0,0,0
SCI,80,40,40,2019-12-07,2020-05-28,0,0,0,0,0,0,0,0,0,0,2,78,0,0,0,0,0
SCIF,398,199,199,2011-12-20,2020-04-27,0,0,6,80,32,6,12,0,44,116,94,8,0,0,0,0,0
SCJ,146,73,73,2011-05-02,2020-04-28,0,0,2,0,4,0,0,0,0,60,72,8,0,0,0,0,0
SCKT,14,0,14,2021-03-09,2022-09-27,0,0,0,0,0,0,0,0,0,0,0,0,9,5,0,0,0
SCL,670,140,530,2010-02-25,2023-12-04,0,2,1,2,3,4,93,60,24,171,106,86,37,42,39,0,0
SCLN,474,237,237,2009-07-27,2017-10-12,6,24,34,66,46,28,140,94,36,0,0,0,0,0,0,0,0
SCM,342,171,171,2012-12-03,2020-05-21,0,0,0,8,10,10,2,6,24,140,110,32,0,0,0,0,0
SCMP,1358,679,679,2010-03-16,2018-05-17,0,14,14,70,110,238,342,194,292,84,0,0,0,0,0,0,0
SCO,1187,526,661,2009-09-03,2023-10-10,10,130,80,7,2,12,15,36,22,5,813,25,12,11,7,0,0
SCOK,266,133,133,2010-03-05,2015-07-13,0,48,62,16,4,80,56,0,0,0,0,0,0,0,0,0,0
SCPB,134,67,67,2011-03-03,2017-10-11,0,0,6,4,2,2,40,40,40,0,0,0,0,0,0,0,0
SCS,693,238,455,2018-10-03,2023-12-14,0,0,0,0,0,0,0,0,0,41,471,85,23,17,56,0,0
SCSC,757,297,460,2009-10-08,2023-11-13,2,28,36,67,71,74,53,76,48,99,92,35,13,40,23,0,0
SCSS,1390,695,695,2009-08-28,2017-11-01,14,26,150,342,188,136,210,174,150,0,0,0,0,0,0,0,0
SCTO,6,3,3,2018-01-03,2019-06-14,0,0,0,0,0,0,0,0,0,4,2,0,0,0,0,0,0
SCTY,4268,2134,2134,2012-11-27,2019-11-13,0,0,0,26,412,576,1414,1824,12,0,4,0,0,0,0,0,0
SCU,60,30,30,2019-07-22,2020-05-14,0,0,0,0,0,0,0,0,0,0,18,42,0,0,0,0,0
SCVL,2060,1030,1030,2009-10-26,2020-05-20,6,24,50,132,76,190,212,184,146,452,530,58,0,0,0,0,0
SCX,139,54,85,2011-03-04,2023-02-13,0,0,8,22,14,14,12,13,13,14,8,13,4,3,1,0,0
SCYX,802,401,401,2014-03-19,2020-06-02,0,0,0,0,0,38,76,182,138,182,142,44,0,0,0,0,0
SCZ,497,167,330,2010-02-28,2023-11-28,0,4,3,12,9,11,58,32,64,80,72,107,21,13,11,0,0
SD,522,100,422,2010-03-26,2023-11-06,0,5,13,21,27,39,77,0,30,104,89,61,25,24,7,0,0
SDCI,5,0,5,2018-05-18,2023-11-28,0,0,0,0,0,0,0,0,0,1,0,1,0,1,2,0,0
SDD,93,41,52,2010-05-17,2023-01-13,0,1,10,5,1,0,14,9,10,26,10,4,0,2,1,0,0
SDEM,29,0,29,2015-03-17,2023-11-13,0,0,0,0,0,0,3,5,4,8,3,0,1,3,2,0,0
SDG,7,0,7,2019-03-13,2023-05-24,0,0,0,0,0,0,0,0,0,0,2,0,2,1,2,0,0
SDGR,175,0,175,2020-02-10,2023-12-16,0,0,0,0,0,0,0,0,0,0,0,21,43,31,80,0,0
SDLP,1520,760,760,2012-11-13,2019-10-11,0,0,0,2,22,202,532,224,152,202,184,0,0,0,0,0,0
SDOG,557,174,383,2012-06-29,2023-12-11,0,0,0,14,26,20,83,105,58,73,36,25,33,52,32,0,0
SDOW,148,74,74,2012-08-15,2020-05-29,0,0,0,4,0,0,0,0,0,2,104,38,0,0,0,0,0
SDP,456,209,247,2009-07-07,2023-10-18,3,7,9,4,14,2,73,105,34,129,54,7,1,4,10,0,0
SDPI,310,155,155,2015-01-06,2020-05-08,0,0,0,0,0,0,24,52,16,130,76,12,0,0,0,0,0
SDR,486,243,243,2012-04-05,2019-11-19,0,0,0,20,14,240,68,38,8,54,44,0,0,0,0,0,0
SDRL,238,119,119,2019-08-27,2020-06-11,0,0,0,0,0,0,0,0,0,0,128,110,0,0,0,0,0
SDS,245,0,245,2009-10-05,2023-10-09,4,21,3,10,6,33,34,50,20,5,11,16,1,21,10,0,0
SDT,384,192,192,2011-05-17,2019-11-19,0,0,42,62,16,104,40,38,10,38,34,0,0,0,0,0,0
SDVY,88,0,88,2017-11-03,2023-11-23,0,0,0,0,0,0,0,0,5,19,15,2,3,15,29,0,0
SDY,1516,252,1264,2009-08-03,2023-12-15,6,28,45,109,125,66,94,179,136,129,260,99,50,113,77,0,0
SDYL,100,50,50,2017-11-19,2019-11-17,0,0,0,0,0,0,0,0,8,54,38,0,0,0,0,0,0
SE,1604,137,1467,2018-11-26,2023-12-11,0,0,0,0,0,0,0,0,0,1,43,437,394,403,326,0,0
SEAC,1194,507,687,2009-09-01,2022-12-13,6,16,40,80,61,125,152,123,87,202,177,65,26,34,0,0,0
SEAS,74,37,37,2020-04-21,2020-06-11,0,0,0,0,0,0,0,0,0,0,0,74,0,0,0,0,0
SEB,455,186,269,2009-08-10,2023-11-06,10,13,12,41,25,32,45,52,41,67,48,29,14,15,11,0,0
SECO,58,0,58,2010-04-07,2023-10-08,0,1,1,0,0,0,0,0,6,20,6,10,6,5,3,0,0
SEE,3221,1190,2031,2009-08-07,2023-12-15,6,19,163,217,301,272,404,243,238,293,583,179,64,121,118,0,0
SEED,815,384,431,2009-09-17,2023-11-21,38,97,64,53,11,28,55,100,41,195,64,49,10,9,1,0,0
SEF,19,0,19,2010-08-06,2023-10-09,0,1,0,1,2,0,1,2,1,2,0,0,1,3,5,0,0
SEIC,1644,584,1060,2010-01-14,2023-12-16,0,22,54,57,64,163,170,230,132,202,221,107,40,83,99,0,0
SEM,1108,554,554,2010-02-10,2020-06-11,0,26,60,98,64,80,134,60,120,164,182,120,0,0,0,0,0
SEMG,1284,642,642,2011-06-15,2020-02-18,0,0,42,90,94,36,88,172,124,224,412,2,0,0,0,0,0
SEMI,90,45,45,2014-04-15,2019-08-25,0,0,0,0,0,8,10,68,2,0,2,0,0,0,0,0,0
SENEA,211,95,116,2010-03-02,2023-07-06,0,4,22,26,4,6,20,28,31,26,24,12,3,4,1,0,0
SENEB,98,49,49,2013-06-05,2020-02-06,0,0,0,0,2,10,14,16,24,12,14,6,0,0,0,0,0
SENS,118,0,118,2021-01-20,2023-11-01,0,0,0,0,0,0,0,0,0,0,0,0,73,28,17,0,0
SERV,818,409,409,2010-03-29,2020-06-11,0,8,20,2,0,36,96,60,82,146,126,242,0,0,0,0,0
SEV,192,96,96,2011-06-13,2019-08-09,0,0,6,6,10,32,30,46,58,2,2,0,0,0,0,0,0
SF,1618,809,809,2009-08-12,2020-05-20,24,64,88,112,72,118,192,154,146,222,314,112,0,0,0,0,0
SFB,4,2,2,2018-05-16,2019-03-24,0,0,0,0,0,0,0,0,0,2,2,0,0,0,0,0,0
SFBC,208,90,118,2012-11-23,2023-04-25,0,0,0,2,7,10,17,18,28,56,48,11,4,3,4,0,0
SFBS,480,198,282,2014-05-12,2023-12-06,0,0,0,0,0,16,54,56,54,82,96,38,0,25,59,0,0
SFE,426,213,213,2009-11-04,2020-06-04,4,12,26,36,14,28,32,42,38,108,60,26,0,0,0,0,0
SFG,916,458,458,2009-12-22,2016-05-06,2,44,146,118,254,120,206,26,0,0,0,0,0,0,0,0,0
SFL,1388,694,694,2009-07-27,2020-05-21,4,30,68,52,44,130,186,232,126,274,216,26,0,0,0,0,0
SFLA,102,51,51,2012-03-04,2019-12-15,0,0,0,2,0,0,0,0,0,0,100,0,0,0,0,0,0
SFLY,2106,1053,1053,2009-12-10,2019-09-25,4,52,222,250,184,254,238,174,142,300,286,0,0,0,0,0,0
SFM,2718,1359,1359,2013-08-01,2020-05-29,0,0,0,0,166,238,420,520,430,394,222,328,0,0,0,0,0
SFN,58,29,29,2010-06-28,2011-08-22,0,12,46,0,0,0,0,0,0,0,0,0,0,0,0,0,0
SFNC,617,291,326,2010-05-15,2023-12-13,0,6,10,10,46,38,62,74,62,118,112,44,0,0,35,0,0
SFS,694,347,347,2014-09-11,2019-07-26,0,0,0,0,0,56,130,82,84,194,148,0,0,0,0,0,0
SFUN,1752,876,876,2010-09-30,2020-06-04,0,8,26,52,404,296,344,176,102,142,166,36,0,0,0,0,0
SFXE,460,230,230,2013-09-25,2016-07-27,0,0,0,0,40,108,276,36,0,0,0,0,0,0,0,0,0
SFY,1970,985,985,2010-02-17,2020-04-29,0,40,72,104,80,194,170,32,2,0,1270,6,0,0,0,0,0
SFYF,16,0,16,2020-07-09,2023-11-15,0,0,0,0,0,0,0,0,0,0,0,2,6,1,7,0,0
SG,124,0,124,2018-11-20,2023-12-01,0,0,0,0,0,0,0,0,0,1,2,4,19,37,61,0,0
SGA,382,191,191,2010-05-11,2020-05-06,0,16,18,44,24,58,54,38,26,52,36,16,0,0,0,0,0
SGAR,102,51,51,2017-06-07,2018-12-31,0,0,0,0,0,0,0,0,2,100,0,0,0,0,0,0,0
SGB,176,88,88,2012-01-03,2020-03-30,0,0,0,14,2,2,26,44,12,36,38,2,0,0,0,0,0
SGBK,120,60,60,2014-05-27,2018-01-08,0,0,0,0,0,12,50,36,20,2,0,0,0,0,0,0,0
SGC,447,206,241,2009-12-29,2023-11-01,2,0,4,20,14,18,46,44,48,80,82,54,0,22,13,0,0
SGDM,106,53,53,2016-04-25,2020-05-19,0,0,0,0,0,0,0,4,0,0,86,16,0,0,0,0,0
SGEN,3300,1650,1650,2009-08-16,2020-06-10,12,62,274,228,172,180,284,402,290,510,640,246,0,0,0,0,0
SGF,132,66,66,2011-05-19,2018-12-17,0,0,4,4,0,0,12,40,24,48,0,0,0,0,0,0,0
SGG,1352,676,676,2009-10-26,2020-06-04,6,208,190,28,10,104,80,146,94,274,168,44,0,0,0,0,0
SGL,64,32,32,2014-10-16,2019-08-26,0,0,0,0,0,8,10,30,4,4,8,0,0,0,0,0,0
SGM,200,100,100,2013-10-02,2017-05-04,0,0,0,0,30,34,62,48,26,0,0,0,0,0,0,0,0
SGMA,260,130,130,2010-07-13,2020-05-22,0,4,6,14,12,8,22,40,24,56,64,10,0,0,0,0,0
SGMO,2209,1021,1188,2009-10-07,2023-10-31,2,16,72,58,130,140,168,174,260,558,459,108,23,12,29,0,0
SGMS,2078,1039,1039,2009-10-27,2020-06-10,2,74,114,90,168,166,256,132,164,390,360,162,0,0,0,0,0
SGNL,214,107,107,2014-06-09,2017-02-13,0,0,0,0,0,28,104,50,32,0,0,0,0,0,0,0,0
SGNT,528,264,264,2011-04-06,2016-10-13,0,0,64,64,64,106,114,116,0,0,0,0,0,0,0,0,0
SGOC,204,102,102,2011-11-15,2019-06-21,0,0,2,38,34,32,18,22,22,32,4,0,0,0,0,0,0
SGOL,2656,1328,1328,2010-02-27,2020-05-13,0,114,28,2,0,0,0,2,6,916,1518,70,0,0,0,0,0
SGRP,228,114,114,2010-11-12,2020-05-04,0,2,14,38,10,12,20,28,18,48,32,6,0,0,0,0,0
SGRY,98,0,98,2021-03-10,2023-12-15,0,0,0,0,0,0,0,0,0,0,0,0,20,31,47,0,0
SGU,336,168,168,2010-12-09,2020-05-04,0,6,12,28,12,16,38,46,40,60,56,22,0,0,0,0,0
SGY,1358,679,679,2009-08-10,2018-05-04,2,26,96,108,292,122,160,402,124,26,0,0,0,0,0,0,0
SGYP,1752,876,876,2011-05-16,2019-03-08,0,0,2,68,122,118,294,320,354,422,52,0,0,0,0,0,0
SGYPU,2,1,1,2012-09-10,2012-09-10,0,0,0,2,0,0,0,0,0,0,0,0,0,0,0,0,0
SGYPW,4,2,2,2012-12-26,2013-04-10,0,0,0,2,2,0,0,0,0,0,0,0,0,0,0,0,0
SGZA,2,1,1,2019-04-17,2019-04-17,0,0,0,0,0,0,0,0,0,0,2,0,0,0,0,0,0
SH,210,56,154,2009-08-25,2023-12-05,4,58,30,4,0,0,2,8,0,2,2,2,17,50,31,0,0
SHEN,231,0,231,2013-01-15,2023-12-12,0,0,0,0,17,44,28,13,18,31,17,7,17,18,21,0,0
SHG,316,158,158,2009-11-10,2020-06-03,2,6,20,36,20,60,22,16,38,26,36,34,0,0,0,0,0
SHI,428,214,214,2009-10-28,2020-04-30,2,14,38,26,16,30,84,24,14,80,74,26,0,0,0,0,0
SHIP,856,428,428,2010-01-26,2020-06-10,0,14,18,56,18,16,64,136,68,74,270,122,0,0,0,0,0
SHLD,5066,2533,2533,2009-08-10,2019-06-26,28,282,296,422,312,492,274,772,1052,1120,16,0,0,0,0,0,0
SHLO,788,394,394,2010-12-16,2020-06-10,0,2,12,22,220,34,62,46,104,152,114,20,0,0,0,0,0
SHLX,1240,620,620,2014-06-18,2020-06-11,0,0,0,0,0,36,110,196,84,364,344,106,0,0,0,0,0
SHM,109,51,58,2016-03-23,2023-10-06,0,0,0,0,0,0,0,2,0,14,54,32,0,4,3,0,0
SHO,1344,560,784,2009-08-07,2023-12-14,6,36,92,83,129,58,118,193,135,177,127,103,13,32,42,0,0
SHOO,1744,872,872,2009-09-13,2020-06-03,2,84,80,212,110,122,198,152,186,244,256,98,0,0,0,0,0
SHOP,56,0,56,2023-11-30,2023-12-16,0,0,0,0,0,0,0,0,0,0,0,0,0,0,56,0,0
SHOR,618,309,309,2009-07-27,2017-09-21,2,20,60,42,98,158,96,68,74,0,0,0,0,0,0,0,0
SHOS,398,199,199,2012-10-12,2019-10-24,0,0,0,2,22,38,76,76,56,70,58,0,0,0,0,0,0
SHPG,4422,2211,2211,2012-07-09,2019-07-17,0,0,0,20,122,766,1044,796,480,1144,50,0,0,0,0,0,0
SHV,249,58,191,2013-04-26,2023-12-06,0,0,0,0,2,0,4,2,2,4,4,98,15,62,56,0,0
SHW,4754,1936,2818,2009-11-09,2023-12-16,4,68,198,566,262,240,364,508,448,584,667,294,116,174,261,0,0
SHY,332,58,274,2009-09-08,2023-12-12,10,36,16,2,2,6,18,10,2,9,44,25,31,58,63,0,0
SHYG,184,50,134,2017-11-14,2023-11-29,0,0,0,0,0,0,0,0,1,13,31,90,8,13,28,0,0
SIAL,856,428,428,2010-01-05,2018-03-09,0,30,82,182,154,166,230,10,0,2,0,0,0,0,0,0,0
SIBC,44,22,22,2011-08-09,2015-11-13,0,0,2,6,0,26,10,0,0,0,0,0,0,0,0,0,0
SIBN,272,0,272,2010-09-09,2023-12-12,0,3,0,0,0,0,0,0,0,2,3,8,27,59,170,0,0
SID,1649,624,1025,2009-12-18,2023-11-30,2,92,143,152,303,174,130,128,81,92,178,91,24,43,16,0,0
SIEB,300,150,150,2009-09-28,2020-05-28,2,2,2,4,2,6,6,34,88,108,38,8,0,0,0,0,0
SIEN,788,394,394,2014-09-19,2020-06-08,0,0,0,0,0,24,106,86,66,178,252,76,0,0,0,0,0
SIF,160,80,80,2010-09-01,2020-05-15,0,6,4,10,10,10,14,18,12,24,30,22,0,0,0,0,0
SIFI,168,84,84,2010-09-09,2019-08-07,0,10,2,2,16,4,22,22,20,50,20,0,0,0,0,0,0
SIFY,573,248,325,2010-01-27,2023-10-31,0,22,144,18,30,8,58,47,30,110,53,24,14,13,2,0,0
SIG,4131,1677,2454,2009-09-09,2023-12-16,4,44,92,98,104,314,306,510,687,682,548,282,76,226,158,0,0
SIGA,105,0,105,2010-11-19,2023-10-04,0,1,3,0,10,5,0,0,0,0,1,1,6,57,21,0,0
SIGI,1212,393,819,2010-01-11,2023-12-01,0,9,53,40,57,93,176,81,108,163,177,66,28,56,105,0,0
SIGM,824,412,412,2009-10-23,2020-02-14,12,28,58,72,58,58,190,126,110,108,2,2,0,0,0,0,0
SII,28,0,28,2020-11-19,2023-08-16,0,0,0,0,0,0,0,0,0,0,0,1,13,9,5,0,0
SIJ,104,52,52,2011-11-15,2020-03-06,0,0,2,0,0,0,0,0,0,0,98,4,0,0,0,0,0
SIL,1973,836,1137,2010-04-23,2023-11-16,0,125,216,331,104,44,66,177,105,215,412,99,39,25,15,0,0
SILC,808,350,458,2010-10-25,2023-12-07,0,4,50,25,136,61,96,111,75,105,85,35,6,5,14,0,0
SILJ,84,0,84,2012-11-30,2023-11-28,0,0,0,1,7,9,4,22,4,5,4,2,6,8,12,0,0
SILK,100,0,100,2019-06-13,2023-11-13,0,0,0,0,0,0,0,0,0,0,7,12,17,18,46,0,0
SIM,352,176,176,2010-01-18,2020-05-22,0,10,10,24,10,116,24,42,6,24,44,42,0,0,0,0,0
SIMG,318,159,159,2009-09-29,2015-03-23,6,26,56,42,20,100,68,0,0,0,0,0,0,0,0,0,0
SIMO,2507,970,1537,2010-04-16,2023-12-11,0,8,97,97,48,353,416,405,188,275,244,181,46,81,68,0,0
SINA,4444,2222,2222,2009-09-15,2020-06-01,16,144,766,702,510,456,516,318,344,246,356,70,0,0,0,0,0
SINO,476,238,238,2011-01-16,2020-06-08,0,0,70,40,18,30,44,102,68,56,30,18,0,0,0,0,0
SINT,29,0,29,2019-07-31,2023-02-08,0,0,0,0,0,0,0,0,0,0,2,21,4,0,2,0,0
SIR,830,415,415,2012-03-07,2019-10-21,0,0,0,30,44,54,204,122,58,298,20,0,0,0,0,0,0
SIRI,8154,3125,5029,2009-08-16,2023-12-16,20,546,582,1544,536,598,677,658,764,853,568,318,148,123,219,0,0
SIRO,668,334,334,2009-12-04,2018-02-26,8,28,80,130,102,86,172,60,0,2,0,0,0,0,0,0,0
SITC,164,0,164,2018-10-22,2023-12-14,0,0,0,0,0,0,0,0,0,13,24,10,17,47,53,0,0
SITE,180,0,180,2015-08-18,2023-12-13,0,0,0,0,0,0,1,11,31,15,10,12,14,41,45,0,0
SITM,130,0,130,2019-11-21,2023-12-14,0,0,0,0,0,0,0,0,0,0,2,2,29,46,51,0,0
SIVB,1854,927,927,2009-11-19,2020-06-09,2,30,78,146,124,124,228,122,152,416,282,150,0,0,0,0,0
SIVR,4337,1515,2822,2009-10-14,2023-12-16,3,13,100,50,36,16,268,553,383,994,802,184,242,90,603,0,0
SIX,2312,1156,1156,2010-11-11,2020-06-11,0,4,68,142,110,112,298,276,186,318,390,408,0,0,0,0,0
SIXD,80,40,40,2015-03-23,2017-12-15,0,0,0,0,0,0,74,4,2,0,0,0,0,0,0,0,0
SIZ,38,19,19,2011-09-07,2019-02-21,0,0,2,2,0,0,12,6,10,4,2,0,0,0,0,0,0
SIZE,160,10,150,2013-04-18,2023-08-07,0,0,0,0,11,17,3,11,6,37,31,15,12,13,4,0,0
SJ,39,0,39,2020-05-06,2023-12-13,0,0,0,0,0,0,0,0,0,0,0,6,21,7,5,0,0
SJB,68,23,45,2011-03-22,2022-07-02,0,0,7,5,9,1,8,7,3,2,20,1,1,4,0,0,0
SJI,842,421,421,2010-01-04,2020-05-20,0,18,38,38,28,26,92,116,64,204,162,56,0,0,0,0,0
SJM,4564,2282,2282,2009-08-10,2020-06-11,18,132,338,396,366,356,588,468,376,700,602,224,0,0,0,0,0
SJNK,841,308,533,2012-03-19,2023-12-12,0,0,0,33,31,19,70,91,141,191,153,39,22,21,30,0,0
SJR,1610,805,805,2009-11-10,2020-06-02,2,42,94,96,152,144,204,192,134,232,248,70,0,0,0,0,0
SJT,512,185,327,2009-12-31,2023-08-30,1,15,8,43,11,19,42,59,56,105,88,23,19,9,14,0,0
SJW,892,446,446,2010-05-26,2020-05-20,0,14,22,24,24,28,104,100,100,274,158,44,0,0,0,0,0
SKBI,148,74,74,2009-06-05,2016-02-27,24,36,14,12,14,18,22,8,0,0,0,0,0,0,0,0,0
SKF,320,142,178,2009-04-08,2023-12-07,16,78,54,23,13,0,6,25,10,33,15,40,0,3,4,0,0
SKH,388,194,194,2009-07-27,2015-01-19,6,72,142,56,48,56,8,0,0,0,0,0,0,0,0,0,0
SKIS,516,258,258,2014-11-10,2020-02-28,0,0,0,0,0,20,90,76,82,120,126,2,0,0,0,0,0
SKM,1127,400,727,2009-12-11,2023-11-27,2,25,62,84,98,205,64,58,161,132,125,44,16,20,31,0,0
SKOR,148,55,93,2010-04-15,2022-01-28,0,3,42,11,0,4,17,10,11,27,14,2,6,1,0,0,0
SKT,2776,1388,1388,2009-08-10,2020-06-11,2,12,92,190,108,46,126,218,246,776,792,168,0,0,0,0,0
SKUL,1090,545,545,2011-07-18,2017-01-27,0,0,84,176,146,150,314,218,2,0,0,0,0,0,0,0,0
SKX,3556,1778,1778,2009-09-08,2020-06-11,4,128,124,68,60,114,448,684,510,656,620,140,0,0,0,0,0
SKY,610,305,305,2009-08-12,2020-05-22,2,22,22,28,10,34,36,48,26,130,188,64,0,0,0,0,0
SKYS,254,127,127,2014-11-03,2020-05-26,0,0,0,0,0,18,32,38,72,40,50,4,0,0,0,0,0
SKYW,3949,1565,2384,2009-12-12,2023-12-16,4,28,74,210,162,110,594,230,443,782,819,220,42,63,168,0,0
SKYY,352,0,352,2011-09-15,2023-12-11,0,0,2,3,11,35,45,30,30,28,29,27,21,44,47,0,0
SLB,10907,3513,7394,2009-10-20,2023-12-15,2,61,323,412,285,476,997,1666,1163,1655,1709,884,252,504,518,0,0
SLCA,3207,1306,1901,2012-02-01,2023-11-06,0,0,0,130,396,365,337,348,326,498,468,178,27,69,65,0,0
SLCT,154,77,77,2014-08-15,2020-05-14,0,0,0,0,0,34,10,16,14,34,30,16,0,0,0,0,0
SLDB,106,0,106,2018-01-20,2023-12-15,0,0,0,0,0,0,0,0,0,16,22,19,14,20,15,0,0
SLF,1298,649,649,2010-04-09,2020-06-01,0,32,92,100,80,80,194,126,120,160,210,104,0,0,0,0,0
SLG,790,0,790,2010-07-26,2023-12-14,0,2,3,7,34,53,62,62,53,65,50,80,58,100,161,0,0
SLGL,50,0,50,2017-09-01,2023-10-31,0,0,0,0,0,0,0,0,1,0,8,6,7,14,14,0,0
SLGN,1754,671,1083,2010-01-07,2023-11-30,0,47,175,145,147,92,110,117,127,218,207,175,33,102,59,0,0
SLH,596,298,298,2009-08-28,2016-03-07,6,28,92,118,60,76,186,30,0,0,0,0,0,0,0,0,0
SLI,176,88,88,2010-04-28,2020-01-15,0,8,10,26,30,26,38,34,0,2,0,2,0,0,0,0,0
SLM,2462,936,1526,2009-08-13,2023-12-15,10,148,211,210,265,207,206,172,148,242,277,172,48,61,85,0,0
SLMAP,2,1,1,2017-08-15,2017-08-15,0,0,0,0,0,0,0,0,2,0,0,0,0,0,0,0,0
SLMBP,64,17,47,2012-12-03,2023-10-25,0,0,0,1,3,5,6,2,1,8,28,5,1,0,4,0,0
SLNO,72,0,72,2017-10-12,2023-12-14,0,0,0,0,0,0,0,0,2,0,8,8,6,21,27,0,0
SLP,1122,435,687,2010-09-08,2023-12-13,0,8,20,31,32,37,91,107,80,219,300,80,27,39,51,0,0
SLQD,118,47,71,2014-06-09,2023-08-02,0,0,0,0,0,1,13,11,12,46,19,2,2,10,2,0,0
SLRC,1002,445,557,2010-03-22,2023-11-28,0,26,54,45,51,31,95,145,104,177,166,68,6,13,21,0,0
SLS,67,0,67,2018-02-09,2023-12-08,0,0,0,0,0,0,0,0,0,22,3,15,6,14,7,0,0
SLTB,8,4,4,2019-06-26,2019-08-21,0,0,0,0,0,0,0,0,0,0,8,0,0,0,0,0,0
SLTC,120,60,60,2010-04-30,2015-10-20,0,6,8,22,14,22,48,0,0,0,0,0,0,0,0,0,0
SLV,10391,4012,6379,2009-08-17,2023-12-16,44,694,1886,417,468,276,73,201,144,100,3391,1552,343,141,661,0,0
SLVO,130,50,80,2013-04-19,2023-03-20,0,0,0,0,7,10,8,1,0,0,98,2,1,2,1,0,0
SLVP,171,58,113,2012-03-06,2023-03-20,0,0,0,14,10,8,11,16,1,1,101,4,1,3,1,0,0
SLW,2502,1251,1251,2009-10-06,2017-05-09,12,326,392,202,200,76,464,732,98,0,0,0,0,0,0,0,0
SLX,2129,859,1270,2009-10-14,2023-11-17,27,145,75,104,86,72,214,339,244,500,260,12,16,27,8,0,0
SLXP,2558,1279,1279,2009-09-14,2017-03-30,6,118,220,260,424,910,608,10,2,0,0,0,0,0,0,0,0
SLY,106,53,53,2012-08-14,2020-06-02,0,0,0,4,0,0,0,0,2,18,60,22,0,0,0,0,0
SLYG,296,54,242,2011-10-26,2023-11-15,0,0,2,8,18,12,21,16,28,56,46,32,10,19,28,0,0
SLYV,362,52,310,2011-11-21,2023-12-16,0,0,2,9,28,33,26,26,33,25,40,77,10,25,28,0,0
SM,3804,1426,2378,2009-08-12,2023-12-11,14,112,208,229,530,154,249,438,346,402,459,290,76,171,126,0,0
SMAC,2,1,1,2015-06-02,2015-06-02,0,0,0,0,0,0,2,0,0,0,0,0,0,0,0,0,0
SMACU,2,1,1,2014-08-08,2014-08-08,0,0,0,0,0,2,0,0,0,0,0,0,0,0,0,0,0
SMAR,314,0,314,2018-04-20,2023-12-14,0,0,0,0,0,0,0,0,0,18,40,53,35,71,97,0,0
SMB,417,124,293,2009-08-07,2023-10-16,8,44,38,49,36,48,42,35,22,56,29,8,0,0,2,0,0
SMBC,352,127,225,2011-12-01,2023-12-16,0,0,6,10,0,10,32,36,27,65,85,22,16,21,22,0,0
SMCI,814,0,814,2012-08-28,2023-12-16,0,0,0,1,2,24,17,29,9,62,1,21,30,171,447,0,0
SMDD,40,12,28,2011-08-24,2023-09-12,0,0,2,2,0,2,4,6,3,7,6,3,1,2,2,0,0
SMDV,213,0,213,2015-02-23,2023-11-27,0,0,0,0,0,0,43,32,51,38,10,9,5,10,15,0,0
SMDY,3,0,3,2021-03-19,2022-07-11,0,0,0,0,0,0,0,0,0,0,0,0,1,2,0,0,0
SMED,832,416,416,2009-12-07,2020-05-13,4,4,10,22,60,88,144,40,36,40,188,196,0,0,0,0,0
SMEZ,88,44,44,2014-06-11,2019-10-03,0,0,0,0,0,2,28,6,14,22,16,0,0,0,0,0,0
SMFG,731,225,506,2010-11-02,2023-12-15,0,2,7,43,119,66,147,77,41,53,53,57,10,16,40,0,0
SMG,3210,1197,2013,2009-11-05,2023-12-13,6,101,223,225,158,107,119,188,299,629,538,317,106,83,111,0,0
SMH,2836,1418,1418,2009-09-17,2020-06-04,36,208,228,74,54,84,196,114,172,378,1022,270,0,0,0,0,0
SMHB,2,0,2,2023-06-06,2023-07-07,0,0,0,0,0,0,0,0,0,0,0,0,0,0,2,0,0
SMI,666,333,333,2009-11-11,2019-11-12,2,34,34,20,64,68,110,52,104,92,86,0,0,0,0,0,0
SMIN,116,35,81,2012-08-08,2023-12-06,0,0,0,2,2,2,4,8,10,3,63,10,0,4,8,0,0
SMIT,353,169,184,2011-01-11,2022-12-19,0,0,12,16,10,4,10,36,68,114,60,20,0,3,0,0,0
SMK,106,53,53,2013-04-10,2019-04-30,0,0,0,0,4,0,0,18,70,12,2,0,0,0,0,0,0
SMLF,89,0,89,2016-04-12,2023-11-21,0,0,0,0,0,0,0,14,15,14,6,3,4,17,16,0,0
SMLL,142,71,71,2019-08-02,2019-12-15,0,0,0,0,0,0,0,0,0,0,142,0,0,0,0,0,0
SMLP,1124,562,562,2012-09-28,2020-06-01,0,0,0,32,90,52,132,176,86,212,280,64,0,0,0,0,0
SMLR,82,41,41,2014-02-07,2020-05-05,0,0,0,0,0,6,2,16,6,24,20,8,0,0,0,0,0
SMLV,428,51,377,2013-02-25,2023-08-21,0,0,0,0,25,62,126,111,39,48,12,0,1,1,3,0,0
SMM,84,42,42,2010-10-14,2020-05-11,0,2,2,2,0,2,2,2,2,4,46,20,0,0,0,0,0
SMMD,135,0,135,2017-07-07,2019-02-27,0,0,0,0,0,0,0,0,127,6,2,0,0,0,0,0,0
SMMF,464,159,305,2010-07-29,2023-12-13,0,4,6,10,8,6,33,34,58,78,99,43,14,46,25,0,0
SMMT,103,0,103,2015-02-20,2023-10-17,0,0,0,0,0,0,6,13,36,17,1,0,9,12,9,0,0
SMMU,11,0,11,2010-02-03,2023-08-01,0,4,0,1,0,1,0,1,0,1,0,0,1,1,1,0,0
SMMV,62,0,62,2016-09-09,2023-11-10,0,0,0,0,0,0,0,2,14,20,8,2,2,7,7,0,0
SMN,310,146,164,2009-04-08,2022-12-07,15,74,54,15,22,14,22,36,18,18,12,3,2,5,0,0,0
SMOG,28,0,28,2020-01-28,2023-04-17,0,0,0,0,0,0,0,0,0,0,0,14,7,4,3,0,0
SMP,1384,482,902,2009-11-09,2023-12-13,10,32,80,98,111,83,100,144,71,180,210,64,29,140,32,0,0
SMPL,797,282,515,2013-02-08,2023-12-08,0,0,0,0,3,21,7,0,14,164,300,150,37,37,64,0,0
SMRT,1718,754,964,2010-02-10,2023-12-07,0,46,88,69,209,158,276,197,146,253,120,103,6,26,21,0,0
SMSI,819,377,442,2010-02-25,2023-10-31,0,30,96,52,18,33,94,44,30,115,210,57,11,12,17,0,0
SMTC,465,0,465,2010-12-13,2023-12-16,0,1,2,4,15,14,17,43,28,61,29,19,31,89,112,0,0
SMTP,104,52,52,2014-08-14,2015-11-04,0,0,0,0,0,14,90,0,0,0,0,0,0,0,0,0,0
SMTX,430,215,215,2010-03-11,2020-05-13,0,28,14,28,6,12,30,22,30,82,156,22,0,0,0,0,0
SN,1862,931,931,2011-12-14,2019-05-07,0,0,2,40,186,396,332,252,224,400,30,0,0,0,0,0,0
SNA,626,0,626,2010-04-21,2023-12-16,0,2,2,15,18,23,28,50,48,80,51,53,60,88,108,0,0
SNAK,550,275,275,2011-02-11,2017-11-07,0,0,20,50,34,154,88,66,138,0,0,0,0,0,0,0,0
SNAP,4740,0,4740,2017-02-03,2023-12-16,0,0,0,0,0,0,0,0,1166,706,505,465,537,809,552,0,0
SNBC,256,128,128,2010-07-08,2018-01-12,0,32,38,14,30,28,42,42,28,2,0,0,0,0,0,0,0
SNC,44,22,22,2016-09-06,2019-02-25,0,0,0,0,0,0,0,2,38,2,2,0,0,0,0,0,0
SNCR,1837,782,1055,2009-11-02,2023-12-15,2,45,113,115,96,154,229,171,390,199,219,56,12,28,8,0,0
SND,121,0,121,2016-10-25,2023-11-26,0,0,0,0,0,0,0,4,26,14,5,5,14,23,30,0,0
SNDK,3200,1600,1600,2009-09-21,2017-03-07,28,338,332,398,346,360,1000,396,2,0,0,0,0,0,0,0,0
SNDL,817,0,817,2019-07-31,2023-12-13,0,0,0,0,0,0,0,0,0,0,25,82,493,169,48,0,0
SNDR,307,0,307,2017-03-24,2023-12-16,0,0,0,0,0,0,0,0,23,39,21,14,32,101,77,0,0
SNDX,235,0,235,2014-06-05,2023-12-14,0,0,0,0,0,3,1,14,31,27,10,12,12,35,90,0,0
SNFCA,142,67,75,2010-05-25,2023-12-06,0,2,6,12,13,0,16,14,20,28,14,10,0,3,4,0,0
SNH,1460,730,730,2009-09-10,2020-01-07,10,32,62,74,34,54,256,214,104,232,386,2,0,0,0,0,0
SNI,2110,1055,1055,2009-08-10,2018-05-10,4,122,172,304,204,140,388,330,344,102,0,0,0,0,0,0,0
SNLN,108,54,54,2012-12-07,2019-09-04,0,0,0,2,4,0,0,0,2,74,26,0,0,0,0,0,0
SNMP,28,0,28,2017-07-05,2023-11-06,0,0,0,0,0,0,0,0,5,11,2,0,4,3,3,0,0
SNN,1731,708,1023,2010-01-06,2023-11-28,0,51,219,227,94,210,132,129,85,141,252,116,26,15,34,0,0
SNOA,81,0,81,2017-06-28,2023-10-26,0,0,0,0,0,0,0,0,2,10,4,38,18,3,6,0,0
SNOW,344,172,172,2014-01-30,2019-08-21,0,0,0,0,0,44,160,82,54,2,2,0,0,0,0,0,0
SNP,2140,1070,1070,2009-11-20,2020-05-22,2,166,172,192,228,156,260,100,124,342,316,82,0,0,0,0,0
SNPE,28,0,28,2020-05-11,2023-12-08,0,0,0,0,0,0,0,0,0,0,0,3,6,15,4,0,0
SNPS,2294,1147,1147,2009-08-17,2020-06-10,8,54,98,154,126,116,152,138,222,266,708,252,0,0,0,0,0
SNR,852,426,426,2009-09-29,2020-05-19,2,0,0,0,0,0,124,200,116,226,158,26,0,0,0,0,0
SNSR,47,0,47,2016-09-15,2023-10-16,0,0,0,0,0,0,0,5,11,4,7,11,5,2,2,0,0
SNSS,1084,542,542,2009-12-11,2020-06-10,4,22,44,82,34,128,154,64,162,162,168,60,0,0,0,0,0
SNTA,548,274,274,2010-02-17,2016-05-03,0,18,54,134,74,80,172,16,0,0,0,0,0,0,0,0,0
SNV,2525,937,1588,2009-09-15,2023-12-16,22,181,171,235,170,104,127,139,200,333,368,207,49,87,132,0,0
SNX,2981,1174,1807,2009-09-22,2023-12-11,18,34,94,273,163,210,220,206,258,321,651,302,49,95,87,0,0
SNY,3450,1725,1725,2009-09-18,2020-06-11,24,352,248,206,210,278,232,478,378,320,446,278,0,0,0,0,0
SO,6647,2237,4410,2009-08-10,2023-12-14,10,88,193,176,272,194,442,1248,690,1140,1046,525,119,219,285,0,0
SOCL,708,354,354,2011-11-15,2020-05-06,0,0,32,126,110,118,74,38,58,92,46,14,0,0,0,0,0
SODA,1884,942,942,2010-11-04,2019-04-17,0,52,260,266,306,394,128,124,64,288,2,0,0,0,0,0,0
SOFO,358,179,179,2010-09-08,2020-06-03,0,6,20,28,36,34,34,38,30,76,32,24,0,0,0,0,0
SOHO,891,362,529,2013-09-17,2023-08-31,0,0,0,0,65,59,139,107,53,231,134,55,2,20,26,0,0
SOHOB,301,0,301,2023-12-16,2023-12-16,0,0,0,0,0,0,0,0,0,0,0,0,0,0,301,0,0
SOHON,2,0,2,2020-04-13,2020-06-15,0,0,0,0,0,0,0,0,0,0,0,2,0,0,0,0,0
SOHOO,5908,0,5908,2023-12-04,2023-12-16,0,0,0,0,0,0,0,0,0,0,0,0,0,0,5908,0,0
SOHU,2557,1254,1303,2009-10-14,2023-12-12,16,104,304,328,388,214,346,174,134,250,206,44,0,22,27,0,0
SOI,178,0,178,2017-03-15,2023-10-31,0,0,0,0,0,0,0,0,7,39,11,20,10,35,56,0,0
SOJC,2,0,2,2018-01-12,2023-11-27,0,0,0,0,0,0,0,0,0,1,0,0,0,0,1,0,0
SOJD,2,0,2,2023-08-03,2023-11-27,0,0,0,0,0,0,0,0,0,0,0,0,0,0,2,0,0
SOL,3669,1341,2328,2009-08-11,2023-12-16,6,186,330,218,360,334,488,134,189,212,213,158,205,435,201,0,0
SOLO,182,0,182,2018-08-13,2023-10-22,0,0,0,0,0,0,0,0,0,4,3,77,52,25,21,0,0
SON,2573,947,1626,2010-02-25,2023-12-16,0,43,165,229,209,181,223,218,202,342,313,155,49,160,84,0,0
SONC,2440,1220,1220,2010-08-19,2019-11-09,0,8,54,128,210,236,652,526,264,350,12,0,0,0,0,0,0
SONN,71,0,71,2018-01-02,2023-10-25,0,0,0,0,0,0,0,0,0,8,9,25,14,4,11,0,0
SONO,266,0,266,2021-07-01,2023-12-14,0,0,0,0,0,0,0,0,0,0,0,0,51,103,112,0,0
SOR,160,80,80,2010-10-15,2020-04-22,0,2,8,10,0,14,14,18,32,30,22,10,0,0,0,0,0
SORL,520,260,260,2011-09-22,2020-05-15,0,0,12,34,28,26,34,62,112,80,110,22,0,0,0,0,0
SOXL,874,437,437,2010-08-31,2020-02-28,0,62,172,12,10,10,58,26,38,192,286,8,0,0,0,0,0
SOXS,908,403,505,2010-08-31,2023-12-12,0,54,156,30,8,8,58,25,26,181,269,12,12,29,40,0,0
SOXX,805,259,546,2010-10-27,2023-12-16,0,4,6,8,6,10,8,4,38,14,324,96,0,32,255,0,0
SOYB,117,0,117,2012-03-28,2023-12-12,0,0,0,10,3,4,4,1,4,11,3,2,8,36,31,0,0
SP,353,89,264,2012-10-16,2023-12-16,0,0,0,2,2,11,16,19,59,40,45,64,6,43,46,0,0
SPA,772,386,386,2009-08-10,2019-03-01,14,78,136,48,40,62,66,82,70,154,22,0,0,0,0,0,0
SPAB,67,0,67,2017-10-24,2023-12-08,0,0,0,0,0,0,0,0,2,7,9,6,10,15,18,0,0
SPAN,202,101,101,2010-11-01,2017-05-26,0,4,6,20,24,18,46,52,32,0,0,0,0,0,0,0,0
SPAQ,3,0,3,2020-08-07,2021-07-28,0,0,0,0,0,0,0,0,0,0,0,2,1,0,0,0,0
SPAR,896,448,448,2010-01-07,2020-05-14,0,18,46,46,20,44,66,92,68,148,268,80,0,0,0,0,0
SPB,1778,889,889,2010-03-25,2020-05-19,0,28,68,208,94,138,232,150,116,346,318,80,0,0,0,0,0
SPBO,3,0,3,2021-09-09,2023-09-11,0,0,0,0,0,0,0,0,0,0,0,0,1,1,1,0,0
SPCB,784,345,439,2013-11-18,2023-01-24,0,0,0,0,12,47,228,123,62,142,54,104,7,3,2,0,0
SPCE,1668,0,1668,2019-10-28,2023-12-16,0,0,0,0,0,0,0,0,0,0,17,502,676,206,267,0,0
SPDC,94,47,47,2013-12-04,2020-02-21,0,0,0,0,4,24,60,2,0,0,0,4,0,0,0,0,0
SPDN,40,0,40,2016-06-14,2023-12-07,0,0,0,0,0,0,0,5,2,8,1,2,6,9,7,0,0
SPDV,3,0,3,2017-12-22,2023-05-28,0,0,0,0,0,0,0,0,1,0,1,0,0,0,1,0,0
SPDW,79,0,79,2017-10-24,2023-12-08,0,0,0,0,0,0,0,0,3,13,13,9,7,13,21,0,0
SPEM,68,0,68,2017-10-24,2023-12-04,0,0,0,0,0,0,0,0,1,20,13,4,5,8,17,0,0
SPEU,9,0,9,2020-01-31,2023-09-12,0,0,0,0,0,0,0,0,0,0,0,1,1,0,7,0,0
SPEX,722,361,361,2009-09-16,2020-03-13,4,28,12,30,66,112,74,74,76,80,58,108,0,0,0,0,0
SPF,874,437,437,2009-08-10,2015-10-01,8,64,78,208,204,122,190,0,0,0,0,0,0,0,0,0,0
SPFF,135,56,79,2012-07-18,2021-09-30,0,0,0,4,0,3,1,50,28,33,11,3,2,0,0,0,0
SPFI,84,0,84,2020-01-23,2023-12-16,0,0,0,0,0,0,0,0,0,0,0,7,12,35,30,0,0
SPG,4340,2170,2170,2011-04-29,2020-06-11,0,0,134,152,106,104,228,346,518,1160,1130,462,0,0,0,0,0
SPGH,22,11,11,2013-11-06,2016-09-03,0,0,0,0,2,0,16,4,0,0,0,0,0,0,0,0,0
SPGM,11,0,11,2020-06-03,2023-09-26,0,0,0,0,0,0,0,0,0,0,0,2,4,0,5,0,0
SPH,1006,398,608,2009-12-28,2023-12-16,2,20,45,88,58,40,139,130,103,145,112,69,28,13,14,0,0
SPHB,794,287,507,2011-05-09,2023-08-04,0,0,13,36,34,35,116,129,165,123,90,15,16,10,12,0,0
SPHD,321,0,321,2012-10-19,2023-12-01,0,0,0,5,29,28,14,54,35,42,22,9,12,39,32,0,0
SPHQ,367,27,340,2012-11-07,2023-12-16,0,0,0,11,29,33,19,49,40,38,23,34,18,25,48,0,0
SPHS,568,284,284,2013-08-11,2020-03-12,0,0,0,0,20,34,50,164,36,148,90,26,0,0,0,0,0
SPHY,21,0,21,2021-03-26,2023-12-05,0,0,0,0,0,0,0,0,0,0,0,0,3,1,17,0,0
SPI,200,0,200,2016-04-14,2023-08-09,0,0,0,0,0,0,0,18,69,14,16,37,31,7,8,0,0
SPIB,126,0,126,2017-11-10,2023-12-13,0,0,0,0,0,0,0,0,2,8,17,12,24,29,34,0,0
SPIL,310,155,155,2009-09-10,2018-05-02,4,10,20,36,28,28,112,54,8,10,0,0,0,0,0,0,0
SPIP,30,0,30,2020-01-30,2023-12-16,0,0,0,0,0,0,0,0,0,0,0,2,8,12,8,0,0
SPKE,732,366,366,2014-07-11,2020-05-29,0,0,0,0,0,38,114,150,138,160,102,30,0,0,0,0,0
SPLG,214,0,214,2017-10-16,2023-12-16,0,0,0,0,0,0,0,0,3,19,17,23,28,51,73,0,0
SPLK,3726,1142,2584,2012-04-19,2023-12-15,0,0,0,112,180,242,256,350,332,359,512,589,162,204,428,0,0
SPLP,256,118,138,2012-06-29,2023-11-28,0,0,0,4,4,25,34,35,50,46,32,15,3,4,4,0,0
SPLS,5004,2502,2502,2009-08-16,2020-02-20,16,312,464,732,590,736,1006,762,366,10,2,8,0,0,0,0,0
SPLX,140,70,70,2019-12-06,2019-12-15,0,0,0,0,0,0,0,0,0,0,140,0,0,0,0,0,0
SPMB,27,0,27,2020-02-26,2023-12-11,0,0,0,0,0,0,0,0,0,0,0,2,8,9,8,0,0
SPMD,107,0,107,2012-08-21,2023-12-11,0,0,0,2,0,0,0,0,4,11,8,5,14,24,39,0,0
SPMO,56,0,56,2015-10-27,2023-11-14,0,0,0,0,0,0,1,7,1,12,5,8,5,8,9,0,0
SPMV,41,0,41,2017-07-14,2022-09-29,0,0,0,0,0,0,0,0,6,16,5,3,5,6,0,0,0
SPNC,498,249,249,2010-04-13,2017-10-30,0,14,30,48,28,88,134,68,88,0,0,0,0,0,0,0,0
SPNS,572,218,354,2009-09-09,2023-12-07,2,3,10,10,20,12,36,39,52,104,132,68,23,36,25,0,0
SPOK,272,115,157,2014-11-12,2023-12-01,0,0,0,0,0,1,31,35,35,65,52,32,10,4,7,0,0
SPOT,2198,0,2198,2018-03-15,2023-12-16,0,0,0,0,0,0,0,0,0,268,259,411,432,434,394,0,0
SPP,262,131,131,2010-07-11,2020-02-26,0,14,28,20,8,4,70,80,34,2,0,2,0,0,0,0,0
SPPP,111,52,59,2016-08-11,2022-02-21,0,0,0,0,0,0,0,1,1,3,102,2,0,2,0,0,0
SPPR,136,68,68,2009-08-06,2015-08-31,2,2,6,38,32,10,46,0,0,0,0,0,0,0,0,0,0
SPPRO,2,1,1,2015-04-07,2015-04-07,0,0,0,0,0,0,2,0,0,0,0,0,0,0,0,0,0
SPR,3851,1371,2480,2009-11-03,2023-12-11,4,52,150,181,140,312,496,283,250,430,533,624,76,103,217,0,0
SPRO,627,245,382,2011-05-31,2023-11-27,0,0,2,7,25,7,37,2,31,206,120,92,8,39,51,0,0
SPRT,552,276,276,2010-12-17,2020-05-14,0,2,16,64,42,136,72,72,30,18,88,12,0,0,0,0,0
SPSC,237,0,237,2013-03-04,2023-12-12,0,0,0,0,2,3,15,12,14,23,14,7,23,29,95,0,0
SPSK,1,0,1,2023-12-01,2023-12-01,0,0,0,0,0,0,0,0,0,0,0,0,0,0,1,0,0
SPSM,150,0,150,2017-10-16,2023-12-16,0,0,0,0,0,0,0,0,4,27,18,5,19,23,54,0,0
SPT,139,0,139,2019-12-12,2023-12-16,0,0,0,0,0,0,0,0,0,0,1,17,30,32,59,0,0
SPTI,71,0,71,2020-03-13,2023-12-14,0,0,0,0,0,0,0,0,0,0,0,3,7,25,36,0,0
SPTM,70,0,70,2017-10-24,2023-12-11,0,0,0,0,0,0,0,0,5,16,7,5,6,15,16,0,0
SPTN,1370,529,841,2010-02-12,2023-12-08,0,30,37,69,100,80,98,144,119,220,193,120,27,88,45,0,0
SPTS,60,0,60,2019-01-08,2023-12-08,0,0,0,0,0,0,0,0,0,0,1,4,3,17,35,0,0
SPU,490,245,245,2010-03-05,2019-08-13,0,14,30,24,8,18,32,288,74,0,2,0,0,0,0,0,0
SPUS,3,0,3,2020-01-13,2023-12-01,0,0,0,0,0,0,0,0,0,0,0,1,0,0,2,0,0
SPUU,166,70,96,2014-10-31,2023-09-19,0,0,0,0,0,1,3,2,6,4,140,2,1,3,4,0,0
SPVM,24,0,24,2019-07-11,2023-02-20,0,0,0,0,0,0,0,0,0,0,3,0,4,14,3,0,0
SPW,652,326,326,2009-10-28,2015-09-25,2,34,106,180,106,118,106,0,0,0,0,0,0,0,0,0,0
SPWH,1322,556,766,2014-04-12,2023-12-07,0,0,0,0,0,101,110,159,188,241,285,140,17,41,40,0,0
SPWR,7978,2850,5128,2011-12-06,2023-12-16,0,0,24,372,812,864,1314,1192,837,732,794,392,211,240,194,0,0
SPXC,161,0,161,2016-06-07,2023-12-16,0,0,0,0,0,0,0,7,6,7,11,7,17,31,75,0,0
SPXE,41,0,41,2015-10-20,2022-11-21,0,0,0,0,0,0,1,12,0,1,4,7,6,10,0,0,0
SPXL,154,0,154,2012-12-07,2023-12-11,0,0,0,2,1,0,3,3,12,20,8,9,23,39,34,0,0
SPXS,60,30,30,2013-07-24,2020-05-19,0,0,0,0,2,0,2,14,8,4,6,24,0,0,0,0,0
SPXT,42,0,42,2015-10-20,2022-12-29,0,0,0,0,0,0,1,13,0,1,6,4,3,14,0,0,0
SPXU,186,56,130,2010-02-08,2023-10-30,0,2,7,3,1,1,1,8,4,4,71,44,2,28,10,0,0
SPXV,37,0,37,2015-10-20,2023-03-14,0,0,0,0,0,0,1,9,1,0,5,7,0,13,1,0,0
SPXX,106,53,53,2018-03-05,2020-05-21,0,0,0,0,0,0,0,0,0,64,34,8,0,0,0,0,0
SPY,7239,14,7225,2017-08-18,2023-12-16,0,0,0,0,0,0,0,0,1156,2764,0,200,522,1300,1297,0,0
SPYG,114,57,57,2017-10-17,2020-05-28,0,0,0,0,0,0,0,0,2,6,6,100,0,0,0,0,0
SPYV,108,54,54,2017-10-17,2020-05-28,0,0,0,0,0,0,0,0,2,4,2,100,0,0,0,0,0
SQBG,846,423,423,2012-12-10,2020-06-10,0,0,0,2,22,54,250,106,120,88,152,52,0,0,0,0,0
SQBK,112,56,56,2014-03-25,2015-10-21,0,0,0,0,0,50,62,0,0,0,0,0,0,0,0,0,0
SQI,268,134,134,2010-11-03,2019-06-01,0,6,18,44,46,36,48,68,0,0,2,0,0,0,0,0,0
SQM,1560,780,780,2009-10-27,2020-05-22,4,64,54,46,46,40,90,180,260,458,266,52,0,0,0,0,0
SQNM,1058,529,529,2009-09-10,2016-09-09,38,142,138,218,130,110,150,132,0,0,0,0,0,0,0,0,0
SQNS,670,335,335,2011-04-18,2020-06-10,0,0,42,34,30,30,68,72,118,118,88,70,0,0,0,0,0
SQQQ,206,103,103,2010-08-13,2020-04-15,0,18,76,72,12,0,0,0,2,0,6,20,0,0,0,0,0
SR,806,403,403,2009-08-12,2020-05-21,6,30,20,44,36,36,20,72,76,148,206,112,0,0,0,0,0
SRC,1248,624,624,2012-09-20,2020-06-11,0,0,0,10,36,50,106,118,194,294,350,90,0,0,0,0,0
SRCE,388,194,194,2010-12-23,2020-05-28,0,6,12,22,12,4,50,42,30,66,120,24,0,0,0,0,0
SRCL,1522,761,761,2009-10-26,2020-06-10,6,58,92,110,106,98,132,162,194,232,258,74,0,0,0,0,0
SRDX,1320,660,660,2009-10-06,2020-06-08,2,48,54,90,80,110,190,60,48,342,212,84,0,0,0,0,0
SRE,3272,1636,1636,2009-07-27,2020-06-11,4,116,180,312,198,186,236,276,258,570,598,338,0,0,0,0,0
SREV,696,348,348,2011-03-25,2020-05-14,0,0,108,84,36,48,98,46,52,130,66,28,0,0,0,0,0
SRI,702,351,351,2009-08-07,2020-06-03,4,26,24,56,32,30,62,54,66,194,114,40,0,0,0,0,0
SRLN,92,46,46,2013-05-02,2020-05-15,0,0,0,0,8,2,4,8,8,2,38,22,0,0,0,0,0
SRLP,574,287,287,2013-10-25,2020-06-04,0,0,0,0,22,26,48,74,88,136,142,38,0,0,0,0,0
SRNE,872,436,436,2013-10-25,2020-06-05,0,0,0,0,12,38,66,60,44,238,244,170,0,0,0,0,0
SRS,112,56,56,2011-06-19,2020-03-09,0,0,8,2,4,0,0,0,0,0,96,2,0,0,0,0,0
SRSC,44,22,22,2014-12-08,2018-02-05,0,0,0,0,0,4,0,14,24,2,0,0,0,0,0,0,0
SRT,350,175,175,2010-08-11,2020-06-10,0,6,26,26,32,10,46,36,28,72,40,28,0,0,0,0,0
SRTY,2636,1318,1318,2010-11-02,2020-05-04,0,4,38,4,2,0,0,0,0,0,2584,4,0,0,0,0,0
SRV,114,57,57,2014-05-02,2020-06-02,0,0,0,0,0,2,2,0,0,6,80,24,0,0,0,0,0
SSB,472,236,236,2014-07-29,2020-05-14,0,0,0,0,0,10,40,72,44,124,140,42,0,0,0,0,0
SSBI,170,85,85,2011-10-19,2020-05-14,0,0,2,4,6,18,20,26,16,38,28,12,0,0,0,0,0
SSD,898,449,449,2009-08-10,2020-06-08,14,24,38,56,64,126,44,44,50,148,214,76,0,0,0,0,0
SSE,328,164,164,2010-11-10,2019-12-31,0,2,14,10,0,94,132,64,4,4,4,0,0,0,0,0,0
SSFN,194,97,97,2010-05-21,2019-10-30,0,6,10,16,4,4,10,24,24,36,60,0,0,0,0,0,0
SSH,504,252,252,2012-02-24,2017-05-23,0,0,0,60,58,30,168,100,88,0,0,0,0,0,0,0,0
SSI,1592,796,796,2009-08-10,2020-05-11,4,36,122,108,80,100,280,236,158,118,262,88,0,0,0,0,0
SSL,1288,644,644,2009-08-10,2020-06-11,6,26,80,78,56,64,92,74,34,72,260,446,0,0,0,0,0
SSLT,34,17,17,2014-05-17,2015-08-01,0,0,0,0,0,16,18,0,0,0,0,0,0,0,0,0,0
SSN,194,97,97,2010-07-20,2017-11-16,0,6,64,30,28,22,12,22,10,0,0,0,0,0,0,0,0
SSNI,318,159,159,2013-03-13,2018-01-08,0,0,0,0,46,42,88,60,76,6,0,0,0,0,0,0,0
SSO,112,56,56,2011-06-03,2020-05-15,0,0,4,2,4,0,2,0,0,0,80,20,0,0,0,0,0
SSP,1352,676,676,2009-08-10,2020-06-08,6,56,94,90,94,152,172,126,84,220,196,62,0,0,0,0,0
SSRG,58,29,29,2015-01-09,2018-04-05,0,0,0,0,0,0,20,36,0,2,0,0,0,0,0,0,0
SSRI,1012,506,506,2009-08-12,2019-02-05,4,64,136,56,76,100,226,272,72,4,2,0,0,0,0,0,0
SSS,804,402,402,2009-08-17,2016-08-15,8,42,92,106,110,74,198,174,0,0,0,0,0,0,0,0,0
SSTK,636,318,318,2012-10-11,2020-05-29,0,0,0,42,72,32,84,80,46,116,128,36,0,0,0,0,0
SSW,1524,762,762,2009-09-07,2020-02-27,2,16,80,46,86,50,128,358,148,306,276,28,0,0,0,0,0
SSY,320,160,160,2010-03-22,2020-06-02,0,12,20,28,8,16,32,46,48,54,46,10,0,0,0,0,0
SSYS,4126,2063,2063,2010-01-19,2020-06-02,0,20,30,94,870,824,848,514,318,328,208,72,0,0,0,0,0
ST,1178,589,589,2010-03-24,2020-06-11,0,18,72,90,84,68,110,112,102,204,208,110,0,0,0,0,0
STAA,814,407,407,2009-11-09,2020-06-05,2,12,52,38,34,72,58,72,34,224,168,48,0,0,0,0,0
STAG,2284,1142,1142,2011-08-05,2020-06-11,0,0,24,114,52,82,382,470,222,432,420,86,0,0,0,0,0
STAR,586,293,293,2009-08-07,2020-06-03,14,2,2,0,2,8,66,102,64,80,160,86,0,0,0,0,0
STAY,1212,606,606,2013-10-31,2020-06-03,0,0,0,0,32,116,132,144,162,246,258,122,0,0,0,0,0
STBA,554,277,277,2010-01-27,2020-06-01,0,8,30,34,28,72,62,56,26,120,80,38,0,0,0,0,0
STBZ,352,176,176,2011-05-16,2019-03-22,0,0,16,28,14,44,50,54,48,92,6,0,0,0,0,0,0
STC,610,305,305,2009-07-08,2020-06-04,4,12,12,42,42,20,62,94,38,98,136,50,0,0,0,0,0
STCK,156,78,78,2013-08-09,2016-06-06,0,0,0,0,20,44,54,38,0,0,0,0,0,0,0,0,0
STE,1136,568,568,2009-10-04,2020-06-09,4,14,18,48,62,132,114,84,88,174,234,164,0,0,0,0,0
STEM,528,264,264,2009-08-10,2016-11-29,10,20,40,70,44,62,140,142,0,0,0,0,0,0,0,0,0
STFC,560,280,280,2009-12-24,2020-05-14,2,8,36,36,78,24,150,48,28,76,42,32,0,0,0,0,0
STI,4882,2441,2441,2009-09-18,2020-03-26,30,428,676,878,298,236,530,358,238,570,608,32,0,0,0,0,0
STIP,102,51,51,2012-12-07,2020-05-11,0,0,0,2,0,0,0,0,0,0,60,40,0,0,0,0,0
STJ,3832,1916,1916,2009-10-06,2018-01-02,20,232,674,736,448,424,494,722,80,2,0,0,0,0,0,0,0
STK,56,28,28,2017-03-01,2020-03-19,0,0,0,0,0,0,0,0,2,4,36,14,0,0,0,0,0
STKL,890,445,445,2010-01-21,2020-05-29,0,18,42,46,20,48,110,164,126,92,182,42,0,0,0,0,0
STL,814,407,407,2011-03-14,2020-06-11,0,0,24,54,26,38,64,86,142,122,136,122,0,0,0,0,0
STLD,4380,2190,2190,2009-09-28,2020-05-29,10,144,298,264,104,256,492,562,620,960,532,138,0,0,0,0,0
STLY,290,145,145,2009-12-09,2020-03-24,2,10,10,32,30,44,44,68,36,10,2,2,0,0,0,0,0
STM,3078,1539,1539,2009-09-22,2020-06-11,2,54,106,322,344,146,274,176,278,428,660,288,0,0,0,0,0
STML,852,426,426,2013-01-08,2020-05-21,0,0,0,0,54,50,76,42,158,158,194,120,0,0,0,0,0
STMP,2332,1166,1166,2010-10-29,2020-05-20,0,6,94,136,88,120,282,266,280,360,532,168,0,0,0,0,0
STNG,1668,834,834,2011-05-11,2020-06-09,0,0,20,52,98,80,248,242,186,214,348,180,0,0,0,0,0
STNR,304,152,152,2010-01-05,2015-12-10,0,8,22,124,46,42,62,0,0,0,0,0,0,0,0,0,0
STO,3772,1886,1886,2010-01-07,2018-06-04,0,162,372,534,412,370,634,504,470,314,0,0,0,0,0,0,0
STON,1078,539,539,2010-02-11,2020-05-27,0,12,50,28,34,56,228,326,92,108,104,40,0,0,0,0,0
STOR,1784,892,892,2014-11-18,2020-06-11,0,0,0,0,0,14,182,350,246,470,394,128,0,0,0,0,0
STPP,100,50,50,2019-08-21,2019-12-10,0,0,0,0,0,0,0,0,0,0,100,0,0,0,0,0,0
STPZ,106,53,53,2012-02-16,2020-05-13,0,0,0,4,0,0,0,0,2,0,98,2,0,0,0,0,0
STR,782,391,391,2010-02-09,2019-05-05,0,48,70,100,106,108,172,172,2,2,2,0,0,0,0,0,0
STRA,1868,934,934,2009-10-29,2020-05-19,16,140,258,194,98,224,188,98,94,200,254,104,0,0,0,0,0
STRL,902,451,451,2009-12-11,2020-05-15,2,10,38,48,42,120,76,86,152,144,140,44,0,0,0,0,0
STRM,508,254,254,2010-04-08,2020-06-10,0,10,24,26,32,44,72,44,60,86,80,30,0,0,0,0,0
STRN,62,31,31,2011-03-11,2015-10-28,0,0,12,12,2,8,28,0,0,0,0,0,0,0,0,0,0
STRS,180,90,90,2009-10-28,2020-03-16,2,2,2,8,0,6,14,34,26,38,44,4,0,0,0,0,0
STRT,606,303,303,2010-12-30,2020-06-03,0,4,8,14,156,220,46,38,32,44,34,10,0,0,0,0,0
STRZA,566,283,283,2013-01-15,2018-03-21,0,0,0,0,98,58,180,218,4,8,0,0,0,0,0,0,0
STRZB,26,13,13,2015-02-23,2016-12-08,0,0,0,0,0,0,4,22,0,0,0,0,0,0,0,0,0
STS,210,105,105,2010-05-05,2019-09-17,0,10,14,20,6,4,34,78,42,0,2,0,0,0,0,0,0
STWD,1988,994,994,2010-08-11,2020-06-11,0,18,60,72,102,78,300,440,202,326,244,146,0,0,0,0,0
STX,3262,1631,1631,2009-09-23,2020-06-08,20,312,358,518,294,212,350,332,300,192,228,146,0,0,0,0,0
STXS,438,219,219,2009-09-10,2020-05-26,2,36,42,44,44,40,64,42,10,34,60,20,0,0,0,0,0
STXX,12,6,6,2014-11-10,2016-01-28,0,0,0,0,0,2,8,2,0,0,0,0,0,0,0,0,0
STZ,7020,3510,3510,2009-08-07,2020-06-11,12,88,242,470,666,504,714,678,690,1224,1350,382,0,0,0,0,0
STZ.B,20,10,10,2018-10-30,2020-05-01,0,0,0,0,0,0,0,0,0,2,14,4,0,0,0,0,0
SU,5543,1861,3682,2009-09-08,2023-12-13,21,137,298,202,209,176,786,747,458,628,600,452,222,343,264,0,0
SUB,205,71,134,2010-01-11,2023-11-16,0,3,0,3,0,3,0,4,10,21,47,72,3,18,21,0,0
SUBD,16,8,8,2015-01-26,2015-09-29,0,0,0,0,0,0,16,0,0,0,0,0,0,0,0,0,0
SUBK,122,61,61,2010-04-13,2016-01-28,0,4,8,32,14,14,46,4,0,0,0,0,0,0,0,0,0
SUI,1724,681,1043,2009-11-17,2023-12-14,1,18,19,54,66,57,206,306,159,269,283,130,38,54,64,0,0
SUM,266,0,266,2014-12-18,2023-12-14,0,0,0,0,0,2,19,18,25,12,19,17,26,56,72,0,0
SUN,3293,1199,2094,2009-07-10,2023-12-16,17,139,326,366,0,10,272,470,331,318,406,186,70,124,258,0,0
SUNE,2498,1249,1249,2013-06-27,2016-09-27,0,0,0,0,80,346,1358,714,0,0,0,0,0,0,0,0,0
SUNS,724,362,362,2011-03-02,2020-05-07,0,0,16,36,18,22,86,128,72,168,150,28,0,0,0,0,0
SUNW,119,0,119,2016-06-22,2023-12-04,0,0,0,0,0,0,0,13,7,1,9,26,23,21,19,0,0
SUP,1666,629,1037,2010-05-05,2023-11-01,0,34,69,88,93,104,296,293,106,232,257,73,5,6,10,0,0
SUPN,1367,533,834,2012-05-10,2023-12-13,0,0,0,47,104,93,116,130,252,257,194,97,35,18,24,0,0
SUPV,133,0,133,2016-05-10,2023-12-11,0,0,0,0,0,0,0,7,28,42,17,12,14,3,10,0,0
SURG,444,222,222,2010-04-28,2020-05-20,0,10,30,70,50,32,216,2,0,4,20,10,0,0,0,0,0
SUSA,229,0,229,2017-07-25,2023-11-16,0,0,0,0,0,0,0,0,36,109,31,7,10,13,23,0,0
SUSB,9,0,9,2018-01-02,2023-08-02,0,0,0,0,0,0,0,0,0,2,0,0,2,3,2,0,0
SUSL,75,0,75,2019-05-28,2023-12-12,0,0,0,0,0,0,0,0,0,0,3,19,19,19,15,0,0
SUSQ,368,184,184,2010-03-08,2018-08-07,0,34,68,80,56,68,60,0,0,2,0,0,0,0,0,0,0
SUTR,134,67,67,2009-09-25,2015-06-26,2,20,32,14,34,16,16,0,0,0,0,0,0,0,0,0,0
SVA,730,365,365,2009-10-09,2020-05-25,22,26,42,32,116,64,92,144,64,74,30,24,0,0,0,0,0
SVBL,78,39,39,2011-07-11,2020-04-17,0,0,8,8,2,8,16,10,2,4,14,6,0,0,0,0,0
SVLC,114,57,57,2013-03-05,2016-06-09,0,0,0,0,6,18,84,6,0,0,0,0,0,0,0,0,0
SVM,1119,455,664,2009-11-11,2023-11-23,3,151,199,102,45,56,67,16,20,84,169,99,29,23,56,0,0
SVRA,61,0,61,2017-06-02,2023-11-08,0,0,0,0,0,0,0,0,1,5,15,3,16,9,12,0,0
SVT,37,0,37,2012-11-23,2023-10-02,0,0,0,1,1,0,1,1,1,4,2,5,5,3,13,0,0
SVU,3662,1831,1831,2009-09-15,2019-06-07,10,160,414,790,420,228,560,392,300,386,2,0,0,0,0,0,0
SVVC,324,158,166,2011-10-19,2020-04-28,0,0,4,36,12,10,34,19,57,67,71,14,0,0,0,0,0
SVXY,2190,1057,1133,2012-04-05,2023-10-05,0,0,0,15,10,15,128,242,358,1026,369,17,8,1,1,0,0
SWAN,9,0,9,2020-10-09,2023-09-12,0,0,0,0,0,0,0,0,0,0,0,2,2,3,2,0,0
SWBI,549,0,549,2017-01-09,2023-12-15,0,0,0,0,0,0,0,0,136,89,50,67,109,67,31,0,0
SWH,6,3,3,2010-03-19,2012-11-19,0,4,0,2,0,0,0,0,0,0,0,0,0,0,0,0,0
SWHC,3524,1762,1762,2009-09-10,2017-01-04,10,76,126,530,576,392,618,1184,12,0,0,0,0,0,0,0,0
SWI,2070,881,1189,2009-10-20,2023-11-30,12,33,208,562,207,135,363,34,0,69,164,111,115,28,29,0,0
SWIR,1318,659,659,2009-09-01,2020-05-07,4,78,84,46,74,152,168,144,184,178,168,38,0,0,0,0,0
SWK,4385,1611,2774,2009-09-09,2023-12-16,15,96,235,364,299,174,315,371,423,587,647,330,110,190,229,0,0
SWKH,7,0,7,2022-12-15,2023-04-05,0,0,0,0,0,0,0,0,0,0,0,0,0,1,6,0,0
SWKS,1647,0,1647,2010-03-08,2023-12-12,0,5,8,24,18,82,134,113,196,189,164,144,199,171,200,0,0
SWM,658,329,329,2009-08-28,2020-05-08,2,26,36,42,52,26,48,84,50,126,128,38,0,0,0,0,0
SWN,5062,1955,3107,2009-08-07,2023-12-13,23,155,230,481,272,266,575,815,455,559,604,229,74,168,156,0,0
SWSH,226,113,113,2011-04-13,2016-04-05,0,0,96,24,28,24,46,8,0,0,0,0,0,0,0,0,0
SWTX,76,0,76,2019-09-12,2023-12-14,0,0,0,0,0,0,0,0,0,0,3,5,11,26,31,0,0
SWX,1376,483,893,2009-08-13,2023-12-11,2,11,30,55,55,48,94,144,75,289,263,103,49,89,69,0,0
SWY,2350,1175,1175,2009-08-10,2017-11-30,10,158,320,632,684,442,70,24,10,0,0,0,0,0,0,0,0
SWZ,359,162,197,2009-12-24,2023-09-14,1,0,8,1,1,2,56,59,56,112,42,15,4,0,2,0,0
SXC,1917,702,1215,2009-09-15,2023-12-05,2,2,38,103,162,157,225,299,206,272,252,87,30,37,45,0,0
SXCP,624,312,312,2013-01-23,2019-11-13,0,0,0,0,72,24,90,120,72,164,82,0,0,0,0,0,0
SXE,472,236,236,2009-10-19,2019-02-27,4,20,2,14,12,48,160,60,58,92,2,0,0,0,0,0,0
SXI,849,311,538,2010-04-14,2023-12-12,0,16,34,53,26,30,62,63,41,125,188,66,30,55,60,0,0
SXTC,15,0,15,2019-07-03,2023-10-04,0,0,0,0,0,0,0,0,0,0,2,3,3,6,1,0,0
SY,36,0,36,2019-05-28,2023-12-01,0,0,0,0,0,0,0,0,0,0,2,12,11,3,8,0,0
SYA,422,211,211,2010-01-15,2019-10-27,0,18,28,46,56,108,100,12,10,26,18,0,0,0,0,0,0
SYBT,490,245,245,2010-10-20,2020-05-29,0,4,16,30,58,40,36,50,26,90,118,22,0,0,0,0,0
SYBX,73,0,73,2017-11-03,2023-12-11,0,0,0,0,0,0,0,0,1,11,10,9,11,11,20,0,0
SYE,102,51,51,2015-06-02,2019-12-15,0,0,0,0,0,0,2,0,0,0,100,0,0,0,0,0,0
SYG,90,45,45,2014-12-29,2020-05-10,0,0,0,0,0,2,18,24,10,24,10,2,0,0,0,0,0
SYK,6945,2737,4208,2009-10-28,2023-12-16,11,195,626,588,351,443,434,541,563,1049,1105,539,96,158,246,0,0
SYKE,592,296,296,2009-10-06,2020-06-04,4,8,54,44,42,30,44,80,58,80,112,36,0,0,0,0,0
SYLD,171,53,118,2013-05-14,2023-07-30,0,0,0,0,13,4,7,29,31,47,23,6,4,3,4,0,0
SYMC,5416,2708,2708,2009-08-07,2019-11-07,14,232,300,506,440,484,568,768,504,706,894,0,0,0,0,0,0
SYMX,304,152,152,2010-06-03,2017-11-30,0,6,50,24,12,36,70,54,52,0,0,0,0,0,0,0,0
SYNA,3156,1276,1880,2009-10-02,2023-12-16,14,68,124,149,267,488,359,319,269,351,371,167,54,74,82,0,0
SYNC,892,446,446,2012-02-08,2020-05-15,0,0,0,234,42,82,152,96,76,122,68,20,0,0,0,0,0
SYNL,559,278,281,2011-02-07,2023-09-19,0,0,6,38,40,34,88,48,46,128,104,24,0,1,2,0,0
SYNT,1018,509,509,2010-01-28,2018-11-05,0,26,56,108,198,50,108,146,144,182,0,0,0,0,0,0,0
SYPR,368,169,199,2010-05-20,2022-10-09,0,8,18,36,19,15,53,38,24,60,64,24,3,6,0,0,0
SYRG,620,310,310,2011-07-18,2017-03-06,0,0,12,26,66,108,184,206,18,0,0,0,0,0,0,0,0
SYRX,166,83,83,2014-01-06,2017-02-28,0,0,0,0,0,36,90,36,4,0,0,0,0,0,0,0,0
SYT,1916,958,958,2009-10-23,2019-10-26,2,44,120,130,82,116,710,444,254,10,4,0,0,0,0,0,0
SYTL,100,50,50,2015-06-11,2015-10-22,0,0,0,0,0,0,100,0,0,0,0,0,0,0,0,0,0
SYUT,400,200,200,2009-10-27,2017-04-28,6,46,44,56,38,44,60,96,10,0,0,0,0,0,0,0,0
SYV,60,30,30,2016-12-29,2019-09-20,0,0,0,0,0,0,0,4,18,24,14,0,0,0,0,0,0
SYX,430,215,215,2009-08-07,2020-06-04,2,14,16,24,14,16,32,30,42,158,62,20,0,0,0,0,0
SYY,5729,2121,3608,2009-08-18,2023-12-16,18,96,243,266,347,292,789,709,484,740,735,453,81,302,174,0,0
SZC,104,52,52,2018-11-01,2020-06-02,0,0,0,0,0,0,0,0,0,12,76,16,0,0,0,0,0
SZK,129,57,72,2009-04-08,2022-05-24,1,1,8,6,0,0,1,2,2,4,102,0,0,2,0,0,0
SZO,108,54,54,2011-05-02,2019-12-14,0,0,6,0,0,2,0,0,0,0,100,0,0,0,0,0,0
SZYM,660,330,330,2011-05-25,2017-01-18,0,0,90,168,78,96,164,62,2,0,0,0,0,0,0,0,0
T,9477,14,9463,2016-06-20,2023-12-16,0,0,0,0,0,0,0,749,1474,1319,1109,1255,1219,1167,1185,0,0
TA,978,489,489,2009-09-14,2020-05-22,4,12,76,46,54,70,150,140,74,126,164,62,0,0,0,0,0
TAC,1224,430,794,2009-08-06,2023-12-01,4,35,59,80,90,47,181,128,82,118,155,91,14,39,101,0,0
TACT,420,210,210,2009-11-03,2020-06-10,4,2,20,34,12,22,68,46,28,80,72,32,0,0,0,0,0
TAGS,157,53,104,2012-06-26,2023-11-28,0,0,0,9,0,5,0,1,0,0,100,1,2,22,17,0,0
TAHO,1114,557,557,2012-06-28,2019-11-26,0,0,0,42,28,72,194,210,176,318,74,0,0,0,0,0,0
TAI,100,50,50,2016-09-21,2018-11-17,0,0,0,0,0,0,0,34,28,38,0,0,0,0,0,0,0
TAIL,25,0,25,2017-04-07,2023-10-20,0,0,0,0,0,0,0,0,1,3,6,1,1,8,5,0,0
TAIT,240,103,137,2011-01-11,2023-07-10,0,0,4,46,4,1,2,21,7,31,96,7,10,5,6,0,0
TAK,363,0,363,2019-01-07,2023-12-15,0,0,0,0,0,0,0,0,0,0,39,103,90,64,67,0,0
TAL,1926,963,963,2010-02-26,2020-06-09,0,38,68,150,76,42,114,54,296,372,400,316,0,0,0,0,0
TALO,294,0,294,2018-05-23,2023-12-15,0,0,0,0,0,0,0,0,0,21,16,28,54,84,91,0,0
TAN,2795,1011,1784,2009-07-17,2023-12-16,2,142,207,248,238,170,375,286,167,180,278,160,134,121,87,0,0
TANH,9,0,9,2015-03-25,2022-12-01,0,0,0,0,0,0,2,0,1,0,0,1,2,3,0,0,0
TAO,1562,781,781,2009-09-03,2019-12-15,4,68,26,48,10,12,346,310,122,398,218,0,0,0,0,0,0
TAOM,198,99,99,2011-05-18,2016-06-23,0,0,32,20,22,36,84,4,0,0,0,0,0,0,0,0,0
TAOP,24,0,24,2018-12-27,2023-10-12,0,0,0,0,0,0,0,0,0,1,2,9,9,0,3,0,0
TAP,6280,2292,3988,2009-08-13,2023-12-16,4,103,319,646,463,394,665,573,408,842,938,395,132,116,282,0,0
TAP.A,18,9,9,2015-03-19,2020-04-21,0,0,0,0,0,0,10,6,0,0,0,2,0,0,0,0,0
TARA,39,0,39,2014-10-07,2023-08-04,0,0,0,0,0,3,5,5,2,0,3,8,7,3,3,0,0
TARO,712,279,433,2012-04-05,2023-12-13,0,0,0,31,33,47,85,99,45,115,119,84,13,22,19,0,0
TAS,20,10,10,2012-02-27,2016-08-28,0,0,0,8,0,4,6,2,0,0,0,0,0,0,0,0,0
TASR,2450,1225,1225,2009-11-05,2017-04-11,2,44,86,138,98,492,824,596,170,0,0,0,0,0,0,0,0
TAST,1807,579,1228,2010-05-11,2023-12-16,0,4,63,62,25,148,344,308,115,270,177,115,6,14,156,0,0
TAT,500,250,250,2010-06-10,2020-05-18,0,12,62,66,78,36,44,36,30,86,40,10,0,0,0,0,0
TATT,39,0,39,2012-06-30,2023-11-13,0,0,0,2,1,1,0,3,2,1,1,7,14,4,3,0,0
TAX,582,291,291,2012-09-21,2018-08-02,0,0,0,6,32,122,112,104,118,88,0,0,0,0,0,0,0
TAXF,35,0,35,2020-12-07,2023-12-07,0,0,0,0,0,0,0,0,0,0,0,2,7,13,13,0,0
TAXI,370,185,185,2010-08-31,2016-05-13,0,6,20,34,40,48,168,54,0,0,0,0,0,0,0,0,0
TAYD,188,89,99,2010-10-13,2023-09-29,0,2,14,22,10,10,14,46,10,22,18,15,2,2,1,0,0
TBAR,104,52,52,2011-08-11,2015-07-07,0,0,2,0,0,2,100,0,0,0,0,0,0,0,0,0,0
TBB,3,0,3,2018-01-12,2023-08-03,0,0,0,0,0,0,0,0,0,2,0,0,0,0,1,0,0
TBBK,748,277,471,2009-12-08,2023-12-13,2,9,10,33,53,95,48,97,73,53,125,46,14,28,62,0,0
TBF,169,55,114,2010-01-01,2023-09-26,0,8,11,3,13,8,3,6,6,3,96,4,1,3,4,0,0
TBIO,883,370,513,2011-07-14,2023-08-30,0,0,4,19,13,10,126,68,28,162,244,157,42,0,10,0,0
TBK,515,238,277,2014-09-19,2023-11-17,0,0,0,0,0,16,40,28,74,140,104,74,0,1,38,0,0
TBLT,41,0,41,2020-04-15,2023-08-23,0,0,0,0,0,0,0,0,0,0,0,8,11,16,6,0,0
TBNK,440,176,264,2011-02-07,2023-12-15,0,0,6,20,22,44,56,40,32,66,95,12,8,18,21,0,0
TBPH,1227,502,725,2014-06-03,2023-12-07,0,0,0,0,0,51,199,261,88,226,193,102,27,44,36,0,0
TBT,995,353,642,2009-04-08,2023-10-18,36,290,217,97,105,44,34,34,35,38,3,18,16,17,11,0,0
TBX,8,0,8,2018-02-05,2023-04-11,0,0,0,0,0,0,0,0,0,5,0,0,1,1,1,0,0
TBZ,100,50,50,2017-03-19,2017-12-15,0,0,0,0,0,0,0,0,100,0,0,0,0,0,0,0,0
TC,842,421,421,2009-08-10,2020-05-19,4,44,68,144,52,94,210,18,2,40,142,24,0,0,0,0,0
TCAP,1060,530,530,2010-04-14,2018-08-01,0,24,68,78,36,62,254,256,166,116,0,0,0,0,0,0,0
TCBIP,22,11,11,2018-07-24,2019-11-19,0,0,0,0,0,0,0,0,0,14,8,0,0,0,0,0,0
TCBK,618,217,401,2010-05-29,2023-12-05,0,2,22,24,90,46,41,33,50,76,105,34,14,36,45,0,0
TCC,2,1,1,2015-01-27,2015-01-27,0,0,0,0,0,0,2,0,0,0,0,0,0,0,0,0,0
TCCA,4,2,2,2018-04-04,2018-09-27,0,0,0,0,0,0,0,0,0,4,0,0,0,0,0,0,0
TCCO,447,215,232,2010-12-13,2020-12-29,0,2,2,15,8,12,18,50,80,99,120,41,0,0,0,0,0
TCFC,212,106,106,2013-10-02,2020-06-03,0,0,0,0,6,20,30,26,34,48,34,14,0,0,0,0,0
TCHI,20,10,10,2012-04-19,2015-06-25,0,0,0,4,0,2,14,0,0,0,0,0,0,0,0,0,0
TCI,188,85,103,2009-09-03,2021-07-21,2,2,4,11,1,7,22,17,18,55,35,12,2,0,0,0,0
TCK,1472,736,736,2009-08-12,2016-12-01,12,236,152,132,66,68,352,454,0,0,0,0,0,0,0,0,0
TCO,2438,1219,1219,2009-08-10,2020-06-11,12,46,134,174,144,90,158,240,264,466,500,210,0,0,0,0,0
TCOM,1199,0,1199,2010-02-23,2023-12-15,0,7,10,14,33,77,118,142,132,121,108,89,93,93,162,0,0
TCON,44,0,44,2015-01-20,2023-11-23,0,0,0,0,0,0,7,2,0,0,7,9,7,5,7,0,0
TCP,1298,649,649,2011-11-21,2020-05-18,0,0,4,42,100,84,164,130,78,396,244,56,0,0,0,0,0
TCPC,1086,489,597,2012-04-04,2023-10-04,0,0,0,33,48,43,134,171,94,263,213,43,5,12,27,0,0
TCPI,76,38,38,2014-05-21,2016-12-14,0,0,0,0,0,14,52,10,0,0,0,0,0,0,0,0,0
TCRD,994,497,497,2010-08-12,2020-05-28,0,6,26,36,42,46,104,156,112,244,160,62,0,0,0,0,0
TCRX,8,4,4,2018-09-27,2018-11-09,0,0,0,0,0,0,0,0,0,8,0,0,0,0,0,0,0
TCS,1069,345,724,2013-10-02,2023-11-09,0,0,0,0,43,112,217,120,96,140,170,66,62,30,13,0,0
TCX,668,274,394,2009-10-08,2023-02-07,4,16,6,44,33,50,95,41,114,89,126,39,6,3,2,0,0
TD,4789,1649,3140,2009-06-09,2023-12-14,19,165,149,251,239,221,429,554,471,672,586,325,185,224,299,0,0
TDA,6,3,3,2012-12-06,2019-08-21,0,0,0,2,0,0,0,0,0,2,2,0,0,0,0,0,0
TDC,2364,930,1434,2009-10-24,2023-12-15,8,74,170,391,235,158,188,179,131,209,247,117,73,95,89,0,0
TDD,10,5,5,2011-12-31,2020-02-27,0,0,2,0,0,0,2,0,0,2,2,2,0,0,0,0,0
TDF,16,0,16,2012-12-10,2021-12-17,0,0,0,1,0,1,2,2,2,1,3,1,3,0,0,0,0
TDH,4,2,2,2011-12-29,2015-03-04,0,0,2,0,0,0,2,0,0,0,0,0,0,0,0,0,0
TDI,6,3,3,2012-03-27,2020-05-27,0,0,0,2,0,0,0,0,0,0,2,2,0,0,0,0,0
TDIV,711,173,538,2012-08-16,2023-12-12,0,0,0,25,92,78,112,66,66,91,76,22,16,36,31,0,0
TDN,4,2,2,2011-12-30,2015-03-04,0,0,2,0,0,0,2,0,0,0,0,0,0,0,0,0,0
TDOC,2379,0,2379,2015-06-30,2023-12-16,0,0,0,0,0,0,7,18,59,94,109,583,639,521,349,0,0
TDS,1947,703,1244,2010-02-25,2023-12-14,0,41,88,93,132,163,166,187,212,296,283,118,49,55,64,0,0
TDTF,104,52,52,2012-07-12,2019-12-10,0,0,0,4,0,0,0,0,0,0,100,0,0,0,0,0,0
TDTT,108,54,54,2012-07-12,2020-04-21,0,0,0,6,2,0,0,0,0,0,98,2,0,0,0,0,0
TDV,37,8,29,2011-12-30,2023-11-29,0,0,2,0,0,0,2,0,0,0,2,15,0,9,7,0,0
TDW,1222,604,618,2009-08-10,2023-12-11,14,26,68,108,44,60,144,244,146,166,144,44,0,0,14,0,0
TDY,1350,675,675,2010-09-20,2020-06-02,0,10,58,98,78,96,78,76,96,256,356,148,0,0,0,0,0
TE,918,459,459,2009-08-10,2019-10-17,6,50,86,164,114,140,266,50,2,4,36,0,0,0,0,0,0
TEAF,1,0,1,2021-02-17,2021-02-17,0,0,0,0,0,0,0,0,0,0,0,0,1,0,0,0,0
TEAM,901,0,901,2015-11-09,2023-12-15,0,0,0,0,0,0,9,23,51,82,95,67,120,216,238,0,0
TEAR,416,208,208,2010-03-09,2020-05-07,0,8,20,52,36,28,52,84,96,22,12,6,0,0,0,0,0
TECD,1916,958,958,2009-11-23,2020-05-29,10,62,152,198,88,90,220,172,200,254,374,96,0,0,0,0,0
TECH,1308,466,842,2009-08-21,2023-12-14,2,21,26,32,35,68,73,106,84,237,249,176,58,68,73,0,0
TECK,741,0,741,2016-12-06,2023-12-14,0,0,0,0,0,0,0,10,144,69,61,41,56,169,191,0,0
TECL,848,375,473,2015-01-02,2023-12-12,0,0,0,0,0,0,51,134,101,305,173,14,26,18,26,0,0
TECS,670,307,363,2012-12-31,2023-11-30,0,0,0,1,0,2,45,90,68,284,122,9,6,26,17,0,0
TECTP,1,0,1,2023-08-01,2023-08-01,0,0,0,0,0,0,0,0,0,0,0,0,0,0,1,0,0
TECU,50,25,25,2014-09-24,2016-01-07,0,0,0,0,0,6,40,4,0,0,0,0,0,0,0,0,0
TEDU,709,316,393,2014-03-19,2023-02-27,0,0,0,0,0,102,113,104,120,126,43,90,9,1,1,0,0
TEF,2720,1360,1360,2009-09-07,2020-06-11,14,154,224,366,352,336,394,266,128,172,220,94,0,0,0,0,0
TEG,716,358,358,2009-09-21,2019-05-05,6,24,60,142,216,164,100,2,0,0,2,0,0,0,0,0,0
TEI,42,21,21,2018-08-27,2020-05-07,0,0,0,0,0,0,0,0,0,14,16,12,0,0,0,0,0
TEL,1880,940,940,2009-12-30,2020-06-11,4,84,108,142,94,178,190,158,144,284,330,164,0,0,0,0,0
TELA,49,0,49,2019-10-29,2023-09-22,0,0,0,0,0,0,0,0,0,0,3,4,11,21,10,0,0
TELL,379,0,379,2017-02-23,2023-12-13,0,0,0,0,0,0,0,0,27,32,60,42,66,106,46,0,0
TEN,2140,1070,1070,2009-08-07,2020-06-11,8,86,112,168,136,138,164,144,110,356,476,242,0,0,0,0,0
TENB,211,0,211,2018-07-25,2023-11-28,0,0,0,0,0,0,0,0,0,5,17,24,38,56,71,0,0
TENX,455,210,245,2015-03-05,2023-11-13,0,0,0,0,0,0,50,36,41,182,59,74,5,2,6,0,0
TENZ,100,50,50,2015-06-24,2016-03-22,0,0,0,0,0,0,96,4,0,0,0,0,0,0,0,0,0
TEO,822,336,486,2010-06-03,2023-11-10,0,16,27,53,30,62,97,65,128,197,108,21,5,6,7,0,0
TEP,828,414,414,2013-06-10,2018-06-26,0,0,0,0,22,98,198,170,160,180,0,0,0,0,0,0,0
TER,757,0,757,2010-04-14,2023-12-15,0,2,11,13,28,27,46,50,105,91,40,67,77,90,110,0,0
TERP,2558,1279,1279,2014-07-08,2020-06-02,0,0,0,0,0,140,782,764,156,278,304,134,0,0,0,0,0
TESO,630,315,315,2009-11-25,2018-04-24,4,26,54,104,144,92,78,70,54,4,0,0,0,0,0,0,0
TESS,600,300,300,2010-09-23,2020-05-28,0,4,10,40,54,30,86,50,60,86,130,50,0,0,0,0,0
TEU,254,127,127,2011-04-14,2017-02-02,0,0,26,66,42,26,68,24,2,0,0,0,0,0,0,0,0
TEUM,52,0,52,2017-01-09,2022-01-15,0,0,0,0,0,0,0,0,9,18,13,7,3,2,0,0,0
TEVA,4662,1064,3598,2009-11-22,2023-12-15,1,27,40,88,108,136,167,210,1150,776,843,558,160,191,207,0,0
TEX,3820,1441,2379,2009-08-28,2023-12-15,26,112,141,268,252,281,340,546,473,476,381,153,42,98,231,0,0
TFC,817,0,817,2019-12-13,2023-12-16,0,0,0,0,0,0,0,0,0,0,4,72,88,231,422,0,0
TFG,8,4,4,2011-07-12,2013-01-02,0,0,4,2,2,0,0,0,0,0,0,0,0,0,0,0,0
TFI,105,0,105,2010-02-16,2023-10-20,0,5,0,9,1,1,5,16,8,7,4,8,10,21,10,0,0
TFII,137,0,137,2020-02-13,2023-12-14,0,0,0,0,0,0,0,0,0,0,0,11,24,54,48,0,0
TFLO,182,70,112,2014-02-14,2023-08-29,0,0,0,0,0,2,5,0,1,1,140,0,0,15,18,0,0
TFM,1790,895,895,2010-11-03,2017-12-26,0,14,102,476,308,224,466,194,6,0,0,0,0,0,0,0,0
TFSC,2,1,1,2016-08-03,2016-08-03,0,0,0,0,0,0,0,2,0,0,0,0,0,0,0,0,0
TFSCU,4,2,2,2014-07-16,2014-07-16,0,0,0,0,0,4,0,0,0,0,0,0,0,0,0,0,0
TFSL,320,160,160,2010-08-05,2020-05-12,0,18,16,14,10,12,30,26,18,72,92,12,0,0,0,0,0
TFX,2234,846,1388,2010-01-11,2023-12-14,0,27,79,232,130,110,148,151,236,273,449,165,58,71,105,0,0
TG,432,177,255,2010-01-18,2023-05-08,0,6,31,16,56,32,51,40,27,58,60,32,16,2,5,0,0
TGB,91,0,91,2010-05-13,2023-11-22,0,7,3,0,3,1,16,5,23,8,2,6,4,7,6,0,0
TGC,192,96,96,2009-08-07,2020-05-14,2,2,16,2,8,16,16,26,16,54,24,10,0,0,0,0,0
TGD,304,152,152,2012-10-25,2017-04-18,0,0,0,4,18,64,94,94,30,0,0,0,0,0,0,0,0
TGE,818,409,409,2009-10-29,2020-05-15,2,0,38,38,18,18,2,2,0,166,434,100,0,0,0,0,0
TGEN,272,116,156,2009-08-12,2023-10-26,2,0,0,0,2,4,21,21,67,64,67,10,0,6,8,0,0
TGH,1217,452,765,2010-02-11,2023-11-28,0,28,64,91,66,50,156,152,115,180,124,35,29,66,61,0,0
TGI,483,0,483,2012-01-20,2023-12-07,0,0,0,19,32,24,29,35,59,29,43,60,27,64,62,0,0
TGLS,627,50,577,2014-08-19,2023-12-14,0,0,0,0,0,1,17,5,15,42,98,21,20,189,219,0,0
TGNA,383,0,383,2015-06-29,2023-12-13,0,0,0,0,0,0,28,29,48,37,38,28,43,54,78,0,0
TGP,1230,615,615,2010-01-13,2020-05-21,0,10,42,56,32,52,158,186,88,232,326,48,0,0,0,0,0
TGS,484,173,311,2010-08-09,2023-12-16,0,5,4,10,11,20,43,32,61,87,103,32,5,24,47,0,0
TGT,4039,884,3155,2017-10-27,2023-12-16,0,0,0,0,0,0,0,0,146,560,676,386,0,1192,1079,0,0
TGTX,1864,766,1098,2012-11-08,2023-12-01,0,0,0,2,29,118,127,131,279,419,383,200,37,52,87,0,0
TH,175,0,175,2019-11-13,2023-12-12,0,0,0,0,0,0,0,0,0,0,1,9,8,97,60,0,0
THC,4077,1441,2636,2009-11-02,2023-12-13,9,201,242,207,231,216,299,253,487,632,697,272,47,122,162,0,0
THCA,7,0,7,2021-05-11,2022-11-16,0,0,0,0,0,0,0,0,0,0,0,0,3,4,0,0,0
THCX,20,0,20,2019-07-10,2023-04-17,0,0,0,0,0,0,0,0,0,0,1,4,11,3,1,0,0
THD,86,0,86,2009-12-14,2023-10-13,2,5,2,17,32,6,1,6,9,5,0,0,0,0,1,0,0
THFF,350,175,175,2011-01-26,2020-05-21,0,0,8,16,6,42,38,48,20,34,102,36,0,0,0,0,0
THG,1334,459,875,2009-08-10,2023-12-12,2,20,56,37,111,53,96,124,98,187,214,103,74,79,80,0,0
THHY,100,50,50,2017-11-27,2019-01-13,0,0,0,0,0,0,0,0,12,82,6,0,0,0,0,0,0
THM,246,101,145,2010-01-04,2023-11-29,0,16,25,21,4,16,18,53,26,32,20,8,0,5,2,0,0
THMO,63,0,63,2012-11-20,2023-11-08,0,0,0,1,4,2,28,0,11,3,0,0,6,1,7,0,0
THNQ,25,0,25,2021-10-12,2023-12-11,0,0,0,0,0,0,0,0,0,0,0,0,1,0,24,0,0
THO,841,0,841,2010-07-02,2023-12-16,0,2,2,7,21,19,33,95,143,91,70,64,71,124,99,0,0
THOR,1456,728,728,2009-11-05,2020-05-20,6,82,198,238,168,150,382,8,2,44,174,4,0,0,0,0,0
THQ,65,0,65,2014-09-16,2023-08-11,0,0,0,0,0,2,11,9,1,8,6,7,7,4,10,0,0
THR,520,260,260,2011-05-11,2020-06-11,0,0,22,60,62,30,88,46,60,60,62,30,0,0,0,0,0
THRK,20,10,10,2015-01-12,2017-01-17,0,0,0,0,0,0,12,6,2,0,0,0,0,0,0,0,0
THRM,1666,675,991,2012-06-06,2023-11-20,0,0,0,12,169,533,297,123,67,154,148,93,20,26,24,0,0
THRX,1108,554,554,2009-11-30,2016-01-11,2,34,74,234,298,154,304,8,0,0,0,0,0,0,0,0,0
THS,2629,1002,1627,2009-12-10,2023-12-08,2,40,94,137,119,426,309,236,237,294,359,153,34,104,85,0,0
THTI,68,34,34,2010-11-15,2020-02-28,0,2,2,26,12,8,16,0,0,0,0,2,0,0,0,0,0
THTX,21,0,21,2020-04-15,2023-12-11,0,0,0,0,0,0,0,0,0,0,0,13,1,0,7,0,0
THW,42,0,42,2015-09-16,2023-08-18,0,0,0,0,0,0,4,9,0,8,0,4,11,1,5,0,0
THWWW,2,0,2,2020-11-17,2020-11-20,0,0,0,0,0,0,0,0,0,0,0,2,0,0,0,0,0
THY,5183,0,5183,2023-07-24,2023-12-16,0,0,0,0,0,0,0,0,0,0,0,0,0,0,5183,0,0
TI,1464,732,732,2009-11-24,2020-02-13,4,36,60,90,234,188,264,176,38,236,136,2,0,0,0,0,0
TI.A,20,10,10,2015-02-20,2019-06-21,0,0,0,0,0,0,4,6,2,2,6,0,0,0,0,0,0
TICC,928,464,464,2010-03-11,2018-03-20,0,12,24,48,20,26,354,274,130,40,0,0,0,0,0,0,0
TIF,6798,3399,3399,2010-02-12,2020-06-09,0,88,726,896,718,610,764,644,506,744,870,232,0,0,0,0,0
TIGO,57,0,57,2019-06-04,2023-12-13,0,0,0,0,0,0,0,0,0,0,9,13,13,11,11,0,0
TIGR,593,216,377,2010-12-07,2023-12-15,0,2,0,4,18,18,32,10,0,0,322,62,77,29,19,0,0
TIK,328,164,164,2010-05-05,2019-07-01,0,6,12,12,4,4,26,38,48,152,26,0,0,0,0,0,0
TILE,243,0,243,2013-03-04,2023-11-03,0,0,0,0,5,12,39,22,18,29,21,24,21,25,27,0,0
TILT,62,31,31,2012-07-12,2019-06-03,0,0,0,16,4,2,8,4,2,22,4,0,0,0,0,0,0
TIME,1014,507,507,2014-05-27,2019-07-29,0,0,0,0,0,110,180,316,362,42,4,0,0,0,0,0,0
TINY,264,132,132,2010-08-20,2017-03-24,0,4,8,44,74,6,48,50,30,0,0,0,0,0,0,0,0
TIP,3584,1538,2046,2009-06-24,2023-12-12,14,147,110,79,47,48,349,577,479,683,707,196,50,55,43,0,0
TIPT,324,131,193,2014-04-03,2023-12-14,0,0,0,0,0,34,42,55,33,67,55,10,15,6,7,0,0
TIPX,158,71,87,2015-03-10,2023-12-13,0,0,0,0,0,0,2,4,3,0,140,0,2,3,4,0,0
TIPZ,108,54,54,2011-08-03,2020-01-30,0,0,2,4,0,0,0,0,2,0,98,2,0,0,0,0,0
TISA,388,194,194,2009-09-30,2019-04-24,2,0,42,32,14,56,78,50,48,38,28,0,0,0,0,0,0
TISI,817,348,469,2009-10-05,2023-05-26,4,16,41,68,115,118,115,53,68,85,48,55,18,8,5,0,0
TITN,1716,679,1037,2010-04-15,2023-11-30,0,38,146,344,154,66,125,76,114,158,206,71,24,116,78,0,0
TIVO,3128,1564,1564,2009-08-07,2020-06-01,18,262,352,488,366,226,316,266,222,232,296,84,0,0,0,0,0
TJX,10217,3817,6400,2009-08-16,2023-12-16,42,365,570,1148,806,679,928,881,812,1346,1114,639,170,226,491,0,0
TK,191,0,191,2010-08-03,2023-12-12,0,1,3,5,6,20,28,23,25,18,17,15,14,7,9,0,0
TKAI,284,142,142,2014-09-15,2017-05-10,0,0,0,0,0,64,72,138,10,0,0,0,0,0,0,0,0
TKC,969,398,571,2010-02-18,2023-11-27,0,36,28,46,51,41,118,69,63,259,161,52,15,6,24,0,0
TKMR,1356,678,678,2011-03-16,2015-11-11,0,0,34,36,32,840,414,0,0,0,0,0,0,0,0,0,0
TKR,1798,722,1076,2010-04-20,2023-12-13,0,29,133,172,170,165,107,112,93,256,294,93,39,56,79,0,0
TLF,526,263,263,2009-08-07,2020-05-27,2,8,20,24,48,42,76,96,48,58,92,12,0,0,0,0,0
TLH,229,55,174,2009-06-24,2023-12-14,3,9,12,9,4,5,5,7,9,4,66,40,7,20,29,0,0
TLI,82,41,41,2015-05-18,2020-05-26,0,0,0,0,0,0,2,0,0,16,28,36,0,0,0,0,0
TLK,402,130,272,2010-03-04,2023-12-15,0,53,27,29,45,31,29,43,20,46,27,20,8,9,15,0,0
TLL,32,16,16,2010-05-13,2015-08-26,0,4,4,8,2,0,14,0,0,0,0,0,0,0,0,0,0
TLLP,626,313,313,2011-05-02,2017-07-21,0,0,38,110,86,84,108,132,68,0,0,0,0,0,0,0,0
TLM,1118,559,559,2009-10-15,2018-01-30,4,50,148,314,162,300,130,8,0,2,0,0,0,0,0,0,0
TLMR,172,86,86,2014-02-13,2016-09-01,0,0,0,0,0,40,56,76,0,0,0,0,0,0,0,0,0
TLO,70,35,35,2011-05-17,2019-08-23,0,0,6,0,0,0,2,2,56,2,2,0,0,0,0,0,0
TLOG,222,111,111,2013-11-06,2020-03-24,0,0,0,0,16,60,104,38,0,0,2,2,0,0,0,0,0
TLP,990,495,495,2009-11-12,2019-09-10,2,26,18,30,38,56,292,126,166,202,34,0,0,0,0,0,0
TLR,126,63,63,2009-10-13,2016-08-12,4,6,22,12,0,18,46,18,0,0,0,0,0,0,0,0,0
TLSA,80,0,80,2018-10-26,2023-10-18,0,0,0,0,0,0,0,0,0,1,7,28,30,7,7,0,0
TLT,4371,1363,3008,2009-07-08,2023-12-15,10,57,468,1010,767,194,244,394,284,160,138,163,97,159,226,0,0
TLTD,66,17,49,2012-09-28,2022-05-20,0,0,0,13,3,4,17,1,4,9,2,1,8,4,0,0,0
TLTE,119,45,74,2012-09-28,2023-11-02,0,0,0,19,1,2,13,6,10,27,20,3,4,9,5,0,0
TLYS,2048,814,1234,2012-05-04,2023-11-30,0,0,0,69,110,79,230,255,258,452,358,146,20,45,26,0,0
TM,7709,2063,5646,2009-08-07,2023-12-15,102,735,545,479,723,759,689,652,730,609,449,341,262,300,334,0,0
TMDV,2,0,2,2020-11-09,2020-11-10,0,0,0,0,0,0,0,0,0,0,0,2,0,0,0,0,0
TMDX,129,0,129,2019-11-01,2023-12-14,0,0,0,0,0,0,0,0,0,0,2,11,11,35,70,0,0
TME,614,0,614,2016-12-12,2023-12-12,0,0,0,0,0,0,0,1,4,21,70,99,164,158,97,0,0
TMF,228,86,142,2009-11-27,2023-12-13,3,52,74,1,1,4,0,11,8,7,10,24,4,8,21,0,0
TMFC,18,0,18,2018-03-19,2023-11-17,0,0,0,0,0,0,0,0,0,3,0,0,1,6,8,0,0
TMH,792,396,396,2010-06-01,2018-02-28,0,6,44,130,82,82,186,224,36,2,0,0,0,0,0,0,0
TMHC,1428,714,714,2013-04-10,2020-06-11,0,0,0,0,160,120,104,124,136,216,422,146,0,0,0,0,0
TMK,1354,677,677,2009-09-25,2019-09-02,4,44,106,214,120,88,152,118,112,218,178,0,0,0,0,0,0
TMO,6959,2029,4930,2009-09-03,2023-12-16,4,119,211,170,299,512,623,812,764,871,1000,636,178,287,473,0,0
TMP,471,176,295,2010-10-27,2023-12-14,0,4,16,43,19,25,72,67,33,62,51,14,12,32,21,0,0
TMQ,16,0,16,2016-10-17,2023-10-05,0,0,0,0,0,0,0,1,6,2,0,0,1,0,6,0,0
TMST,226,0,226,2014-07-30,2023-11-27,0,0,0,0,0,20,10,23,12,9,5,3,24,85,35,0,0
TMUS,5115,495,4620,2012-01-20,2023-12-16,0,0,0,2,142,300,415,438,749,484,631,547,364,445,598,0,0
TMV,351,112,239,2009-11-27,2023-11-21,3,93,76,11,12,1,15,7,16,11,18,12,27,29,20,0,0
TNA,476,174,302,2009-07-23,2023-12-12,12,138,112,21,7,23,12,14,20,22,26,17,23,15,14,0,0
TNAV,904,452,452,2010-06-23,2020-05-20,0,24,48,64,58,26,70,56,64,112,290,92,0,0,0,0,0
TNC,1253,520,733,2010-02-25,2023-12-12,0,15,42,34,44,55,85,131,75,161,344,215,21,8,23,0,0
TNDM,1730,638,1092,2009-11-04,2023-12-16,3,24,49,2,18,15,47,73,117,452,470,247,45,87,81,0,0
TNDQ,20,10,10,2012-03-29,2015-06-25,0,0,0,4,2,2,12,0,0,0,0,0,0,0,0,0,0
TNET,1079,401,678,2014-03-14,2023-12-12,0,0,0,0,0,102,170,116,150,159,158,101,20,41,62,0,0
TNGO,534,267,267,2011-07-27,2017-05-26,0,0,38,172,106,50,96,48,24,0,0,0,0,0,0,0,0
TNH,426,213,213,2009-09-18,2018-04-17,6,36,62,114,26,20,54,62,24,22,0,0,0,0,0,0,0
TNK,2021,821,1200,2009-10-05,2023-12-08,4,42,31,89,21,112,334,303,110,181,373,185,9,107,120,0,0
TNP,1444,595,849,2010-02-11,2023-12-16,0,7,18,74,50,76,266,265,118,148,231,92,12,59,28,0,0
TNXP,2026,917,1109,2011-11-18,2023-12-04,0,0,2,0,10,51,183,224,161,457,553,319,40,21,5,0,0
TOF,130,65,65,2010-04-28,2016-09-30,0,14,20,26,6,10,30,24,0,0,0,0,0,0,0,0,0
TOFR,20,10,10,2014-09-29,2018-12-31,0,0,0,0,0,2,4,2,8,4,0,0,0,0,0,0,0
TOK,22,0,22,2012-05-17,2022-08-09,0,0,0,1,0,0,1,2,1,3,0,5,0,9,0,0,0
TOKE,14,0,14,2019-10-15,2023-10-23,0,0,0,0,0,0,0,0,0,0,1,4,5,2,2,0,0
TOL,3781,1138,2643,2009-08-27,2023-12-16,50,255,274,328,314,349,329,247,325,293,239,190,63,182,343,0,0
TOLZ,195,39,156,2014-03-31,2023-10-18,0,0,0,0,0,5,13,53,49,44,8,2,9,6,6,0,0
TOO,1204,602,602,2010-02-11,2020-03-19,0,14,26,50,40,38,176,240,180,200,230,10,0,0,0,0,0
TOPS,1241,575,666,2010-05-14,2023-12-12,0,10,18,24,6,32,20,88,272,261,284,207,4,9,6,0,0
TORM,110,55,55,2010-05-05,2018-02-12,0,8,12,16,10,8,14,18,16,8,0,0,0,0,0,0,0
TOT,4902,2451,2451,2009-08-07,2020-06-11,14,220,172,160,102,98,466,848,498,1008,986,330,0,0,0,0,0
TOTL,70,0,70,2015-03-01,2023-12-12,0,0,0,0,0,0,10,11,17,6,5,2,1,11,7,0,0
TOUR,727,319,408,2014-04-28,2022-12-27,0,0,0,0,0,92,170,117,65,104,93,71,8,7,0,0,0
TOWN,328,164,164,2010-02-09,2020-05-27,0,6,6,16,6,12,38,48,32,66,68,30,0,0,0,0,0
TOWR,850,425,425,2010-11-24,2019-12-10,0,14,8,48,154,148,76,88,54,132,128,0,0,0,0,0,0
TPB,265,0,265,2015-11-05,2023-11-01,0,0,0,0,0,0,3,15,18,54,48,26,33,39,29,0,0
TPC,1394,633,761,2009-08-12,2023-11-16,2,28,34,114,92,203,142,168,96,152,224,126,0,0,13,0,0
TPH,1656,620,1036,2012-12-21,2023-12-13,0,0,0,2,156,189,289,128,163,211,171,166,32,71,78,0,0
TPHD,4,0,4,2023-02-02,2023-09-06,0,0,0,0,0,0,0,0,0,0,0,0,0,0,4,0,0
TPHS,7,0,7,2012-11-05,2021-06-21,0,0,0,1,1,0,1,1,1,0,0,0,2,0,0,0,0
TPI,98,49,49,2009-08-16,2016-04-29,2,12,28,18,4,12,18,4,0,0,0,0,0,0,0,0,0
TPIF,5,0,5,2020-02-25,2023-09-07,0,0,0,0,0,0,0,0,0,0,0,1,0,0,4,0,0
TPL,836,295,541,2010-05-20,2023-12-05,0,7,12,37,11,47,71,60,62,110,162,61,48,71,77,0,0
TPLC,4,0,4,2023-02-02,2023-09-06,0,0,0,0,0,0,0,0,0,0,0,0,0,0,4,0,0
TPLM,548,274,274,2010-12-31,2019-05-08,0,2,106,66,70,78,152,72,0,0,2,0,0,0,0,0,0
TPR,973,0,973,2017-11-06,2023-12-13,0,0,0,0,0,0,0,0,11,96,90,145,121,279,231,0,0
TPRE,1362,681,681,2013-07-15,2020-05-11,0,0,0,0,22,30,240,388,146,328,180,28,0,0,0,0,0
TPS,100,50,50,2017-01-10,2017-03-23,0,0,0,0,0,0,0,0,100,0,0,0,0,0,0,0,0
TPSC,5,0,5,2021-04-19,2023-09-07,0,0,0,0,0,0,0,0,0,0,0,0,1,0,4,0,0
TPUB,526,263,263,2014-08-05,2016-06-16,0,0,0,0,0,32,150,344,0,0,0,0,0,0,0,0,0
TPVG,848,361,487,2014-03-31,2023-10-21,0,0,0,0,0,10,103,142,69,214,193,56,13,20,28,0,0
TPX,3342,1384,1958,2010-01-05,2023-12-15,0,66,199,479,155,153,386,294,418,290,466,233,56,69,78,0,0
TPYP,8,0,8,2015-12-09,2019-01-03,0,0,0,0,0,0,1,3,2,1,1,0,0,0,0,0,0
TPZ,56,0,56,2010-02-08,2023-07-31,0,1,0,2,11,9,4,1,0,1,2,8,12,0,5,0,0
TQQQ,1047,79,968,2011-10-20,2023-12-16,0,0,1,17,1,10,16,31,28,74,140,93,73,299,264,0,0
TR,621,233,388,2009-08-10,2023-12-08,2,25,30,43,23,40,66,73,50,97,54,41,25,24,28,0,0
TRAK,476,238,238,2010-02-11,2016-06-14,0,12,44,80,80,98,160,2,0,0,0,0,0,0,0,0,0
TRC,287,127,160,2009-12-11,2023-03-14,2,10,12,36,2,13,37,26,26,56,33,20,6,6,2,0,0
TRCB,266,133,133,2014-12-22,2020-02-13,0,0,0,0,0,2,22,26,20,62,132,2,0,0,0,0,0
TRCH,282,141,141,2014-06-17,2020-06-10,0,0,0,0,0,16,30,42,30,70,64,30,0,0,0,0,0
TRCO,1366,683,683,2014-12-09,2019-11-28,0,0,0,0,0,8,184,162,262,526,224,0,0,0,0,0,0
TREC,480,240,240,2014-07-31,2020-05-15,0,0,0,0,0,24,166,44,34,66,80,66,0,0,0,0,0
TREE,2045,796,1249,2010-06-03,2023-12-06,0,10,36,52,60,75,276,410,185,327,331,150,40,44,49,0,0
TREX,2218,767,1451,2011-02-28,2023-12-13,0,0,50,70,118,157,227,148,237,322,383,248,54,88,116,0,0
TRF,104,52,52,2011-09-29,2018-12-13,0,0,4,0,0,0,0,38,18,44,0,0,0,0,0,0,0
TRGP,2614,977,1637,2011-01-18,2023-12-16,0,0,30,50,53,139,190,384,275,428,474,280,38,146,127,0,0
TRGT,508,254,254,2009-10-08,2015-08-21,14,20,116,92,166,54,46,0,0,0,0,0,0,0,0,0,0
TRI,2761,999,1762,2009-11-05,2023-12-14,6,81,121,222,178,136,235,245,218,430,366,203,104,97,119,0,0
TRIL,734,367,367,2014-12-31,2020-06-03,0,0,0,0,0,2,70,80,88,144,106,244,0,0,0,0,0
TRIP,6549,2549,4000,2011-12-21,2023-12-14,0,0,20,642,702,687,880,839,717,721,609,347,116,128,141,0,0
TRIV,118,59,59,2014-04-03,2016-01-08,0,0,0,0,0,42,74,2,0,0,0,0,0,0,0,0,0
TRK,562,281,281,2009-11-06,2019-11-11,2,10,16,32,26,62,88,66,52,80,128,0,0,0,0,0,0
TRLA,588,294,294,2012-08-17,2015-05-16,0,0,0,124,200,224,40,0,0,0,0,0,0,0,0,0,0
TRMB,2188,838,1350,2009-09-02,2023-12-14,4,48,110,211,164,185,231,194,148,242,241,144,57,83,126,0,0
TRMD,39,0,39,2018-12-17,2023-12-06,0,0,0,0,0,0,0,0,0,1,2,9,2,6,19,0,0
TRMK,802,274,528,2009-12-14,2023-12-16,2,30,39,93,24,41,49,63,78,107,106,39,34,38,59,0,0
TRMR,244,122,122,2013-06-27,2017-09-26,0,0,0,0,58,24,62,62,38,0,0,0,0,0,0,0,0
TRN,3009,1188,1821,2009-08-10,2023-12-13,10,27,74,155,126,455,367,360,255,504,311,163,42,63,97,0,0
TRND,102,51,51,2014-08-13,2019-12-13,0,0,0,0,0,2,0,0,0,0,100,0,0,0,0,0,0
TRNO,2032,724,1308,2010-01-15,2023-12-14,0,29,45,105,143,262,131,151,242,319,307,74,29,90,105,0,0
TRNS,448,178,270,2010-10-25,2023-10-30,0,6,13,30,19,9,30,36,34,101,89,18,12,20,31,0,0
TRNX,838,419,419,2011-02-04,2020-04-30,0,0,54,68,52,54,54,2,2,0,418,134,0,0,0,0,0
TROV,1276,638,638,2012-06-13,2020-05-07,0,0,0,26,28,62,194,180,126,186,430,44,0,0,0,0,0
TROVU,2,1,1,2012-12-19,2012-12-19,0,0,0,2,0,0,0,0,0,0,0,0,0,0,0,0,0
TROVW,2,1,1,2013-01-16,2013-01-16,0,0,0,0,2,0,0,0,0,0,0,0,0,0,0,0,0
TROW,5244,2016,3228,2009-10-23,2023-12-13,16,171,232,304,231,205,492,593,542,845,817,300,123,181,192,0,0
TROX,1538,605,933,2011-11-09,2023-12-12,0,0,2,80,84,97,156,120,171,260,285,120,36,73,54,0,0
TRP,5946,2305,3641,2009-08-10,2023-12-13,2,43,135,308,197,318,647,713,868,829,964,370,161,185,206,0,0
TRQ,910,455,455,2013-01-30,2020-06-09,0,0,0,0,50,44,154,114,52,164,266,66,0,0,0,0,0
TRR,272,136,136,2010-09-07,2017-06-13,0,8,22,32,20,22,70,58,40,0,0,0,0,0,0,0,0
TRS,1069,447,622,2009-12-21,2023-12-05,2,44,64,82,62,88,137,59,90,174,147,55,13,19,33,0,0
TRSK,30,15,15,2013-07-03,2018-04-13,0,0,0,0,2,2,4,4,16,2,0,0,0,0,0,0,0
TRST,465,177,288,2009-11-11,2023-12-16,2,10,23,15,14,31,49,41,34,67,80,41,19,24,15,0,0
TRT,210,89,121,2010-09-30,2023-11-13,0,6,8,17,5,16,21,20,31,48,20,10,3,3,2,0,0
TRTL,8,4,4,2016-11-21,2016-12-13,0,0,0,0,0,0,0,8,0,0,0,0,0,0,0,0,0
TRTX,85,0,85,2017-07-10,2023-09-11,0,0,0,0,0,0,0,0,4,11,11,12,9,19,19,0,0
TRU,553,0,553,2010-11-10,2023-12-16,0,1,0,0,0,0,8,46,87,96,35,30,50,74,126,0,0
TRUE,1266,464,802,2009-08-10,2023-11-16,4,2,12,6,2,99,254,144,160,176,217,117,23,22,28,0,0
TRUP,993,294,699,2014-07-09,2023-12-14,0,0,0,0,0,15,31,67,59,246,190,116,88,80,101,0,0
TRV,8249,2859,5390,2009-10-14,2023-12-13,15,278,527,1009,621,621,889,656,844,807,755,476,134,307,310,0,0
TRVG,312,0,312,2016-11-14,2023-11-27,0,0,0,0,0,0,0,4,86,93,38,31,24,25,11,0,0
TRVI,42,0,42,2019-10-15,2023-11-30,0,0,0,0,0,0,0,0,0,0,1,8,3,21,9,0,0
TRVN,138,0,138,2013-10-09,2023-06-05,0,0,0,0,3,4,25,8,9,14,13,35,7,13,7,0,0
TRW,1128,564,564,2009-12-31,2016-01-25,2,126,194,210,216,268,110,2,0,0,0,0,0,0,0,0,0
TRX,199,82,117,2011-06-28,2023-10-27,0,0,28,22,0,20,28,24,0,4,30,8,3,19,13,0,0
TRXC,1202,601,601,2014-11-07,2020-06-08,0,0,0,0,0,8,90,170,170,336,342,86,0,0,0,0,0
TS,1921,657,1264,2009-08-07,2023-11-06,6,54,60,89,125,135,134,145,92,325,365,138,28,109,116,0,0
TSBK,283,117,166,2010-07-30,2023-04-26,0,2,0,12,19,7,19,24,66,60,43,16,5,7,3,0,0
TSC,292,146,146,2010-06-03,2020-05-11,0,12,4,0,10,18,28,20,16,74,82,28,0,0,0,0,0
TSCO,5725,1851,3874,2009-10-08,2023-12-16,2,114,236,634,298,297,314,516,412,657,532,505,384,421,403,0,0
TSE,307,3,304,2013-12-04,2023-10-27,0,0,0,0,2,7,30,54,40,62,21,13,15,42,21,0,0
TSEM,1379,550,829,2009-08-31,2023-11-24,8,31,43,41,57,90,226,128,129,197,182,92,26,55,74,0,0
TSI,135,55,80,2010-10-06,2023-02-06,0,1,0,1,3,6,3,2,0,3,87,23,5,0,1,0,0
TSL,3300,1650,1650,2010-02-19,2020-02-28,0,160,454,390,434,578,808,402,56,12,4,2,0,0,0,0,0
TSLA,12462,1875,10587,2019-07-01,2023-12-16,0,0,0,0,0,0,0,0,0,0,1466,2284,0,3169,5543,0,0
TSLF,332,166,166,2015-04-30,2020-05-13,0,0,0,0,0,0,14,24,32,122,120,20,0,0,0,0,0
TSLX,1148,462,686,2014-03-21,2023-12-06,0,0,0,0,0,37,143,161,109,279,255,72,22,32,38,0,0
TSM,8946,2524,6422,2009-08-17,2023-12-16,8,105,115,425,451,440,934,842,631,1072,1163,667,443,704,946,0,0
TSN,9527,3533,5994,2009-11-23,2023-12-14,6,236,459,620,631,974,1017,1044,858,914,1152,743,217,352,304,0,0
TSO,3254,1627,1627,2009-11-06,2019-09-15,14,152,464,654,376,196,786,442,168,0,2,0,0,0,0,0,0
TSQ,430,215,215,2014-07-14,2020-06-10,0,0,0,0,0,30,76,32,50,110,104,28,0,0,0,0,0
TSRA,826,413,413,2009-10-21,2017-02-22,10,32,110,90,112,184,154,122,12,0,0,0,0,0,0,0,0
TSRE,108,54,54,2013-04-22,2015-09-17,0,0,0,0,24,36,48,0,0,0,0,0,0,0,0,0,0
TSRI,294,147,147,2010-11-29,2020-05-15,0,2,6,20,6,10,26,38,34,102,28,22,0,0,0,0,0
TSRO,2140,1070,1070,2012-06-27,2019-06-27,0,0,0,42,90,98,118,434,538,778,42,0,0,0,0,0,0
TSS,2108,1054,1054,2009-08-13,2020-01-31,2,44,122,208,228,116,232,140,256,392,366,2,0,0,0,0,0
TST,690,345,345,2011-02-02,2019-10-24,0,0,76,100,34,32,84,80,64,116,104,0,0,0,0,0,0
TSU,782,391,391,2010-02-24,2020-06-11,0,16,50,42,42,126,78,80,76,116,104,52,0,0,0,0,0
TSYS,538,269,269,2009-08-28,2016-10-25,6,56,98,94,56,102,114,12,0,0,0,0,0,0,0,0,0
TT,405,0,405,2020-03-05,2023-12-16,0,0,0,0,0,0,0,0,0,0,0,29,43,103,230,0,0
TTAC,47,0,47,2016-11-02,2023-03-21,0,0,0,0,0,0,0,2,3,1,0,3,1,24,13,0,0
TTAI,22,0,22,2017-06-28,2023-03-28,0,0,0,0,0,0,0,0,1,0,0,2,0,15,4,0,0
TTC,1636,625,1011,2009-08-07,2023-11-28,4,28,78,144,81,118,147,164,146,200,231,105,45,75,70,0,0
TTEC,786,305,481,2009-11-02,2023-12-11,2,20,57,56,46,31,28,94,68,92,130,60,23,48,31,0,0
TTEK,2195,824,1371,2009-08-13,2023-12-14,2,54,95,119,221,187,137,178,158,304,359,137,62,81,101,0,0
TTF,104,52,52,2013-06-25,2018-11-20,0,0,0,0,2,0,0,16,22,64,0,0,0,0,0,0,0
TTFS,104,52,52,2015-02-12,2019-06-03,0,0,0,0,0,0,14,40,20,26,4,0,0,0,0,0,0
TTGT,732,308,424,2010-10-13,2023-11-07,0,12,22,42,44,50,42,60,22,182,155,31,15,24,31,0,0
TTHI,236,118,118,2009-12-15,2016-10-11,2,16,26,8,18,38,78,50,0,0,0,0,0,0,0,0,0
TTI,194,0,194,2010-06-01,2023-11-24,0,1,2,1,9,7,8,19,11,11,8,19,20,34,44,0,0
TTM,3126,1563,1563,2009-10-26,2020-06-11,4,88,134,182,224,422,444,306,300,342,566,114,0,0,0,0,0
TTMI,1172,448,724,2009-11-16,2023-12-04,2,12,64,68,67,75,105,121,129,159,172,73,24,52,49,0,0
TTNP,54,0,54,2013-09-26,2022-12-15,0,0,0,0,1,1,3,3,4,5,15,16,3,3,0,0,0
TTOO,1469,678,791,2014-07-02,2023-10-13,0,0,0,0,0,35,119,178,120,275,498,203,23,4,14,0,0
TTP,484,227,257,2011-10-27,2023-05-11,0,0,2,7,3,9,60,79,42,157,77,41,4,0,3,0,0
TTPH,1448,724,724,2013-03-05,2020-06-10,0,0,0,0,60,142,252,72,122,378,254,168,0,0,0,0,0
TTS,716,358,358,2012-10-31,2019-12-09,0,0,0,14,38,26,130,110,80,170,148,0,0,0,0,0,0
TTT,155,59,96,2011-05-16,2023-10-23,0,0,8,1,9,0,0,1,1,2,102,1,2,13,15,0,0
TTWO,2387,0,2387,2010-05-26,2023-12-16,0,9,17,44,61,92,78,116,263,290,248,227,262,361,319,0,0
TU,2118,1059,1059,2009-12-16,2020-06-11,4,32,114,102,224,180,368,226,188,280,304,96,0,0,0,0,0
TUBE,420,210,210,2014-03-26,2017-02-16,0,0,0,0,0,70,244,102,4,0,0,0,0,0,0,0,0
TUES,964,482,482,2009-12-29,2020-06-09,2,24,54,98,64,46,188,86,100,86,134,82,0,0,0,0,0
TUP,2768,1123,1645,2009-10-21,2023-12-06,2,80,116,162,222,127,223,281,216,357,395,436,34,39,78,0,0
TUR,1932,966,966,2009-11-03,2020-05-21,16,96,130,98,86,32,50,84,10,558,708,64,0,0,0,0,0
TURN,21,0,21,2017-09-21,2023-02-13,0,0,0,0,0,0,0,0,6,3,1,4,0,4,3,0,0
TUSA,76,38,38,2015-01-29,2020-03-25,0,0,0,0,0,0,14,20,20,14,4,4,0,0,0,0,0
TUSK,141,0,141,2014-09-24,2023-12-15,0,0,0,0,0,2,0,6,14,58,20,5,23,6,7,0,0
TUZ,100,50,50,2019-11-25,2019-12-15,0,0,0,0,0,0,0,0,0,0,100,0,0,0,0,0,0
TV,1735,656,1079,2009-08-01,2023-11-30,96,61,75,84,119,183,203,169,183,127,215,141,15,40,24,0,0
TVC,9,0,9,2012-11-26,2021-05-03,0,0,0,1,0,0,3,3,0,0,0,0,2,0,0,0,0
TVE,15,0,15,2015-01-27,2022-09-12,0,0,0,0,0,0,3,3,0,0,0,1,3,5,0,0,0
TVIX,2284,1142,1142,2011-06-09,2020-03-18,0,0,132,126,20,14,148,268,342,906,318,10,0,0,0,0,0
TVIZ,106,53,53,2017-03-09,2018-08-13,0,0,0,0,0,0,0,0,2,104,0,0,0,0,0,0,0
TVPT,610,305,305,2014-09-25,2019-08-30,0,0,0,0,0,42,142,94,100,176,56,0,0,0,0,0,0
TW,1583,605,978,2010-07-20,2023-12-12,0,8,62,124,174,62,224,16,0,0,358,258,73,94,130,0,0
TWC,5498,2749,2749,2009-08-17,2018-06-13,20,204,272,544,1114,1248,1624,458,10,4,0,0,0,0,0,0,0
TWER,380,190,190,2010-08-20,2019-05-22,0,12,42,24,52,38,72,120,14,0,6,0,0,0,0,0,0
TWI,396,0,396,2011-02-23,2023-11-21,0,0,2,12,17,14,22,16,33,21,13,4,12,201,29,0,0
TWIN,560,280,280,2010-10-19,2020-05-01,0,12,42,60,18,32,40,48,60,126,98,24,0,0,0,0,0
TWLO,2034,0,2034,2016-05-26,2023-12-16,0,0,0,0,0,0,0,123,214,150,214,256,303,393,381,0,0
TWM,118,59,59,2011-05-16,2019-12-15,0,0,14,2,0,0,2,0,0,0,100,0,0,0,0,0,0
TWMC,458,229,229,2010-04-05,2020-06-04,0,12,10,36,24,20,52,44,46,40,102,72,0,0,0,0,0
TWN,59,26,33,2010-08-20,2022-01-05,0,4,0,0,0,3,0,0,6,13,16,15,1,1,0,0,0
TWO,2453,1033,1420,2010-04-16,2023-12-15,0,22,80,149,126,51,247,389,221,458,408,181,37,35,49,0,0
TWOK,100,50,50,2017-11-17,2017-11-21,0,0,0,0,0,0,0,0,100,0,0,0,0,0,0,0,0
TWOU,1580,603,977,2014-02-21,2023-12-06,0,0,0,0,0,102,199,114,94,229,522,170,40,56,54,0,0
TWST,189,0,189,2018-10-26,2023-12-14,0,0,0,0,0,0,0,0,0,6,8,20,50,45,60,0,0
TWTR,36,18,18,2020-05-29,2020-06-11,0,0,0,0,0,0,0,0,0,0,0,36,0,0,0,0,0
TWX,8198,4099,4099,2009-08-25,2019-11-25,54,308,374,282,448,598,748,2314,1746,1302,24,0,0,0,0,0,0
TX,1932,677,1255,2009-08-07,2023-12-11,94,43,74,83,146,58,108,181,312,300,232,103,59,80,59,0,0
TXG,216,0,216,2019-09-11,2023-12-16,0,0,0,0,0,0,0,0,0,0,12,24,61,59,60,0,0
TXMD,1626,723,903,2013-04-26,2023-04-14,0,0,0,0,16,74,157,162,342,318,341,167,16,29,4,0,0
TXN,10913,3872,7041,2009-07-27,2023-12-16,73,548,671,418,436,578,995,871,1097,1616,1667,653,276,456,558,0,0
TXRH,3036,1182,1854,2009-12-08,2023-12-11,2,56,90,212,164,195,311,404,228,414,438,288,45,90,99,0,0
TXT,3520,1760,1760,2009-09-15,2020-06-11,4,144,314,374,286,240,356,238,300,540,574,150,0,0,0,0,0
TXTR,320,160,160,2013-06-07,2016-07-07,0,0,0,0,84,76,78,82,0,0,0,0,0,0,0,0,0
TY,156,29,127,2010-09-03,2023-12-13,0,4,0,3,6,9,10,8,13,13,27,18,15,13,17,0,0
TYBS,100,50,50,2019-11-25,2019-12-15,0,0,0,0,0,0,0,0,0,0,100,0,0,0,0,0,0
TYC,1838,919,919,2009-11-10,2018-03-28,10,94,310,354,306,244,242,270,0,8,0,0,0,0,0,0,0
TYD,75,23,52,2010-09-20,2023-12-07,0,4,2,3,3,0,0,4,6,3,21,8,3,4,14,0,0
TYG,701,319,382,2010-04-14,2023-11-07,0,11,7,6,15,22,74,112,74,214,112,42,6,2,4,0,0
TYL,1654,643,1011,2009-11-12,2023-12-07,4,31,70,118,41,84,217,148,121,209,245,137,46,83,100,0,0
TYNS,100,50,50,2019-11-25,2019-12-15,0,0,0,0,0,0,0,0,0,0,100,0,0,0,0,0,0
TYO,157,57,100,2009-11-27,2023-10-24,1,1,0,0,2,2,4,3,3,2,104,3,6,12,14,0,0
TYPE,750,375,375,2009-08-10,2020-02-17,4,10,30,108,60,34,50,80,94,112,156,12,0,0,0,0,0
TYTE,22,11,11,2014-08-18,2016-04-20,0,0,0,0,0,2,18,2,0,0,0,0,0,0,0,0,0
TZA,3841,1863,1978,2009-10-23,2023-10-09,14,126,120,54,25,38,12,10,21,24,3350,18,6,11,12,0,0
TZOO,1523,653,870,2009-06-05,2023-12-11,2,40,456,217,81,56,148,79,65,132,139,42,10,19,37,0,0
UA,4996,1488,3508,2009-08-13,2023-12-15,10,102,228,280,239,447,666,1265,538,317,294,355,122,91,42,0,0
UAA,1766,0,1766,2016-12-07,2023-12-08,0,0,0,0,0,0,0,29,482,293,222,236,169,181,154,0,0
UACL,250,125,125,2010-07-29,2017-03-15,0,8,18,20,36,40,94,32,2,0,0,0,0,0,0,0,0
UAE,118,59,59,2012-01-06,2020-03-20,0,0,0,4,0,6,4,2,0,18,30,54,0,0,0,0,0
UAG,100,50,50,2019-08-12,2019-12-15,0,0,0,0,0,0,0,0,0,0,100,0,0,0,0,0,0
UAL,2918,841,2077,2018-01-11,2023-12-16,0,0,0,0,0,0,0,0,0,438,448,796,0,292,944,0,0
UAM,546,273,273,2010-03-16,2017-07-27,0,58,90,78,76,46,88,88,22,0,0,0,0,0,0,0,0
UAMY,88,42,46,2011-06-10,2021-06-07,0,0,2,13,4,9,4,20,0,16,14,4,2,0,0,0,0
UAN,1199,450,749,2011-04-08,2023-12-12,0,0,59,108,107,82,249,178,113,131,95,40,7,11,19,0,0
UAPR,3,0,3,2021-04-01,2021-12-16,0,0,0,0,0,0,0,0,0,0,0,0,3,0,0,0,0
UAUG,3,0,3,2019-09-04,2023-09-22,0,0,0,0,0,0,0,0,0,0,1,0,1,0,1,0,0
UAVS,54,0,54,2016-06-09,2023-02-24,0,0,0,0,0,0,0,1,0,0,3,22,22,5,1,0,0
UBA,664,332,332,2010-04-16,2020-06-10,0,18,28,44,26,20,70,100,136,102,98,22,0,0,0,0,0
UBC,76,38,38,2011-07-08,2019-12-17,0,0,8,4,0,0,4,0,0,0,60,0,0,0,0,0,0
UBCP,204,91,113,2010-08-18,2023-08-26,0,4,6,10,7,6,32,26,14,31,53,4,6,3,2,0,0
UBER,928,0,928,2023-02-08,2023-12-16,0,0,0,0,0,0,0,0,0,0,0,0,0,0,928,0,0
UBFO,158,79,79,2010-03-25,2020-04-15,0,2,14,6,2,8,14,16,18,32,34,12,0,0,0,0,0
UBG,104,52,52,2011-07-18,2019-12-15,0,0,4,0,0,0,0,0,0,0,100,0,0,0,0,0,0
UBIC,114,57,57,2013-05-16,2016-05-25,0,0,0,0,32,42,20,20,0,0,0,0,0,0,0,0,0
UBM,60,30,30,2019-06-06,2019-12-12,0,0,0,0,0,0,0,0,0,0,60,0,0,0,0,0,0
UBN,100,50,50,2018-07-26,2019-12-11,0,0,0,0,0,0,0,0,0,48,52,0,0,0,0,0,0
UBNK,358,179,179,2010-07-20,2019-12-11,0,10,14,30,20,36,46,42,20,64,76,0,0,0,0,0,0
UBOH,80,27,53,2013-03-04,2023-04-22,0,0,0,0,1,4,1,13,11,25,14,2,7,1,1,0,0
UBP,210,105,105,2009-08-27,2020-06-08,2,2,14,10,2,10,26,28,30,36,38,12,0,0,0,0,0
UBS,5298,1821,3477,2009-08-07,2023-12-16,74,500,449,248,289,191,321,640,417,574,716,292,98,187,302,0,0
UBSH,494,247,247,2010-06-10,2019-05-07,0,10,14,36,48,24,54,80,44,130,54,0,0,0,0,0,0
UBSI,948,307,641,2009-11-24,2023-12-14,4,28,35,24,24,27,80,112,91,128,132,81,42,65,75,0,0
UBT,142,56,86,2010-01-26,2023-12-07,0,2,8,6,0,0,0,5,4,6,95,9,5,1,1,0,0
UBX,45,0,45,2018-04-06,2023-11-26,0,0,0,0,0,0,0,0,0,4,3,10,7,13,8,0,0
UCBA,116,58,58,2011-02-02,2018-12-12,0,0,6,4,6,10,16,18,18,38,0,0,0,0,0,0,0
UCBI,862,319,543,2009-09-25,2023-12-12,2,6,34,45,29,69,68,69,46,140,176,60,34,31,53,0,0
UCBIO,7621,0,7621,2023-11-29,2023-12-16,0,0,0,0,0,0,0,0,0,0,0,0,0,0,7621,0,0
UCC,27,0,27,2009-04-08,2022-12-29,1,1,0,3,2,3,1,2,4,3,1,1,1,4,0,0,0
UCD,104,52,52,2011-07-12,2016-09-03,0,0,4,0,0,0,0,100,0,0,0,0,0,0,0,0,0
UCFC,320,160,160,2011-12-14,2020-03-12,0,0,2,20,12,14,40,46,22,56,100,8,0,0,0,0,0
UCI,106,53,53,2011-05-26,2019-12-12,0,0,6,0,0,0,0,0,0,14,86,0,0,0,0,0,0
UCIB,8699,0,8699,2023-07-18,2023-12-16,0,0,0,0,0,0,0,0,0,0,0,0,0,0,8699,0,0
UCO,322,70,252,2010-08-08,2023-11-06,0,2,87,20,6,5,46,42,17,10,5,18,37,15,12,0,0
UCP,218,109,109,2013-08-12,2017-08-01,0,0,0,0,16,66,54,50,32,0,0,0,0,0,0,0,0
UCTT,1449,567,882,2009-10-05,2023-12-14,8,10,56,38,27,104,115,81,334,258,203,121,28,45,21,0,0
UDEC,1,0,1,2020-05-14,2020-05-14,0,0,0,0,0,0,0,0,0,0,0,1,0,0,0,0,0
UDF,220,110,110,2014-09-03,2018-03-27,0,0,0,0,0,2,110,104,2,2,0,0,0,0,0,0,0
UDN,3594,1669,1925,2009-09-24,2023-12-07,33,93,254,76,142,10,11,17,14,8,2709,213,0,6,8,0,0
UDNT,100,50,50,2015-04-27,2015-05-25,0,0,0,0,0,0,100,0,0,0,0,0,0,0,0,0,0
UDOW,169,53,116,2010-05-01,2023-12-12,0,1,0,5,0,1,5,8,12,8,98,10,8,6,7,0,0
UDR,1878,939,939,2009-10-28,2020-06-11,6,74,160,180,82,140,240,184,162,272,268,110,0,0,0,0,0
UE,200,0,200,2015-01-22,2023-12-14,0,0,0,0,0,0,8,30,37,26,15,11,12,21,40,0,0
UEC,921,335,586,2009-12-14,2023-12-16,2,30,87,67,23,27,152,52,96,80,77,42,49,61,76,0,0
UEIC,854,354,500,2010-01-12,2023-09-28,0,12,22,38,52,163,90,70,39,133,141,32,27,25,10,0,0
UEPS,1444,722,722,2009-09-08,2020-05-28,2,12,20,62,32,74,106,146,202,572,136,80,0,0,0,0,0
UEVM,8715,0,8715,2023-07-18,2023-12-16,0,0,0,0,0,0,0,0,0,0,0,0,0,0,8715,0,0
UFCS,739,260,479,2010-07-26,2023-12-15,0,8,10,59,42,61,59,54,62,114,96,47,15,92,20,0,0
UFEB,8603,0,8603,2023-07-20,2023-12-16,0,0,0,0,0,0,0,0,0,0,0,0,0,0,8603,0,0
UFI,510,255,255,2010-06-15,2020-06-04,0,16,22,18,26,18,52,42,40,96,126,54,0,0,0,0,0
UFPI,1990,651,1339,2010-04-14,2023-12-13,0,26,113,86,136,110,186,173,159,221,319,107,61,173,120,0,0
UFPT,534,214,320,2010-11-03,2023-11-27,0,4,18,34,65,12,63,37,47,79,119,28,11,8,9,0,0
UFS,1534,767,767,2009-08-25,2020-06-05,6,46,88,128,122,90,150,108,84,326,262,124,0,0,0,0,0
UG,261,121,140,2009-12-29,2023-08-03,2,2,5,33,11,16,54,36,17,22,39,14,5,3,2,0,0
UGA,125,0,125,2009-10-27,2023-12-01,1,17,4,21,12,4,4,12,11,11,0,1,0,23,4,0,0
UGAZ,5094,2547,2547,2012-06-14,2020-03-11,0,0,0,10,24,28,468,934,710,1466,1450,4,0,0,0,0,0
UGE,106,32,74,2010-03-04,2023-03-08,0,3,0,3,4,2,7,9,3,2,61,4,1,5,2,0,0
UGI,1842,660,1182,2009-09-01,2023-12-13,2,30,46,116,90,83,109,182,125,328,382,125,66,83,75,0,0
UGL,3687,1826,1861,2009-10-27,2023-12-05,6,39,25,1,0,0,4,9,231,2017,1336,6,1,4,8,0,0
UGLD,84,42,42,2016-11-15,2020-02-19,0,0,0,0,0,0,0,6,12,6,52,8,0,0,0,0,0
UGP,799,218,581,2010-03-16,2023-11-27,0,8,18,22,60,62,84,96,77,102,131,84,14,11,30,0,0
UHAL,199,0,199,2011-01-13,2023-12-11,0,0,1,5,19,7,10,22,20,20,12,15,20,21,27,0,0
UHN,110,55,55,2012-11-02,2019-10-15,0,0,0,2,2,0,6,0,0,62,38,0,0,0,0,0,0
UHS,2925,1096,1829,2009-12-18,2023-12-13,2,69,106,200,164,200,341,261,330,425,341,197,58,99,132,0,0
UHT,664,332,332,2010-03-05,2020-06-09,0,16,14,40,24,44,132,100,58,74,136,26,0,0,0,0,0
UI,207,0,207,2019-08-21,2023-12-04,0,0,0,0,0,0,0,0,0,0,12,37,37,44,77,0,0
UIHC,476,238,238,2011-03-10,2020-04-03,0,0,4,8,12,72,108,68,48,72,76,8,0,0,0,0,0
UIL,420,210,210,2010-05-25,2016-08-17,0,24,34,56,56,76,164,10,0,0,0,0,0,0,0,0,0
UIS,1098,367,731,2009-10-28,2023-12-14,4,43,67,64,74,80,46,105,72,152,193,140,25,19,14,0,0
UIVM,1,0,1,2018-09-12,2018-09-12,0,0,0,0,0,0,0,0,0,1,0,0,0,0,0,0,0
UJAN,3,0,3,2022-03-29,2023-01-10,0,0,0,0,0,0,0,0,0,0,0,0,0,1,2,0,0
UJB,152,71,81,2012-08-20,2023-09-26,0,0,0,2,0,0,0,0,0,0,140,2,2,2,4,0,0
UJUL,9,0,9,2018-09-05,2022-07-14,0,0,0,0,0,0,0,0,0,1,1,1,2,4,0,0,0
UJUN,4,0,4,2019-10-29,2022-06-28,0,0,0,0,0,0,0,0,0,0,1,0,1,2,0,0,0
UL,2132,480,1652,2010-09-27,2023-12-15,0,9,47,40,83,108,87,185,408,214,479,222,59,104,87,0,0
ULBI,272,136,136,2009-12-07,2020-04-30,2,12,10,26,8,6,20,30,28,50,66,14,0,0,0,0,0
ULE,40,0,40,2010-04-09,2022-07-06,0,5,1,3,2,1,0,3,6,5,0,4,7,3,0,0,0
ULH,145,0,145,2016-05-04,2023-10-26,0,0,0,0,0,0,0,6,6,7,12,5,11,77,21,0,0
ULST,25,10,15,2018-02-28,2023-02-28,0,0,0,0,0,0,0,0,0,1,18,2,1,2,1,0,0
ULTA,8423,2976,5447,2010-09-01,2023-12-16,0,4,159,446,375,450,815,1197,956,1172,1279,530,163,413,464,0,0
ULTI,1220,610,610,2010-02-10,2019-06-21,0,24,82,122,92,58,114,200,138,246,144,0,0,0,0,0,0
ULTR,207,102,105,2010-12-20,2023-10-20,0,4,18,36,32,28,38,28,12,0,8,0,1,0,2,0,0
UMAY,1,0,1,2020-05-22,2020-05-22,0,0,0,0,0,0,0,0,0,0,0,1,0,0,0,0,0
UMBF,1035,356,679,2010-03-26,2023-12-16,0,4,39,95,49,56,69,101,101,121,169,63,29,66,73,0,0
UMC,860,258,602,2009-08-17,2023-11-27,10,23,24,60,58,43,46,35,41,106,145,74,53,91,51,0,0
UMDD,49,21,28,2011-09-01,2020-06-10,0,0,2,2,2,4,6,10,3,12,6,2,0,0,0,0,0
UMH,153,0,153,2013-02-11,2023-12-14,0,0,0,0,1,5,8,7,20,14,11,10,13,29,35,0,0
UMPQ,924,462,462,2009-08-13,2020-06-08,4,30,54,60,72,62,100,76,66,176,162,62,0,0,0,0,0
UMX,26,13,13,2013-04-10,2018-04-18,0,0,0,0,2,0,0,0,12,12,0,0,0,0,0,0,0
UN,120,60,60,2019-08-30,2020-05-21,0,0,0,0,0,0,0,0,0,0,34,86,0,0,0,0,0
UNAM,108,54,54,2009-12-08,2020-05-01,2,6,4,10,4,4,16,12,4,26,14,6,0,0,0,0,0
UNB,256,109,147,2010-04-16,2023-10-26,0,2,10,6,13,14,35,37,31,43,40,14,6,2,3,0,0
UNF,343,40,303,2011-07-15,2023-12-12,0,0,3,2,14,12,11,23,16,31,53,72,32,33,41,0,0
UNFI,4118,1551,2567,2009-09-09,2023-12-13,12,42,95,323,242,258,467,404,357,824,450,281,64,184,115,0,0
UNG,4339,90,4249,2010-04-09,2023-12-16,0,334,836,90,246,440,250,274,338,218,100,134,63,110,906,0,0
UNH,800,400,400,2019-07-08,2020-06-11,0,0,0,0,0,0,0,0,0,0,242,558,0,0,0,0,0
UNIS,562,281,281,2011-03-17,2017-04-12,0,0,46,66,104,82,136,108,20,0,0,0,0,0,0,0,0
UNIT,291,0,291,2017-03-28,2023-12-16,0,0,0,0,0,0,0,0,67,41,47,21,35,40,40,0,0
UNL,188,94,94,2012-07-16,2019-12-14,0,0,0,2,0,2,0,2,0,2,180,0,0,0,0,0,0
UNM,1414,200,1214,2011-10-20,2023-12-12,0,0,3,31,28,55,112,105,117,153,95,173,64,213,265,0,0
UNMA,1,0,1,2023-11-27,2023-11-27,0,0,0,0,0,0,0,0,0,0,0,0,0,0,1,0,0
UNOV,2,0,2,2020-11-06,2021-11-12,0,0,0,0,0,0,0,0,0,0,0,1,1,0,0,0,0
UNP,2819,59,2760,2009-11-03,2023-12-16,1,20,21,60,94,150,194,205,304,274,187,260,206,399,444,0,0
UNT,120,60,60,2019-11-13,2020-05-23,0,0,0,0,0,0,0,0,0,0,34,86,0,0,0,0,0
UNTY,325,116,209,2010-07-12,2023-12-04,0,4,0,8,3,9,28,29,27,63,54,40,15,24,21,0,0
UNXL,720,360,360,2010-12-10,2017-09-05,0,4,10,38,238,76,134,126,94,0,0,0,0,0,0,0,0
UOCT,8591,0,8591,2023-07-19,2023-12-16,0,0,0,0,0,0,0,0,0,0,0,0,0,0,8591,0,0
UONEK,26,0,26,2017-06-12,2023-08-02,0,0,0,0,0,0,0,0,1,0,0,11,7,5,2,0,0
UPIP,228,114,114,2012-05-11,2016-05-03,0,0,0,18,46,66,68,30,0,0,0,0,0,0,0,0,0
UPL,1160,580,580,2012-05-31,2019-08-09,0,0,0,60,78,186,148,178,78,282,150,0,0,0,0,0,0
UPLD,924,462,462,2014-11-03,2020-05-21,0,0,0,0,0,24,66,70,76,284,338,66,0,0,0,0,0
UPRO,191,16,175,2010-02-08,2023-12-08,0,2,9,4,2,6,13,20,13,8,18,38,17,27,14,0,0
UPS,3924,96,3828,2009-11-20,2023-12-16,1,24,27,103,120,158,215,240,297,302,221,589,387,561,679,0,0
UPV,44,16,28,2010-04-30,2023-04-21,0,2,7,2,1,3,5,3,0,0,20,0,0,0,1,0,0
UPW,109,11,98,2009-04-08,2022-09-27,2,1,2,0,0,7,28,15,16,10,19,4,0,5,0,0,0
UPWK,346,0,346,2018-09-28,2023-12-12,0,0,0,0,0,0,0,0,0,18,35,64,81,58,90,0,0
URA,721,259,462,2010-11-08,2023-12-16,0,25,126,40,25,19,7,8,121,124,77,14,44,38,53,0,0
URBN,6334,2182,4152,2009-10-29,2023-12-14,30,267,408,366,303,505,438,564,499,1257,752,327,90,101,427,0,0
URE,24,12,12,2017-06-27,2020-03-05,0,0,0,0,0,0,0,0,2,0,20,2,0,0,0,0,0
URG,564,236,328,2009-08-10,2023-11-29,6,14,29,22,18,12,18,89,71,109,106,25,24,8,13,0,0
URI,2216,320,1896,2011-01-14,2023-12-16,0,0,4,20,32,193,58,67,282,356,272,283,81,284,284,0,0
URR,368,184,184,2011-01-24,2019-12-15,0,0,66,0,0,0,0,2,0,0,300,0,0,0,0,0,0
URTH,42,0,42,2015-06-04,2023-11-02,0,0,0,0,0,0,4,5,4,4,2,3,3,10,7,0,0
URTY,22,0,22,2011-02-18,2023-11-20,0,0,1,0,0,0,8,6,0,2,0,1,1,0,3,0,0
URZ,140,70,70,2010-04-21,2018-05-07,0,36,42,4,8,12,34,2,0,2,0,0,0,0,0,0,0
USA,1370,79,1291,2010-06-21,2023-12-12,0,1,13,118,101,32,131,371,302,197,35,62,0,0,7,0,0
USAC,686,208,478,2013-01-07,2023-12-16,0,0,0,0,40,20,19,17,35,145,207,49,14,14,126,0,0
USAG,738,369,369,2012-03-14,2019-11-12,0,0,0,4,0,8,86,124,60,284,172,0,0,0,0,0,0
USAK,706,353,353,2010-05-25,2020-06-03,0,6,36,40,44,26,66,86,74,128,152,48,0,0,0,0,0
USAP,864,334,530,2010-08-03,2023-12-14,0,2,58,54,75,137,57,47,84,119,114,24,4,9,80,0,0
USAS,60,0,60,2017-07-07,2023-11-27,0,0,0,0,0,0,0,0,4,10,8,3,6,9,20,0,0
USAT,1010,505,505,2009-12-21,2020-05-11,2,10,64,56,34,50,120,72,88,236,268,10,0,0,0,0,0
USB,6751,1995,4756,2009-08-09,2023-12-16,27,334,265,386,293,272,357,412,509,1113,1019,715,197,315,537,0,0
USBI,80,40,40,2009-10-01,2016-10-10,2,8,16,6,10,2,20,16,0,0,0,0,0,0,0,0,0
USCI,153,52,101,2011-01-27,2022-10-27,0,0,9,12,6,4,1,3,2,5,98,2,0,11,0,0,0
USCR,1112,556,556,2011-03-02,2020-05-05,0,0,12,26,8,16,132,248,272,154,174,70,0,0,0,0,0
USD,4036,582,3454,2009-04-08,2023-12-15,123,237,186,25,11,29,94,107,49,174,737,691,494,556,523,0,0
USDP,420,210,210,2014-09-30,2020-06-09,0,0,0,0,0,20,32,82,80,94,92,20,0,0,0,0,0
USDU,1591,750,841,2014-01-14,2023-09-28,0,0,0,0,0,5,38,24,12,11,1457,9,0,28,7,0,0
USEG,485,193,292,2010-09-01,2023-11-27,0,7,39,36,48,30,49,37,38,68,28,59,22,14,10,0,0
USFD,406,0,406,2016-02-17,2023-12-04,0,0,0,0,0,0,0,49,35,63,22,27,39,102,69,0,0
USFR,223,52,171,2015-07-28,2023-12-08,0,0,0,0,0,0,2,3,2,11,104,1,7,43,50,0,0
USG,1260,630,630,2009-09-17,2019-08-21,2,58,76,90,76,148,188,154,154,234,80,0,0,0,0,0,0
USHY,129,0,129,2017-11-06,2023-12-15,0,0,0,0,0,0,0,0,2,0,3,13,16,41,54,0,0
USIG,75,0,75,2019-02-08,2023-11-28,0,0,0,0,0,0,0,0,0,0,12,10,19,19,15,0,0
USL,1815,615,1200,2009-06-09,2023-12-16,2,36,59,3,5,1,9,7,9,80,1272,136,126,35,35,0,0
USLM,279,109,170,2011-09-09,2023-11-20,0,0,4,30,7,4,30,26,55,46,35,14,14,2,12,0,0
USLV,104,52,52,2015-10-06,2020-05-18,0,0,0,0,0,0,2,2,0,0,92,8,0,0,0,0,0
USM,1414,438,976,2010-01-17,2023-12-16,0,30,53,75,72,90,65,92,78,328,307,100,20,44,60,0,0
USMC,47,0,47,2017-10-25,2023-10-26,0,0,0,0,0,0,0,0,11,15,0,1,6,8,6,0,0
USMD,24,12,12,2013-06-24,2016-09-12,0,0,0,0,2,4,4,14,0,0,0,0,0,0,0,0,0
USMF,63,0,63,2017-06-30,2023-12-05,0,0,0,0,0,0,0,0,2,13,8,5,11,13,11,0,0
USMI,38,19,19,2012-06-18,2015-04-29,0,0,0,4,0,8,26,0,0,0,0,0,0,0,0,0,0
USMV,579,0,579,2011-12-07,2023-12-12,0,0,1,10,28,32,51,107,48,66,55,42,36,47,56,0,0
USNA,685,198,487,2011-04-18,2023-10-26,0,0,6,4,6,28,44,79,78,67,133,121,38,53,28,0,0
USO,5536,105,5431,2009-06-06,2023-12-16,5,357,895,110,263,455,331,583,464,396,227,503,345,327,275,0,0
USPH,915,349,566,2010-11-12,2023-12-06,0,6,34,60,36,54,53,89,113,122,185,44,28,49,42,0,0
USRT,65,0,65,2017-01-12,2023-11-29,0,0,0,0,0,0,0,0,15,22,6,4,0,4,14,0,0
UST,167,34,133,2010-01-26,2023-12-07,0,1,2,8,9,6,8,11,0,11,62,4,6,34,5,0,0
USTR,320,160,160,2010-07-29,2015-05-21,0,12,52,54,76,78,48,0,0,0,0,0,0,0,0,0,0
USV,100,50,50,2019-09-29,2020-03-18,0,0,0,0,0,0,0,0,0,0,96,4,0,0,0,0,0
USVM,32,0,32,2018-06-11,2021-04-19,0,0,0,0,0,0,0,0,0,18,10,1,3,0,0,0,0
UTEK,598,299,299,2010-09-21,2019-08-08,0,6,52,88,94,94,100,108,50,0,6,0,0,0,0,0,0
UTES,13,0,13,2016-04-25,2023-06-22,0,0,0,0,0,0,0,1,4,1,0,0,1,5,1,0,0
UTF,221,57,164,2010-09-24,2023-12-01,0,1,1,0,4,3,4,3,7,18,103,43,17,3,14,0,0
UTG,218,56,162,2011-01-26,2023-12-11,0,0,2,8,14,11,2,1,8,7,79,36,20,14,16,0,0
UTHR,3242,1299,1943,2010-01-13,2023-12-14,0,65,212,256,297,256,365,263,277,507,365,171,52,85,71,0,0
UTI,1223,467,756,2009-12-01,2023-12-06,4,27,98,84,72,83,192,111,84,124,151,112,11,42,28,0,0
UTIW,668,334,334,2009-12-08,2016-01-22,2,48,102,94,68,176,164,14,0,0,0,0,0,0,0,0,0
UTL,782,303,479,2009-10-09,2023-12-13,1,6,30,54,27,46,84,54,79,85,173,58,18,36,31,0,0
UTLT,4,2,2,2013-06-04,2015-08-11,0,0,0,0,2,0,2,0,0,0,0,0,0,0,0,0,0
UTMD,232,116,116,2011-03-18,2020-04-23,0,0,4,20,8,12,28,34,20,46,54,6,0,0,0,0,0
UTRN,5,0,5,2020-05-01,2022-12-05,0,0,0,0,0,0,0,0,0,0,0,2,1,2,0,0,0
UTSI,589,263,326,2009-12-22,2022-09-02,4,14,33,43,40,54,58,55,89,79,87,26,5,2,0,0,0
UTSL,32,0,32,2018-04-05,2023-10-16,0,0,0,0,0,0,0,0,0,3,2,2,2,16,7,0,0
UUP,1026,0,1026,2009-06-06,2023-12-16,20,60,26,77,307,30,82,109,81,58,2,7,13,84,70,0,0
UUPT,100,50,50,2015-04-27,2015-05-25,0,0,0,0,0,0,100,0,0,0,0,0,0,0,0,0,0
UUU,242,100,142,2010-03-31,2023-11-20,0,8,16,4,6,6,16,30,20,68,36,22,5,2,3,0,0
UUUU,1035,374,661,2013-12-02,2023-12-06,0,0,0,0,4,11,190,104,63,217,179,83,40,58,86,0,0
UVE,1022,411,611,2009-08-07,2023-10-30,2,16,8,30,18,41,295,173,64,129,114,42,13,31,46,0,0
UVSP,460,171,289,2009-08-06,2023-10-27,4,2,4,25,17,39,31,47,42,70,88,35,12,22,22,0,0
UVV,1116,429,687,2010-01-13,2023-12-14,0,30,28,45,42,46,174,159,83,165,177,48,33,35,51,0,0
UVXY,445,0,445,2012-02-22,2023-10-06,0,0,0,6,18,10,22,117,83,94,4,21,26,27,17,0,0
UWM,132,53,79,2011-09-29,2021-06-09,0,0,2,2,1,10,3,4,4,5,100,0,1,0,0,0,0
UWN,288,144,144,2010-08-30,2019-06-18,0,8,12,30,6,12,48,46,30,82,14,0,0,0,0,0,0
UWTI,644,322,322,2015-07-08,2018-08-07,0,0,0,0,0,0,12,158,470,4,0,0,0,0,0,0,0
UXIN,115,0,115,2018-06-22,2023-04-20,0,0,0,0,0,0,0,0,0,31,49,7,21,5,2,0,0
UXJ,6,3,3,2015-01-15,2016-09-03,0,0,0,0,0,0,2,4,0,0,0,0,0,0,0,0,0
UYG,175,57,118,2009-04-08,2023-12-04,13,13,2,4,7,2,1,10,9,1,104,0,6,0,3,0,0
UYM,219,56,163,2009-04-08,2022-05-19,1,1,10,0,1,13,25,58,39,47,17,1,4,2,0,0,0
V,7021,38,6983,2010-04-15,2023-12-16,0,59,70,165,221,319,383,519,742,552,454,677,714,913,1233,0,0
VA,1092,546,546,2011-09-22,2019-07-16,0,0,4,6,0,90,558,404,22,4,4,0,0,0,0,0,0
VAC,2347,802,1545,2011-12-01,2023-12-16,0,0,16,70,146,208,286,207,223,386,342,199,40,130,94,0,0
VAL,1720,776,944,2010-01-05,2023-12-14,0,50,110,82,106,80,68,232,82,0,541,282,10,33,44,0,0
VALE,4269,1253,3016,2010-02-01,2023-12-14,0,88,401,279,351,188,280,402,314,219,962,312,96,192,185,0,0
VALE.P,4,2,2,2013-08-05,2014-03-19,0,0,0,0,2,2,0,0,0,0,0,0,0,0,0,0,0
VALQ,60,0,60,2018-02-22,2023-10-18,0,0,0,0,0,0,0,0,0,1,0,0,33,18,8,0,0
VALU,341,139,202,2010-04-07,2023-11-29,0,14,12,21,9,14,32,37,34,67,48,26,11,7,9,0,0
VAMO,54,0,54,2015-09-23,2022-08-12,0,0,0,0,0,0,2,10,16,17,2,0,0,7,0,0,0
VAPO,59,0,59,2018-11-09,2023-11-02,0,0,0,0,0,0,0,0,0,3,4,25,7,8,12,0,0
VAR,1498,749,749,2009-08-11,2020-06-01,6,92,126,130,52,80,68,60,80,102,552,150,0,0,0,0,0
VAW,583,152,431,2009-10-05,2023-11-16,1,11,14,13,32,44,76,90,69,91,58,19,14,27,24,0,0
VB,1281,434,847,2009-08-12,2023-12-16,6,16,33,32,44,19,113,112,229,177,137,218,29,55,61,0,0
VBF,190,53,137,2012-12-10,2023-08-03,0,0,0,1,10,7,10,12,10,35,83,7,11,0,4,0,0
VBFC,58,25,33,2010-06-07,2023-05-25,0,2,7,8,2,0,6,0,0,12,6,8,4,1,2,0,0
VBIV,856,373,483,2014-09-15,2023-09-27,0,0,0,0,0,4,41,57,86,176,248,201,18,14,11,0,0
VBK,521,56,465,2009-08-18,2023-12-13,1,2,5,9,18,20,32,26,57,52,61,78,25,52,83,0,0
VBLT,912,456,456,2014-09-30,2020-06-04,0,0,0,0,0,18,216,138,118,250,104,68,0,0,0,0,0
VBND,109,50,59,2014-11-04,2022-12-29,0,0,0,0,0,2,3,19,22,43,19,0,0,1,0,0,0
VBR,108,54,54,2012-10-04,2020-05-20,0,0,0,2,2,0,0,0,4,0,0,100,0,0,0,0,0
VBTX,332,166,166,2014-08-29,2020-05-11,0,0,0,0,0,22,22,34,36,76,106,36,0,0,0,0,0
VC,1150,339,811,2010-05-19,2023-11-10,0,1,3,12,137,155,89,144,123,184,121,64,19,44,54,0,0
VCEL,1014,445,569,2015-02-06,2023-12-01,0,0,0,0,0,0,52,143,100,329,205,108,23,17,37,0,0
VCF,102,51,51,2014-12-01,2020-03-16,0,0,0,0,0,2,0,0,4,50,44,2,0,0,0,0,0
VCIT,340,42,298,2010-09-22,2023-12-12,0,2,0,6,8,14,18,31,39,37,24,75,17,34,35,0,0
VCLT,143,0,143,2012-08-10,2023-12-07,0,0,0,3,6,13,9,9,12,11,10,6,17,23,24,0,0
VCNX,31,0,31,2018-07-13,2023-04-05,0,0,0,0,0,0,0,0,0,2,4,16,6,1,2,0,0
VCO,56,28,28,2010-03-30,2018-07-09,0,4,10,6,0,0,8,2,2,24,0,0,0,0,0,0,0
VCR,2807,1127,1680,2009-11-09,2023-12-11,2,23,38,34,44,72,508,588,397,486,319,54,12,124,106,0,0
VCRA,756,378,378,2012-03-28,2020-05-22,0,0,0,54,90,52,44,82,42,168,168,56,0,0,0,0,0
VCSH,451,75,376,2010-08-18,2023-12-07,0,1,0,3,11,23,17,26,56,38,12,153,23,47,41,0,0
VCV,110,55,55,2013-02-19,2020-03-12,0,0,0,0,4,0,0,0,0,48,56,2,0,0,0,0,0
VCYT,558,200,358,2013-10-17,2023-12-04,0,0,0,0,3,2,5,14,62,136,156,78,34,29,39,0,0
VDC,2178,1089,1089,2009-08-10,2020-05-20,2,18,22,50,46,40,214,188,148,926,474,50,0,0,0,0,0
VDE,2880,1103,1777,2010-03-02,2023-12-16,0,14,7,51,73,66,437,551,302,737,299,75,24,130,114,0,0
VDSI,280,140,140,2012-07-26,2018-05-30,0,0,0,16,12,44,82,50,30,46,0,0,0,0,0,0,0
VEA,2141,790,1351,2009-11-06,2023-12-13,4,5,11,22,16,33,137,218,433,336,349,362,52,82,81,0,0
VECO,457,120,337,2011-04-26,2023-12-01,0,0,5,3,6,7,13,36,68,87,59,76,20,37,40,0,0
VEEV,4513,1475,3038,2013-10-03,2023-12-16,0,0,0,0,53,141,126,422,478,995,1209,467,137,243,242,0,0
VEGA,41,17,24,2012-09-18,2020-05-29,0,0,0,11,5,0,0,1,8,6,6,4,0,0,0,0,0
VEGI,272,56,216,2012-02-06,2023-11-24,0,0,0,13,20,30,23,23,18,69,55,0,1,10,10,0,0
VEGN,1,0,1,2019-09-30,2019-09-30,0,0,0,0,0,0,0,0,0,0,1,0,0,0,0,0,0
VEL,70,0,70,2020-01-17,2023-12-15,0,0,0,0,0,0,0,0,0,0,0,8,4,22,36,0,0
VEON,159,0,159,2017-04-03,2023-11-20,0,0,0,0,0,0,0,0,24,64,26,10,15,14,6,0,0
VERB,42,0,42,2020-07-21,2023-11-01,0,0,0,0,0,0,0,0,0,0,0,5,15,10,12,0,0
VERBW,3005,0,3005,2023-12-06,2023-12-16,0,0,0,0,0,0,0,0,0,0,0,0,0,0,3005,0,0
VERI,122,0,122,2016-12-16,2023-10-24,0,0,0,0,0,0,0,1,20,17,5,16,23,19,21,0,0
VERO,46,0,46,2017-10-13,2022-11-21,0,0,0,0,0,0,0,0,1,2,5,20,7,11,0,0,0
VERU,162,0,162,2017-09-29,2023-12-11,0,0,0,0,0,0,0,0,2,3,3,14,21,93,26,0,0
VERY,16,0,16,2019-11-07,2023-10-03,0,0,0,0,0,0,0,0,0,0,1,1,7,2,5,0,0
VET,1429,474,955,2013-03-25,2023-12-12,0,0,0,0,26,84,123,136,89,200,374,188,51,109,49,0,0
VEU,360,55,305,2009-07-15,2023-11-30,3,6,3,6,7,14,22,23,80,29,19,110,14,10,14,0,0
VFC,1550,0,1550,2010-02-25,2023-12-14,0,7,16,44,103,135,77,112,141,177,99,107,110,147,275,0,0
VFF,194,0,194,2019-05-23,2023-11-28,0,0,0,0,0,0,0,0,0,0,43,43,63,24,21,0,0
VFH,1008,267,741,2009-10-22,2023-12-16,6,11,14,24,41,20,54,41,64,230,256,58,14,86,89,0,0
VFL,189,76,113,2011-08-18,2023-06-09,0,0,2,1,7,7,10,9,0,10,141,0,0,0,2,0,0
VFMF,6,0,6,2018-12-06,2023-07-20,0,0,0,0,0,0,0,0,0,1,0,2,2,0,1,0,0
VFMO,3,0,3,2018-03-20,2023-07-18,0,0,0,0,0,0,0,0,0,1,0,1,0,0,1,0,0
VFMV,11,0,11,2018-03-20,2023-03-22,0,0,0,0,0,0,0,0,0,7,1,2,0,0,1,0,0
VFQY,3,0,3,2018-03-20,2023-06-19,0,0,0,0,0,0,0,0,0,2,0,0,0,0,1,0,0
VFVA,5,0,5,2018-03-20,2023-08-03,0,0,0,0,0,0,0,0,0,2,0,1,0,1,1,0,0
VG,778,389,389,2009-08-28,2020-06-11,16,10,54,46,76,52,52,86,68,50,148,120,0,0,0,0,0
VGGL,40,20,20,2015-09-04,2016-04-14,0,0,0,0,0,0,34,6,0,0,0,0,0,0,0,0,0
VGI,405,160,245,2012-12-07,2023-09-07,0,0,0,1,8,11,37,106,35,96,55,43,10,0,3,0,0
VGIT,2584,1213,1371,2012-11-28,2023-12-16,0,0,0,5,6,10,9,3,11,12,2389,43,24,34,38,0,0
VGK,5681,2562,3119,2010-02-12,2023-12-11,0,12,6,83,105,147,1159,1335,547,1229,903,91,7,29,28,0,0
VGLT,159,16,143,2010-08-25,2023-12-13,0,3,2,7,7,10,16,14,3,3,6,20,25,15,28,0,0
VGM,425,188,237,2010-10-19,2023-06-04,0,2,0,1,10,8,10,10,37,210,121,13,0,0,3,0,0
VGR,2204,911,1293,2010-01-13,2023-12-15,0,38,44,59,34,68,279,365,236,411,425,87,56,46,56,0,0
VGSH,194,11,183,2012-11-28,2023-12-11,0,0,0,3,5,12,9,2,5,13,13,27,20,54,31,0,0
VGT,988,120,868,2009-11-12,2023-12-16,4,14,16,35,46,41,56,61,105,79,40,154,44,128,165,0,0
VGZ,410,166,244,2009-09-16,2023-08-24,4,16,41,32,9,9,45,119,11,52,50,9,3,3,7,0,0
VHC,1468,671,797,2010-03-05,2023-04-12,0,51,142,273,133,171,73,183,91,128,163,46,8,2,4,0,0
VHI,182,0,182,2012-04-27,2023-11-08,0,0,0,5,3,90,13,10,9,10,9,4,12,12,5,0,0
VHT,1554,522,1032,2009-12-11,2023-12-12,2,12,34,39,41,42,224,191,181,263,233,104,29,75,84,0,0
VIA,3746,1873,1873,2009-08-07,2020-03-28,22,212,296,288,230,110,526,788,226,540,502,6,0,0,0,0,0
VIAB,224,112,112,2010-02-12,2015-04-08,0,30,124,58,6,2,4,0,0,0,0,0,0,0,0,0,0
VIAS,136,68,68,2011-06-30,2015-06-05,0,0,6,42,14,60,14,0,0,0,0,0,0,0,0,0,0
VIAV,253,0,253,2015-08-11,2023-11-21,0,0,0,0,0,0,3,12,14,28,14,17,25,69,71,0,0
VICI,635,0,635,2017-12-15,2023-12-12,0,0,0,0,0,0,0,0,1,53,35,47,72,157,270,0,0
VICL,800,400,400,2009-09-10,2019-08-30,8,22,70,86,88,40,112,86,110,112,66,0,0,0,0,0,0
VICR,126,0,126,2011-05-18,2023-11-28,0,0,1,0,0,1,0,1,4,15,6,14,21,28,35,0,0
VIDE,74,37,37,2010-07-15,2020-02-18,0,6,24,4,28,2,2,2,0,0,0,6,0,0,0,0,0
VIEW,6,3,3,2012-05-02,2015-03-31,0,0,0,2,0,0,4,0,0,0,0,0,0,0,0,0,0
VIG,2871,1028,1843,2009-11-02,2023-12-16,3,51,93,175,143,65,299,395,270,393,389,271,42,144,138,0,0
VIGI,82,0,82,2015-12-09,2023-11-14,0,0,0,0,0,0,1,10,22,11,7,3,4,12,12,0,0
VII,184,92,92,2009-08-10,2018-07-12,2,6,6,6,6,26,16,58,24,34,0,0,0,0,0,0,0
VIIX,118,59,59,2013-02-22,2020-04-13,0,0,0,0,2,0,4,0,2,4,100,6,0,0,0,0,0
VIMC,268,134,134,2010-06-24,2016-04-12,0,10,16,22,32,100,86,2,0,0,0,0,0,0,0,0,0
VIOG,197,40,157,2013-01-09,2023-12-08,0,0,0,0,17,17,27,33,29,37,17,4,0,6,10,0,0
VIOO,142,0,142,2011-07-19,2023-12-08,0,0,1,0,6,12,20,12,20,8,11,2,9,20,21,0,0
VIOT,44,0,44,2018-09-21,2022-08-22,0,0,0,0,0,0,0,0,0,1,8,7,19,9,0,0,0
VIOV,261,34,227,2013-02-11,2023-12-12,0,0,0,0,29,25,26,39,23,39,25,5,9,20,21,0,0
VIP,1142,571,571,2009-08-12,2018-02-27,24,90,98,150,132,176,250,190,30,2,0,0,0,0,0,0,0
VIPS,4179,1623,2556,2012-03-23,2023-12-13,0,0,0,54,308,599,624,431,297,497,671,338,136,83,141,0,0
VIR,515,0,515,2019-10-10,2023-12-13,0,0,0,0,0,0,0,0,0,0,3,116,162,155,79,0,0
VIRC,368,122,246,2010-09-10,2023-12-15,0,4,8,22,27,34,68,24,21,46,24,14,6,31,39,0,0
VIRT,434,0,434,2015-04-06,2023-12-15,0,0,0,0,0,0,11,3,20,61,64,41,55,96,83,0,0
VIS,2729,1136,1593,2010-03-02,2023-12-12,0,16,15,23,54,60,162,263,220,1184,553,38,12,65,64,0,0
VISI,286,143,143,2014-06-13,2019-09-06,0,0,0,0,0,8,54,40,54,74,56,0,0,0,0,0,0
VISL,18,0,18,2019-06-04,2023-09-15,0,0,0,0,0,0,0,0,0,0,8,4,4,1,1,0,0
VISN,412,206,206,2009-12-20,2017-02-27,2,48,28,44,78,50,70,84,8,0,0,0,0,0,0,0,0
VIST,220,0,220,2012-07-30,2023-12-14,0,0,0,1,0,0,0,0,2,1,5,2,4,117,88,0,0
VIV,1943,510,1433,2009-08-10,2023-12-15,6,52,68,76,145,112,182,102,98,170,170,194,232,172,164,0,0
VIVO,1208,604,604,2009-11-12,2020-06-10,2,20,102,92,74,110,128,104,136,114,184,142,0,0,0,0,0
VIXM,13,0,13,2011-10-04,2023-03-13,0,0,1,1,0,1,0,2,1,4,1,1,0,0,1,0,0
VIXY,175,22,153,2011-06-01,2023-10-09,0,0,3,4,13,13,6,20,16,19,19,8,15,27,12,0,0
VJET,1294,515,779,2013-09-17,2023-11-27,0,0,0,0,146,316,232,163,93,225,89,21,2,1,6,0,0
VKI,148,54,94,2012-12-10,2023-06-04,0,0,0,1,10,7,12,11,0,4,90,10,0,0,3,0,0
VKQ,169,59,110,2012-12-10,2023-06-04,0,0,0,1,13,13,10,11,0,10,92,16,0,0,3,0,0
VKTX,278,0,278,2014-07-02,2023-12-12,0,0,0,0,0,2,7,4,2,62,34,20,11,25,111,0,0
VLCCF,252,126,126,2010-06-21,2015-03-22,0,16,22,56,22,98,38,0,0,0,0,0,0,0,0,0,0
VLGEA,389,177,212,2010-03-12,2023-08-01,0,22,8,27,31,12,46,56,62,48,40,23,4,3,7,0,0
VLO,4579,1027,3552,2009-08-10,2023-12-16,41,174,320,223,294,301,427,326,349,267,188,416,181,535,537,0,0
VLP,1216,608,608,2013-09-19,2019-07-31,0,0,0,0,16,148,578,148,70,234,22,0,0,0,0,0,0
VLRS,1021,433,588,2013-08-30,2023-12-14,0,0,0,0,8,36,203,146,106,169,226,90,9,20,8,0,0
VLT,151,55,96,2012-12-10,2023-06-04,0,0,0,1,11,8,10,9,0,2,80,28,0,0,2,0,0
VLTC,318,159,159,2013-09-20,2019-08-23,0,0,0,0,2,10,226,50,8,8,14,0,0,0,0,0,0
VLU,104,31,73,2012-10-25,2023-08-19,0,0,0,6,3,0,24,18,4,33,11,1,0,2,2,0,0
VLUE,398,26,372,2013-04-18,2023-12-12,0,0,0,0,11,3,27,46,47,50,37,46,40,61,30,0,0
VLY,1136,422,714,2009-11-30,2023-12-15,10,46,59,64,57,44,100,71,80,152,206,93,0,54,100,0,0
VLYPO,1,0,1,2019-05-21,2019-05-21,0,0,0,0,0,0,0,0,0,0,1,0,0,0,0,0,0
VLYPP,2,0,2,2019-05-21,2023-09-01,0,0,0,0,0,0,0,0,0,0,1,0,0,0,1,0,0
VMBS,114,57,57,2012-04-19,2020-05-14,0,0,0,4,4,0,2,2,2,0,40,60,0,0,0,0,0
VMC,3738,1380,2358,2009-09-25,2023-12-13,6,125,229,350,328,265,313,349,324,410,419,242,85,93,200,0,0
VMEM,532,266,266,2013-08-26,2016-12-14,0,0,0,0,78,120,212,122,0,0,0,0,0,0,0,0,0
VMI,1759,654,1105,2009-10-14,2023-12-12,4,28,115,141,187,151,156,139,91,192,202,98,30,113,112,0,0
VMM,40,20,20,2018-09-13,2020-05-12,0,0,0,0,0,0,0,0,0,20,16,4,0,0,0,0,0
VMO,644,297,347,2010-03-04,2023-06-04,0,1,4,5,7,9,57,142,79,191,131,15,1,0,2,0,0
VMOT,2,0,2,2022-02-01,2022-09-30,0,0,0,0,0,0,0,0,0,0,0,0,0,2,0,0,0
VMW,8208,4104,4104,2009-08-10,2020-06-11,34,492,692,1106,710,604,956,766,466,982,988,412,0,0,0,0,0
VNCE,103,0,103,2013-11-12,2023-12-06,0,0,0,0,3,27,24,11,16,5,5,2,0,7,3,0,0
VNDA,1680,840,840,2009-08-17,2020-06-09,8,48,52,38,286,116,164,150,96,338,284,100,0,0,0,0,0
VNET,1559,650,909,2011-04-21,2023-11-16,0,0,21,43,73,274,236,206,123,213,183,124,30,21,12,0,0
VNLA,7,0,7,2022-02-01,2023-11-09,0,0,0,0,0,0,0,0,0,0,0,0,0,3,4,0,0
VNM,1266,571,695,2009-08-14,2023-12-01,2,154,202,262,159,29,128,106,51,76,60,16,4,5,12,0,0
VNO,3275,1221,2054,2009-08-07,2023-12-14,8,206,293,280,252,187,289,292,263,402,342,228,47,75,111,0,0
VNOM,1440,517,923,2014-06-10,2023-12-08,0,0,0,0,0,59,65,66,247,369,284,160,18,74,98,0,0
VNQ,6097,2619,3478,2009-05-06,2023-12-16,7,11,78,43,45,73,139,1143,821,1544,1656,266,49,101,121,0,0
VNQI,115,0,115,2011-05-09,2023-10-26,0,0,1,0,7,16,14,9,20,25,3,6,4,3,7,0,0
VNRX,28,0,28,2019-06-13,2023-10-31,0,0,0,0,0,0,0,0,0,0,3,7,5,4,9,0,0
VNTV,1092,546,546,2012-03-21,2018-01-16,0,0,0,144,150,174,128,208,270,18,0,0,0,0,0,0,0
VO,619,45,574,2010-02-24,2023-12-14,0,6,11,7,5,14,28,35,75,37,23,76,20,123,159,0,0
VOC,135,0,135,2012-08-09,2023-12-04,0,0,0,2,44,27,9,6,8,6,1,6,15,5,6,0,0
VOD,4366,1275,3091,2009-08-10,2023-12-16,38,263,192,240,560,441,208,204,216,467,646,344,175,174,198,0,0
VOE,621,53,568,2009-08-28,2023-12-12,2,2,0,5,19,31,37,49,70,54,46,83,15,102,106,0,0
VOLC,680,340,340,2009-08-25,2015-03-31,2,38,118,178,176,148,20,0,0,0,0,0,0,0,0,0,0
VONE,140,70,70,2018-01-05,2020-05-11,0,0,0,0,0,0,0,0,0,106,30,4,0,0,0,0,0
VONG,130,65,65,2014-12-31,2020-05-27,0,0,0,0,0,2,8,18,16,32,26,28,0,0,0,0,0
VONV,289,73,216,2010-09-24,2023-12-11,0,1,0,2,3,7,13,24,23,44,53,35,7,35,42,0,0
VOO,1522,64,1458,2010-12-31,2023-12-16,0,2,19,26,23,43,79,108,210,105,74,119,115,245,354,0,0
VOOG,102,51,51,2019-05-19,2020-05-28,0,0,0,0,0,0,0,0,0,0,82,20,0,0,0,0,0
VOOV,185,51,134,2013-02-26,2023-11-29,0,0,0,0,1,0,1,1,4,8,63,51,6,28,22,0,0
VOT,410,59,351,2009-08-18,2023-12-16,1,2,5,11,16,20,8,13,35,52,52,42,13,69,71,0,0
VOX,927,287,640,2010-03-02,2023-11-20,0,8,10,59,36,74,88,122,123,172,112,47,20,24,32,0,0
VOXX,1102,455,647,2009-10-14,2023-10-11,2,13,32,105,81,115,110,148,175,115,118,39,18,16,15,0,0
VOYA,1320,660,660,2013-05-02,2020-06-11,0,0,0,0,110,154,204,158,146,214,222,112,0,0,0,0,0
VPC,7,0,7,2020-05-18,2023-03-30,0,0,0,0,0,0,0,0,0,0,0,1,3,2,1,0,0
VPG,418,209,209,2011-05-25,2020-05-27,0,0,6,14,10,12,40,58,32,120,84,42,0,0,0,0,0
VPL,118,0,118,2012-08-01,2023-11-03,0,0,0,2,3,11,11,7,34,16,6,8,5,5,10,0,0
VPU,2092,798,1294,2009-07-07,2023-12-14,3,9,10,23,57,46,58,61,65,1046,477,87,11,69,70,0,0
VPV,33,0,33,2012-12-10,2023-06-04,0,0,0,1,11,8,6,0,0,1,3,0,0,0,3,0,0
VQTS,20,10,10,2015-02-12,2016-09-03,0,0,0,0,0,0,14,6,0,0,0,0,0,0,0,0,0
VRA,2418,1036,1382,2010-10-21,2023-12-06,0,22,164,317,263,164,386,248,183,224,239,113,32,33,30,0,0
VRAI,1,0,1,2022-03-02,2022-03-02,0,0,0,0,0,0,0,0,0,0,0,0,0,1,0,0,0
VRCA,65,0,65,2018-06-15,2023-12-15,0,0,0,0,0,0,0,0,0,1,4,11,9,32,8,0,0
VRD,52,26,26,2010-05-26,2015-04-29,0,2,0,8,0,14,28,0,0,0,0,0,0,0,0,0,0
VREX,107,0,107,2017-01-30,2023-11-28,0,0,0,0,0,0,0,0,9,15,16,13,14,15,25,0,0
VRIG,16,0,16,2017-11-16,2023-07-24,0,0,0,0,0,0,0,0,1,1,0,4,2,3,5,0,0
VRM,210,0,210,2020-06-05,2023-11-07,0,0,0,0,0,0,0,0,0,0,0,78,53,48,31,0,0
VRMEW,1,0,1,2020-06-19,2020-06-19,0,0,0,0,0,0,0,0,0,0,0,1,0,0,0,0,0
VRML,744,372,372,2010-09-29,2020-06-10,0,22,108,124,22,22,84,44,52,92,90,84,0,0,0,0,0
VRNA,101,0,101,2017-04-18,2023-12-13,0,0,0,0,0,0,0,0,10,5,9,17,4,20,36,0,0
VRNG,1290,645,645,2011-03-15,2016-05-07,0,0,30,522,228,296,192,22,0,0,0,0,0,0,0,0,0
VRNS,1097,427,670,2013-10-22,2023-12-16,0,0,0,0,1,97,89,112,133,175,231,127,24,35,73,0,0
VRNT,2165,892,1273,2010-01-25,2023-12-08,0,32,103,80,121,198,212,187,163,335,524,96,25,39,50,0,0
VRP,173,54,119,2014-05-13,2023-10-25,0,0,0,0,0,8,19,15,10,47,59,1,4,3,7,0,0
VRRM,95,0,95,2019-01-23,2023-12-16,0,0,0,0,0,0,0,0,0,0,9,9,18,32,27,0,0
VRS,1008,504,504,2010-01-11,2020-06-01,0,18,18,40,10,100,78,52,70,268,256,98,0,0,0,0,0
VRSK,2460,900,1560,2009-10-19,2023-12-16,7,24,79,195,126,85,231,184,214,403,345,215,53,82,217,0,0
VRSN,2364,909,1455,2009-07-27,2023-12-16,18,167,180,327,179,155,208,143,132,273,228,141,52,68,93,0,0
VRT,331,0,331,2020-05-12,2023-12-15,0,0,0,0,0,0,0,0,0,0,0,13,28,57,233,0,0
VRTB,28,14,14,2012-12-24,2017-03-10,0,0,0,2,0,2,6,10,8,0,0,0,0,0,0,0,0
VRTS,1134,420,714,2010-09-20,2023-12-12,0,4,24,32,203,58,110,142,90,124,147,74,34,35,57,0,0
VRTU,848,424,424,2010-09-16,2020-05-28,0,10,24,74,46,58,108,80,68,166,110,104,0,0,0,0,0
VRTV,620,310,310,2014-07-14,2020-06-08,0,0,0,0,0,32,62,60,94,188,122,62,0,0,0,0,0
VRTX,7504,2184,5320,2009-08-10,2023-12-16,10,107,329,374,244,311,392,337,555,1173,1192,852,332,649,647,0,0
VSAR,450,225,225,2014-03-21,2018-10-12,0,0,0,0,0,34,102,90,156,68,0,0,0,0,0,0,0
VSAT,1748,874,874,2009-08-07,2020-05-29,2,36,92,126,88,160,142,192,172,264,360,114,0,0,0,0,0
VSCI,74,37,37,2011-05-23,2015-03-30,0,0,6,18,14,22,14,0,0,0,0,0,0,0,0,0,0
VSCP,92,46,46,2010-10-01,2016-03-28,0,4,8,18,4,16,22,20,0,0,0,0,0,0,0,0,0
VSDA,21,0,21,2017-04-18,2023-08-19,0,0,0,0,0,0,0,0,3,2,2,0,7,6,1,0,0
VSEC,618,309,309,2009-08-31,2020-05-27,2,4,22,30,126,122,72,46,26,92,52,24,0,0,0,0,0
VSGX,14,0,14,2022-02-25,2023-11-14,0,0,0,0,0,0,0,0,0,0,0,0,0,6,8,0,0
VSH,2194,760,1434,2009-08-10,2023-12-08,6,48,79,99,45,56,89,100,389,579,314,103,37,180,70,0,0
VSI,1696,848,848,2009-12-07,2020-03-20,2,20,88,290,140,192,166,136,192,226,238,6,0,0,0,0,0
VSLR,2564,1282,1282,2014-08-26,2020-06-11,0,0,0,0,0,110,884,680,140,256,356,138,0,0,0,0,0
VSMV,7,0,7,2018-12-21,2023-01-26,0,0,0,0,0,0,0,0,0,1,0,3,2,0,1,0,0
VSPY,34,17,17,2012-01-11,2017-01-26,0,0,0,6,0,2,10,4,12,0,0,0,0,0,0,0,0
VSR,392,196,196,2009-09-30,2017-09-25,2,22,14,18,26,142,68,60,40,0,0,0,0,0,0,0,0
VSS,241,55,186,2009-10-08,2023-12-11,1,2,0,4,4,5,13,17,24,53,53,48,3,3,11,0,0
VST,469,0,469,2017-05-19,2023-12-14,0,0,0,0,0,0,0,0,24,35,39,42,61,99,169,0,0
VSTM,1475,669,806,2012-01-27,2023-12-11,0,0,0,45,75,42,144,53,197,452,271,147,19,8,22,0,0
VSTO,430,0,430,2015-02-25,2023-12-14,0,0,0,0,0,0,21,55,77,39,22,45,58,67,46,0,0
VT,301,0,301,2009-12-04,2023-12-08,1,6,1,6,2,16,28,24,35,45,31,15,26,30,35,0,0
VTAE,428,214,214,2014-09-08,2016-12-08,0,0,0,0,0,40,176,212,0,0,0,0,0,0,0,0,0
VTC,40,0,40,2017-11-14,2023-10-05,0,0,0,0,0,0,0,0,2,5,4,0,9,13,7,0,0
VTEB,166,0,166,2015-08-25,2023-12-15,0,0,0,0,0,0,3,2,10,11,13,13,31,47,36,0,0
VTG,420,210,210,2009-11-04,2018-05-04,8,22,26,52,50,50,178,16,4,14,0,0,0,0,0,0,0
VTHR,81,25,56,2010-09-24,2023-12-12,0,1,0,7,2,4,6,13,6,18,11,0,2,5,6,0,0
VTI,2650,894,1756,2009-07-21,2023-12-13,13,46,88,40,48,44,65,85,203,510,775,490,64,87,92,0,0
VTIP,274,57,217,2012-10-18,2023-12-16,0,0,0,5,7,4,8,6,24,20,74,44,23,32,27,0,0
VTL,684,342,342,2014-04-12,2019-04-15,0,0,0,0,0,68,226,72,60,184,74,0,0,0,0,0,0
VTN,129,44,85,2012-12-10,2023-06-04,0,0,0,1,14,8,10,11,0,34,42,6,0,0,3,0,0
VTNR,229,0,229,2013-09-05,2023-12-12,0,0,0,0,2,20,7,21,9,16,0,3,43,38,70,0,0
VTOL,24,0,24,2020-06-12,2023-12-11,0,0,0,0,0,0,0,0,0,0,0,3,9,4,8,0,0
VTR,5653,2330,3323,2009-11-16,2023-12-14,5,76,143,233,311,300,712,841,504,1047,876,338,50,76,141,0,0
VTRB,2,1,1,2019-01-16,2019-01-16,0,0,0,0,0,0,0,0,0,0,2,0,0,0,0,0,0
VTSI,63,0,63,2020-06-01,2023-12-16,0,0,0,0,0,0,0,0,0,0,0,4,9,4,46,0,0
VTSS,228,114,114,2010-12-10,2018-03-27,0,6,24,36,40,54,64,0,2,2,0,0,0,0,0,0,0
VTTI,248,124,124,2014-07-28,2017-12-10,0,0,0,0,0,22,98,70,58,0,0,0,0,0,0,0,0
VTV,2319,607,1712,2009-08-28,2023-12-16,6,14,40,33,18,42,114,118,253,316,349,293,39,333,351,0,0
VTVT,105,0,105,2015-07-20,2023-11-30,0,0,0,0,0,0,5,5,7,22,9,26,17,10,4,0,0
VTWG,159,48,111,2014-04-08,2023-11-07,0,0,0,0,0,9,11,33,24,45,21,2,1,6,7,0,0
VTWO,301,73,228,2010-09-24,2023-11-15,0,1,0,4,9,11,12,16,12,12,129,27,8,29,31,0,0
VTWV,256,41,215,2010-09-24,2023-11-08,0,1,0,4,27,29,20,41,28,55,23,0,4,14,10,0,0
VUG,1525,395,1130,2009-07-15,2023-12-16,4,5,20,47,20,28,70,69,184,174,232,200,55,178,239,0,0
VUSE,55,17,38,2014-01-29,2023-11-10,0,0,0,0,0,5,18,7,6,2,6,0,0,4,7,0,0
VUZI,182,0,182,2014-10-14,2023-12-07,0,0,0,0,0,5,9,8,7,12,14,11,49,30,37,0,0
VV,176,0,176,2009-07-31,2023-12-10,1,7,1,4,1,3,10,13,20,24,12,10,4,27,39,0,0
VVC,826,413,413,2010-03-24,2019-05-05,0,2,30,54,54,54,104,160,114,218,36,0,0,0,0,0,0
VVI,677,257,420,2010-12-02,2023-12-16,0,2,18,31,34,106,56,74,58,69,97,73,10,16,33,0,0
VVR,84,42,42,2011-08-31,2020-04-27,0,0,2,0,0,0,0,0,0,10,56,16,0,0,0,0,0
VVUS,3898,1949,1949,2009-08-13,2020-06-08,24,282,250,1136,556,262,522,190,218,190,136,132,0,0,0,0,0
VVV,302,0,302,2016-05-31,2023-12-08,0,0,0,0,0,0,0,16,35,38,24,27,47,50,65,0,0
VWO,6471,2742,3729,2009-08-04,2023-12-11,15,131,291,445,343,136,559,1223,753,1266,766,361,32,69,81,0,0
VWOB,181,55,126,2013-06-04,2023-10-19,0,0,0,0,6,12,5,2,7,4,84,20,13,17,11,0,0
VXF,250,21,229,2010-03-10,2023-12-12,0,2,0,6,7,24,22,26,45,27,13,30,8,17,23,0,0
VXRT,410,0,410,2018-04-20,2023-09-12,0,0,0,0,0,0,0,0,0,4,8,200,147,40,11,0,0
VXUS,444,58,386,2011-12-20,2023-12-11,0,0,1,3,9,9,21,16,28,30,45,109,25,66,82,0,0
VXX,1527,727,800,2009-11-12,2023-12-01,12,468,148,72,40,70,60,112,88,106,111,176,20,27,17,0,0
VXZ,115,54,61,2012-03-22,2023-08-28,0,0,0,4,0,0,0,0,0,10,94,2,0,0,5,0,0
VYFC,44,22,22,2010-09-07,2015-04-24,0,2,4,12,2,16,8,0,0,0,0,0,0,0,0,0,0
VYGR,182,0,182,2015-10-30,2023-09-12,0,0,0,0,0,0,7,9,10,15,14,12,22,65,28,0,0
VYM,2060,675,1385,2009-11-04,2023-12-16,1,12,19,48,62,49,189,253,305,293,333,206,42,125,123,0,0
VYMI,65,0,65,2015-12-09,2023-12-15,0,0,0,0,0,0,1,4,8,4,5,3,5,18,17,0,0
VZ,5944,2972,2972,2012-04-18,2020-06-11,0,0,0,648,828,706,648,980,958,552,392,232,0,0,0,0,0
VZA,10,5,5,2017-07-28,2019-02-19,0,0,0,0,0,0,0,0,2,6,2,0,0,0,0,0,0
W,5016,1670,3346,2010-04-20,2023-12-15,0,1,0,0,0,120,492,605,443,760,1081,866,190,178,280,0,0
WAB,2679,1010,1669,2009-08-13,2023-12-16,2,18,92,132,98,150,236,218,166,407,566,267,67,101,159,0,0
WABC,820,295,525,2009-10-29,2023-12-04,2,29,53,93,81,104,116,81,35,49,64,29,15,34,35,0,0
WAC,1102,551,551,2010-03-09,2018-02-09,0,22,66,148,214,114,208,164,152,14,0,0,0,0,0,0,0
WAFD,1111,355,756,2012-02-16,2023-12-16,0,0,0,64,123,110,74,57,108,105,224,58,13,104,71,0,0
WAFU,21,0,21,2020-06-11,2023-08-16,0,0,0,0,0,0,0,0,0,0,0,13,6,1,1,0,0
WAGE,764,382,382,2011-07-19,2019-11-21,0,0,6,46,66,84,72,58,86,164,182,0,0,0,0,0,0
WAIR,1266,633,633,2011-08-09,2020-05-15,0,0,36,64,206,136,96,90,132,246,250,10,0,0,0,0,0
WAL,2065,622,1443,2010-01-25,2023-12-15,0,26,85,95,97,125,167,197,201,167,194,137,50,62,462,0,0
WANT,36,0,36,2018-12-07,2023-12-15,0,0,0,0,0,0,0,0,0,1,2,3,3,9,18,0,0
WASH,118,0,118,2012-10-29,2023-12-11,0,0,0,2,6,6,5,6,8,9,9,10,11,16,30,0,0
WAT,1913,701,1212,2009-10-28,2023-12-13,2,30,113,162,137,105,157,137,162,244,312,158,31,61,102,0,0
WATT,1784,778,1006,2012-05-17,2023-11-30,0,0,0,2,0,58,296,269,339,410,233,132,10,19,16,0,0
WAVX,328,164,164,2009-08-10,2016-02-01,2,22,46,52,20,82,96,8,0,0,0,0,0,0,0,0,0
WAYN,58,29,29,2010-10-05,2020-05-05,0,4,0,6,6,4,2,2,12,0,14,8,0,0,0,0,0
WB,2932,952,1980,2010-05-11,2023-12-16,0,4,8,2,0,187,349,372,664,471,494,126,120,79,56,0,0
WBA,9583,2569,7014,2014-12-31,2023-12-16,0,0,0,0,0,5,571,776,1146,1954,2197,904,590,638,802,0,0
WBAI,860,430,430,2013-11-22,2020-06-10,0,0,0,0,6,164,320,50,42,68,46,164,0,0,0,0,0
WBC,1694,847,847,2009-10-26,2020-06-04,6,54,90,94,84,98,156,190,218,306,332,66,0,0,0,0,0
WBIA,38,19,19,2014-09-01,2019-10-15,0,0,0,0,0,2,8,12,2,8,6,0,0,0,0,0,0
WBIB,36,18,18,2014-09-01,2019-10-15,0,0,0,0,0,2,8,14,2,8,2,0,0,0,0,0,0
WBIC,44,22,22,2014-09-01,2019-10-15,0,0,0,0,0,2,10,14,8,8,2,0,0,0,0,0,0
WBID,42,21,21,2014-09-01,2019-10-15,0,0,0,0,0,2,8,18,2,8,4,0,0,0,0,0,0
WBIF,74,20,54,2014-09-01,2019-10-15,0,0,0,0,0,3,14,35,10,10,2,0,0,0,0,0,0
WBIG,72,22,50,2014-09-01,2023-08-30,0,0,0,0,0,2,15,25,14,8,4,0,1,1,2,0,0
WBIH,6,3,3,2014-09-01,2018-05-03,0,0,0,0,0,2,2,0,0,2,0,0,0,0,0,0,0
WBII,18,9,9,2014-09-01,2019-05-29,0,0,0,0,0,4,8,2,2,0,2,0,0,0,0,0,0
WBIL,51,0,51,2014-08-28,2018-06-19,0,0,0,0,0,2,18,18,11,2,0,0,0,0,0,0,0
WBIY,21,0,21,2018-11-09,2023-10-31,0,0,0,0,0,0,0,0,0,2,5,0,0,8,6,0,0
WBK,752,376,376,2010-03-07,2020-04-13,0,26,36,64,62,32,66,42,12,84,136,192,0,0,0,0,0
WBMD,1556,778,778,2009-12-15,2017-09-15,2,50,156,248,206,230,114,396,154,0,0,0,0,0,0,0,0
WBS,1806,652,1154,2009-12-31,2023-12-15,2,42,119,174,116,76,139,137,117,252,217,177,41,91,106,0,0
WCC,1793,654,1139,2010-06-14,2023-12-14,0,30,94,257,100,107,177,131,118,113,215,193,28,112,118,0,0
WCG,2952,1476,1476,2009-11-04,2020-05-27,4,56,92,300,192,200,190,240,276,576,740,86,0,0,0,0,0
WCLD,163,0,163,2019-09-06,2023-12-12,0,0,0,0,0,0,0,0,0,0,3,28,34,49,49,0,0
WCN,2213,781,1432,2009-10-26,2023-12-16,6,25,104,121,84,92,149,244,201,324,403,201,50,95,114,0,0
WD,1649,588,1061,2011-01-24,2023-12-16,0,0,20,96,80,101,222,150,144,209,233,148,60,104,82,0,0
WDAY,6150,2314,3836,2012-08-31,2023-12-16,0,0,0,168,267,439,576,885,578,926,1153,418,149,166,425,0,0
WDC,11062,4219,6843,2009-11-09,2023-12-15,10,199,408,787,676,659,962,1381,1626,1791,1399,564,164,201,235,0,0
WDFC,1822,712,1110,2009-10-15,2023-12-15,4,31,86,124,123,162,196,166,118,236,343,89,41,50,53,0,0
WDIV,169,46,123,2013-08-02,2023-11-13,0,0,0,0,5,14,33,31,30,24,18,0,1,5,8,0,0
WDR,1794,897,897,2009-08-10,2020-06-05,6,60,134,134,196,222,200,204,142,218,222,56,0,0,0,0,0
WDTI,106,53,53,2011-01-24,2018-12-31,0,0,14,8,4,2,16,24,28,10,0,0,0,0,0,0,0
WEA,70,0,70,2012-12-10,2023-08-18,0,0,0,1,10,9,9,9,0,6,3,6,10,2,5,0,0
WEAT,154,0,154,2012-04-03,2023-12-08,0,0,0,7,3,10,6,10,5,3,0,3,5,58,44,0,0
WEBK,184,92,92,2012-01-30,2020-04-23,0,0,0,10,2,10,16,26,20,30,64,6,0,0,0,0,0
WEBL,23,0,23,2020-03-18,2023-09-06,0,0,0,0,0,0,0,0,0,0,0,2,6,8,7,0,0
WEBS,53,0,53,2020-03-12,2023-10-30,0,0,0,0,0,0,0,0,0,0,0,4,6,36,7,0,0
WEC,2768,1384,1384,2010-02-02,2020-06-11,0,42,154,208,156,274,402,332,220,396,374,210,0,0,0,0,0
WEET,102,51,51,2012-08-20,2018-12-31,0,0,0,2,0,0,0,0,0,100,0,0,0,0,0,0,0
WELL,711,0,711,2018-03-06,2023-12-16,0,0,0,0,0,0,0,0,0,134,81,81,54,116,245,0,0
WEN,6705,2627,4078,2009-08-17,2023-12-15,12,233,413,511,624,517,752,909,499,683,730,383,118,151,170,0,0
WERN,2021,812,1209,2009-10-20,2023-12-15,4,42,83,148,113,60,107,221,180,371,327,155,43,91,76,0,0
WES,670,0,670,2010-08-02,2023-12-16,0,2,9,21,35,19,17,22,28,36,58,103,119,94,107,0,0
WEX,2055,742,1313,2009-08-12,2023-12-13,2,2,14,12,43,115,147,140,119,645,403,192,27,101,93,0,0
WEYS,463,203,260,2010-02-25,2023-05-03,0,5,12,34,26,13,37,65,43,73,106,32,11,4,2,0,0
WF,570,178,392,2010-04-20,2023-11-02,0,14,14,11,16,123,115,24,51,85,44,32,9,14,18,0,0
WFBI,100,50,50,2013-02-06,2017-12-18,0,0,0,0,4,2,32,20,42,0,0,0,0,0,0,0,0
WFC,13913,2612,11301,2011-12-20,2023-12-15,0,0,4,618,570,444,646,2562,2261,1396,1103,1416,857,850,1186,0,0
WFD,158,79,79,2010-05-28,2017-12-20,0,4,8,26,14,26,24,52,4,0,0,0,0,0,0,0,0
WFH,32,0,32,2020-07-06,2022-10-26,0,0,0,0,0,0,0,0,0,0,0,20,7,5,0,0,0
WFHY,21,0,21,2018-10-26,2023-12-05,0,0,0,0,0,0,0,0,0,1,2,2,2,6,8,0,0
WFIG,9,0,9,2017-12-22,2023-03-08,0,0,0,0,0,0,0,0,1,0,0,1,5,0,2,0,0
WFM,6742,3371,3371,2011-05-09,2019-04-21,0,0,284,974,740,808,1400,1306,1226,2,2,0,0,0,0,0,0
WFT,3458,1729,1729,2009-09-08,2019-07-15,6,180,332,372,188,372,524,496,390,464,134,0,0,0,0,0,0
WG,608,304,304,2009-08-10,2018-05-09,2,34,40,74,54,92,134,74,76,28,0,0,0,0,0,0,0
WGA,48,24,24,2009-11-17,2018-02-07,2,2,4,4,8,2,4,20,0,2,0,0,0,0,0,0,0
WGBS,242,121,121,2010-07-12,2017-03-01,0,2,2,0,0,8,148,72,10,0,0,0,0,0,0,0,0
WGL,782,391,391,2010-03-30,2019-08-29,0,18,36,50,26,92,138,172,122,120,8,0,0,0,0,0,0
WGO,3114,1159,1955,2009-12-17,2023-12-14,2,43,104,146,221,159,254,293,390,540,472,179,80,130,101,0,0
WGP,660,330,330,2012-12-11,2019-02-28,0,0,0,2,40,56,206,110,44,168,34,0,0,0,0,0,0
WH,291,0,291,2010-11-23,2023-12-16,0,1,1,2,1,4,0,0,0,21,18,29,43,77,94,0,0
WHD,324,0,324,2018-02-02,2023-12-08,0,0,0,0,0,0,0,0,0,15,19,26,27,102,135,0,0
WHF,647,267,380,2012-12-05,2023-11-07,0,0,0,25,29,20,74,88,74,103,134,49,6,25,20,0,0
WHFBL,2,1,1,2018-09-27,2018-09-27,0,0,0,0,0,0,0,0,0,2,0,0,0,0,0,0,0
WHG,40,0,40,2012-10-12,2023-04-27,0,0,0,2,2,1,3,4,3,4,5,3,10,1,2,0,0
WHLM,137,60,77,2010-12-14,2022-09-18,0,2,0,2,0,0,18,22,16,30,24,16,5,2,0,0,0
WHLR,1226,567,659,2012-11-19,2023-09-05,0,0,0,8,32,41,324,165,165,316,158,10,1,4,2,0,0
WHLRD,3,0,3,2017-01-30,2017-07-19,0,0,0,0,0,0,0,0,3,0,0,0,0,0,0,0,0
WHLRP,52,20,32,2014-06-25,2019-06-04,0,0,0,0,0,3,2,2,11,16,18,0,0,0,0,0,0
WHR,5525,2186,3339,2009-08-27,2023-12-14,14,291,379,523,361,370,584,500,473,727,666,213,89,174,161,0,0
WHX,66,33,33,2011-09-28,2018-09-21,0,0,4,32,8,12,8,0,0,2,0,0,0,0,0,0,0
WHZ,50,25,25,2012-05-02,2016-08-05,0,0,0,6,8,8,20,8,0,0,0,0,0,0,0,0,0
WIA,184,23,161,2009-08-10,2023-12-08,2,1,0,2,2,5,10,9,1,16,15,30,63,21,7,0,0
WIBC,298,149,149,2010-07-02,2016-08-01,0,14,36,46,44,24,92,42,0,0,0,0,0,0,0,0,0
WIFI,916,458,458,2011-05-04,2020-05-05,0,0,28,72,72,48,74,88,66,190,186,92,0,0,0,0,0
WIL,36,18,18,2014-07-15,2020-03-06,0,0,0,0,0,4,6,6,8,8,2,2,0,0,0,0,0
WILC,298,149,149,2010-02-09,2020-05-22,0,4,26,6,8,16,42,84,44,26,28,14,0,0,0,0,0
WILN,836,418,418,2011-06-10,2017-06-01,0,0,52,52,136,162,264,130,40,0,0,0,0,0,0,0,0
WIMI,66,0,66,2019-08-16,2023-09-22,0,0,0,0,0,0,0,0,0,0,1,34,23,5,3,0,0
WIN,3476,1738,1738,2009-08-07,2019-11-12,16,166,206,590,318,284,584,264,262,548,238,0,0,0,0,0,0
WINA,461,198,263,2010-10-13,2023-11-21,0,6,24,55,37,24,51,55,34,58,53,29,8,9,18,0,0
WINC,8555,0,8555,2023-07-20,2023-12-16,0,0,0,0,0,0,0,0,0,0,0,0,0,0,8555,0,0
WING,844,0,844,2015-06-02,2023-12-14,0,0,0,0,0,0,40,70,58,107,37,54,52,167,259,0,0
WINT,21,0,21,2016-11-28,2023-04-20,0,0,0,0,0,0,0,2,1,0,0,2,5,6,5,0,0
WIP,102,51,51,2011-05-22,2020-01-30,0,0,2,0,0,0,0,0,0,42,54,4,0,0,0,0,0
WIRE,925,256,669,2009-08-07,2023-11-20,2,20,50,63,48,20,80,54,33,113,105,45,30,137,125,0,0
WISA,41,0,41,2018-11-20,2023-12-11,0,0,0,0,0,0,0,0,0,2,0,16,7,8,8,0,0
WIT,1486,579,907,2009-10-12,2023-12-13,4,98,88,113,82,107,167,137,127,141,174,111,36,63,38,0,0
WITE,100,50,50,2011-01-06,2016-02-23,0,0,14,12,10,6,42,16,0,0,0,0,0,0,0,0,0
WIW,453,25,428,2012-12-10,2023-11-03,0,0,0,1,3,6,10,11,3,25,17,34,174,164,5,0,0
WIX,2175,674,1501,2013-10-02,2023-12-11,0,0,0,0,37,61,190,143,165,330,421,252,165,169,242,0,0
WK,182,0,182,2014-10-27,2023-12-12,0,0,0,0,0,2,3,11,14,20,19,13,21,33,46,0,0
WKEY,38,0,38,2020-05-08,2023-11-02,0,0,0,0,0,0,0,0,0,0,0,6,12,12,8,0,0
WKHS,609,0,609,2016-04-05,2023-11-20,0,0,0,0,0,0,0,3,2,3,10,236,264,45,46,0,0
WLB,684,342,342,2011-01-04,2019-10-03,0,0,44,22,64,100,150,156,92,46,10,0,0,0,0,0,0
WLDN,1215,426,789,2010-03-31,2023-12-15,0,8,8,22,95,268,175,145,138,144,81,39,8,21,63,0,0
WLDR,8698,0,8698,2023-07-19,2023-12-16,0,0,0,0,0,0,0,0,0,0,0,0,0,0,8698,0,0
WLFC,276,131,145,2010-05-17,2023-02-13,0,5,8,70,10,14,29,25,16,36,36,23,1,1,2,0,0
WLH,888,444,444,2013-05-16,2020-05-15,0,0,0,0,62,142,72,88,116,210,168,30,0,0,0,0,0
WLK,2298,1149,1149,2010-02-23,2020-06-11,0,30,96,256,158,188,142,258,366,364,302,138,0,0,0,0,0
WLL,4326,2163,2163,2009-12-08,2020-06-11,2,58,106,142,164,258,900,812,430,432,724,298,0,0,0,0,0
WLRHU,8,4,4,2014-06-06,2015-06-29,0,0,0,0,0,6,2,0,0,0,0,0,0,0,0,0,0
WLT,1684,842,842,2010-03-02,2016-11-15,0,52,270,488,430,234,204,6,0,0,0,0,0,0,0,0,0
WM,3238,1619,1619,2010-02-05,2020-06-11,0,102,274,322,170,192,344,306,248,436,540,304,0,0,0,0,0
WMAR,244,122,122,2009-11-29,2017-09-12,2,4,18,28,20,28,42,56,46,0,0,0,0,0,0,0,0
WMB,5474,2737,2737,2009-10-29,2020-06-11,4,132,450,362,306,274,840,1202,358,588,642,316,0,0,0,0,0
WMC,1518,759,759,2011-12-12,2020-06-04,0,0,2,90,48,22,420,350,126,238,200,22,0,0,0,0,0
WMGI,1664,832,832,2010-03-10,2020-05-29,0,56,148,128,112,168,112,122,110,258,368,82,0,0,0,0,0
WMGIZ,16,8,8,2015-06-30,2019-10-21,0,0,0,0,0,0,2,2,0,4,8,0,0,0,0,0,0
WMK,436,218,218,2010-03-12,2020-05-11,0,12,22,26,22,22,36,76,56,80,52,32,0,0,0,0,0
WMLP,274,137,137,2015-01-05,2018-10-09,0,0,0,0,0,0,24,30,32,188,0,0,0,0,0,0,0
WMS,1396,525,871,2009-08-10,2023-12-15,8,80,201,180,119,13,76,59,87,140,189,80,28,55,81,0,0
WMT,8697,11,8686,2018-12-01,2023-12-16,0,0,0,0,0,0,0,0,0,116,1340,2045,1486,1883,1827,0,0
WMW,46,23,23,2011-01-21,2019-09-02,0,0,2,12,0,0,8,2,10,8,4,0,0,0,0,0,0
WNC,1762,596,1166,2010-03-12,2023-12-15,0,32,27,101,44,77,375,158,199,214,181,84,17,75,178,0,0
WNEB,51,0,51,2017-03-10,2023-11-14,0,0,0,0,0,0,0,0,4,1,1,0,11,20,14,0,0
WNR,1760,880,880,2009-07-17,2019-09-15,16,46,204,310,128,134,388,440,90,2,2,0,0,0,0,0,0
WNRL,258,129,129,2013-10-02,2018-05-06,0,0,0,0,20,22,74,90,50,2,0,0,0,0,0,0,0
WNS,1121,427,694,2009-08-07,2023-12-04,4,28,55,61,90,46,146,114,91,128,162,112,11,31,42,0,0
WOMN,10,0,10,2020-08-21,2023-08-07,0,0,0,0,0,0,0,0,0,0,0,2,3,2,3,0,0
WOOD,320,54,266,2011-05-06,2023-11-17,0,0,4,6,21,31,39,36,34,51,75,10,6,3,4,0,0
WOR,2351,867,1484,2009-04-12,2023-12-15,7,59,112,202,232,231,234,275,204,256,236,63,56,53,131,0,0
WPC,3994,1515,2479,2009-07-27,2023-12-16,4,10,35,80,92,299,482,570,330,782,625,199,98,186,202,0,0
WPCS,388,194,194,2009-12-15,2018-01-30,2,16,26,52,48,46,96,58,32,12,0,0,0,0,0,0,0
WPG,1552,776,776,2014-05-30,2020-06-09,0,0,0,0,0,36,54,168,190,534,522,48,0,0,0,0,0
WPP,1340,510,830,2010-07-29,2023-11-09,0,7,50,52,60,63,94,15,21,443,279,107,41,35,73,0,0
WPPGY,1048,524,524,2009-12-11,2017-12-05,2,184,122,148,160,92,156,102,82,0,0,0,0,0,0,0,0
WPRT,2239,941,1298,2009-11-04,2023-12-07,4,90,193,372,131,151,237,197,172,244,258,70,51,33,36,0,0
WPS,147,53,94,2011-06-30,2023-07-28,0,0,4,2,8,13,6,0,12,31,62,1,5,1,2,0,0
WPT,212,106,106,2013-08-01,2019-07-31,0,0,0,0,16,70,50,58,14,0,4,0,0,0,0,0,0
WPX,2342,1171,1171,2011-12-01,2020-06-11,0,0,2,86,102,240,396,296,272,292,416,240,0,0,0,0,0
WPZ,2548,1274,1274,2010-01-19,2019-01-08,0,96,190,212,172,138,544,558,262,374,2,0,0,0,0,0,0
WR,946,473,473,2009-08-12,2018-05-31,4,40,72,108,146,66,86,246,108,70,0,0,0,0,0,0,0
WRB,1572,786,786,2010-01-11,2020-06-11,0,54,150,184,118,170,162,94,76,162,278,124,0,0,0,0,0
WRE,674,337,337,2009-12-07,2020-05-14,4,12,58,60,32,30,94,66,56,94,122,46,0,0,0,0,0
WREI,2,1,1,2012-01-16,2012-01-16,0,0,0,2,0,0,0,0,0,0,0,0,0,0,0,0,0
WRES,504,252,252,2009-09-11,2016-09-21,4,2,18,36,16,238,158,32,0,0,0,0,0,0,0,0,0
WRK,772,0,772,2015-08-01,2023-12-07,0,0,0,0,0,0,35,58,84,105,78,59,61,104,188,0,0
WRLD,1306,559,747,2009-11-25,2023-11-20,4,26,65,95,126,156,251,101,95,126,142,70,13,12,24,0,0
WRN,84,42,42,2011-06-30,2020-06-08,0,0,6,8,0,0,4,12,10,24,12,8,0,0,0,0,0
WSBC,827,301,526,2009-11-10,2023-12-12,2,6,16,38,69,47,66,82,55,137,148,61,23,37,40,0,0
WSBF,328,129,199,2012-03-09,2023-10-04,0,0,0,14,10,14,27,33,25,47,71,44,13,16,14,0,0
WSC,211,0,211,2010-02-17,2023-12-14,0,1,0,0,0,0,0,0,0,21,14,17,25,70,63,0,0
WSCI,250,125,125,2009-12-29,2018-11-13,2,10,12,22,4,8,44,34,20,94,0,0,0,0,0,0,0
WSFS,582,291,291,2009-11-30,2020-05-05,2,4,14,28,32,30,38,42,52,132,150,58,0,0,0,0,0
WSH,924,462,462,2009-11-20,2016-04-05,4,24,124,168,118,168,312,6,0,0,0,0,0,0,0,0,0
WSM,5890,2323,3567,2009-08-27,2023-12-15,18,211,273,513,409,657,652,615,496,603,654,274,106,252,157,0,0
WSO,1887,670,1217,2009-12-01,2023-12-13,2,38,86,183,93,97,171,163,133,273,269,98,31,111,139,0,0
WSO-B,8054,0,8054,2023-11-29,2023-12-16,0,0,0,0,0,0,0,0,0,0,0,0,0,0,8054,0,0
WSO.B,8,4,4,2015-02-23,2019-04-26,0,0,0,0,0,0,2,0,0,4,2,0,0,0,0,0,0
WSR,1488,625,863,2010-11-22,2023-12-13,0,2,30,61,60,57,284,217,188,254,201,64,20,22,28,0,0
WST,1658,579,1079,2010-02-18,2023-12-13,0,10,41,83,66,70,109,149,111,196,298,260,41,92,132,0,0
WSTC,340,170,170,2013-03-11,2018-02-15,0,0,0,0,56,68,82,60,72,2,0,0,0,0,0,0,0
WSTG,296,148,148,2011-11-03,2020-06-08,0,0,2,14,8,16,30,46,22,68,60,30,0,0,0,0,0
WSTL,439,200,239,2010-05-18,2021-12-29,0,14,20,18,14,26,47,53,61,92,86,7,1,0,0,0,0
WTBA,109,0,109,2011-10-10,2023-12-16,0,0,1,0,5,13,5,3,5,5,9,8,18,21,16,0,0
WTFC,1521,532,989,2010-01-27,2023-12-12,0,33,67,78,70,80,117,127,170,245,238,123,27,64,82,0,0
WTFCM,4,0,4,2015-09-28,2023-05-03,0,0,0,0,0,0,1,1,0,0,1,0,0,0,1,0,0
WTFCP,1,0,1,2023-12-05,2023-12-05,0,0,0,0,0,0,0,0,0,0,0,0,0,0,1,0,0
WTI,1135,0,1135,2009-08-18,2023-12-12,1,58,36,51,65,117,102,143,212,128,47,21,21,86,47,0,0
WTM,714,273,441,2009-11-18,2023-11-20,10,4,39,55,57,119,83,43,74,92,74,30,12,15,7,0,0
WTMF,8,0,8,2018-12-14,2023-12-08,0,0,0,0,0,0,0,0,0,1,0,0,0,3,4,0,0
WTR,1710,855,855,2009-11-30,2020-02-03,4,26,84,122,184,118,194,202,132,274,346,24,0,0,0,0,0
WTRE,8680,0,8680,2023-07-19,2023-12-16,0,0,0,0,0,0,0,0,0,0,0,0,0,0,8680,0,0
WTRG,364,0,364,2020-02-28,2023-12-14,0,0,0,0,0,0,0,0,0,0,0,35,57,139,133,0,0
WTS,1201,414,787,2010-02-17,2023-12-15,0,24,70,83,49,99,123,90,77,165,134,72,20,56,139,0,0
WTSL,376,188,188,2013-03-20,2016-05-14,0,0,0,0,142,176,56,2,0,0,0,0,0,0,0,0,0
WTW,3406,1703,1703,2009-11-11,2019-05-02,6,44,170,286,162,166,560,500,482,694,336,0,0,0,0,0,0
WU,3302,1651,1651,2009-11-06,2020-06-11,8,148,292,410,314,242,448,248,260,302,410,220,0,0,0,0,0
WUBA,1578,789,789,2013-10-31,2020-05-15,0,0,0,0,50,284,420,156,146,202,236,84,0,0,0,0,0
WUGI,24,0,24,2022-02-04,2023-11-22,0,0,0,0,0,0,0,0,0,0,0,0,0,1,23,0,0
WVE,105,0,105,2015-11-10,2023-12-16,0,0,0,0,0,0,4,3,4,11,18,15,8,19,23,0,0
WVFC,62,24,38,2012-02-10,2023-11-03,0,0,0,10,4,3,9,0,4,16,10,2,1,0,3,0,0
WVVI,151,66,85,2011-08-16,2023-12-04,0,0,4,8,2,13,32,20,10,24,17,8,8,3,2,0,0
WW,895,0,895,2010-01-02,2023-12-11,0,7,8,22,26,15,75,82,123,216,106,48,67,35,65,0,0
WWAV,1710,855,855,2012-10-26,2017-10-13,0,0,0,48,174,386,510,520,72,0,0,0,0,0,0,0,0
WWD,1625,586,1039,2011-04-27,2023-12-14,0,0,30,106,67,99,160,95,105,221,341,142,32,44,183,0,0
WWJD,4,0,4,2020-11-10,2023-11-07,0,0,0,0,0,0,0,0,0,0,0,1,0,0,3,0,0
WWR,40,0,40,2017-09-18,2023-06-06,0,0,0,0,0,0,0,0,2,6,1,20,6,3,2,0,0
WWW,2379,949,1430,2009-08-12,2023-12-13,4,58,128,276,237,221,258,179,155,318,239,112,34,69,91,0,0
WY,950,0,950,2010-07-12,2023-12-01,0,2,7,45,46,50,57,87,116,92,58,51,81,161,97,0,0
WYN,2672,1336,1336,2009-08-10,2019-07-22,36,198,256,542,404,324,278,168,236,222,8,0,0,0,0,0,0
WYNN,1266,633,633,2018-01-29,2020-06-10,0,0,0,0,0,0,0,0,0,540,358,368,0,0,0,0,0
WYY,527,238,289,2010-12-31,2023-11-14,0,4,18,26,27,76,93,43,45,97,78,14,1,4,1,0,0
X,5047,1135,3912,2009-10-19,2023-12-16,3,63,42,100,91,215,171,664,1152,746,682,276,185,237,420,0,0
XAIR,43,0,43,2019-02-15,2023-10-17,0,0,0,0,0,0,0,0,0,0,10,4,11,7,11,0,0
XAR,484,0,484,2012-11-19,2023-12-15,0,0,0,3,40,49,78,57,70,68,21,14,5,40,39,0,0
XBI,5144,1912,3232,2009-11-03,2023-12-16,5,73,40,184,102,258,551,641,562,853,1054,435,76,176,134,0,0
XBIO,37,0,37,2016-02-12,2023-08-11,0,0,0,0,0,0,0,2,0,4,4,13,4,4,6,0,0
XBIOW,2,0,2,2020-10-22,2021-01-13,0,0,0,0,0,0,0,0,0,0,0,1,1,0,0,0,0
XBIT,74,0,74,2015-03-12,2023-08-23,0,0,0,0,0,0,7,13,12,3,14,13,7,4,1,0,0
XBKS,54,27,27,2011-09-21,2017-11-14,0,0,2,0,2,2,6,30,12,0,0,0,0,0,0,0,0
XCEM,13,0,13,2015-09-02,2023-12-07,0,0,0,0,0,0,2,0,0,1,0,1,1,1,7,0,0
XCO,1130,565,565,2009-08-07,2018-05-18,2,66,140,170,114,138,240,158,92,10,0,0,0,0,0,0,0
XCRA,426,213,213,2014-06-02,2019-05-15,0,0,0,0,0,38,52,70,108,156,2,0,0,0,0,0,0
XCUR,27,0,27,2019-12-09,2023-04-27,0,0,0,0,0,0,0,0,0,0,1,4,11,9,2,0,0
XEC,1778,889,889,2010-02-05,2020-06-11,0,46,70,110,98,82,92,42,56,398,530,254,0,0,0,0,0
XEL,3458,1218,2240,2010-01-05,2023-12-15,0,52,198,196,194,161,286,301,276,547,532,292,79,145,199,0,0
XELB,46,0,46,2014-11-11,2023-11-21,0,0,0,0,0,1,3,3,4,14,1,6,7,1,6,0,0
XENE,714,357,357,2014-09-10,2020-06-03,0,0,0,0,0,34,84,52,88,226,136,94,0,0,0,0,0
XENT,626,313,313,2014-07-14,2020-06-09,0,0,0,0,0,34,88,38,58,114,236,58,0,0,0,0,0
XERS,91,0,91,2018-06-26,2023-10-26,0,0,0,0,0,0,0,0,0,3,9,21,25,22,11,0,0
XES,1299,441,858,2009-11-23,2023-11-28,2,24,26,29,34,42,237,210,168,225,184,35,5,37,41,0,0
XFLT,24,0,24,2018-12-13,2023-09-12,0,0,0,0,0,0,0,0,0,1,4,5,11,0,3,0,0
XFOR,28,0,28,2018-03-17,2023-10-31,0,0,0,0,0,0,0,0,0,3,7,3,2,5,8,0,0
XGN,45,0,45,2019-09-18,2023-09-26,0,0,0,0,0,0,0,0,0,0,3,3,8,19,12,0,0
XGTI,608,304,304,2014-03-05,2019-02-25,0,0,0,0,0,82,92,128,166,128,12,0,0,0,0,0,0
XGTIW,4,2,2,2017-07-05,2018-06-26,0,0,0,0,0,0,0,0,2,2,0,0,0,0,0,0,0
XHB,1099,0,1099,2009-07-29,2023-12-16,2,30,4,85,117,171,124,98,141,88,21,17,33,66,102,0,0
XHE,450,44,406,2011-07-13,2023-11-29,0,0,8,15,14,44,60,76,79,56,49,14,2,14,19,0,0
XHR,210,0,210,2015-03-26,2023-12-05,0,0,0,0,0,0,9,12,44,23,21,11,14,48,28,0,0
XHS,108,54,54,2013-03-25,2019-09-23,0,0,0,0,4,0,10,26,30,32,6,0,0,0,0,0,0
XIN,107,0,107,2010-02-17,2023-09-15,0,2,0,1,6,7,6,13,7,15,8,22,15,2,3,0,0
XITK,88,0,88,2016-02-05,2023-06-13,0,0,0,0,0,0,0,30,14,16,8,9,8,1,2,0,0
XIV,1802,901,901,2011-06-16,2019-11-10,0,0,42,40,6,8,190,320,380,808,8,0,0,0,0,0,0
XL,1782,891,891,2009-08-13,2019-08-24,8,106,186,272,246,176,258,116,112,298,4,0,0,0,0,0,0
XLB,4257,1524,2733,2009-06-08,2023-12-11,13,152,460,304,219,133,374,596,375,513,659,142,69,128,120,0,0
XLC,281,0,281,2018-06-25,2023-12-11,0,0,0,0,0,0,0,0,0,24,28,30,37,60,102,0,0
XLE,8967,2634,6333,2009-06-09,2023-12-16,39,322,535,292,210,252,353,418,509,1449,1989,1061,410,613,515,0,0
XLF,8814,2114,6700,2009-06-09,2023-12-16,30,305,713,786,527,333,384,726,1159,1580,693,379,311,438,450,0,0
XLG,188,59,129,2010-02-08,2023-12-14,0,3,0,15,2,2,9,8,12,69,17,15,6,9,21,0,0
XLI,3102,917,2185,2009-09-03,2023-12-15,15,156,552,391,135,123,117,129,185,213,425,336,53,130,142,0,0
XLK,8343,2694,5649,2009-06-08,2023-12-16,35,227,423,284,207,173,184,264,596,1909,1890,838,315,461,537,0,0
XLP,6870,2406,4464,2009-06-08,2023-12-15,29,140,601,379,252,250,647,906,541,808,989,402,232,344,350,0,0
XLRE,280,0,280,2015-10-11,2023-12-14,0,0,0,0,0,0,4,19,25,67,31,25,18,57,34,0,0
XLRN,1462,731,731,2013-09-18,2020-06-02,0,0,0,0,38,96,164,136,176,342,312,198,0,0,0,0,0
XLS,494,247,247,2011-12-07,2016-05-17,0,0,8,136,96,102,150,2,0,0,0,0,0,0,0,0,0
XLSR,5,0,5,2019-08-06,2023-11-30,0,0,0,0,0,0,0,0,0,0,1,1,0,2,1,0,0
XLU,7646,2696,4950,2009-07-14,2023-12-14,24,102,207,306,242,304,790,1379,643,1128,1526,448,136,200,211,0,0
XLV,4420,2199,2221,2009-08-16,2023-12-16,22,90,346,150,82,26,278,652,684,644,1066,358,0,0,22,0,0
XLY,7446,2694,4752,2009-06-08,2023-12-15,16,242,487,412,209,235,844,1091,689,1035,889,305,208,378,406,0,0
XME,1748,500,1248,2009-10-26,2023-11-14,14,184,82,72,78,93,258,297,225,186,101,9,41,72,36,0,0
XMHQ,50,0,50,2020-02-26,2023-11-14,0,0,0,0,0,0,0,0,0,0,0,3,6,11,30,0,0
XMLV,580,42,538,2013-02-15,2023-10-30,0,0,0,0,38,44,66,108,78,73,57,48,10,36,22,0,0
XMMO,61,0,61,2019-08-13,2023-12-11,0,0,0,0,0,0,0,0,0,0,3,4,12,20,22,0,0
XMPT,491,57,434,2011-07-13,2023-04-24,0,0,4,13,45,49,100,75,26,42,123,1,8,1,4,0,0
XMVM,30,0,30,2019-08-02,2023-08-10,0,0,0,0,0,0,0,0,0,0,1,1,9,13,6,0,0
XNCR,648,245,403,2013-11-04,2023-12-07,0,0,0,0,11,16,54,55,56,165,170,45,19,27,30,0,0
XNET,1123,478,645,2014-05-23,2023-11-14,0,0,0,0,0,17,103,26,228,560,148,29,8,2,2,0,0
XNTK,84,0,84,2017-12-27,2023-12-15,0,0,0,0,0,0,0,0,1,26,3,4,8,21,21,0,0
XNY,142,71,71,2011-01-03,2019-10-04,0,0,18,16,4,16,28,22,20,14,4,0,0,0,0,0,0
XOM,7935,589,7346,2018-06-27,2023-12-16,0,0,0,0,0,0,0,0,0,202,811,1743,1242,1959,1978,0,0
XOMA,1557,676,881,2010-02-26,2023-09-28,0,56,98,103,162,149,306,71,209,253,107,22,4,9,8,0,0
XON,2236,1118,1118,2013-07-10,2020-02-11,0,0,0,0,60,92,492,700,172,356,346,18,0,0,0,0,0
XONE,1273,626,647,2013-02-06,2023-12-14,0,0,0,0,354,214,212,126,46,141,126,36,3,0,15,0,0
XOOM,666,333,333,2013-01-11,2017-07-13,0,0,0,0,168,152,332,8,6,0,0,0,0,0,0,0,0
XOP,5632,1794,3838,2009-10-12,2023-12-16,10,59,170,172,30,182,543,777,596,1140,741,191,59,120,842,0,0
XOVR,126,63,63,2012-06-18,2015-06-24,0,0,0,10,6,2,108,0,0,0,0,0,0,0,0,0,0
XOXO,416,208,208,2011-08-05,2019-03-05,0,0,6,32,24,64,62,70,52,100,6,0,0,0,0,0,0
XP,266,0,266,2019-12-11,2023-12-14,0,0,0,0,0,0,0,0,0,0,1,49,69,74,73,0,0
XPER,55,0,55,2022-10-05,2023-12-01,0,0,0,0,0,0,0,0,0,0,0,0,0,5,50,0,0
XPH,74,37,37,2009-12-10,2020-02-07,2,8,10,12,6,2,2,8,0,0,20,4,0,0,0,0,0
XPL,96,28,68,2010-06-17,2023-10-23,0,5,12,3,5,13,22,4,0,22,4,3,1,0,2,0,0
XPLR,424,212,212,2012-11-26,2018-11-14,0,0,0,2,6,26,80,76,130,104,0,0,0,0,0,0,0
XPO,3006,1144,1862,2010-05-13,2023-12-07,0,4,15,58,53,113,259,280,305,544,729,359,65,79,143,0,0
XPP,5693,2832,2861,2009-09-03,2023-10-02,4,28,10,10,2,4,1417,1630,434,1448,689,8,1,3,5,0,0
XRA,154,77,77,2009-09-16,2017-07-31,4,6,36,14,6,6,16,32,34,0,0,0,0,0,0,0,0
XRAY,695,0,695,2010-10-09,2023-12-13,0,1,4,16,17,32,59,49,69,86,54,44,59,85,120,0,0
XRLV,81,0,81,2015-04-09,2022-07-14,0,0,0,0,0,0,10,13,9,27,10,4,1,7,0,0,0
XRM,306,153,153,2010-03-30,2018-12-31,0,2,18,40,26,10,38,54,28,90,0,0,0,0,0,0,0
XRS,908,454,454,2010-12-21,2016-11-25,0,6,16,58,128,308,140,252,0,0,0,0,0,0,0,0,0
XRT,5977,2426,3551,2009-10-28,2023-12-16,24,218,193,253,421,475,301,449,579,1144,1284,464,25,53,94,0,0
XRX,2542,1271,1271,2009-09-08,2020-06-11,10,174,216,188,140,194,166,194,126,342,488,304,0,0,0,0,0
XSD,1441,433,1008,2009-07-16,2023-12-14,1,65,30,49,52,85,218,136,90,201,281,36,8,59,130,0,0
XSHD,77,0,77,2017-12-21,2023-11-01,0,0,0,0,0,0,0,0,4,52,14,1,0,3,3,0,0
XSHQ,88,0,88,2017-04-06,2023-10-27,0,0,0,0,0,0,0,0,27,37,8,3,6,0,7,0,0
XSLV,313,22,291,2013-02-15,2023-09-13,0,0,0,0,32,22,53,56,35,36,16,27,9,17,10,0,0
XSMO,7,0,7,2022-08-03,2023-12-12,0,0,0,0,0,0,0,0,0,0,0,0,0,3,4,0,0
XSOE,141,40,101,2015-09-24,2023-11-14,0,0,0,0,0,0,2,4,9,5,66,8,28,11,8,0,0
XSVM,36,0,36,2021-01-21,2023-11-16,0,0,0,0,0,0,0,0,0,0,0,0,7,9,20,0,0
XSW,260,74,186,2012-05-16,2023-12-01,0,0,0,1,11,4,4,7,9,55,96,25,5,22,21,0,0
XT,68,0,68,2015-03-30,2023-11-17,0,0,0,0,0,0,9,6,7,11,7,6,6,5,11,0,0
XTL,156,0,156,2011-04-01,2023-08-31,0,0,1,5,13,25,27,15,36,23,1,3,1,2,4,0,0
XTLB,317,155,162,2011-06-01,2021-06-18,0,0,2,0,14,4,48,49,62,78,35,22,3,0,0,0,0
XTN,726,363,363,2011-07-07,2020-04-30,0,0,10,22,20,36,142,130,142,142,72,10,0,0,0,0,0
XTNT,31,0,31,2015-12-01,2023-12-06,0,0,0,0,0,0,1,2,2,3,2,11,3,0,7,0,0
XUE,290,145,145,2010-11-03,2019-05-28,0,8,36,30,68,48,92,6,0,0,2,0,0,0,0,0,0
XVIX,100,50,50,2015-08-11,2016-09-04,0,0,0,0,0,0,20,80,0,0,0,0,0,0,0,0,0
XVZ,100,50,50,2018-12-17,2019-12-10,0,0,0,0,0,0,0,0,0,10,90,0,0,0,0,0,0
XWEB,137,0,137,2016-07-27,2023-10-02,0,0,0,0,0,0,0,27,48,49,4,3,3,0,3,0,0
XXII,1216,475,741,2013-06-14,2023-11-29,0,0,0,0,6,56,60,96,269,365,213,39,36,40,36,0,0
XXV,102,51,51,2018-02-06,2019-12-10,0,0,0,0,0,0,0,0,0,2,100,0,0,0,0,0,0
XYF,31,0,31,2018-09-14,2023-05-26,0,0,0,0,0,0,0,0,0,4,6,8,4,4,5,0,0
XYL,2523,872,1651,2011-10-24,2023-12-13,0,0,22,106,329,152,274,250,206,365,287,207,46,91,188,0,0
Y,1330,665,665,2009-04-27,2020-06-02,18,12,62,70,178,238,68,78,76,264,174,92,0,0,0,0,0
YANG,3446,1681,1765,2012-05-04,2023-12-15,0,0,0,10,9,3,14,533,435,1485,892,16,6,20,23,0,0
YAO,108,54,54,2012-02-14,2019-03-07,0,0,0,4,4,0,0,0,0,0,100,0,0,0,0,0,0
YCBD,30,0,30,2019-08-12,2023-10-06,0,0,0,0,0,0,0,0,0,0,6,11,10,2,1,0,0
YCL,14,0,14,2010-11-08,2021-08-30,0,1,0,6,4,0,0,1,0,1,0,0,1,0,0,0,0
YCS,3737,1840,1897,2009-11-05,2022-06-07,7,53,160,117,98,27,221,799,478,1156,613,2,2,4,0,0,0
YDKN,50,25,25,2014-01-27,2017-04-25,0,0,0,0,0,22,2,12,14,0,0,0,0,0,0,0,0
YDLE,134,67,67,2014-09-22,2016-02-15,0,0,0,0,0,48,82,4,0,0,0,0,0,0,0,0,0
YELP,5276,2090,3186,2011-11-17,2023-11-30,0,0,6,297,395,499,789,713,763,777,606,236,47,58,90,0,0
YETI,392,0,392,2016-07-01,2023-12-14,0,0,0,0,0,0,0,2,0,16,67,50,69,86,102,0,0
YGE,2976,1488,1488,2009-07-27,2019-12-09,16,244,408,350,322,462,716,268,120,58,12,0,0,0,0,0,0
YGRO,30,15,15,2014-08-14,2018-03-28,0,0,0,0,0,2,8,4,14,2,0,0,0,0,0,0,0
YGYI,25,0,25,2015-02-10,2022-01-18,0,0,0,0,0,0,7,0,0,3,7,4,1,3,0,0,0
YGYIP,7063,0,7063,2023-11-29,2023-12-16,0,0,0,0,0,0,0,0,0,0,0,0,0,0,7063,0,0
YHOO,7764,3882,3882,2014-07-01,2017-07-25,0,0,0,0,0,718,3344,3138,564,0,0,0,0,0,0,0,0
YI,46,0,46,2018-08-31,2023-11-23,0,0,0,0,0,0,0,0,0,7,10,3,18,7,1,0,0
YINN,6098,3049,3049,2012-03-14,2020-05-21,0,0,0,12,10,18,1546,1676,442,1490,894,10,0,0,0,0,0
YJ,30,0,30,2019-06-04,2023-01-12,0,0,0,0,0,0,0,0,0,0,2,17,8,2,1,0,0
YLD,18,0,18,2016-03-24,2023-08-30,0,0,0,0,0,0,0,4,7,1,0,3,0,2,1,0,0
YLDE,4,0,4,2019-08-07,2022-11-30,0,0,0,0,0,0,0,0,0,0,1,0,1,2,0,0,0
YMAB,80,0,80,2018-09-21,2023-11-13,0,0,0,0,0,0,0,0,0,1,2,12,11,27,27,0,0
YMLI,88,44,44,2012-04-24,2019-11-15,0,0,0,2,8,2,28,20,10,10,8,0,0,0,0,0,0
YNDX,3481,1413,2068,2011-05-24,2023-11-24,0,0,162,149,449,363,386,301,264,390,505,294,92,82,44,0,0
YOD,192,96,96,2012-11-15,2016-11-14,0,0,0,10,12,36,68,66,0,0,0,0,0,0,0,0,0
YOKU,1726,863,863,2010-12-08,2017-03-16,0,104,370,346,188,198,474,44,2,0,0,0,0,0,0,0,0
YOLO,54,0,54,2019-05-24,2023-09-29,0,0,0,0,0,0,0,0,0,0,6,6,15,19,8,0,0
YORW,241,0,241,2012-11-27,2023-12-14,0,0,0,2,8,7,21,30,26,9,15,14,20,40,49,0,0
YPRO,46,23,23,2014-03-07,2016-11-18,0,0,0,0,0,2,18,26,0,0,0,0,0,0,0,0,0
YRCW,1948,974,974,2009-08-10,2020-06-10,20,98,206,72,130,120,136,180,160,244,474,108,0,0,0,0,0
YRD,146,0,146,2015-11-16,2023-08-25,0,0,0,0,0,0,6,49,33,15,15,11,8,4,5,0,0
YTEN,35,0,35,2019-07-09,2023-11-27,0,0,0,0,0,0,0,0,0,0,1,10,3,13,8,0,0
YUM,3532,1766,1766,2011-12-05,2020-06-11,0,0,46,404,596,466,550,536,244,204,240,246,0,0,0,0,0
YUMA,616,308,308,2014-10-10,2020-04-16,0,0,0,0,0,18,46,26,30,72,374,50,0,0,0,0,0
YUMC,782,0,782,2016-11-01,2023-12-16,0,0,0,0,0,0,0,7,117,102,66,100,75,114,201,0,0
YUME,398,199,199,2013-07-02,2018-01-29,0,0,0,0,46,46,126,114,60,6,0,0,0,0,0,0,0
YXI,138,57,81,2010-03-22,2023-06-02,0,3,10,2,0,0,7,3,2,3,102,0,0,4,2,0,0
YY,2870,1113,1757,2012-10-15,2023-12-05,0,0,0,27,326,437,291,130,422,535,378,132,62,88,42,0,0
YYY,312,51,261,2009-06-29,2023-10-27,1,0,0,0,5,4,80,41,16,38,106,8,4,2,7,0,0
YZC,438,219,219,2009-11-04,2018-02-08,4,60,56,68,92,34,70,48,4,2,0,0,0,0,0,0,0
Z,1248,0,1248,2011-12-20,2023-12-16,0,0,1,18,43,78,69,39,75,103,112,115,302,195,98,0,0
ZA,58,29,29,2011-02-07,2015-08-31,0,0,16,6,2,26,8,0,0,0,0,0,0,0,0,0,0
ZAGG,1804,902,902,2010-05-11,2020-06-09,0,50,272,316,102,56,190,138,140,230,234,76,0,0,0,0,0
ZAYO,1626,813,813,2014-09-25,2020-05-14,0,0,0,0,0,80,190,236,220,344,498,58,0,0,0,0,0
ZAZA,166,83,83,2012-03-30,2015-09-22,0,0,0,64,18,46,38,0,0,0,0,0,0,0,0,0,0
ZBB,170,85,85,2010-11-16,2015-08-18,0,4,24,44,18,44,36,0,0,0,0,0,0,0,0,0,0
ZBH,812,0,812,2015-07-17,2023-12-12,0,0,0,0,0,0,47,92,109,57,62,55,73,94,223,0,0
ZBRA,2146,709,1437,2010-02-09,2023-12-15,0,12,56,37,40,134,107,151,194,418,452,187,64,137,157,0,0
ZCMD,10,0,10,2020-02-14,2021-12-21,0,0,0,0,0,0,0,0,0,0,0,3,7,0,0,0,0
ZDGE,19,0,19,2016-06-09,2022-10-03,0,0,0,0,0,0,0,2,2,0,0,4,8,3,0,0,0
ZEN,1310,655,655,2014-04-10,2020-06-10,0,0,0,0,0,68,136,142,116,244,458,146,0,0,0,0,0
ZEUS,1463,474,989,2010-01-13,2023-11-27,0,14,37,67,56,128,177,178,111,223,125,24,15,110,198,0,0
ZFC,80,40,40,2013-03-05,2017-02-13,0,0,0,0,10,6,0,60,4,0,0,0,0,0,0,0,0
ZFGN,1138,569,569,2014-06-16,2020-06-02,0,0,0,0,0,64,312,212,64,220,244,22,0,0,0,0,0
ZG,980,0,980,2015-08-18,2023-12-15,0,0,0,0,0,0,14,55,75,101,91,110,239,179,116,0,0
ZGNX,1634,817,817,2011-05-13,2020-06-01,0,0,38,116,112,166,230,74,214,226,336,122,0,0,0,0,0
ZI,335,0,335,2020-06-03,2023-12-16,0,0,0,0,0,0,0,0,0,0,0,50,51,108,126,0,0
ZIG,6,0,6,2019-06-12,2023-09-28,0,0,0,0,0,0,0,0,0,0,3,1,0,0,2,0,0
ZINC,460,230,230,2009-09-11,2016-03-24,2,24,64,30,66,46,200,28,0,0,0,0,0,0,0,0,0
ZION,4261,1574,2687,2009-08-07,2023-12-15,24,318,294,370,279,245,381,414,396,415,417,211,54,101,342,0,0
ZIONL,3069,0,3069,2023-12-10,2023-12-16,0,0,0,0,0,0,0,0,0,0,0,0,0,0,3069,0,0
ZIONP,3,0,3,2023-05-09,2023-12-12,0,0,0,0,0,0,0,0,0,0,0,0,0,0,3,0,0
ZIONW,12,6,6,2013-01-14,2020-02-17,0,0,0,0,2,0,0,0,2,6,0,2,0,0,0,0,0
ZIOP,1890,945,945,2009-09-25,2020-06-02,6,30,58,104,128,84,366,220,166,356,264,108,0,0,0,0,0
ZIV,54,27,27,2011-07-05,2020-05-08,0,0,2,0,0,0,0,0,0,32,16,4,0,0,0,0,0
ZIXI,750,375,375,2009-12-11,2020-05-13,2,16,28,28,46,52,120,70,38,106,176,68,0,0,0,0,0
ZKIN,19,0,19,2017-09-01,2022-01-14,0,0,0,0,0,0,0,0,3,2,0,0,12,2,0,0,0
ZLAB,147,0,147,2017-09-22,2023-12-14,0,0,0,0,0,0,0,0,1,10,10,23,34,25,44,0,0
ZLTQ,680,340,340,2011-07-13,2017-05-16,0,0,20,54,52,154,186,118,96,0,0,0,0,0,0,0,0
ZM,2681,0,2681,2019-04-17,2023-12-16,0,0,0,0,0,0,0,0,0,0,97,1042,736,483,323,0,0
ZMH,1374,687,687,2009-10-22,2016-06-07,10,142,354,334,178,182,172,2,0,0,0,0,0,0,0,0,0
ZMLP,86,43,43,2014-02-01,2019-07-16,0,0,0,0,0,2,32,26,10,8,8,0,0,0,0,0,0
ZN,917,308,609,2009-12-01,2023-09-28,2,18,61,19,48,231,15,11,82,252,64,104,3,2,5,0,0
ZNGA,4492,2246,2246,2011-11-04,2020-06-09,0,0,94,1118,604,374,532,316,326,386,474,268,0,0,0,0,0
ZNTL,64,0,64,2020-04-02,2023-11-07,0,0,0,0,0,0,0,0,0,0,0,8,13,10,33,0,0
ZOES,1108,554,554,2014-03-10,2019-11-09,0,0,0,0,0,156,436,182,124,204,6,0,0,0,0,0,0
ZOM,215,0,215,2018-03-27,2023-04-27,0,0,0,0,0,0,0,0,0,2,2,11,183,13,4,0,0
ZPIN,198,99,99,2014-06-09,2018-04-27,0,0,0,0,0,40,62,62,32,2,0,0,0,0,0,0,0
ZQK,878,439,439,2009-11-04,2017-01-20,4,66,136,148,186,164,172,0,2,0,0,0,0,0,0,0,0
ZROZ,86,0,86,2009-11-03,2023-12-14,1,3,0,17,5,8,4,18,6,3,3,4,1,6,7,0,0
ZS,1365,0,1365,2018-02-23,2023-12-16,0,0,0,0,0,0,0,0,0,43,94,117,147,426,538,0,0
ZSL,2590,1295,1295,2009-10-26,2019-12-14,18,148,208,68,36,4,134,202,252,890,630,0,0,0,0,0,0
ZSPH,288,144,144,2014-06-16,2017-03-21,0,0,0,0,0,68,190,26,4,0,0,0,0,0,0,0,0
ZTO,352,0,352,2016-09-30,2023-12-09,0,0,0,0,0,0,0,10,48,55,32,32,30,62,83,0,0
ZTR,161,28,133,2009-08-10,2023-09-08,2,2,4,1,8,12,24,20,21,11,7,33,11,3,2,0,0
ZTS,3913,1449,2464,2013-01-17,2023-12-12,0,0,0,0,334,277,498,436,431,519,624,361,94,137,202,0,0
ZU,656,328,328,2013-11-14,2020-01-09,0,0,0,0,50,214,382,4,2,2,0,2,0,0,0,0,0
ZUMZ,6123,2522,3601,2009-11-16,2023-12-16,4,187,369,672,421,750,652,477,698,699,821,247,26,65,35,0,0
ZUO,233,0,233,2018-03-29,2023-12-14,0,0,0,0,0,0,0,0,0,30,43,51,33,33,43,0,0
ZX,260,130,130,2011-05-12,2018-11-15,0,0,16,18,28,32,36,50,36,44,0,0,0,0,0,0,0
ZYME,130,0,130,2017-04-17,2023-12-13,0,0,0,0,0,0,0,0,2,1,5,16,14,46,46,0,0
ZYXI,105,0,105,2012-03-19,2023-11-15,0,0,0,4,1,2,0,0,0,0,9,25,21,16,27,0,0
