ticker,n_rows,first_date,last_date,n_years,med_dollar_vol_recent252,med_dollar_vol_full,max_gap_days,error
A,6066,1999-11-18,2023-12-28,24.11,209054400.27618408,105854141.9506073,7,
AA,15605,1962-01-02,2023-12-28,61.98,169288538.11979294,28404470.21484375,7,
AAAU,1352,2018-08-15,2023-12-28,5.37,23794665.935993195,6556477.561191312,4,
AACG,4008,2008-01-29,2023-12-28,15.91,10266.500133275986,36413.99917602539,5,
AADR,3384,2010-07-21,2023-12-28,13.44,50743.00003051758,102046.99916839601,5,
AAL,4595,2005-09-27,2023-12-28,18.25,364318738.8650894,197938057.86895752,5,
AAMC,2344,2012-12-13,2023-12-28,11.04,465117.99224853516,301637.48919487,627,
AAME,11040,1980-03-17,2023-12-28,43.78,6477.499955892563,10200.000286102295,7,
AAN,10272,1982-11-04,2023-12-28,41.15,3312443.0134773254,46255.184653401375,146,
AAOI,2582,2013-09-26,2023-12-28,10.25,8517287.752628326,5317826.531982422,4,
AAON,7815,1992-12-16,2023-12-28,31.03,23348765.768051147,1091443.985939026,7,
AAP,5558,2001-11-29,2023-12-28,22.08,127813480.79910278,78698652.40421295,5,
AAPL,10852,1980-12-12,2023-12-28,43.04,9531593410.772703,197630213.4402752,7,
AAT,3261,2011-01-13,2023-12-28,12.96,7053230.883026123,6916559.852600098,5,
AAU,4536,2005-12-20,2023-12-28,18.02,30687.499660998576,155390.00081717968,5,
AAWW,3686,2005-11-09,2020-07-02,14.64,12752931.184577942,10068248.979187012,5,
AAXJ,3869,2008-08-15,2023-12-28,15.37,36021115.50064087,41627560.71853638,5,
AAXN,4729,2001-06-08,2020-04-01,18.81,43745685.38360596,12080120.40901184,7,
AB,8998,1988-04-14,2023-12-28,35.7,9711454.947662354,5952464.930820465,7,
ABB,4840,2001-04-06,2020-07-02,19.24,39528681.8031311,35351794.03038025,7,
ABBV,2767,2013-01-02,2023-12-28,10.98,710980762.1826172,564162415.8508301,4,
ABC,6357,1995-04-04,2020-07-02,25.25,109671688.32359314,71933881.36520386,7,
ABCB,7456,1994-05-19,2023-12-28,29.61,14754748.830604553,460066.96796417236,7,
ABEO,10910,1980-09-19,2023-12-28,43.27,403241.5061235428,0.0,7,
ABEQ,992,2020-01-22,2023-12-28,3.93,222107.0481300354,168691.99857711792,4,
ABEV,6750,1997-03-05,2023-12-28,26.81,37926759.87637043,702002.5122761726,7,
ABG,5482,2002-03-21,2023-12-28,21.77,36289480.60913086,9354652.52981186,5,
ABIO,6641,1997-08-08,2023-12-28,26.39,41127.50061750412,269256.95068359375,7,
ABM,11040,1980-03-17,2023-12-28,43.78,15449439.907455444,1542723.7166404724,7,
ABMD,8237,1987-07-29,2020-07-02,32.93,124285976.10168457,1171500.0,92,
ABR,4966,2004-04-07,2023-12-28,19.72,44326120.25947571,1964829.0670394897,5,
ABT,11040,1980-03-17,2023-12-28,43.78,504406485.8192444,143068323.80895615,7,
ABTX,1192,2015-10-08,2020-07-02,4.73,2836240.9885406494,1378943.0128097534,4,
ABUS,4136,2007-07-26,2023-12-28,16.42,1439049.0058898926,628494.0140366554,5,
AC,4017,2007-12-27,2023-12-28,16.0,225802.49252319336,810000.0,9,
ACA,1295,2018-11-05,2023-12-28,5.14,13324232.637023926,11559240.296936035,4,
ACAD,4931,2004-05-27,2023-12-28,19.59,29372593.533420563,20488176.384735107,5,
ACAM,194,2019-05-09,2020-07-02,1.15,115082.49950408936,115082.49950408936,29,
ACB,5997,2000-01-03,2023-12-28,23.98,3033457.9487353563,12000.000476837156,8,
ACBI,1166,2015-11-02,2020-06-19,4.63,1320942.992591858,1201837.4564170837,4,
ACC,3990,2004-08-16,2020-06-19,15.84,34031214.33677673,21751646.173286438,5,
ACCO,4623,2005-08-17,2023-12-28,18.36,2723101.546025276,4294841.175746918,5,
ACEL,1597,2017-08-24,2023-12-28,6.34,2222671.980857849,1892891.0432815552,4,
ACER,5332,2002-09-17,2023-11-20,21.17,151449.20119810104,83574.0650498271,5,
ACES,1384,2018-06-29,2023-12-28,5.5,2413242.054748535,2371060.962486267,4,
ACGL,7122,1995-09-14,2023-12-28,28.29,129310759.77859497,19802976.280403137,7,
ACGLO,1600,2017-08-21,2023-12-28,6.35,397920.9921836853,515822.0099449158,4,
ACGLP,950,2016-09-23,2020-07-02,3.77,1087855.9851646423,1180137.013244629,4,
ACH,4672,2001-12-11,2020-07-02,18.56,291336.9938850403,1890655.039548874,5,
ACHC,7508,1994-03-04,2023-12-28,29.82,35187140.576934814,128248.00071716309,7,
ACHV,7102,1995-10-12,2023-12-28,28.21,322774.99854564667,119875.99955797195,7,
ACI,1556,2015-01-05,2023-12-28,8.98,57952191.66307449,42005185.75592041,46,
ACIA,1033,2016-05-13,2020-06-19,4.1,30845527.626800537,30968096.97418213,4,
ACIU,1828,2016-09-23,2023-12-28,7.26,160107.00298547745,583472.4891662598,4,
ACIW,7262,1995-02-24,2023-12-28,28.84,13917461.923027039,7914355.982494354,7,
ACLS,5905,2000-07-11,2023-12-28,23.46,74160569.84100342,4695888.066101074,7,
ACM,4189,2007-05-10,2023-12-28,16.64,59852940.298461914,29277471.587371826,5,
ACMR,1548,2017-11-02,2023-12-28,6.15,9186557.147407532,8951247.754144669,4,
ACN,5647,2001-07-19,2023-12-28,22.44,602666765.7653809,195331245.83129883,7,
ACNB,7488,1994-04-04,2023-12-28,29.73,345842.49420166016,33602.72092819214,7,
ACOR,4501,2006-02-10,2023-12-28,17.88,91775.9979248047,9104500.0,5,
ACP,3252,2011-01-27,2023-12-28,12.92,1706253.9969444275,968793.6605739594,5,
ACRE,2937,2012-04-27,2023-12-28,11.67,5754565.837049484,2291169.903278351,5,
ACRS,2072,2015-10-06,2023-12-28,8.23,5262307.614612579,3868173.546266556,4,
ACRX,3241,2011-02-11,2023-12-28,12.88,123126.49824023247,1093059.9663734436,5,
ACSG,269,2018-12-06,2020-07-02,1.57,7793.999862670898,7769.999885559084,39,
ACSI,1797,2016-11-07,2023-12-28,7.14,4646.549987792969,25475.99945068359,4,
ACST,2993,2012-02-07,2023-12-28,11.89,33325.5,82000.0,5,
ACT,1217,2017-12-13,2023-12-28,6.04,4460686.988258362,429598.0012893677,441,
ACTG,5295,2002-12-16,2023-12-28,21.03,780441.9970154762,1485675.0,5,
ACTT,249,2019-05-14,2020-07-02,1.14,327563.9888763428,327563.9888763428,14,
ACTTU,249,2019-04-26,2020-06-24,1.16,10130.000114440918,10130.000114440918,24,
ACU,11040,1980-03-17,2023-12-28,43.78,176248.00367355347,19977.499771118164,7,
ACV,2167,2015-05-21,2023-12-28,8.61,654986.9809150696,866650.9969711303,4,
ACWF,1067,2015-05-04,2020-06-19,5.13,257815.49911499023,163074.60536956784,17,
ACWI,3967,2008-03-28,2023-12-28,15.75,289985992.42248535,84455943.77746582,5,
ACWV,3067,2011-10-20,2023-12-28,12.19,15479061.394119265,11836000.0,5,
ACWX,3965,2008-04-01,2023-12-28,15.74,66885748.22483063,21483125.352859497,5,
ACY,5651,1998-01-20,2020-07-02,22.45,30265.00039100647,17775.0,7,
ADAP,2178,2015-05-06,2023-12-28,8.65,477269.5061266422,1472285.5392456055,4,
ADBE,9420,1986-08-13,2023-12-28,37.37,1239755277.871704,137671574.62711334,7,
ADC,7479,1994-04-15,2023-12-28,29.7,46622938.49372864,1024163.990020752,7,
ADCT,911,2020-05-18,2023-12-28,3.61,724104.5023798943,2560864.0289306645,4,
ADI,11040,1980-03-17,2023-12-28,43.78,576084966.7434694,77974563.96636963,7,
ADIL,1365,2018-07-27,2023-12-28,5.42,52389.00067806244,170814.00332450867,4,
ADM,11040,1980-03-17,2023-12-28,43.78,209673334.48562622,28462041.539645195,7,
ADMA,2567,2013-10-17,2023-12-28,10.2,6568841.853404045,1129680.04488945,4,
ADME,1900,2016-06-13,2023-12-28,7.54,661262.8198623657,446078.9594335556,4,
ADMP,6266,1995-08-14,2020-07-02,24.88,550152.0032852888,71293.75,7,
ADMS,1569,2014-04-10,2020-07-02,6.23,1604866.5033340454,2563600.0,4,
ADNT,1812,2016-10-17,2023-12-28,7.2,28558155.35697937,34192352.03399658,4,
ADP,11041,1980-03-17,2023-12-28,43.78,357879671.723938,,5,
ADPT,1135,2019-06-27,2023-12-28,4.5,6727635.127544403,16538984.733581543,4,
ADRE,1384,2015-01-02,2020-07-02,5.5,201320.0002670288,236368.00537109375,5,
ADRO,1315,2015-04-15,2020-07-02,5.22,988897.0258593559,3205116.032409668,4,
ADS,4792,2001-06-15,2020-07-02,19.05,86479747.18112946,70798973.33564758,7,
ADSK,9703,1985-06-28,2023-12-28,38.5,259217148.0583191,58696270.93811035,7,
ADSW,941,2016-10-06,2020-07-02,3.74,32413640.350723267,10603644.23904419,4,
ADT,1496,2018-01-19,2023-12-28,5.94,15422142.896223068,16180988.151073456,4,
ADTN,7399,1994-08-10,2023-12-28,29.38,7050064.549684525,11053705.812454224,7,
ADTX,881,2020-06-30,2023-12-28,3.49,117513.99916172029,511100.0,4,
ADUS,3566,2009-10-28,2023-12-28,14.17,7961157.936859131,2234506.0349464417,5,
ADVM,2370,2014-07-31,2023-12-28,9.41,241426.99739933014,2354962.499022484,4,
ADX,11040,1980-03-17,2023-12-28,43.78,2512377.9315948486,863440.0074005127,7,
ADXN,979,2020-01-29,2023-12-28,3.91,46866.99901342392,26425.700149536133,12,
ADXS,4536,2005-07-28,2023-12-28,18.42,7807.004902034998,112500.0,150,
AE,12329,1975-02-07,2023-12-28,48.89,280431.0018539429,42525.0,7,
AEB,3676,2005-11-23,2020-07-02,14.61,410259.99279022217,434976.00860595703,5,
AEE,6540,1998-01-02,2023-12-28,25.98,115785189.3409729,50384967.95158386,7,
AEF,8631,1989-09-26,2023-12-28,34.25,226851.99828147888,381509.9953651428,7,
AEFC,1052,2019-10-24,2023-12-28,4.18,828043.9782142639,1261067.965602875,4,
AEG,9703,1985-06-28,2023-12-28,38.5,6617681.909894943,4698120.131778717,7,
AEGN,9719,1981-12-03,2020-06-19,38.54,1932559.9475860596,1841923.9616394043,7,
AEHR,6636,1997-08-15,2023-12-28,26.37,32651400.841903687,45918.75,7,
AEIS,7076,1995-11-17,2023-12-28,28.11,18274358.24584961,7787892.054748535,7,
AEL,5051,2003-12-04,2023-12-28,20.07,25675197.850990295,8772495.944595339,5,
AEM,12827,1973-02-21,2023-12-28,50.85,122005783.03432465,,7,
AEMD,6247,1999-03-04,2023-12-28,24.82,44501.999855041504,30000.0,7,
AEO,7480,1994-04-14,2023-12-28,29.71,58528166.26081467,55472580.96923828,7,
AEP,13618,1970-01-02,2023-12-28,53.98,245739901.97181702,14976434.375,7,
AER,4304,2006-11-21,2023-12-28,17.1,63583973.95763397,32344809.49573517,5,
AERI,1683,2013-10-25,2020-07-02,6.69,16637176.904773712,13326900.0,4,
AES,8189,1991-06-26,2023-12-28,32.51,106529222.62144089,53177023.42748642,7,
AESE,532,2017-10-25,2020-07-02,2.69,128943.99991035461,86527.50019431114,18,
AEY,6943,1996-05-30,2023-12-28,27.58,21765.49954891205,22288.000106811523,7,
AEYE,2688,2013-04-26,2023-12-28,10.67,120855.00111579895,58919.99931335449,4,
AEZS,5947,2000-05-10,2023-12-28,23.63,24582.000148296356,221087.9994392395,7,
AFB,5518,2002-01-29,2023-12-28,21.91,683514.9779319763,721921.9909667969,5,
AFC,3328,2007-04-17,2020-07-02,13.21,357214.00814056396,305520.0004577637,5,
AFG,11040,1980-03-17,2023-12-28,43.78,38220792.63763428,5653160.557079315,7,
AFGC,993,2020-01-21,2023-12-28,3.93,129787.00304031372,188473.50368499756,4,
AFGD,899,2020-06-04,2023-12-28,3.56,141486.00025177002,200619.99893188477,4,
AFGH,1161,2015-11-20,2020-07-02,4.62,303249.50132369995,337787.2024536133,4,
AFH,1861,2013-02-12,2020-07-02,7.38,50741.50015413761,446278.01723480225,4,
AFI,1073,2016-03-17,2020-06-19,4.26,794192.5176382065,1723274.9605178833,4,
AFIF,1319,2018-10-02,2023-12-28,5.24,166264.4992828369,175599.00751113892,4,
AFIN,493,2018-07-19,2020-07-02,1.95,5938012.957954407,5371626.092720032,4,
AFK,3893,2008-07-14,2023-12-28,15.46,118800.00042915344,246045.0107574463,5,
AFL,11040,1980-03-17,2023-12-28,43.78,155228775.37231445,44560120.585250854,7,
AFMC,1024,2019-12-04,2023-12-28,4.07,4889.500045776368,2452.000045776367,4,
AFMD,2340,2014-09-12,2023-12-28,9.29,442829.109326005,1434332.7310621738,4,
AFSM,1024,2019-12-04,2023-12-28,4.07,2559.39998626709,2569.0500259399414,4,
AFT,3232,2011-02-25,2023-12-28,12.84,755981.0009002686,966027.0153522491,5,
AFTY,2216,2015-03-12,2023-12-28,8.8,5234.850025177002,56255.00020980835,4,
AFYA,1120,2019-07-19,2023-12-28,4.44,2718481.4967155457,3453850.5229473114,4,
AG,4300,2006-11-28,2023-12-28,17.08,31426812.620329857,15779205.174326897,5,
AGBA,1112,2019-07-31,2023-12-28,4.41,97744.99944448471,12948.000526428223,4,
AGBAR,1,2020-07-01,2020-07-01,0.0,20.81000059843063,20.81000059843063,0,
AGCO,7984,1992-04-16,2023-12-28,31.7,73049820.39031982,31241459.40170288,7,
AGD,4386,2006-07-27,2023-12-28,17.42,522378.9979934693,567699.9979972839,5,
AGE,5446,2000-01-03,2023-12-28,23.98,10567.499688267708,,619,
AGEN,6011,2000-02-08,2023-12-28,23.89,6705260.008448362,2260079.8950195312,7,
AGFS,1413,2014-11-20,2020-07-02,5.62,171305.5003285408,567864.0054702759,4,
AGFSW,1,2020-07-02,2020-07-02,0.0,3091.3049583230113,3091.3049583230113,0,
AGG,5098,2003-09-29,2023-12-28,20.25,734528205.7964325,139179045.44563293,5,
AGGP,1044,2016-05-10,2020-07-02,4.15,144617.0000076294,454021.74282073975,4,
AGGY,2134,2015-07-09,2023-12-28,8.47,4792561.30065918,3810207.460975647,4,
AGI,5201,2003-05-02,2023-12-28,20.66,31205356.986665726,1295597.9590415955,5,
AGIO,2627,2013-07-24,2023-12-28,10.43,10555217.12694168,23250429.18395996,4,
AGLE,1946,2016-04-07,2023-12-28,7.72,188208.7122888565,584964.113714695,4,
AGM-A,7565,1993-12-13,2023-12-28,30.04,0.0,1700.0,7,
AGM,7523,1994-02-10,2023-12-28,29.88,7100065.06652832,1212504.9730300903,7,
AGMH,1435,2018-04-18,2023-12-28,5.69,3644.0500676631927,60419.99855041503,4,
AGN,7755,1989-06-22,2020-04-01,30.78,456623083.2206726,31108800.0,7,
AGNC,3933,2008-05-15,2023-12-28,15.62,110239767.43245125,84856416.8434143,5,
AGNCM,1214,2019-03-06,2023-12-28,4.81,410315.993976593,544836.0008239746,4,
AGNCN,1605,2017-08-07,2023-12-28,6.39,767047.9885101318,708288.9915466309,8,
AGNCO,1071,2019-09-27,2023-12-28,4.25,615737.9915237427,896323.2307434082,4,
AGNCP,982,2020-02-05,2023-12-28,3.89,853634.0232849121,1157831.959247589,4,
AGO,4955,2004-04-23,2023-12-28,19.68,13134183.919715881,22764768.844604492,5,
AGQ,3792,2008-12-04,2023-12-28,15.06,21129804.048728943,18226107.494926453,5,
AGR,2021,2015-12-17,2023-12-28,8.03,23789669.492340088,22161727.702713013,4,
AGRO,3251,2011-01-28,2023-12-28,12.91,4585265.8272743225,2903295.9842681885,5,
AGRX,2417,2014-05-23,2023-12-28,9.6,108973.49967956543,468720.0,4,
AGS,1491,2018-01-26,2023-12-28,5.92,1809577.4745225906,2384200.0,4,
AGT,793,2017-04-27,2020-07-02,3.18,54064.499855041504,63368.99814605712,5,
AGTC,1579,2014-03-27,2020-07-02,6.27,579881.9841742516,838680.0022125244,4,
AGX,7140,1995-08-18,2023-12-28,28.36,2505995.534133911,141652.0001411438,7,
AGYS,11041,1980-03-17,2023-12-28,43.78,9928881.510543823,,7,
AGZ,3808,2008-11-11,2023-12-28,15.13,2527002.0362854004,2019805.4912567136,5,
AGZD,2524,2013-12-18,2023-12-28,10.03,1199917.4997329712,315810.0025177002,4,
AHC,1385,2015-01-02,2020-07-02,5.5,73430.9984445572,117845.00494003296,4,
AHCO,1405,2018-05-31,2023-12-28,5.58,11905198.536539078,9563684.765815735,4,
AHH,2680,2013-05-08,2023-12-28,10.64,3010031.9450855255,2829628.0235290527,4,
AHPI,7172,1992-01-14,2020-07-02,28.47,18487.999939918518,16800.0,7,
AHT,5121,2003-08-26,2023-12-28,20.34,1792772.4912762642,3648131.3574314117,5,
AI,6436,1997-12-23,2023-12-28,26.01,324376364.6305084,3618125.062942505,160,
AIA,4054,2007-11-20,2023-12-28,16.1,2061101.000213623,1608259.9815368652,5,
AIC,2209,2015-03-23,2023-12-28,8.77,55663.44985961914,47277.00061798096,4,
AIEQ,1559,2017-10-18,2023-12-28,6.19,403390.6034469604,665549.9982833861,4,
AIF,2730,2013-02-26,2023-12-28,10.83,834756.0121536255,786336.0008239746,4,
AIG,12861,1973-01-02,2023-12-28,50.98,202367206.85577393,,7,
AIH,1051,2019-10-25,2023-12-28,4.18,2804.000097513199,88739.9980545044,4,
AIHS,1456,2018-03-19,2023-12-28,5.78,10639.300206303596,108771.39849960804,4,
AIIQ,495,2018-06-06,2020-06-19,2.04,23871.60062789917,22261.500549316403,4,
AIKI,1337,2015-01-02,2020-07-02,5.5,103038.18504214287,97570.30220031738,56,
AIM,11969,1975-06-06,2023-12-28,48.56,55128.4997805953,42262.5,13,
AIMC,3400,2006-12-15,2020-06-19,13.51,11188465.582084656,3259048.0491638184,5,
AIMT,1236,2015-08-06,2020-07-02,4.91,20386826.82571411,9079022.589302063,4,
AIN,9134,1987-09-30,2023-12-28,36.24,11412905.101013184,2878041.904735565,7,
AINC,3116,2011-06-07,2023-12-28,12.56,17470.000076293945,66125.0,24,
AINV,4080,2004-04-06,2020-06-19,16.2,6718704.888916016,10324062.099456787,5,
AIO,5056,2000-01-03,2023-12-28,23.98,1690406.014156342,0.0,953,
AIQ,1415,2018-05-16,2023-12-28,5.62,7035292.024040222,486207.9853057861,4,
AIR,11040,1980-03-17,2023-12-28,43.78,10227237.017059326,1922000.551700592,7,
AIRG,1857,2016-08-12,2023-12-28,7.38,85528.49880456924,564569.9830055237,4,
AIRI,4958,2000-10-04,2020-06-19,19.71,50360.00197529793,0.0,7,
AIRR,2469,2014-03-11,2023-12-28,9.8,2822535.460281372,541879.8042297363,4,
AIRT,10002,1984-04-24,2023-12-28,39.68,57542.49954223633,10323.666381835938,7,
AIRTP,231,2019-06-11,2020-06-22,1.03,29879.999542236335,29879.999542236335,13,
AIT,11040,1980-03-17,2023-12-28,43.78,27551574.575042725,1148599.9760627747,7,
AIV,7412,1994-07-22,2023-12-28,29.43,7379273.930549622,24007099.738883972,7,
AIW,1798,2013-05-06,2020-07-02,7.16,44397.000312805176,23669.500255584717,4,
AIZ,5009,2004-02-05,2023-12-28,19.89,47990746.687316895,40793369.44580078,5,
AIZP,568,2018-03-08,2020-06-19,2.28,546545.9953308105,535076.993560791,5,
AJG,9962,1984-06-20,2023-12-28,39.52,167102765.80963135,9934693.676376343,7,
AJRD,9940,1981-02-02,2020-07-02,39.41,24714471.23775482,2187521.966266632,7,
AJX,2234,2015-02-13,2023-12-28,8.87,706060.5062007904,652142.0086860657,4,
AJXA,5545,2000-01-03,2023-12-28,23.98,122824.9979019165,0.0,66,
AKAM,6080,1999-10-29,2023-12-28,24.16,123822564.90631104,100378063.37738037,7,
AKBA,2462,2014-03-20,2023-12-28,9.77,1363814.9688720703,3732708.8343143463,4,
AKCA,754,2017-07-05,2020-07-02,2.99,3640731.4514160156,4859065.960025787,4,
AKER,1623,2014-01-23,2020-07-02,6.44,735791.4359092712,122880.0048828125,4,
AKG,3084,2008-01-02,2020-04-01,12.25,280083.99599790573,396121.98717594147,5,
AKO-A,7423,1994-07-07,2023-12-28,29.48,12385.000228881836,47771.001052856445,7,
AKO-B,6728,1997-04-07,2023-12-28,26.72,195642.49877929688,223374.49865341187,7,
AKR,7704,1993-05-27,2023-12-28,30.59,9309381.782341003,,7,
AKRO,1140,2019-06-20,2023-12-28,4.52,24548907.83519745,5139010.435962677,4,
AKRX,4447,2002-08-02,2020-04-01,17.66,4968977.96087265,3805038.013243675,5,
AKTS,2158,2015-06-04,2023-12-28,8.57,1258977.4995088577,1214582.9695343971,4,
AKTX,2513,2014-01-06,2023-12-28,9.97,42553.049948215485,90100.0,4,
AKUS,5,2020-06-26,2020-07-02,0.02,21783906.817245483,21783906.817245483,3,
AL,3195,2011-04-19,2023-12-28,12.69,23721139.13040161,22750384.78088379,5,
ALAC,258,2018-11-21,2020-07-02,1.61,33161.500072479255,34843.001317977905,26,
ALACR,826,2012-03-08,2020-07-02,8.32,0.0,0.0,1444,
ALACU,143,2018-10-24,2020-06-26,1.67,20159.999847412113,20159.999847412113,48,
ALB,7517,1994-02-22,2023-12-28,29.85,374536667.6071167,,5,
ALBO,3310,2007-05-11,2020-07-02,13.14,1566754.5510292053,527893.496131897,5,
ALC,5208,2000-11-17,2023-12-28,23.11,55923288.98086548,541213.459769249,285,
ALCO,12776,1973-05-03,2023-12-28,50.65,707988.0083084106,95272.50137329102,7,
ALDX,2432,2014-05-02,2023-12-28,9.66,3999226.4335632324,1120896.9695091248,4,
ALE,12776,1973-05-03,2023-12-28,50.65,16188391.621780396,2118468.75,7,
ALEC,1232,2019-02-07,2023-12-28,4.89,3362258.9812278748,6789859.788322449,4,
ALEX,2904,2012-06-14,2023-12-28,11.54,4033483.505535126,5682405.011367798,5,
ALFA,1365,2015-01-02,2020-07-02,5.5,81242.49858856201,154264.00604248047,5,
ALG,7751,1993-03-19,2023-12-28,30.78,8428393.19152832,474300.0,7,
ALGN,5765,2001-01-30,2023-12-28,22.91,221871865.40222168,24022535.75820923,7,
ALGR,412,2018-08-13,2020-04-01,1.63,4026.0000228881836,11659.499979019165,4,
ALGT,4292,2006-12-08,2023-12-28,17.05,18342745.305633545,16235174.536132812,5,
ALIM,3446,2010-04-22,2023-12-28,13.68,54152.000522613525,218074.0007519722,5,
ALJJ,6104,1996-04-03,2020-07-02,24.25,20271.99986129999,23750.0,7,
ALK,11040,1980-03-17,2023-12-28,43.78,71539121.44432068,8354587.358665466,7,
ALKS,8176,1991-07-16,2023-12-28,32.45,37739622.15299606,15427689.87941742,7,
ALL,7699,1993-06-03,2023-12-28,30.57,187117430.45043945,124626600.0,7,
ALLE,2545,2013-11-18,2023-12-28,10.11,76331055.4069519,58553221.591186516,4,
ALLK,1371,2018-07-19,2023-12-28,5.44,3509501.942896843,11533647.607421875,4,
ALLO,1312,2018-10-11,2023-12-28,5.21,8453183.94935131,14474958.011054993,4,
ALLT,4307,2006-11-16,2023-12-28,17.11,149051.9998550415,705557.978439331,5,
ALLY,1556,2014-01-28,2020-04-01,6.17,102949933.79173279,78738525.31013489,4,
ALNA,670,2017-11-02,2020-07-02,2.66,428390.98544716835,439707.5006008148,4,
ALNY,4929,2004-06-01,2023-12-28,19.57,111031405.88760376,32319210.69908142,5,
ALO,3065,2007-12-28,2020-06-30,12.51,117224.99631047249,162000.0,29,
ALOT,10651,1981-10-01,2023-12-28,42.24,86519.99917030334,,5,
ALPN,2149,2015-06-17,2023-12-28,8.53,1622116.0176753998,353891.9912338257,4,
ALRM,2142,2015-06-26,2023-12-28,8.51,10999218.898963928,14180446.891784668,4,
ALRN,1636,2017-06-29,2023-12-28,6.5,31337.49943971634,177349.3539816141,4,
ALRS,5231,2003-03-20,2023-12-28,20.77,564884.4879150391,5290.000152587891,5,
ALSK,5188,1999-11-18,2020-07-02,20.62,177429.9983382225,548068.0028438568,7,
ALSN,2967,2012-03-15,2023-12-28,11.79,32087888.373947144,35059215.67802429,5,
ALT,6002,2000-01-04,2023-12-28,23.98,6493333.133983612,131841.59988212585,10,
ALTA,3,2020-01-02,2020-07-02,0.5,594000.0,594000.0,181,
ALTG,1179,2019-04-25,2023-12-28,4.68,2640130.549955368,886031.9932937623,4,
ALTM,412,2018-11-12,2020-07-02,1.64,907659.9725723267,1335609.998703003,4,
ALTR,1549,2017-11-01,2023-12-28,6.15,17181738.175201416,11522316.348266602,4,
ALTS,1305,2015-01-02,2020-07-02,5.5,18492.249488830566,56257.501602172844,8,
ALTY,2131,2015-07-14,2023-12-28,8.46,116158.49690437317,99371.99821472168,4,
ALUS,109,2020-01-10,2020-07-02,0.48,335625.49476623535,335625.49476623535,5,
ALV,6713,1997-04-28,2023-12-28,26.67,72635592.96569824,31569415.51437378,7,
ALX,12826,1973-02-21,2023-12-28,50.85,2088538.0615234377,251187.5,7,
ALXN,6129,1996-02-28,2020-07-02,24.34,203868998.02856445,31757027.254486084,7,
ALYA,5917,1996-09-27,2020-04-01,23.51,25989.000284671783,85084.99789237975,7,
AM,2302,2014-11-05,2023-12-28,9.14,23797076.94683075,20022031.603956223,4,
AMAG,8586,1986-06-11,2020-07-02,34.06,5752331.612443924,216897.75104522705,7,
AMAL,1356,2018-08-09,2023-12-28,5.39,2265470.977306366,1056929.9953460693,4,
AMAT,11041,1980-03-17,2023-12-28,43.78,717700809.4314575,,7,
AMBA,2822,2012-10-10,2023-12-28,11.21,29339511.626815796,35471315.72570801,5,
AMBC,2685,2013-05-01,2023-12-28,10.66,5059808.545303345,5489929.883003235,4,
AMBO,1404,2018-06-01,2023-12-28,5.57,5169.300026446581,24730.000019073486,4,
AMC,2524,2013-12-18,2023-12-28,10.03,134462333.47022533,27625530.42449951,4,
AMCA,606,2017-08-11,2020-07-01,2.89,20302.099895477295,25482.99961090088,13,
AMCI,1155,2014-11-04,2020-07-02,5.66,41063.49949836731,3639.9998664855957,76,
AMCIU,361,2018-11-16,2020-06-30,1.62,0.0,0.0,18,
AMCR,2038,2012-05-15,2020-06-19,8.1,56717259.71045494,0.0,5,
AMCX,2277,2011-06-16,2020-07-02,9.05,22317954.093170166,33088914.32647705,5,
AMD,11040,1980-03-17,2023-12-28,43.78,5688640672.697449,56766346.875,7,
AME,9943,1984-07-19,2023-12-28,39.44,137368070.1019287,,5,
AMED,7394,1994-08-17,2023-12-28,29.36,31246256.657409668,8384491.637420654,7,
AMEH,3727,2009-03-11,2023-12-28,14.8,5367584.0764045715,4080.0000607967377,5,
AMG,6567,1997-11-21,2023-12-28,26.1,32112823.487854004,37061946.685791016,7,
AMGN,10217,1983-06-17,2023-12-28,40.53,565922356.2515258,341292875.0,7,
AMH,2621,2013-08-01,2023-12-28,10.41,70465823.36177826,43057194.24743652,4,
AMHC,49,2020-01-10,2020-06-29,0.47,192034.9924087524,192034.9924087524,25,
AMHCU,65,2019-11-20,2020-06-23,0.59,50847.001361846924,50847.001361846924,17,
AMHCW,1,2020-06-29,2020-06-29,0.0,2.0,2.0,0,
AMJ,3670,2009-06-02,2023-12-28,14.57,6593388.944816589,29054524.333953857,5,
AMK,4244,2000-01-03,2020-06-19,20.46,3173923.948574066,0.0,850,
AMKR,6458,1998-05-01,2023-12-28,25.66,22764328.973960876,12367856.464862823,7,
AMLP,3359,2010-08-25,2023-12-28,13.34,52324332.170295715,72198455.0,5,
AMN,5569,2001-11-13,2023-12-28,22.12,52260339.79682922,6453950.0,5,
AMNA,902,2015-01-07,2023-12-28,8.97,0.0,3189.7000312805176,794,
AMNB,6220,1999-04-13,2023-12-28,24.71,640490.5015945435,194465.0040626526,7,
AMOM,1161,2019-05-21,2023-12-28,4.61,40830.900859832764,45737.60070800781,4,
AMOT,9947,1980-10-20,2020-04-01,39.45,1451221.9375610352,21284.999179840088,7,
AMOV,4879,2001-02-08,2020-07-02,19.39,47115.000772476196,94457.99903869629,7,
AMP,3661,2005-09-15,2020-04-01,14.54,125121466.45736694,103660597.44262697,5,
AMPE,3461,2010-03-31,2023-12-28,13.74,34805.0,623970.0,5,
AMPH,2395,2014-06-25,2023-12-28,9.51,15323623.896408081,3934391.9025421143,4,
AMPY,2942,2012-04-20,2023-12-28,11.69,3073962.5433444977,1808458.5305452347,5,
AMRB,5407,1999-01-04,2020-07-02,21.49,31207.499313354492,25065.000915527344,7,
AMRC,3383,2010-07-22,2023-12-28,13.43,14389611.823272705,1362811.0437870026,5,
AMRH,726,2015-05-08,2020-07-02,5.15,528844.4816112518,193213.10583353043,139,
AMRHW,1,2020-07-02,2020-07-02,0.0,12677.391210906208,12677.391210906208,0,
AMRK,2465,2014-03-17,2023-12-28,9.78,6747119.982147217,343069.98710632324,4,
AMRN,7742,1993-04-01,2023-12-28,30.74,2216203.003257513,613999.9961853027,7,
AMRS,1385,2015-01-02,2020-07-02,5.5,3905534.9663615227,1675642.954826355,4,
AMS,9953,1984-07-03,2023-12-28,39.49,23888.499748706818,13200.0,7,
AMSC,8071,1991-12-12,2023-12-28,32.04,1677021.9973802567,1359359.9853515625,7,
AMSF,4557,2005-11-18,2023-12-28,18.11,3794539.972114563,2973599.967956543,5,
AMSWA,10294,1983-02-28,2023-12-28,40.83,1921321.9456672668,490033.98876190186,7,
AMT,6502,1998-02-27,2023-12-28,25.83,388192439.60723877,144203749.03640747,7,
AMTB,1307,2018-10-18,2023-12-28,5.19,1199277.5177001953,1059534.0259552002,4,
AMTBB,393,2018-10-18,2020-07-02,1.71,17422.500228881836,15686.00025177002,6,
AMTD,6751,1997-03-04,2023-12-28,26.82,183172.70629405975,58378319.048309326,7,
AMTI,898,2020-06-05,2023-12-28,3.56,44078.499868512146,1657145.5390930176,4,
AMTX,4407,2006-06-27,2023-12-28,17.5,2300372.5249290466,28543.999361991882,5,
AMU,1994,2012-07-31,2020-07-02,7.92,836064.0316009521,1269788.000011444,5,
AMUB,2028,2015-12-08,2023-12-28,8.05,3009.7999572753906,1367.3500061035156,4,
AMWD,9439,1986-07-18,2023-12-28,37.45,6628372.590637207,,5,
AMX,5756,2001-02-12,2023-12-28,22.87,29665301.12848282,64789927.54268646,7,
AMZA,2326,2014-10-02,2023-12-28,9.24,1202248.454093933,2240879.535484314,4,
AMZN,6700,1997-05-15,2023-12-28,26.62,6467590775.385666,835665930.9661864,7,
AN,8473,1990-05-11,2023-12-28,33.63,78068700.55084229,26415809.2300415,7,
ANAB,1743,2017-01-26,2023-12-28,6.92,3909089.969062806,6790430.1652908325,4,
ANAT,11191,1975-11-17,2020-04-01,44.37,4336345.919036865,601400.0,7,
ANCN,350,2019-02-12,2020-07-02,1.39,30677.500903606422,30517.50128269196,4,
ANDA,177,2019-03-06,2020-07-02,1.33,36072.00164794922,36072.00164794922,14,
ANDAU,164,2019-01-29,2020-07-01,1.42,21000.499773025513,21000.499773025513,36,
ANDE,7013,1996-02-20,2023-12-28,27.85,8715964.741897583,3669254.953575135,7,
ANET,2408,2014-06-06,2023-12-28,9.56,364569567.5186157,147295176.91345215,4,
ANF,6860,1996-09-26,2023-12-28,27.25,60017737.5,58023124.23477173,7,
ANGI,3047,2011-11-17,2023-12-28,12.11,1457744.5342183113,7458150.0,5,
ANGL,2949,2012-04-11,2023-12-28,11.71,40962441.55597687,7559473.784065247,5,
ANGO,3987,2004-06-01,2020-04-01,15.83,3608883.554840088,2187198.0054855347,5,
ANH,1385,2015-01-02,2020-07-02,5.5,2008046.4765429497,2576937.0812416077,4,
ANIK,7721,1993-05-03,2023-12-28,30.65,1998862.9818916323,610420.9965705872,7,
ANIP,5950,2000-05-05,2023-12-28,23.65,5350910.5224609375,1313864.0096664429,7,
ANIX,9197,1983-10-07,2020-04-01,36.48,171155.50419092178,170659.9964618683,7,
ANPC,86,2020-01-31,2020-06-19,0.38,19121.500205993652,19121.500205993652,4,
ANSS,6928,1996-06-20,2023-12-28,27.52,127582255.19104004,20217830.964660645,7,
ANTE,4063,2007-11-07,2023-12-28,16.14,2665.500009059906,260325.0074386597,5,
ANTM,4701,2001-10-30,2020-07-02,18.67,387615712.5,208699254.1809082,5,
ANY,2614,2013-08-12,2023-12-28,10.38,212451.46087229252,344044.5185036659,4,
AOA,3808,2008-11-11,2023-12-28,15.13,5386029.980659485,2008143.9983367918,5,
AOBC,5190,1999-08-17,2020-04-01,20.62,6138034.016609192,4542594.075155258,7,
AOD,3260,2007-04-23,2020-04-01,12.94,2188774.053668976,4093934.1071128845,5,
AOK,3802,2008-11-19,2023-12-28,15.1,3861307.53364563,1431549.017715454,5,
AOM,3808,2008-11-11,2023-12-28,15.13,4786025.535964966,2593054.017829895,5,
AON,10988,1980-06-02,2023-12-28,43.57,237787085.0982666,,7,
AOR,3802,2008-11-19,2023-12-28,15.1,10562508.116912842,2885640.048980713,5,
AOS,10145,1983-09-30,2023-12-28,40.24,63532139.31274414,,7,
AOSL,3441,2010-04-29,2023-12-28,13.66,4669319.408798218,1129992.0495986938,5,
AP,12826,1973-02-21,2023-12-28,50.85,47651.50103569031,80832.49835968018,7,
APA,11252,1979-05-15,2023-12-28,44.62,177836058.53919983,71840133.26950073,7,
APAM,2723,2013-03-07,2023-12-28,10.81,17399732.19242096,13549410.11428833,4,
APD,11040,1980-03-17,2023-12-28,43.78,242100995.6680298,36295136.13243103,7,
APDN,5151,2003-07-15,2023-12-28,20.45,55351.99918150902,75520.00122070312,5,
APEN,3318,2007-05-01,2020-07-02,13.17,19502.499920129776,38499.99952316284,5,
APEX,6736,1993-06-03,2020-07-02,27.08,37795.51886320114,282941.9982910156,12,
APG,2140,2014-12-04,2023-12-28,9.07,22710970.218372345,72127182.50083923,12,
APH,8094,1991-11-08,2023-12-28,32.14,189608597.5704193,32961405.25417328,7,
APHA,1270,2015-03-18,2020-04-01,5.04,23394337.07203865,1833064.5911216736,4,
API,1670,2015-11-23,2023-12-28,8.1,1095430.4951548576,2775045.147211075,99,
APLE,2170,2015-05-18,2023-12-28,8.61,26722917.231416702,21323216.365242004,4,
APLS,1544,2017-10-26,2023-12-28,6.17,90973278.05490494,28937923.1880188,14,
APLT,1166,2019-05-14,2023-12-28,4.62,323952.4938762188,915480.7456791401,4,
APM,5027,2000-10-10,2023-12-28,23.21,19822.500467300415,0.0,638,
APO,3209,2011-03-30,2023-12-28,12.75,164724917.41485596,31066139.79654312,5,
APOG,12776,1973-05-03,2023-12-28,50.65,5589003.60584259,825950.9895801544,7,
APOP,973,2016-08-01,2020-07-02,3.92,165404.9944639206,133500.0,11,
APPF,2142,2015-06-26,2023-12-28,8.51,17654873.10180664,9554647.567749023,4,
APPN,1660,2017-05-25,2023-12-28,6.59,12279536.039543152,20146465.123176575,4,
APPS,4401,2006-07-06,2023-12-28,17.48,15644287.965965271,269870.99146842957,5,
APRE,1067,2019-10-03,2023-12-28,4.24,36379.49985265732,1134720.0,4,
APRN,749,2017-06-29,2020-06-19,2.97,2907836.0090732574,6207840.109634399,4,
APT,6259,1999-02-16,2023-12-28,24.86,112599.00286197662,89517.00187921524,7,
APTO,8007,1992-03-16,2023-12-28,31.78,113882.99953341484,0.0,7,
APTS,2329,2011-04-01,2020-07-02,9.25,4012427.5738239284,1574724.0257263184,5,
APTV,3047,2011-11-17,2023-12-28,12.11,177915493.16253662,140430329.88739014,5,
APTX,503,2018-06-21,2020-06-19,2.0,487303.002178669,787136.0153198241,4,
APVO,1874,2016-07-20,2023-12-28,7.44,84033.49941372871,347842.5024986267,4,
APWC,5151,2003-07-15,2023-12-28,20.45,4227.500075101852,6101.9999742507935,5,
APXT,120,2019-11-05,2020-07-02,0.66,406801.0090827942,406801.0090827942,12,
APXTU,146,2019-09-17,2020-06-18,0.75,63095.99847793579,63095.99847793579,12,
APY,540,2018-04-27,2020-06-18,2.14,16235408.759307861,17618114.725112915,4,
APYX,1257,2019-01-02,2023-12-28,4.99,460812.9937171936,594778.9841651917,4,
AQB,1755,2017-01-09,2023-12-28,6.97,147723.24516057968,236597.99439907074,4,
AQMS,2118,2015-07-31,2023-12-28,8.41,287794.0022289753,667778.4981966019,4,
AQN,2587,2007-12-12,2020-04-01,12.3,5907786.530351639,53525.997734069824,624,
AQNA,362,2018-10-23,2020-04-01,1.44,466944.99683380127,506498.4845161438,4,
AQNB,1157,2019-05-28,2023-12-28,4.59,541689.9955749512,402667.99888610834,4,
AQST,1367,2018-07-25,2023-12-28,5.43,399539.990901947,1065765.9822463992,4,
AQUA,662,2017-10-26,2020-06-19,2.65,9826732.033967972,9545782.487869265,7,
AR,2572,2013-10-10,2023-12-28,10.21,121857307.80496597,68298649.88188744,4,
ARA,5022,2000-01-03,2020-07-02,20.5,1005320.5170631409,4499.9998807907095,92,
ARAV,2461,2014-03-21,2023-12-28,9.77,369263.9948129654,788337.9216156005,4,
ARAY,4252,2007-02-08,2023-12-28,16.88,1099428.9911866188,2844026.5325546265,5,
ARB,4194,2000-10-16,2023-12-28,23.2,135759.49821472168,4316964.085507393,644,
ARC,3879,2005-02-04,2020-07-02,15.41,113286.99792027473,993205.9615135193,5,
ARCB,7966,1992-05-13,2023-12-28,31.62,27536053.089904785,6264570.157241821,7,
ARCC,4842,2004-10-05,2023-12-28,19.23,50575846.0609436,24735276.279449463,5,
ARCE,1315,2018-09-26,2023-12-15,5.22,960240.2635827065,3333162.109184265,4,
ARCH,2006,2016-01-04,2023-12-28,7.98,50760444.42443848,24701126.61590576,4,
ARCO,3198,2011-04-14,2023-12-28,12.71,7315316.056776047,4818790.011501312,5,
ARCT,2895,2012-03-01,2023-12-28,11.82,8622505.821037292,1728544.9867248535,119,
ARD,832,2017-03-15,2020-07-02,3.3,1393245.0622558594,1296337.4878883362,4,
ARDC,2790,2012-11-28,2023-12-28,11.08,1062254.4905662537,1071321.4719295502,4,
ARDS,464,2018-08-14,2020-06-19,1.85,30684.000205993652,29453.999662399292,4,
ARDX,2399,2014-06-19,2023-12-28,9.52,19317940.16842842,2223939.9315834045,4,
ARE,6692,1997-05-28,2023-12-28,26.58,112038799.98626709,29056122.10960388,7,
AREC,1635,2017-06-30,2023-12-28,6.49,292937.49816417694,151200.0026702881,4,
ARGD,2833,2012-09-25,2023-12-28,11.26,110031.00414276123,186696.00219726562,5,
ARGO,8476,1986-11-14,2020-07-02,33.63,8979644.020843506,1629653.4546852112,7,
ARGT,3228,2011-03-03,2023-12-28,12.82,846681.9791793823,326050.9984970093,5,
ARGX,1665,2017-05-18,2023-12-28,6.61,86821804.9407959,34933950.0,4,
ARI,3590,2009-09-24,2023-12-28,14.26,9678504.840278625,9179020.391321182,5,
ARKF,1235,2019-02-04,2023-12-28,4.9,11848251.53465271,15703479.64553833,4,
ARKG,2305,2014-10-31,2023-12-28,9.16,49114317.32997894,4529192.98801422,4,
ARKK,2305,2014-10-31,2023-12-28,9.16,696479395.4137802,16147152.061843872,4,
ARKQ,2328,2014-09-30,2023-12-28,9.24,4010808.9923858643,1333843.998336792,4,
ARKR,9587,1985-12-13,2023-12-28,38.04,49902.49881744385,29639.99900817871,7,
ARKW,1446,2014-09-30,2020-07-02,5.75,7174310.692596436,1724341.9876098633,5,
ARL,9633,1982-04-21,2020-07-02,38.2,42119.999742507935,13000.0,7,
ARLO,1360,2018-08-03,2023-12-28,5.4,6280323.888206482,4467524.958181381,4,
ARLP,6132,1999-08-17,2023-12-28,24.36,8484014.032173157,4316307.0375442505,7,
ARMK,2528,2013-12-12,2023-12-28,10.04,101855978.89905357,57593599.40028,4,
ARMP,7455,1994-05-20,2023-12-28,29.61,23468.499875068665,0.0,7,
ARMR,979,2020-02-10,2023-12-28,3.88,46407.67982959747,77237.99743652345,4,
ARNA,5014,2000-07-28,2020-07-02,19.93,22723914.317321777,7365084.931945801,7,
ARNC,14664,1962-01-02,2020-07-02,58.5,81753280.48334122,21006170.874595642,92,
AROC,4118,2007-08-21,2023-12-28,16.35,9269274.600219727,11237779.755783081,5,
AROW,10911,1980-09-18,2023-12-28,43.27,1001668.4970855713,202646.2993144989,7,
ARPO,731,2017-08-08,2020-07-02,2.9,93174.50173199177,83070.00203132631,4,
ARQT,985,2020-01-31,2023-12-28,3.91,9487864.311885834,5802059.510150909,4,
ARR,4046,2007-12-03,2023-12-28,16.07,28953577.564525604,12277911.336708069,5,
ARTL,1540,2017-11-14,2023-12-28,6.12,27577.500092983246,54244.500625133514,4,
ARTNA,6529,1994-04-28,2020-04-01,25.93,381171.00257873535,117649.99752044678,7,
ARTW,11040,1980-03-17,2023-12-28,43.78,13152.499771118164,7363.250160217285,7,
ARVN,1322,2018-09-27,2023-12-28,5.25,10464569.844436646,13892779.920959473,4,
ARW,11040,1980-03-17,2023-12-28,43.78,52123143.100738525,12911840.52233696,7,
ARWR,7562,1993-12-16,2023-12-28,30.03,27070058.732509613,162239.9987578392,7,
ARYA,248,2018-12-12,2020-06-19,1.52,29179.000854492184,29179.000854492184,13,
ARYAU,413,2018-10-05,2020-07-01,1.74,1119.9999809265137,5150.000095367432,8,
ARYAW,1,2020-07-01,2020-07-01,0.0,141606.74600601196,141606.74600601196,0,
ARYBU,20,2020-06-05,2020-07-02,0.07,1004370.0259208679,1004370.0259208679,3,
ASA,11597,1978-01-03,2023-12-28,45.98,598432.9915523529,2011504.940032959,7,
ASB,11040,1980-03-17,2023-12-28,43.78,27470697.615623474,6743919.915676117,7,
ASC,2621,2013-08-01,2023-12-28,10.41,8528191.01524353,1588280.9460639954,4,
ASET,2028,2015-12-08,2023-12-28,8.05,41529.60071563721,29367.001152038574,4,
ASFI,6201,1995-11-14,2020-07-02,24.63,30413.000988960266,95283.99916887283,7,
ASG,9531,1986-03-06,2023-12-28,37.81,876387.5135183334,285407.99560546875,7,
ASGN,7875,1992-09-22,2023-12-28,31.26,20453675.0,2471700.0,7,
ASH,11040,1980-03-17,2023-12-28,43.78,38176318.69277954,14636514.553833008,7,
ASHR,2553,2013-11-06,2023-12-28,10.14,101775798.18220139,66015891.28303528,4,
ASHS,2419,2014-05-21,2023-12-28,9.6,57387.49837875366,286720.0012207031,4,
ASHX,2061,2015-10-21,2023-12-28,8.19,2381.1999320983887,4929.000091552734,4,
ASIX,1834,2016-09-15,2023-12-28,7.28,4545644.856548309,5178804.404258728,4,
ASLN,1423,2018-05-04,2023-12-28,5.65,87573.50031137466,120454.50204610825,4,
ASM,4556,2005-11-21,2023-12-28,18.1,282780.0048351288,102101.99930667877,5,
ASMB,2337,2010-12-17,2020-04-01,9.29,4021054.4314384456,835140.0171279907,5,
ASML,7249,1995-03-15,2023-12-28,28.79,611510445.300293,70799758.73794556,7,
ASNA,9306,1983-05-04,2020-04-01,36.91,2892780.0075531006,2612677.473640442,7,
ASND,1304,2015-01-28,2020-04-01,5.17,24462537.601470947,2890914.50214386,4,
ASPN,2403,2014-06-13,2023-12-28,9.54,6268768.399238586,469775.00438690186,4,
ASPS,2746,2009-08-06,2020-07-02,10.9,1211216.989850998,5583693.994903564,5,
ASPU,1,2020-07-02,2020-07-02,0.0,1388217.8636455536,1388217.8636455536,0,
ASR,4907,2000-09-28,2020-04-01,19.51,8941425.177001953,4488484.035110474,7,
ASRT,6560,1997-12-03,2023-12-28,26.07,5952923.944282532,1317200.97990036,7,
ASRV,9807,1985-01-30,2023-12-28,38.91,25770.500540733337,42000.0,7,
ASRVP,5530,1998-06-03,2020-07-02,22.08,10940.00015258789,,8,
ASTC,7053,1995-12-21,2023-12-28,28.02,33217.5012588501,50400.0,7,
ASTE,9459,1986-06-18,2023-12-28,37.53,3953722.5231170654,2231565.0566101074,7,
ASUR,7991,1992-04-07,2023-12-28,31.72,2405722.009754181,229955.00388145447,7,
ASX,5847,2000-10-02,2023-12-28,23.24,38021383.341646194,2912559.009695053,7,
ASYS,10181,1983-08-09,2023-12-28,40.39,248732.4903011322,70262.5,7,
AT,2601,2009-12-03,2020-07-02,10.58,681734.9776983261,,92,
ATAX,8571,1986-04-02,2020-04-01,34.0,738732.9923629761,127676.9983291626,7,
ATCO,2249,2007-07-05,2020-07-02,12.99,56067.32466518879,3222.220084190369,28,
ATCX,186,2019-08-20,2020-07-02,0.87,111065.00215530396,111065.00215530396,47,
ATCXW,1,2020-07-02,2020-07-02,0.0,105778.86547029018,105778.86547029018,0,
ATEC,4418,2006-06-12,2023-12-28,17.54,16667345.54347992,405521.99895977974,5,
ATEN,2461,2014-03-21,2023-12-28,9.77,8033488.993930817,3466520.0941562653,4,
ATEX,2242,2015-02-03,2023-12-28,8.9,4485082.1226119995,2542554.4944763184,4,
ATGE,7250,1991-06-21,2020-04-01,28.78,14980149.153137207,10099272.577285767,7,
ATH,973,2016-08-19,2020-07-02,3.87,56187663.47436905,51001088.53645325,4,
ATHE,5098,2003-09-29,2023-12-28,20.25,12513.00036907196,56323.4995765686,5,
ATHM,2529,2013-12-11,2023-12-28,10.05,12260365.94467163,32311488.311767578,4,
ATHX,4167,2007-06-12,2023-12-28,16.54,107820.0179759562,531760.0055932999,5,
ATI,6060,1999-11-29,2023-12-28,24.08,42949928.58848572,36979725.0125885,7,
ATIF,1173,2019-05-03,2023-12-28,4.65,2804.0499806404114,72487.99734115599,4,
ATKR,1901,2016-06-10,2023-12-28,7.55,52177776.849365234,13745519.742965698,4,
ATLC,5271,1999-04-23,2020-07-02,21.19,100848.00033569336,408039.99614715576,92,
ATLO,6006,2000-02-15,2023-12-28,23.87,412430.48515319824,139164.00203704834,7,
ATMP,2720,2013-03-12,2023-12-28,10.8,187340.49510955816,729471.220334053,4,
ATNI,8090,1991-11-14,2023-12-28,32.12,1481673.4575271606,1047184.9723339081,7,
ATNM,2770,2012-12-27,2023-12-28,11.0,1324771.4925765991,599279.9957752228,4,
ATNX,769,2017-06-14,2020-07-02,3.05,7158006.607437134,4628742.935752869,4,
ATO,10083,1983-12-28,2023-12-28,40.0,89874959.16290283,4460820.137786865,7,
ATOM,1861,2016-08-08,2023-12-28,7.39,1055730.4969072342,698528.0303955078,4,
ATOS,2803,2012-11-08,2023-12-28,11.13,279112.492069602,305725.0,4,
ATR,7727,1993-04-23,2023-12-28,30.68,27947461.91635132,7683250.0,7,
ATRA,2316,2014-10-16,2023-12-28,9.2,2858937.7919077873,7419107.162761688,4,
ATRC,4631,2005-08-05,2023-12-28,18.4,12778343.714904785,2150777.914237976,5,
ATRI,11039,1980-03-18,2023-12-28,43.78,1893483.0001831055,89833.33110809328,7,
ATRO,11040,1980-03-17,2023-12-28,43.78,1871939.9518489838,53394.140231609344,7,
ATRS,5977,1996-10-03,2020-07-02,23.75,3736568.005502224,328312.5,7,
ATSG,5145,2003-07-23,2023-12-28,20.43,9022545.830154419,2586303.99017334,5,
ATTO,1448,2014-10-02,2020-07-02,5.75,147942.99923181534,371804.99539375305,4,
ATUS,1641,2017-06-22,2023-12-28,6.52,10487934.86019373,75153132.26356506,4,
ATV,3313,2007-05-03,2020-07-02,13.17,27522.000312805176,48393.33372116089,5,
ATVI,6721,1993-10-25,2020-07-02,26.69,401890342.203331,68589311.62834167,7,
ATXI,1638,2017-06-27,2023-12-28,6.5,87432.50064551827,163741.50347709656,4,
AU,5450,1998-08-05,2020-04-01,21.66,59615211.829566956,39623619.40598488,7,
AUB,7612,1993-10-06,2023-12-28,30.23,10671270.098304749,527100.9852409363,7,
AUBAP,16,2020-06-11,2020-07-02,0.06,2684928.1827926636,2684928.1827926636,3,
AUBN,7151,1995-08-03,2023-12-28,28.4,26603.00054550171,13324.99980926514,7,
AUDC,6187,1999-05-28,2023-12-28,24.59,1379168.501329422,1182680.9838294983,7,
AUG,1576,2014-04-01,2020-07-02,6.25,195938.9972805977,87562.49853372574,4,
AUMN,2745,2009-05-07,2020-04-01,10.9,51297.999060153954,118796.00124955177,5,
AUPH,2347,2014-09-03,2023-12-28,9.32,19225160.863256454,8181898.170089722,4,
AUSF,456,2018-08-28,2020-06-19,1.81,242818.99948120117,355358.5026741028,4,
AUTL,447,2018-06-22,2020-04-01,1.78,1378058.9545726776,1372808.0458641052,4,
AUTO,5290,1999-03-26,2020-07-02,21.27,40565.00065326691,445232.4961662293,92,
AUY,4085,2004-01-12,2020-07-02,16.47,50404830.56342602,58839669.20957565,92,
AVA,12826,1973-02-21,2023-12-28,50.85,21627317.55218506,1669156.25,7,
AVAL,2333,2014-09-23,2023-12-28,9.26,164051.9951224327,697886.0264778137,4,
AVAV,4264,2007-01-23,2023-12-28,16.93,16742609.727096558,7344247.0989227295,5,
AVB,7503,1994-03-11,2023-12-28,29.8,125027486.09313965,75554220.94802855,7,
AVCO,538,2018-03-27,2020-07-02,2.27,172901.9988298416,126295.00259160995,8,
AVCT,1,2020-07-02,2020-07-02,0.0,930039.6375076771,930039.6375076771,0,
AVCTW,1,2020-07-02,2020-07-02,0.0,34420.327716678374,34420.327716678374,0,
AVD,8339,1987-03-03,2020-04-01,33.08,1445641.9897079468,256081.9932937622,7,
AVDE,1072,2019-09-26,2023-12-28,4.25,10059429.608154297,5314490.5029296875,4,
AVDL,6937,1996-06-07,2023-12-28,27.56,6281507.507324219,1046758.0352783201,7,
AVDV,1072,2019-09-26,2023-12-28,4.25,14096315.331840515,6963861.947631836,4,
AVEM,1077,2019-09-19,2023-12-28,4.27,13286790.872573853,5703197.849273682,4,
AVEO,1,2020-07-02,2020-07-02,0.0,2708639.3860445023,2708639.3860445023,0,
AVGO,3624,2009-08-06,2023-12-28,14.39,1600065455.8135986,443875390.06347656,5,
AVGOP,1,2020-07-02,2020-07-02,0.0,2407048.7475585938,2407048.7475585938,0,
AVGR,2244,2015-01-30,2023-12-28,8.91,50103.00015449524,469737.9926300049,4,
AVH,1611,2013-11-06,2020-04-01,6.4,483997.00098633766,808678.0093669891,4,
AVID,6878,1993-03-12,2020-07-02,27.31,2459443.4656620026,3268886.531162262,7,
AVK,5203,2003-04-30,2023-12-28,20.66,1091656.0211658478,1325093.9498901367,5,
AVLR,516,2018-06-15,2020-07-02,2.05,69479660.22491455,49795469.13566589,4,
AVNS,2313,2014-10-21,2023-12-28,9.19,5800935.029506683,10900161.92779541,4,
AVNW,9227,1987-05-19,2023-12-28,36.61,1918119.0035820007,1159953.938293457,7,
AVRO,1390,2018-06-21,2023-12-28,5.52,445880.0085544586,1866528.9840698242,4,
AVT,12777,1973-05-03,2023-12-28,50.65,23214820.08972168,,5,
AVTR,1163,2019-05-17,2023-12-28,4.62,122247099.92055893,109740227.4597168,4,
AVUS,1072,2019-09-26,2023-12-28,4.25,19210757.26737976,8685017.794799805,4,
AVUV,1072,2019-09-26,2023-12-28,4.25,35701093.52531433,20478206.048583984,4,
AVXL,3291,2006-08-02,2020-04-01,13.66,1170433.0294132233,76800.0,61,
AVY,12826,1973-02-21,2023-12-28,50.85,80678973.26049806,11178822.570800781,7,
AVYA,638,2017-12-19,2020-07-02,2.54,24363687.057065964,19579122.514152527,4,
AWF,7662,1993-07-27,2023-12-28,30.42,1829519.496679306,,7,
AWI,4328,2006-10-18,2023-12-28,17.19,24392138.243865967,19765552.647972107,5,
AWK,3949,2008-04-23,2023-12-28,15.68,126790476.23062134,56012976.44577027,5,
AWP,4199,2007-04-26,2023-12-28,16.67,1119646.0047602654,1995770.9298610687,5,
AWR,12826,1973-02-21,2023-12-28,50.85,13819523.690032959,311000.0061035156,7,
AWRE,6893,1996-08-09,2023-12-28,27.38,26163.00058364868,115007.99560546875,7,
AWTM,294,2019-01-29,2020-07-01,1.42,60563.99917602539,60434.999084472656,10,
AWX,5480,1998-06-23,2020-04-01,21.77,19421.000093221664,8744.999945163727,7,
AX,3788,2005-03-16,2020-04-01,15.04,7629428.426456451,2141612.947654724,5,
AXAS,7282,1991-05-07,2020-04-01,28.9,554564.4982203841,495130.9928745031,7,
AXDX,7485,1994-04-07,2023-12-28,29.72,123196.49824619293,74125.0,7,
AXE,9000,1984-07-19,2020-04-01,35.7,13663864.07546997,5201769.964122772,7,
AXGN,9332,1986-12-17,2023-12-28,37.03,1683605.9930801392,21272.001099586487,7,
AXGT,1275,2015-06-11,2020-07-02,5.06,580795.4896450043,3130599.899291992,4,
AXL,5328,1999-01-29,2020-04-01,21.17,17178682.432603836,16907391.412210464,7,
AXLA,1169,2019-05-09,2023-12-28,4.64,47857.71077769995,169062.5,4,
AXNX,1298,2018-10-31,2023-12-28,5.16,30941033.88710022,22823658.237457275,4,
AXO,4777,2000-08-25,2020-07-02,19.85,36584.100341796875,0.0,24,
AXP,13006,1972-06-01,2023-12-28,51.57,449926762.7555847,,7,
AXR,12776,1973-05-03,2023-12-28,50.65,102632.99894332886,27216.999769210815,7,
AXS,5160,2003-07-01,2023-12-28,20.49,25227386.67125702,25496088.431549072,5,
AXSM,1153,2015-11-19,2020-06-19,4.58,41994501.88846588,702291.011929512,4,
AXTA,2297,2014-11-12,2023-12-28,9.13,59388580.181503296,54800589.464378364,4,
AXTI,5502,1998-05-21,2020-04-01,21.86,723202.5067806243,616013.0036592484,7,
AXU,3478,2006-09-08,2020-07-02,13.82,2338807.435363531,380987.9998207092,5,
AY,2403,2014-06-13,2023-12-28,9.54,13098483.226585388,11754240.467071533,4,
AYI,4614,2001-12-03,2020-04-01,18.33,41809192.99163818,22060824.37019348,5,
AYLA,47,2015-01-02,2020-07-02,5.5,328000.0,328000.0,1691,
AYRO,5092,2003-10-07,2023-12-28,20.22,64008.960554122925,22271.999755859375,5,
AYTU,2899,2008-09-25,2020-04-01,11.52,191622.0000386238,0.0,5,
AZAA,18,2020-06-04,2020-07-02,0.08,5005.699920654297,5005.699920654297,4,
AZBA,1,2020-06-26,2020-06-26,0.0,100.93319702148438,100.93319702148438,0,
AZBL,1,2020-07-02,2020-07-02,0.0,765930.1921844482,765930.1921844482,0,
AZEK,893,2020-06-12,2023-12-28,3.54,40299306.39772415,37636730.7598114,4,
AZN,7714,1993-05-12,2023-12-28,30.63,304673504.4866562,57245919.97604371,7,
AZO,8249,1991-04-02,2023-12-28,32.74,348193578.9550781,86906722.65625,7,
AZPN,6458,1994-10-26,2020-06-19,25.65,52390194.0284729,7252272.6541996,7,
AZRE,928,2016-10-12,2020-07-02,3.72,196450.00352859497,167133.49585533142,6,
AZRX,935,2016-10-11,2020-07-02,3.72,190490.69893062115,117580.99744319916,4,
AZUL,1691,2017-04-11,2023-12-28,6.71,13850604.872703552,17217362.875843048,4,
AZZ,11040,1980-03-17,2023-12-28,43.78,4244680.451774597,175586.87858581543,7,
B,11040,1980-03-17,2023-12-28,43.78,7418995.16582489,921200.0,7,
BA,15605,1962-01-02,2023-12-28,61.98,1053927650.250244,49872050.0,7,
BAB,3552,2009-11-17,2023-12-28,14.11,6213802.062416077,5058762.976837158,5,
BABA,2335,2014-09-19,2023-12-28,9.27,1545662718.6935425,2264739750.0,4,
BAC,11949,1973-02-21,2020-07-02,47.36,1562389712.0939255,,7,
BAF,4450,2002-10-29,2020-07-02,17.68,240893.0019378662,225844.4944381714,5,
BAH,3299,2010-11-18,2023-12-28,13.11,88073352.96058655,34205501.72519684,5,
BAK,6281,1999-01-13,2023-12-28,24.96,6075477.064275742,3203898.01197052,7,
BAL,3027,2008-06-25,2020-07-02,12.02,92817.00019836426,289942.0097351074,5,
BAM,9474,1983-12-30,2023-12-28,39.99,42628951.85775757,,882,
BANC,5374,2002-08-23,2023-12-28,21.35,8902154.649543762,831837.4991416931,5,
BAND,1543,2017-11-09,2023-12-28,6.13,4329106.430339813,12513774.591827393,4,
BANF,7564,1990-03-26,2020-04-01,30.02,2729063.025856018,453090.4993057251,7,
BANFP,4040,2004-03-16,2020-04-01,16.04,5569.999885559083,2760.0000381469727,5,
BANR,6146,1995-11-01,2020-04-01,24.42,8851618.090629578,1486344.970703125,7,
BANX,2552,2013-11-07,2023-12-28,10.14,224229.00295257568,243402.99835205075,4,
BAP,7093,1995-10-25,2023-12-28,28.18,37171602.06604004,20605952.701568604,7,
BAPR,309,2019-04-01,2020-07-02,1.25,180292.7951812744,201963.50421905515,5,
BAR,1591,2017-09-01,2023-12-28,6.32,11931564.766788486,4512320.198059082,4,
BASI,5687,1997-11-25,2020-07-02,22.6,98027.99899578094,15300.0,7,
BATL,129,2019-12-24,2020-07-02,0.52,54918.00150871277,54918.00150871277,4,
BATRA,1939,2016-04-18,2023-12-28,7.69,1572565.9965515137,1268421.036529541,4,
BATRK,1939,2016-04-18,2023-12-28,7.69,5025752.613258362,3106545.06111145,4,
BATT,1402,2018-04-19,2023-12-28,5.69,475714.0083312988,406458.01062583923,48,
BAUG,221,2019-08-06,2020-07-02,0.91,150075.0,150075.0,5,
BAX,10632,1981-10-27,2023-12-28,42.17,184339394.02046204,85489092.26779938,7,
BB,6266,1999-02-04,2023-12-28,24.9,19526122.180843353,101279042.20557213,7,
BBAR,7577,1993-11-24,2023-12-28,30.09,3017802.9019355774,1501043.5695648193,7,
BBAX,1356,2018-08-09,2023-12-28,5.39,9763878.849029541,6252174.128341675,4,
BBBY,7072,1992-06-05,2020-07-02,28.07,76795589.91179466,88046332.00035095,7,
BBC,2273,2014-12-17,2023-12-28,9.03,24903.949642181396,191158.4041595459,4,
BBCA,1356,2018-08-09,2023-12-28,5.39,9382937.50038147,6836884.919548035,4,
BBCP,1600,2017-08-21,2023-12-28,6.35,511810.0030899048,434472.9944705963,4,
BBD,5389,2002-08-02,2023-12-28,21.4,64485359.86927748,,5,
BBDC,4243,2007-02-22,2023-12-28,16.85,3549463.9823913574,2589887.8967285156,5,
BBDO,2969,2012-03-13,2023-12-28,11.79,44420.99986076355,,5,
BBF,4763,2001-07-27,2020-07-02,18.93,242362.0032787323,173800.0020980835,7,
BBGI,6008,2000-02-11,2023-12-28,23.88,18877.000004053116,64579.501819610596,7,
BBH,6063,1999-11-23,2023-12-28,24.1,940341.983795166,9178150.0,7,
BBI,6880,1993-03-10,2020-07-02,27.31,130024.99595284462,520817.76213645935,7,
BBIN,131,2019-12-09,2020-07-02,0.56,255111.99378967285,255111.99378967285,5,
BBIO,1135,2019-06-27,2023-12-28,4.5,30763642.624092102,23342534.40570831,4,
BBJP,1393,2018-06-18,2023-12-28,5.53,28887562.231826782,17991342.388916016,4,
BBK,4579,2002-04-26,2020-07-02,18.18,307030.0055027008,286839.00232315063,5,
BBL,4222,2003-06-25,2020-04-01,16.77,52152477.490234375,44327365.58151245,5,
BBMC,45,2020-04-15,2020-06-19,0.18,6095.700073242188,6095.700073242188,5,
BBN,3356,2010-08-30,2023-12-28,13.33,3183273.042869568,3735412.4133110056,5,
BBQ,5955,1996-11-04,2020-07-02,23.66,48715.50178527832,194039.99485969543,7,
BBRE,1,2020-07-02,2020-07-02,0.0,625099.9057159424,625099.9057159424,0,
BBSA,330,2019-03-13,2020-07-02,1.31,97242.00057983398,81975.99792480469,4,
BBSI,7693,1993-06-11,2023-12-28,30.55,3199110.012435913,628266.6824340819,7,
BBU,1908,2016-06-01,2023-12-28,7.57,170688.0048751831,558248.4981536865,4,
BBUS,1209,2019-03-13,2023-12-28,4.79,4439308.5777282715,2662480.049133301,4,
BBVA,8827,1988-12-15,2023-12-28,35.03,8205238.505649567,4998973.955154419,7,
BBW,4825,2004-10-28,2023-12-28,19.16,5402798.965358735,1386935.0633621216,5,
BBX,4878,1996-03-12,2020-04-01,24.05,683566.0046577454,,19,
BBY,9753,1985-04-18,2023-12-28,38.69,160291007.65075684,128620289.65759277,7,
BC,10587,1981-12-31,2023-12-28,41.99,46481371.05560303,12037478.758239748,7,
BCBP,5086,2003-10-15,2023-12-28,20.2,655832.0028781891,66827.50177383423,5,
BCC,1801,2013-02-06,2020-04-01,7.15,8062494.953155518,9571799.716949463,4,
BCD,618,2017-03-31,2020-07-02,3.26,7284.000205993652,12013.750076293947,10,
BCDA,6828,1995-10-25,2023-12-28,28.18,50153.999984264374,0.0,254,
BCE,10367,1982-11-15,2023-12-28,41.12,56499896.43058777,,5,
BCEI,2150,2011-12-15,2020-07-02,8.55,4296237.4804496765,7732302.138900757,5,
BCEL,198,2019-06-20,2020-04-01,0.78,1635364.5078659058,1635364.5078659058,4,
BCH,5389,2002-08-02,2023-12-28,21.4,2404711.424255371,1429750.0,5,
BCI,1698,2017-03-31,2023-12-28,6.74,4921671.098518372,1769735.9802246094,4,
BCLI,5092,2003-10-07,2023-12-28,20.22,380387.5016987324,87075.00410079956,5,
BCM,2313,2011-04-21,2020-07-02,9.2,49900.001525878906,54449.99885559082,5,
BCML,4563,2005-11-10,2023-12-28,18.13,446408.50410461426,17709.99946594238,5,
BCO,7046,1996-01-03,2023-12-28,27.98,13083770.258712769,9478506.563949585,7,
BCOM,3189,2007-11-01,2020-07-02,12.67,7410.499984025955,16739.999771118164,5,
BCOR,5422,1998-12-15,2020-07-02,21.55,6689768.026924133,6514518.030166626,7,
BCOV,2985,2012-02-17,2023-12-28,11.86,514015.0079488754,1485708.0110549927,5,
BCOW,363,2019-01-09,2020-07-02,1.48,15114.249849319456,21120.000839233402,5,
BCPC,9470,1986-06-03,2023-12-28,37.57,11011297.654724121,322357.40494430065,7,
BCRX,7508,1994-03-04,2023-12-28,29.82,18607647.858047485,1748962.5399589539,7,
BCS,8460,1986-09-09,2020-04-01,33.56,23180666.513371468,3991907.5567007065,7,
BCSF,1287,2018-11-15,2023-12-28,5.12,2435308.01115036,2555858.7257385254,4,
BCTF,4991,2000-05-22,2020-04-01,19.86,10062.000274658201,0.0,7,
BCV,11040,1980-03-17,2023-12-28,43.78,238266.99180603027,90081.49814605713,7,
BCX,3210,2011-03-29,2023-12-28,12.75,2277156.4386844635,2411829.9530029297,5,
BCYC,1159,2019-05-23,2023-12-28,4.6,5550707.857131958,3017044.1234588623,4,
BDC,7577,1993-11-24,2023-12-28,30.09,20721458.513641357,8382294.023323059,7,
BDCS,2311,2011-04-28,2020-07-02,9.18,241611.99226379395,288694.9977874756,5,
BDCX,14,2020-06-11,2020-07-02,0.06,26922.29976654053,26922.29976654053,5,
BDCY,1,2020-07-02,2020-07-02,0.0,10156.37966966629,10156.37966966629,0,
BDCZ,1190,2015-10-12,2020-07-02,4.72,21734.35010910034,0.0,4,
BDEC,143,2019-12-02,2020-07-02,0.58,197776.79901123047,197776.79901123047,4,
BDGE,5340,1999-01-12,2020-04-01,21.22,1045251.9832611084,128667.50297546387,7,
BDJ,4614,2005-08-30,2023-12-28,18.33,3677937.541818619,3097155.43756485,5,
BDL,11946,1973-02-21,2020-07-02,47.36,11765.499830245972,3393.499994277954,7,
BDN,9434,1986-07-24,2023-12-28,37.43,9884162.07075119,6916129.397678375,7,
BDR,6179,1995-12-14,2020-07-02,24.55,5362.9998207092285,12608.000183105467,7,
BDRY,1453,2018-03-22,2023-12-28,5.77,1755017.9924964905,1116024.029159546,4,
BDSI,4517,2002-07-25,2020-07-02,17.94,4181081.6301107407,503439.98551368713,5,
BDTX,986,2020-01-30,2023-12-28,3.91,575267.9863452911,1654994.009590149,4,
BDX,11884,1973-02-21,2020-04-01,47.11,308780734.6862793,15561265.625,7,
BDXA,728,2017-05-11,2020-04-01,2.89,9896930.965805054,9438706.832885742,4,
BDXB,30,2020-05-21,2020-07-02,0.11,26966451.69868469,26966451.69868469,4,
BE,4175,2000-10-02,2023-12-28,23.24,53090508.79983902,,2282,
BEAM,981,2020-02-06,2023-12-28,3.89,27194618.488121033,38219998.74954224,4,
BEAT,3630,2008-03-19,2023-12-28,15.78,119160.99605560303,2530705.522584915,497,
BECN,4850,2004-09-23,2023-12-28,19.26,28820147.840881348,13178544.87361908,5,
BEDU,1665,2017-05-18,2023-12-28,6.61,3985.999834537506,233179.99000549316,4,
BELFA,10098,1983-12-06,2023-12-28,40.06,162417.99697875977,51979.49924468994,7,
BELFB,5469,1998-07-10,2020-07-02,21.98,610179.518032074,614671.9924926758,92,
BEN,10149,1983-09-23,2023-12-28,40.26,74376891.16897583,40618006.03866577,7,
BEP,4561,2005-11-15,2023-12-28,18.12,8143934.064102173,,5,
BERY,2826,2012-10-04,2023-12-28,11.23,48872954.2640686,45525199.785900116,5,
BEST,1579,2017-09-20,2023-12-28,6.27,73656.0009598732,4160499.1353607173,4,
BETZ,899,2020-06-04,2023-12-28,3.56,314023.81172180176,1989683.910369873,4,
BFAM,2751,2013-01-25,2023-12-28,10.92,30920990.463256836,22169352.291870117,4,
BFC,6013,2000-01-03,2023-12-28,23.98,1409185.0234985352,3600.0,7,
BFEB,103,2020-02-03,2020-07-02,0.41,130644.9979782105,130644.9979782105,4,
BFIN,4658,2005-06-28,2023-12-28,18.5,91740.00096321106,357241.4988040924,5,
BFIT,1923,2016-05-10,2023-12-28,7.63,16180.750465393066,17631.0001373291,4,
BFK,5641,2001-07-27,2023-12-28,22.42,1143687.960243225,1045619.9872970581,7,
BFO,4156,2003-09-29,2020-04-01,16.51,86454.99906539917,100827.49996185303,5,
BFOR,2662,2013-06-04,2023-12-28,10.57,90453.00064086914,310686.00692749023,4,
BFRA,417,2018-02-14,2020-06-30,2.37,4470.400047302246,10000.0,23,
BFS,7645,1993-08-19,2023-12-28,30.36,1245770.9461212158,1106400.032043457,7,
BFST,1440,2018-04-11,2023-12-28,5.71,1114886.5204811096,651093.0021286011,4,
BFY,4514,2002-07-30,2020-07-02,17.92,142207.99922943115,110226.99937820435,5,
BFYT,166,2019-09-09,2020-07-02,0.81,11116768.206691744,11116768.206691744,56,
BFZ,5641,2001-07-27,2023-12-28,22.42,733115.0000572205,597812.0094299316,7,
BG,5637,2001-08-02,2023-12-28,22.4,110104670.89691162,68061822.23205566,7,
BGCP,5109,1999-12-10,2020-04-01,20.31,9284758.984351158,5291710.475063324,7,
BGFV,5416,2002-06-25,2023-12-28,21.51,1855828.488445282,2033475.9340286255,5,
BGG,11948,1973-02-21,2020-07-02,47.36,3950954.944229126,2970431.25,7,
BGH,2810,2012-10-26,2023-12-28,11.17,760110.0048065186,1205278.5069465637,5,
BGI,4560,2005-11-15,2023-12-28,18.12,114332.00404644012,6102.00001001358,5,
BGIO,845,2017-02-24,2020-07-02,3.35,323962.0015144348,450000.0,4,
BGNE,1990,2016-02-03,2023-12-28,7.9,41511470.39794922,38910163.16680908,4,
BGR,4786,2004-12-23,2023-12-28,19.01,902100.0099182129,1890976.4587640762,5,
BGS,4180,2007-05-23,2023-12-28,16.6,11608974.993610382,12314713.583755493,5,
BGSF,2435,2014-04-29,2023-12-28,9.66,168903.005027771,332200.01220703125,4,
BGT,3989,2004-08-30,2020-07-02,15.84,890703.0069351196,1033802.0164489746,5,
BGX,3252,2011-01-27,2023-12-28,12.92,505596.48590087896,737558.3763370514,5,
BGY,4178,2007-05-25,2023-12-28,16.59,1139332.4641227722,2327430.483484268,5,
BH-A,1425,2018-05-02,2023-12-28,5.66,73951.7904663086,100890.0,4,
BH,11040,1980-03-17,2023-12-28,43.78,402019.5037841797,449262.30392456055,7,
BHAT,2206,2007-11-26,2020-06-19,12.56,191970.5015182495,0.0,542,
BHB,6610,1997-09-23,2023-12-28,26.26,718259.9878311157,104406.44330978394,7,
BHC,7491,1994-03-29,2023-12-28,29.75,18795583.19582939,33412023.319625854,7,
BHE,8441,1990-06-27,2023-12-28,33.5,3705089.935302734,4916023.037338257,7,
BHF,2440,2007-09-11,2020-06-19,12.77,38570608.4022522,0.0,554,
BHFAL,1331,2018-09-14,2023-12-28,5.29,363165.0049209595,500959.98458862305,4,
BHFAO,29,2020-05-22,2020-07-02,0.11,2846802.0257949834,2846802.0257949834,4,
BHFAP,1206,2019-03-18,2023-12-28,4.78,656034.492111206,721786.984539032,4,
BHK,5559,2001-11-28,2023-12-28,22.08,1704544.999885559,1155635.9870910645,5,
BHLB,5913,2000-06-28,2023-12-28,23.5,4977258.075428009,1466240.0482177734,7,
BHP,11040,1980-03-17,2023-12-28,43.78,158051584.27829742,1958934.6371173859,7,
BHR,4392,2002-04-30,2023-12-28,21.66,1163000.9935855865,1637921.3936805725,123,
BHTG,956,2015-10-29,2020-07-02,4.68,24431.00043535233,29596.339801788326,33,
BHV,5457,2002-04-26,2023-12-28,21.67,33951.99890136719,26992.001342773438,5,
BHVN,1115,2017-05-04,2023-12-28,6.65,16722199.98588562,16357200.393676758,813,
BIB,3455,2010-04-09,2023-12-28,13.72,713466.9931411743,5953813.299560547,5,
BIBL,1550,2017-10-31,2023-12-28,6.16,984956.5023422241,628243.505859375,4,
BICK,1248,2015-01-02,2020-07-02,5.5,90767.99926757812,77220.00169754028,8,
BIDU,4631,2005-08-05,2023-12-28,18.4,306995863.79241943,525918006.2866211,5,
BIF,10162,1980-03-17,2020-07-02,40.29,1651549.5245933533,57885.000467300415,7,
BIG,9709,1985-06-20,2023-12-28,38.52,12759441.238355637,14193225.0,7,
BIIB,8132,1991-09-17,2023-12-28,32.28,244688205.01556396,172436464.377594,7,
BIL,4176,2007-05-30,2023-12-28,16.58,622548629.151535,38938775.39024353,5,
BILI,1449,2018-03-28,2023-12-28,5.75,87714833.37259293,124801647.94349675,4,
BILL,1164,2014-07-21,2023-12-28,9.44,170736477.90603638,166845930.80444336,884,
BIMI,4328,2006-10-18,2023-12-28,17.19,45604.498928785324,29310.999447107315,5,
BIO,10111,1980-02-27,2020-04-01,40.09,61006868.25714111,715874.9762535095,7,
BIOC,1550,2014-02-05,2020-04-01,6.15,635861.4879339933,337950.0,4,
BIOL,7838,1992-11-12,2023-12-28,31.12,262841.0,206125.877784729,7,
BIOX,1453,2018-03-22,2023-12-28,5.77,594968.9905166626,272958.0080509186,4,
BIP,4020,2008-01-10,2023-12-28,15.96,11928497.05028534,8694275.80833435,5,
BIPC,944,2020-03-31,2023-12-28,3.74,17272553.861618042,13540403.631591797,4,
BIS,3455,2010-04-09,2023-12-28,13.72,82724.00226593018,740973.0195999144,5,
BITA,2421,2010-11-18,2020-07-02,9.62,5066913.044500351,11491279.884338379,5,
BIV,4211,2007-04-10,2023-12-28,16.72,74671198.5572815,33407527.279663086,5,
BIZD,2739,2013-02-12,2023-12-28,10.87,4598068.529367447,981415.9713745117,4,
BJ,507,2018-06-28,2020-07-02,2.01,43994535.250377655,38325360.8045578,4,
BJAN,360,2019-01-03,2020-07-02,1.49,253230.44576644897,187978.09686660764,6,
BJK,4011,2008-01-24,2023-12-28,15.93,297998.4952926636,308266.98875427246,5,
BJRI,6851,1996-10-09,2023-12-28,27.22,9142513.311481476,5663040.124511719,7,
BJUL,1342,2018-08-29,2023-12-28,5.33,631225.5029678345,353355.49478530884,4,
BK,12777,1973-05-03,2023-12-28,50.65,194412152.07176208,,7,
BKAG,927,2020-04-24,2023-12-28,3.68,1792910.9535217285,915750.9006500244,4,
BKCC,4156,2007-06-27,2023-12-28,16.5,575691.4844989777,2034835.545372963,5,
BKD,4556,2005-11-22,2023-12-28,18.1,5263627.379179001,,5,
BKE,7969,1992-05-08,2023-12-28,31.64,12870039.080619812,6124331.356430054,7,
BKEP,2392,2010-12-31,2020-07-02,9.5,144031.50025606155,224138.49756717682,5,
BKEPP,2097,2012-03-05,2020-07-02,8.33,118813.00339698792,56721.00148200989,5,
BKF,4054,2007-11-20,2023-12-28,16.1,213534.00421142578,1418295.0580596924,5,
BKH,12825,1973-02-22,2023-12-28,50.84,25023426.79862976,607500.0,7,
BKHY,43,2020-04-24,2020-07-01,0.19,204877.00500488284,204877.00500488284,5,
BKI,1616,1995-11-22,2020-07-02,24.61,54192950.94947815,11655144.778060913,5927,
BKIE,928,2016-02-19,2023-12-28,7.85,989729.0176391602,419706.8130493164,1526,
BKK,4220,2003-09-29,2020-07-02,16.76,644928.4860134125,430002.0092010498,5,
BKLC,937,2020-04-09,2023-12-28,3.72,3108792.349243164,1573746.011352539,4,
BKLN,3228,2011-03-03,2023-12-28,12.82,143205215.873909,81484914.81838226,5,
BKN,7771,1993-02-19,2023-12-28,30.85,637797.9965686798,420884.99641418457,7,
BKNG,6228,1999-03-31,2023-12-28,24.74,746131055.7128906,397828928.5232544,7,
BKR,9257,1987-04-06,2023-12-28,36.73,205593433.43257904,101570371.69189453,7,
BKSB,944,2015-01-05,2020-06-30,5.48,22583.818111959838,54823.67042186854,26,
BKSC,9370,1986-10-23,2023-12-28,37.18,46877.499771118164,6750.909042358398,7,
BKSE,936,2020-04-13,2023-12-28,3.71,234060.20126342773,156834.99908447266,4,
BKT,8929,1988-07-22,2023-12-28,35.43,612082.4948787689,841500.0,7,
BKTI,11039,1980-03-18,2023-12-28,43.78,83530.00164031982,34600.0,7,
BKU,3251,2011-01-28,2023-12-28,12.91,21323729.635047913,20714850.0,5,
BKYI,6758,1997-02-21,2023-12-28,26.85,10436.399990081787,19500.779973506927,7,
BLBD,5079,2002-08-09,2023-12-28,21.39,4379129.006290436,297600.00228881836,24,
BLCM,2272,2014-12-18,2023-12-28,9.03,11485.656178325415,1871378.8340206146,4,
BLCN,1498,2018-01-17,2023-12-28,5.94,199497.49641418457,566542.5009727478,4,
BLD,5719,2000-01-03,2023-12-28,23.98,52775933.203125,0.0,278,
BLDP,6141,1995-11-08,2020-04-01,24.4,6417023.859930038,2174172.0626592636,7,
BLDR,4658,2005-06-28,2023-12-28,18.5,181740805.3375244,4890254.8323869705,5,
BLE,5392,2002-07-30,2023-12-28,21.41,1032449.4920730591,687224.5064735413,5,
BLES,1721,2017-02-28,2023-12-28,6.83,382986.99836730957,340031.99157714844,4,
BLFS,8590,1989-11-22,2023-12-28,34.1,5710327.535057068,27853.00000309944,7,
BLHY,1778,2016-12-05,2023-12-28,7.06,2090.6325454711914,17902.782247543335,4,
BLIN,4154,2007-06-29,2023-12-28,16.5,32974.499452114105,0.0,5,
BLK,5158,1999-10-01,2020-04-01,20.5,241686649.15924072,96577386.30752563,7,
BLKB,3950,2004-07-26,2020-04-01,15.68,18374960.500335693,6740348.3063697815,5,
BLL,11949,1973-02-21,2020-07-02,47.36,143807772.6211548,,7,
BLMN,2866,2012-08-08,2023-12-28,11.39,33996984.06133652,27015318.44110489,5,
BLNK,3529,2009-12-21,2023-12-28,14.02,12763774.185848236,37950.0,5,
BLNKW,1,2020-07-02,2020-07-02,0.0,1099503.7394042015,1099503.7394042015,0,
BLOK,1,2020-07-02,2020-07-02,0.0,628978.3383808138,628978.3383808138,0,
BLPH,2234,2015-02-13,2023-12-28,8.87,75407.27173486352,179027.47812452912,4,
BLRX,3127,2011-07-27,2023-12-28,12.42,451357.0106267929,256619.99282836914,5,
BLU,4929,2000-10-24,2020-07-02,19.69,1023878.1521043777,3465.7039642333984,7,
BLUE,2651,2013-06-19,2023-12-28,10.52,14423884.117996693,46068905.54199219,4,
BLW,5141,2003-07-29,2023-12-28,20.42,943240.9874916077,1488268.939781189,5,
BLX,7873,1992-09-24,2023-12-28,31.26,1793955.0092697144,1518430.954360962,7,
BMA,4471,2006-03-27,2023-12-28,17.75,4929730.506038666,4628359.943771363,5,
BMAR,965,2020-03-02,2023-12-28,3.82,141685.20126342773,114897.99690246582,4,
BMAY,922,2020-05-01,2023-12-28,3.66,221187.49494552612,161604.00276184082,4,
BMCH,1374,2015-01-02,2020-07-02,5.5,9895841.453933716,6478302.007389069,18,
BME,4722,2005-03-29,2023-12-28,18.75,1214662.5232696533,758983.0030441284,5,
BMEZ,100,2020-01-29,2020-06-19,0.39,5989437.291622162,5989437.291622162,4,
BMI,12826,1973-02-21,2023-12-28,50.85,18398069.021606445,55350.0,7,
BMLP,849,2017-01-20,2020-07-01,3.44,13753.25002670288,4184.199905395508,7,
BMO,7344,1994-10-27,2023-12-28,29.17,45788100.28381348,18097969.16809082,7,
BMRA,9907,1984-09-07,2023-12-28,39.3,40911.499297618866,7560.000112652779,7,
BMRC,6042,1999-12-23,2023-12-28,24.01,1313195.0187683105,335455.50365448,7,
BMRG,18,2020-06-03,2020-07-02,0.08,1720750.4636764526,1720750.4636764526,4,
BMRN,6148,1999-07-26,2023-12-28,24.42,110229198.33602905,46232785.08529663,7,
BMTC,8798,1985-08-07,2020-07-02,34.9,2010905.5015563965,89200.50144195557,7,
BMY,12128,1972-06-01,2020-07-02,48.08,,,7,
BND,4211,2007-04-10,2023-12-28,16.72,375093541.46499634,140762097.69363403,5,
BNDC,1772,2016-12-13,2023-12-28,7.04,412195.20263671875,143448.50425720215,4,
BNDW,1337,2018-09-06,2023-12-28,5.31,2308504.4998168945,2216103.0197143555,4,
BNDX,2662,2013-06-04,2023-12-28,10.57,103195775.92964172,67962023.86322021,4,
BNED,2124,2015-07-23,2023-12-28,8.43,375039.992672205,1715871.95353508,4,
BNFT,1646,2013-09-18,2020-04-01,6.54,8104487.120437622,6157328.387069702,4,
BNGO,1348,2018-08-21,2023-12-28,5.35,4935529.165959358,5860912.49225378,4,
BNKD,1193,2019-04-04,2023-12-28,4.73,2114867.5167560577,321445.0030326843,4,
BNKO,111,2019-04-03,2020-06-18,1.21,7058.2000732421875,7058.2000732421875,27,
BNKU,1194,2019-04-03,2023-12-28,4.74,11996820.41592598,2797961.0443115234,4,
BNO,3418,2010-06-02,2023-12-28,13.57,12534456.777191162,4063760.9252929683,5,
BNOV,1046,2019-11-01,2023-12-28,4.16,192121.85487747192,133333.65125656128,4,
BNR,1521,2009-11-20,2023-12-28,14.1,70696.50099277496,80072.99680709839,871,
BNS,6114,1999-09-13,2023-12-28,24.29,64563868.385887146,22735514.260482788,7,
BNSO,7807,1989-06-27,2020-07-02,31.01,3562.999927997589,11445.999491214752,13,
BNTC,2396,2014-06-24,2023-12-28,9.51,49510.61081182957,45397.50003814697,4,
BNTX,1062,2019-10-10,2023-12-28,4.22,72060725.69732668,135937553.1578064,4,
BNY,5641,2001-07-27,2023-12-28,22.42,441427.4989128113,299487.99476623535,7,
BOCH,5199,1999-11-03,2020-07-02,20.66,243927.00662612915,27654.00037765503,7,
BOCT,1320,2018-10-01,2023-12-28,5.24,326445.51067352295,287502.010345459,4,
BOE,4680,2005-05-26,2023-12-28,18.59,1296725.0460624695,2149102.0210266113,5,
BOH,11040,1980-03-17,2023-12-28,43.78,24007315.60611725,6557815.958404541,7,
BOIL,3077,2011-10-06,2023-12-28,12.23,248954573.20804596,6116880.18798828,5,
BOKF,8140,1991-09-05,2023-12-28,32.31,14291910.035324097,2776305.565738678,7,
BOKFL,1009,2016-06-30,2020-07-02,4.01,200091.1003112793,283200.0045776367,4,
BOMN,770,2017-06-13,2020-07-02,3.05,1122043.9891815186,944457.5142860413,4,
BOND,2977,2012-03-01,2023-12-28,11.82,21492392.950439453,19095535.053253174,5,
BOOM,7872,1989-01-05,2020-04-01,31.24,12431177.062034607,282596.0026741028,7,
BOOT,6831,1994-04-08,2023-12-28,29.72,53200434.56954956,,804,
BORR,226,2019-07-30,2020-06-19,0.89,251040.49629867077,251040.49629867077,4,
BOSC,6983,1996-04-02,2023-12-28,27.74,28560.500073432922,25199.999570846558,7,
BOSS,2791,2000-01-04,2023-12-13,23.94,7201.872510910035,10522.200393676758,441,
BOTJ,5883,2000-08-10,2023-12-28,23.38,26900.00033378601,4604.486560821532,7,
BOTZ,1836,2016-09-13,2023-12-28,7.29,22127584.761047363,15731750.059127808,4,
BOUT,1332,2018-09-13,2023-12-28,5.29,38241.000270843506,93340.4974937439,4,
BOX,2249,2015-01-23,2023-12-28,8.93,36364510.97698212,30600745.545196533,4,
BOXL,1529,2017-11-30,2023-12-28,6.08,89772.10467588902,279160.9878063202,4,
BP,13618,1970-01-02,2023-12-28,53.98,283301877.0023346,46950112.5,7,
BPFH,6643,1994-02-14,2020-07-02,26.38,4317854.031825066,3144640.0241851807,7,
BPMC,2182,2015-04-30,2023-12-28,8.66,28236805.636787415,26408230.5103302,4,
BPMP,675,2017-10-26,2020-07-02,2.68,3468282.9842090607,3440770.077896118,4,
BPMX,1794,2013-02-14,2020-04-01,7.13,208747.39298820493,76350.0,4,
BPOP,11041,1980-03-17,2023-12-28,43.78,27689544.704818726,,5,
BPOPM,2860,2008-11-19,2020-04-01,11.36,66449.99895095825,38066.50152206421,5,
BPOPN,4149,2003-12-02,2020-07-02,16.58,110836.49682998657,,6,
BPRN,1657,2017-05-31,2023-12-28,6.58,284561.00521087646,215043.99604797363,4,
BPT,8718,1989-05-23,2023-12-28,34.6,1349530.4958820343,2456194.9982643127,7,
BPTH,3984,2008-03-04,2023-12-28,15.82,44566.999262571335,66141.99893474579,5,
BPY,1771,2013-03-22,2020-07-02,7.28,19236258.407211304,4205960.132598877,92,
BPYPN,978,2020-02-11,2023-12-28,3.88,160499.5005607605,274929.7441005707,4,
BPYPO,1097,2019-08-21,2023-12-28,4.35,191440.00129699707,307948.0089187622,4,
BPYPP,1208,2019-03-14,2023-12-28,4.79,236608.80146026614,326892.49238967896,4,
BPYU,172,2019-09-04,2020-07-02,0.83,13391654.72688675,13391654.72688675,56,
BPYUP,172,2019-09-04,2020-07-02,0.83,579279.999256134,579279.999256134,56,
BQH,4577,2002-04-26,2020-07-02,18.18,39140.00110626221,54021.002769470215,5,
BR,4223,2007-03-22,2023-12-28,16.77,76746225.7156372,32404492.904663086,5,
BRBR,1057,2019-10-17,2023-12-28,4.2,32987048.07548523,13633814.793205265,4,
BRBS,2833,2012-09-25,2023-12-28,11.26,291058.9906692505,1133.3333015441897,5,
BRC,9873,1984-09-07,2023-12-28,39.3,13940200.129318237,,7,
BREW,6263,1995-08-17,2020-07-02,24.88,2314407.0665359497,137000.0,7,
BRF,3682,2009-05-14,2023-12-28,14.62,107416.49975776672,822186.4931106567,5,
BRFS,5833,2000-10-20,2023-12-28,23.19,8258455.484032631,11252730.673003197,7,
BRG,1578,2014-03-28,2020-07-02,6.26,1600389.0076637268,1390823.5023975372,4,
BRID,11040,1980-03-17,2023-12-28,43.78,37035.49966812134,7834.500074386597,7,
BRKL,5606,1998-03-25,2020-07-02,22.27,3503398.6413002014,2920140.0047302246,7,
BRKR,5887,2000-08-04,2023-12-28,23.4,50735898.28491211,9772301.456451416,7,
BRKS,6399,1995-02-02,2020-07-02,25.41,17147523.174476624,5449955.191612245,7,
BRLIU,885,2020-06-24,2023-12-28,3.51,0.0,0.0,4,
BRMK,158,2019-11-15,2020-07-02,0.63,8539637.172317505,8539637.172317505,4,
BRN,12826,1973-02-21,2023-12-28,50.85,46238.49973678589,8324.999785423279,7,
BRO,10811,1981-02-11,2023-12-28,42.87,70730252.12173462,5544798.93989563,7,
BROG,1375,2018-07-13,2023-12-28,5.46,4597.999954223633,14076.000308990479,4,
BROGW,1,2020-07-02,2020-07-02,0.0,2254.999980330467,2254.999980330467,0,
BRP,1052,2019-10-24,2023-12-28,4.18,8318403.610706329,7287072.465515137,4,
BRPA,597,2017-12-04,2020-06-19,2.54,0.0,0.0,34,
BRPAR,231,2017-12-01,2020-07-02,2.58,2277.0000413060175,2277.0000413060175,41,
BRPAU,128,2017-11-20,2020-06-25,2.6,10524.999618530272,10524.999618530272,50,
BRPAW,1,2020-07-02,2020-07-02,0.0,9500.63728931546,9500.63728931546,0,
BRQS,1104,2015-11-05,2020-04-01,4.41,0.0,2065.000057220459,7,
BRT,12777,1973-05-03,2023-12-28,50.65,772906.5127372742,,5,
BRX,2558,2013-10-30,2023-12-28,10.16,45024154.42619324,41756423.30980301,4,
BRY,8744,1987-07-01,2023-12-28,36.49,5286090.083360672,90609.89799499512,169,
BRZU,2700,2013-04-10,2023-12-28,10.72,4660102.035903931,10738272.304916382,4,
BSA,3698,2002-08-07,2020-07-02,17.9,295774.50590133667,0.0,625,
BSAC,6455,1994-10-31,2020-06-19,25.63,7823011.102485657,4807892.140197754,7,
BSAE,1,2020-07-02,2020-07-02,0.0,153196.80416107178,153196.80416107178,0,
BSBE,373,2018-10-10,2020-07-01,1.72,13318.175203323364,16402.04995155334,11,
BSBR,3581,2009-10-07,2023-12-28,14.22,3586073.6186265945,12462603.797912598,5,
BSCE,1,2020-07-02,2020-07-02,0.0,25.76499938964844,25.76499938964844,0,
BSCL,1385,2015-01-02,2020-07-02,5.5,6418824.10326004,3121369.9655532837,4,
BSCM,1746,2013-07-17,2020-07-02,6.96,6680719.605445862,1993812.0331764221,5,
BSCN,1448,2014-09-17,2020-07-02,5.79,4465712.660598755,1128822.0165252686,5,
BSCO,2335,2014-09-19,2023-12-28,9.27,13711515.497398376,2718845.9310531616,4,
BSCP,2069,2015-10-09,2023-12-28,8.22,13753424.921894073,2088000.0,4,
BSCQ,945,2016-09-22,2020-07-02,3.78,810006.2042236328,331688.6890411377,5,
BSCS,470,2018-08-09,2020-07-02,1.9,316533.9912414551,211287.4999046326,6,
BSCT,135,2019-09-13,2020-07-02,0.8,109862.5020980835,109862.5020980835,97,
BSD,5248,1999-08-25,2020-07-02,20.85,251737.50400543213,184622.9977607727,7,
BSDE,1,2020-07-02,2020-07-02,0.0,107015.09223556519,107015.09223556519,0,
BSE,4450,2002-10-29,2020-07-02,17.68,117606.49690628052,135092.50016212463,5,
BSEP,148,2019-09-06,2020-07-01,0.82,24234.99965667725,24234.99965667725,8,
BSET,11040,1980-03-17,2023-12-28,43.78,306312.504196167,387938.99960517883,7,
BSGM,2306,2014-10-30,2023-12-28,9.16,197175.75303465128,161962.49878406525,4,
BSIG,2321,2014-10-09,2023-12-28,9.22,3142428.0738830566,5081843.823051452,4,
BSJK,1385,2015-01-02,2020-07-02,5.5,5005437.951755524,2980800.018310547,4,
BSJL,1455,2014-09-17,2020-07-02,5.79,6459032.469749451,1442814.0174865723,5,
BSJM,1451,2014-09-17,2020-07-02,5.79,5013343.016052246,893054.0027618408,5,
BSJN,1152,2015-10-14,2020-07-02,4.72,2387398.982524872,642660.0008964539,13,
BSJO,948,2016-09-14,2020-07-02,3.8,1160143.5174942017,308915.9914016724,5,
BSJP,690,2017-09-27,2020-07-02,2.76,721997.4956512451,325248.7463951111,5,
BSJR,128,2019-09-13,2020-07-02,0.8,93258.24127960204,93258.24127960204,97,
BSL,3422,2010-05-26,2023-12-28,13.59,497944.0167427063,856884.9982261658,5,
BSM,3924,2008-02-14,2023-12-28,15.87,7864059.092998505,,34,
BSML,148,2019-09-27,2020-07-02,0.76,47851.50079727173,47851.50079727173,6,
BSMM,175,2019-09-27,2020-07-02,0.76,65559.00039672852,65559.00039672852,7,
BSMO,160,2019-09-26,2020-07-02,0.77,64930.836470603936,64930.836470603936,18,
BSMP,164,2019-09-26,2020-07-02,0.77,47115.24934768677,47115.24934768677,7,
BSMQ,1072,2019-09-26,2023-12-28,4.25,476199.49293136597,141284.99794006348,4,
BSMR,1072,2019-09-26,2023-12-28,4.25,368174.24869537354,76327.50034332275,4,
BSMS,91,2019-09-26,2020-07-02,0.77,25024.24962043763,25024.24962043763,32,
BSMT,116,2019-09-25,2020-07-02,0.77,27970.24974822998,27970.24974822998,12,
BSMX,1954,2012-09-26,2020-07-02,7.76,3004539.063692093,11843870.16029358,5,
BSQR,6079,1999-10-20,2023-12-15,24.15,37484.677033662796,103139.99819755554,7,
BSRR,7478,1994-04-18,2023-12-28,29.69,483302.4850845337,197316.99571609497,7,
BST,5504,2000-01-03,2023-12-28,23.98,3097268.989086151,10392.499876022339,28,
BSTC,7212,1991-11-14,2020-07-02,28.63,2424158.4957122803,63000.0,7,
BSTZ,1136,2019-06-26,2023-12-28,4.51,4921424.010848999,5107987.399673462,4,
BSV,4211,2007-04-10,2023-12-28,16.72,168950917.54951477,79405032.60498047,5,
BSVN,1327,2018-09-20,2023-12-28,5.27,299552.00119018555,181450.0,4,
BSX,7962,1992-05-19,2023-12-28,31.61,364161750.6549835,116454728.8887024,7,
BTA,4491,2006-02-27,2023-12-28,17.83,362902.9959201813,411593.99585723877,5,
BTAI,1463,2018-03-08,2023-12-28,5.81,8907887.115478516,5552905.06811142,4,
BTE,4466,2006-04-03,2023-12-28,17.74,14498755.991530418,5584024.377727509,5,
BTEC,793,2016-08-22,2020-07-02,3.86,43893.89896392822,30083.999633789062,15,
BTG,2964,2008-06-24,2020-04-01,11.77,21579683.188164234,2527795.5520033836,5,
BTI,11021,1980-04-14,2023-12-28,43.7,118420129.70600128,2597218.75,7,
BTN,4914,2000-12-19,2020-07-02,19.53,27640.000212192535,71519.997446239,7,
BTO,7395,1994-08-16,2023-12-28,29.37,1581220.0106620789,1503555.9661865237,7,
BTT,2850,2012-08-30,2023-12-28,11.33,2550165.485191345,2676259.5044136047,5,
BTU,1697,2017-04-03,2023-12-28,6.74,68533327.61306763,37190233.699035645,4,
BTYS,44,2020-02-05,2020-07-02,0.41,4980.099868774414,4980.099868774414,12,
BTZ,4282,2006-12-22,2023-12-28,17.02,2672694.0596580505,2578830.004835129,5,
BUD,3649,2009-07-01,2023-12-28,14.49,103436480.77640533,101504614.05944823,5,
BUG,1074,2015-01-06,2023-12-28,8.97,3392822.0314979553,3822381.036567688,1691,
BUI,3043,2011-11-23,2023-12-28,12.1,1033523.9669799805,974813.9577865601,5,
BUL,270,2015-01-06,2020-07-02,5.49,5314.400005340576,5337.30001449585,522,
BURL,2578,2013-10-02,2023-12-28,10.24,183504403.29666138,116449399.69100952,4,
BUSE,6349,1998-10-06,2023-12-28,25.23,3034240.0093078613,761990.9591674805,7,
BUY,401,2015-01-12,2020-07-02,5.47,5821.350002288817,7963.999938964844,988,
BUYZ,82,2020-02-27,2020-07-02,0.34,136277.40230560303,136277.40230560303,5,
BV,1385,2018-06-28,2023-12-28,5.5,1893742.9619312286,2865656.016921997,4,
BVN,6953,1996-05-15,2023-12-28,27.62,9574447.648143768,12862902.96163559,7,
BVSN,5985,1996-06-21,2020-04-01,23.78,18896.0002720356,180400.0,7,
BVXV,1220,2015-05-12,2020-07-02,5.14,107592.00208187103,36340.799498558044,7,
BW,2354,2014-08-11,2023-12-28,9.38,2179606.5036535263,2877897.0366716385,17,
BWA,7649,1993-08-13,2023-12-28,30.37,86082432.88329315,42625873.388671875,7,
BWB,517,2018-03-14,2020-04-01,2.05,675711.9923114777,672463.9869689941,4,
BWFG,3459,2010-04-05,2023-12-28,13.73,310574.4981765747,164304.0008544922,5,
BWG,2958,2012-03-28,2023-12-28,11.75,386799.50370788574,854015.4692649841,5,
BWL-A,968,2015-01-02,2020-06-19,5.46,8879.99997138977,7500.0,18,
BWMX,1256,2019-01-03,2023-12-28,4.98,419628.0152320862,470414.5065307617,4,
BWX,4082,2007-10-11,2023-12-28,16.21,5159001.002025604,8633131.52294159,5,
BWXT,3376,2010-08-02,2023-12-28,13.4,32386698.19984436,22498086.827278137,5,
BWZ,1385,2015-01-02,2020-07-02,5.5,728095.4907417296,660858.017539978,4,
BX,4159,2007-06-22,2023-12-28,16.52,334437774.35035706,118186710.84651947,5,
BXC,4793,2004-12-14,2023-12-28,19.04,6276889.059448242,656639.991760254,5,
BXG,7548,1985-11-21,2020-07-02,34.61,385637.50200271606,171820.07963740826,1667,
BXMT,10842,1980-12-29,2023-12-28,43.0,48437005.17539978,106529.99858856201,7,
BXMX,3939,2004-10-27,2020-06-19,15.64,2462299.9720573425,1775733.0099105833,5,
BXP,6677,1997-06-18,2023-12-28,26.53,84268587.65773773,75846375.0,7,
BXRX,1037,2019-11-14,2023-12-28,4.12,136165.7877497077,691545.5856628418,4,
BXS,8751,1985-10-16,2020-07-02,34.71,11380452.08530426,,5,
BY,1635,2017-06-30,2023-12-28,6.49,1900785.9695434575,1548504.0130615234,4,
BYD,7605,1993-10-15,2023-12-28,30.2,50487855.67474365,14742102.816009521,7,
BYFC,7042,1996-01-09,2023-12-28,27.97,38881.999113082886,3084.999930858612,7,
BYLD,2438,2014-04-24,2023-12-28,9.68,330669.50187683105,234552.50120162964,4,
BYM,5328,2002-10-29,2023-12-28,21.16,673388.4918689728,639223.5076904297,5,
BYND,1174,2019-05-02,2023-12-28,4.66,24286478.374910355,223470440.33470154,4,
BYSI,1714,2017-03-09,2023-12-28,6.8,57496.99924886227,365981.494808197,4,
BZH,7515,1994-02-23,2023-12-28,29.84,7562424.475240707,7528359.024524689,7,
BZM,4578,2002-04-26,2020-07-02,18.18,31581.00004196167,34000.0,5,
BZUN,2168,2015-05-20,2023-12-28,8.61,1825847.441983223,18918867.47608185,4,
C,11849,1977-01-03,2023-12-28,46.98,727397477.4686813,460043022.91870123,7,
CAAP,1487,2018-02-01,2023-12-28,5.9,1084101.4760017395,778815.9790039062,4,
CAAS,5229,2003-03-24,2023-12-28,20.76,261634.002494812,246160.00690460205,5,
CABA,1051,2019-10-25,2023-12-28,4.18,5872950.547504425,1123325.0,4,
CABO,2153,2015-06-11,2023-12-28,8.55,35321235.6262207,37717981.396484375,4,
CAC,6599,1997-10-08,2023-12-28,26.22,1406285.0147247314,415680.00183105463,7,
CACC,7950,1992-06-05,2023-12-28,31.56,30451222.103881836,1855716.025543213,7,
CACG,794,2017-05-04,2020-07-02,3.16,376050.8514404297,287641.99867248535,4,
CACI,11040,1980-03-17,2023-12-28,43.78,40592278.47442627,6468217.570304871,7,
CADE,9628,1985-10-16,2023-12-28,38.2,28283704.469299316,2309492.0433044434,7,
CAE,7042,1996-01-10,2023-12-28,27.96,4050186.057472229,,5,
CAF,4342,2006-09-28,2023-12-28,17.25,299419.49791908264,2774508.5419654846,5,
CAG,11041,1980-03-17,2023-12-28,43.78,132482858.8306427,,7,
CAH,10186,1983-08-04,2023-12-28,40.4,175185538.0847931,,7,
CAI,5121,2000-01-03,2020-07-02,20.5,2130362.9450798035,560111.0071182251,7,
CAJ,10162,1980-03-17,2020-07-02,40.29,7876550.094795227,2596808.8090896606,7,
CAKE,7877,1992-09-18,2023-12-28,31.27,28288390.28778076,22821247.424316403,7,
CAL,11040,1980-03-17,2023-12-28,43.78,11433324.670791626,2259805.042362213,7,
CALA,2326,2014-10-02,2023-12-28,9.24,140.32500209100527,1266142.2031861544,4,
CALB,1483,2018-02-07,2023-12-28,5.89,210368.49746704102,99744.00329589844,4,
CALF,1644,2017-06-19,2023-12-28,6.52,22399539.08958435,660102.4812698364,4,
CALM,6806,1996-12-12,2023-12-28,27.04,37914494.38247681,5022179.524040223,7,
CALT,938,2018-01-02,2023-12-28,5.98,128051.75352096558,208896.1868276596,828,
CALX,3466,2010-03-24,2023-12-28,13.76,26096137.267684937,2977411.51573658,5,
CAMP,10093,1983-12-13,2023-12-28,40.04,274945.50243616104,493170.99428176886,7,
CAMT,5892,2000-07-28,2023-12-28,23.42,5718569.811058044,168201.00140571594,7,
CAN,1033,2019-11-20,2023-12-28,4.1,5128072.467803955,7896999.573707581,4,
CANE,3090,2011-09-19,2023-12-28,12.27,762868.0072307587,148636.99848651886,5,
CANF,2805,2012-11-06,2023-12-28,11.14,42088.50020170212,124858.5,4,
CANG,1366,2018-07-26,2023-12-28,5.42,52261.50009036064,124605.00452518463,4,
CAPE,1773,2015-01-02,2023-12-28,8.99,503156.9893836975,351209.99908447266,641,
CAPL,2811,2012-10-25,2023-12-28,11.17,670678.5146713257,1001560.019493103,5,
CAPR,4249,2007-02-13,2023-12-28,16.87,387431.01004362106,64640.0,5,
CAR,10156,1983-09-14,2023-12-28,40.29,85991192.37823486,35284578.0356884,7,
CARA,2495,2014-01-31,2023-12-28,9.91,2197558.912372589,6143494.901943207,4,
CARE,1343,2015-01-02,2020-07-02,5.5,927412.4839782715,188484.99431610105,6,
CARG,1563,2017-10-12,2023-12-28,6.21,18275655.953025818,25797262.789154053,4,
CARO,1482,2014-05-14,2020-04-01,5.88,2084309.073638916,1108266.029548645,4,
CARR,1002,2007-12-27,2023-12-28,16.0,218127399.8090744,183646780.99269867,3079,
CARS,1656,2017-06-01,2023-12-28,6.57,6259893.961811066,9337098.285341263,4,
CARV,7346,1994-10-25,2023-12-28,29.17,50290.0004863739,14400.0,7,
CARZ,3181,2011-05-10,2023-12-28,12.64,172735.50338745117,154237.99438476562,5,
CASA,1518,2017-12-15,2023-12-28,6.03,238670.00597715378,1590197.4523067474,4,
CASH,7625,1993-09-20,2023-12-28,30.27,8643795.169830322,,5,
CASI,6934,1996-06-12,2023-12-28,27.54,46507.49886035919,282364.4997239113,7,
CASS,6920,1996-07-02,2023-12-28,27.49,1833542.9862976074,485764.20294094086,7,
CASY,10130,1983-10-20,2023-12-28,40.19,54866474.55749512,3686491.4684295654,7,
CAT,13618,1970-01-02,2023-12-28,53.98,667527935.9390259,53499356.25,7,
CATB,1265,2015-06-25,2020-07-02,5.02,572610.0186109543,402929.9949645996,4,
CATH,1033,2016-04-26,2020-07-02,4.18,413359.99584198,237281.98699951166,5,
CATM,1385,2015-01-02,2020-07-02,5.5,14682932.759284971,12703382.194519043,4,
CATO,9246,1987-04-22,2023-12-28,36.68,508425.50461292267,1953352.040863037,7,
CATS,4166,2003-12-15,2020-07-02,16.55,2097942.9679870605,6533.999991416931,5,
CATY,8322,1990-12-14,2023-12-28,33.04,10638124.066925049,5197949.913024902,7,
CBAT,4751,2005-02-14,2023-12-28,18.87,105997.49518632889,195939.00303840637,5,
CBAY,2494,2014-02-03,2023-12-28,9.9,16318214.377689362,2300394.052505493,4,
CBB,1385,2015-01-02,2020-07-02,5.5,5640919.902896881,3868216.1043167114,4,
CBD,7000,1996-03-08,2023-12-28,27.81,2537662.075948715,6335825.869369507,7,
CBFV,5092,2003-10-07,2023-12-28,20.22,61518.49908828737,11162.499618530273,5,
CBH,1763,2015-01-23,2023-12-28,8.93,217257.00407028198,264599.9946594238,60,
CBIO,1365,2015-01-02,2020-07-02,5.5,852782.981300354,601314.0110015868,9,
CBL,1927,2015-01-02,2023-12-28,8.99,1551186.440563202,9759245.164728167,488,
CBLI,3510,2006-07-25,2020-07-02,13.94,55228.498432040215,143362.00199127197,5,
CBMB,379,2018-09-28,2020-04-01,1.51,37743.00003051758,43960.00146865845,4,
CBMG,1385,2015-01-02,2020-07-02,5.5,828764.984035492,606720.0241088867,4,
CBNK,1323,2018-09-26,2023-12-28,5.25,331215.00062942505,276611.99083328247,4,
CBON,2298,2014-11-11,2023-12-28,9.13,120261.25040054324,65665.6494140625,4,
CBPO,1385,2015-01-02,2020-07-02,5.5,10265787.266540527,16366745.48034668,4,
CBRL,10625,1981-11-05,2023-12-28,42.14,41239421.71707153,12236275.708007814,7,
CBSH,11040,1980-03-17,2023-12-28,43.78,25698434.959602356,4110620.7232284546,7,
CBSHP,1524,2014-06-16,2020-07-02,6.05,131771.00133895874,181735.00566482544,4,
CBT,10878,1980-11-05,2023-12-28,43.14,19888758.751678467,6292704.734134674,7,
CBTX,666,2017-11-08,2020-07-02,2.65,1128536.0107421875,1275176.9749641418,4,
CBU,9599,1985-11-26,2023-12-28,38.09,14022449.983215332,1677188.9778137207,7,
CC,2172,2015-03-05,2023-12-28,8.82,31862003.443145752,41452064.84861374,22,
CCAC,21,2020-04-23,2020-07-02,0.19,11820.000457763674,11820.000457763674,25,
CCAP,986,2016-11-14,2023-12-28,7.12,1509751.969909668,875914.4923210146,1098,
CCB,1376,2015-02-20,2023-12-28,8.85,1663991.9692993164,611014.0132904053,537,
CCBG,7445,1994-06-06,2023-12-28,29.56,811685.9935760498,294877.0101547241,7,
CCCL,2710,2007-12-17,2020-07-02,12.54,42662.49998956919,61299.99988526106,99,
CCD,2278,2014-08-18,2023-12-28,9.36,1450752.0099639893,1552332.516384125,119,
CCEP,9348,1986-11-24,2023-12-28,37.09,66971393.505477905,31284454.447746277,7,
CCF,7039,1994-04-15,2023-11-14,29.58,3326569.7745895386,156800.0,12,
CCH,339,2018-11-26,2020-04-01,1.35,15134.999513626099,12264.00032043457,4,
CCI,6383,1998-08-18,2023-12-28,25.36,282518452.7320862,87854812.5,7,
CCJ,6996,1996-03-14,2023-12-28,27.79,132557639.57185747,26013415.687179565,7,
CCK,11040,1980-03-17,2023-12-28,43.78,77011838.82293701,14705514.315032959,7,
CCL,8303,1987-07-24,2020-07-02,32.94,257214576.6002655,84015100.41275024,7,
CCLP,3156,2011-06-15,2023-12-28,12.54,64309.49918627739,286212.0002269745,5,
CCM,3535,2009-12-11,2023-12-28,14.05,1119.9999809265137,49967.499017715454,5,
CCMP,1385,2015-01-02,2020-07-02,5.5,30494222.634887695,13434662.850952148,4,
CCNE,7488,1994-04-04,2023-12-28,29.73,967927.9571533203,115526.00088119507,7,
CCOI,5513,2002-02-05,2023-12-28,21.89,18558948.702430725,8756072.280883789,5,
CCOR,781,2017-05-25,2020-07-02,3.1,366315.4909133911,250449.00283813477,4,
CCR,1261,2015-07-01,2020-07-02,5.0,359285.0068092346,497799.0188598633,4,
CCRC,1124,2015-12-21,2020-07-02,4.53,29971.50011062622,1375490.9940242767,5,
CCRN,5582,2001-10-25,2023-12-28,22.17,10809598.188781738,2183332.9965114594,5,
CCS,2400,2014-06-18,2023-12-28,9.53,13736732.830810547,8263705.541229248,4,
CCX,343,2015-01-02,2020-07-02,5.5,163959.0039730072,51075.00076293945,1096,
CCXI,2114,2012-02-08,2020-07-02,8.4,20651099.83997345,1195141.5261983871,5,
CCXX,57,2020-04-03,2020-07-02,0.25,1391519.9489593504,1391519.9489593504,6,
CCZ,1343,2015-01-02,2023-12-28,8.99,0.0,5500.0,168,
CDAY,1429,2018-04-26,2023-12-28,5.67,77340903.06587219,68101626.9317627,4,
CDC,2390,2014-07-02,2023-12-28,9.49,7269736.0149383545,1965291.297340393,4,
CDE,11040,1980-03-17,2023-12-28,43.78,14979245.146894457,3143375.0,7,
CDEV,1062,2016-04-15,2020-07-02,4.21,20233873.927021027,23866057.257175446,4,
CDL,2135,2015-07-08,2023-12-28,8.47,1082686.5808486938,591780.8044433594,4,
CDLX,1481,2018-02-09,2023-12-28,5.88,5020657.476425171,12261257.655620575,4,
CDMO,7488,1994-04-04,2023-12-28,29.73,6698151.118469238,800542.9986777306,7,
CDMOP,1340,2015-01-02,2020-07-02,5.5,65575.1998901367,61219.499015808105,5,
CDNA,2380,2014-07-17,2023-12-28,9.45,7793690.987873077,9154540.536260605,4,
CDNS,9212,1987-06-10,2023-12-28,36.55,316924581.23550415,27854501.37319565,7,
CDOR,1288,2015-01-02,2020-07-02,5.5,178201.00002288818,56652.00080871582,10,
CDR,1385,2015-01-02,2020-07-02,5.5,819907.4959635735,1705037.0649337769,4,
CDTX,2193,2015-04-15,2023-12-28,8.7,669616.005063057,475875.0,4,
CDW,1758,2013-06-27,2020-06-19,6.98,112316125.39215088,44604346.154785156,4,
CDXC,3018,2008-06-25,2020-06-19,11.98,957167.0004844666,160314.00527954102,5,
CDXS,3446,2010-04-22,2023-12-28,13.68,2232131.980419159,1259815.9782648087,5,
CDZI,8816,1989-01-03,2023-12-28,34.98,739003.985273838,313499.9980330467,7,
CE,4767,2005-01-21,2023-12-28,18.93,118949649.33929443,65338761.79962158,5,
CEA,1385,2015-01-02,2020-07-02,5.5,416794.9924468994,551027.9899597168,4,
CECE,9982,1980-12-02,2020-07-02,39.58,513483.00478458405,32062.5,7,
CEE,8524,1990-02-28,2023-12-28,33.83,94900.0,424293.0046081543,7,
CEF,9512,1986-04-03,2023-12-28,37.74,7406977.347373964,1870463.999390602,7,
CEFD,900,2020-06-03,2023-12-28,3.57,61473.49891662598,35782.950496673584,4,
CEFS,828,2017-03-21,2020-07-02,3.28,181951.29795074463,138585.00337600708,4,
CEI,4196,2007-05-01,2023-12-28,16.66,995807.5140982866,0.0,5,
CEIX,1540,2017-11-14,2023-12-28,6.12,41440634.37957764,10229055.52558899,4,
CEL,3311,2007-02-07,2020-04-01,13.15,44093.99971961975,1133297.9968070984,5,
CELC,1579,2017-09-20,2023-12-28,6.27,516690.0067806244,279830.9898376465,4,
CELH,4265,2007-01-22,2023-12-28,16.93,148939837.5,81950.0,5,
CELP,1385,2015-01-02,2020-07-02,5.5,125708.99662971495,182015.99593162534,4,
CEM,3401,2010-06-25,2023-12-28,13.51,1092426.9973754883,2839564.0604019165,5,
CEMB,2018,2012-04-19,2020-07-02,8.2,1257234.990119934,252020.50132751465,7,
CEMI,4894,2000-10-18,2020-07-02,19.7,256650.49831867218,16539.999532699585,92,
CENT,7923,1992-07-15,2023-12-28,31.45,1549639.5175933838,1692290.031337738,7,
CENTA,4254,2007-02-06,2023-12-28,16.89,5660106.935501099,3741232.645511627,5,
CENX,6986,1996-03-29,2023-12-28,27.75,10200264.138412476,,5,
CEO,4868,2001-02-27,2020-07-02,19.34,14974756.269836426,18532704.14276123,7,
CEQP,1385,2015-01-02,2020-07-02,5.5,12078971.95777893,6997880.106353761,4,
CERC,1184,2015-10-15,2020-07-02,4.71,297072.99633026123,240873.00280332565,4,
CERN,8462,1986-12-05,2020-07-02,33.57,137043888.09432983,21848694.036865234,7,
CERS,6772,1997-01-31,2023-12-28,26.9,2659929.0103793144,2111544.016313553,7,
CET,11040,1980-03-17,2023-12-28,43.78,593789.9894714355,186234.99879837036,7,
CETV,6476,1994-10-13,2020-07-02,25.72,1691090.9691095352,1314206.9837093353,7,
CETX,2143,2015-06-25,2023-12-28,8.51,113626.00088119507,222912.00065612793,4,
CETXP,628,2017-02-17,2020-07-02,3.37,1754.6667039394379,4636.648094654083,15,
CEV,6272,1999-01-27,2023-12-28,24.92,172930.00326156616,165345.37868499756,7,
CEVA,5325,2002-11-01,2023-12-28,21.16,2765321.062850952,2075681.9896698,5,
CEZ,1137,2015-01-08,2020-07-01,5.48,24417.600059509277,46667.00210571289,18,
CF,4627,2005-08-11,2023-12-28,18.38,179316642.20428467,146785837.600708,5,
CFA,2390,2014-07-02,2023-12-28,9.49,759567.4819946289,1027141.5004730223,4,
CFB,2812,2010-12-29,2023-12-28,13.0,1102622.030210495,22.0,562,
CFBI,794,2017-04-28,2020-07-02,3.18,25557.49969482422,35282.00044631958,4,
CFBK,6290,1998-12-30,2023-12-28,24.99,27801.00030899048,4116.022109985352,7,
CFCV,22,2020-06-02,2020-07-02,0.08,5059.5001220703125,5059.5001220703125,4,
CFFA,343,2019-02-06,2020-07-02,1.4,43859.99870300294,15405.000686645508,6,
CFFAW,1,2020-07-02,2020-07-02,0.0,67750.30043363571,67750.30043363571,0,
CFFI,6454,1998-05-07,2023-12-28,25.64,327561.5104675293,77932.99942016602,7,
CFFN,5285,1999-04-01,2020-04-01,21.0,3529062.5200271606,3968650.0453948975,7,
CFG,2332,2014-09-24,2023-12-28,9.26,161361362.82806396,150801693.1098938,4,
CFMS,1262,2015-06-30,2020-07-02,5.01,745329.2345911264,1222717.469549179,4,
CFO,2390,2014-07-02,2023-12-28,9.49,1839168.832206726,1685970.0355529785,4,
CFR,11040,1980-03-17,2023-12-28,43.78,45877621.65603638,5164162.628173828,7,
CFRX,1384,2015-01-02,2020-07-02,5.5,1017235.4866266251,182570.99866867065,4,
CFX,1385,2015-01-02,2020-07-02,5.5,35462452.914237976,30460048.627853394,4,
CFXA,367,2019-01-16,2020-07-02,1.46,2637787.0403289795,2823590.0115966797,4,
CG,2933,2012-05-03,2023-12-28,11.65,77534107.8157425,17927868.6126709,5,
CGA,3954,2008-04-16,2023-12-28,15.7,12580.499970912933,125221.99891805649,5,
CGBD,1647,2017-06-14,2023-12-28,6.54,2739762.007331848,2785846.0231781006,4,
CGC,2450,2014-04-07,2023-12-28,9.72,13798679.997673035,23760210.66203118,4,
CGEN,5882,2000-08-11,2023-12-28,23.38,217844.50025260448,398069.50327157974,7,
CGIX,1825,2013-04-05,2020-07-02,7.24,469408.50059986115,349920.00732421875,4,
CGNX,8678,1989-07-20,2023-12-28,34.44,37107413.2270813,7693737.906455994,7,
CGO,3631,2005-10-27,2020-04-01,14.43,284265.0022506714,338122.9935646057,5,
CGRO,55,2020-06-29,2023-12-28,3.5,2016.3000106811523,2016.3000106811523,1202,
CGROU,43,2020-05-01,2020-07-01,0.17,196019.99244689938,196019.99244689938,4,
CGROW,1,2020-07-01,2020-07-01,0.0,27106.200261116028,27106.200261116028,0,
CGW,4187,2007-05-14,2023-12-28,16.62,2035230.4439544678,1364969.9398040771,5,
CHA,4438,2002-11-14,2020-07-02,17.63,2695140.937900543,3158108.504676819,5,
CHAD,1271,2015-06-17,2020-07-02,5.04,505908.9987754822,568327.9907226562,4,
CHAP,1038,2007-12-28,2020-07-02,12.51,465361.6960644722,114599.99942779541,1575,
CHAQ,8,2020-06-22,2020-07-02,0.03,12963.750314712524,12963.750314712524,4,
CHAU,1336,2015-01-02,2020-07-02,5.5,5504540.946388245,3365338.022994995,23,
CHCI,4793,2004-12-14,2023-12-28,19.04,23247.999668121338,46199.997901916504,5,
CHCO,9200,1987-06-26,2023-12-28,36.51,5914723.555755615,1120786.4700317383,7,
CHD,11040,1980-03-17,2023-12-28,43.78,119096881.34651184,3443326.970100403,7,
CHDN,7745,1993-03-29,2023-12-28,30.75,40434223.21739197,1460250.0,7,
CHE,12776,1973-05-03,2023-12-28,50.65,35230636.12365723,825050.0,7,
CHEF,3126,2011-07-28,2023-12-28,12.42,9550254.27312851,3618390.0566101074,5,
CHEK,2222,2015-03-04,2023-12-28,8.82,67612.00089454651,120192.70058393478,4,
CHEKZ,1,2020-07-02,2020-07-02,0.0,1207.4499802663913,1207.4499802663913,0,
CHFS,912,2012-07-09,2020-07-02,7.98,481453.0056357384,349120.4956114292,502,
CHGG,2548,2013-11-13,2023-12-28,10.12,29544093.630790707,26202464.637565613,4,
CHGX,585,2017-10-10,2020-07-02,2.73,64691.200256347656,32554.999351501476,10,
CHH,6846,1996-10-16,2023-12-28,27.2,47078820.69396973,7174159.957885742,7,
CHI,4472,2002-06-27,2020-04-01,17.76,1778382.0042610168,2203371.5195655823,5,
CHIC,3508,2010-01-22,2023-12-28,13.93,8751.000022888184,45036.000061035156,5,
CHIE,3508,2010-01-22,2023-12-28,13.93,53267.000102996826,11586.500024795532,5,
CHIH,346,2018-12-11,2020-07-02,1.56,32637.049770355232,21279.350566864014,7,
CHII,3543,2009-12-01,2023-12-28,14.07,4210.000038146973,10125.0,5,
CHIK,365,2018-12-11,2020-07-02,1.56,61402.799224853516,41469.00157928467,6,
CHIL,344,2018-12-11,2020-07-02,1.56,12591.300010681152,12591.300010681152,9,
CHIM,3513,2010-01-14,2023-12-28,13.95,5553.499889373779,13725.0,5,
CHIR,1271,2018-12-11,2023-12-28,5.05,59175.00019073486,42021.001052856445,4,
CHIS,337,2018-12-11,2020-07-02,1.56,49679.999351501465,35519.79846954346,34,
CHIU,221,2018-12-11,2020-07-02,1.56,4257.899951934815,4257.899951934815,17,
CHIX,3508,2010-01-22,2023-12-28,13.93,95157.99722671509,275890.4977798462,5,
CHK,6838,1993-02-05,2020-04-01,27.15,67435508.72944593,89253528.66692543,7,
CHKP,5980,1996-06-28,2020-04-01,23.76,97523771.46339417,70300639.64920044,7,
CHL,5711,1997-10-22,2020-07-02,22.69,41168461.12918854,32434339.932250977,7,
CHMA,1251,2015-07-16,2020-07-02,4.96,1554895.0587272644,464399.9876976013,4,
CHMG,6288,1999-01-04,2023-12-28,24.98,408141.00799560547,37509.000396728516,7,
CHMI,2576,2013-10-04,2023-12-28,10.23,1383051.0161161423,1387374.985218048,4,
CHN,7926,1992-07-10,2023-12-28,31.47,194872.9953289032,627791.7591094971,7,
CHNA,464,2018-08-15,2020-07-02,1.88,87734.99794006349,52965.000438690186,5,
CHNG,1,2020-07-02,2020-07-02,0.0,27206028.756523136,27206028.756523136,0,
CHNGU,251,2019-06-27,2020-07-02,1.02,1809825.0,1809825.0,5,
CHNR,6271,1995-08-07,2020-07-02,24.9,12506.000113487244,26875.0,7,
CHPM,73,2020-01-10,2020-07-01,0.47,339648.0079650879,339648.0079650879,13,
CHPMU,97,2019-11-22,2020-06-18,0.57,107099.99799728394,107099.99799728394,20,
CHRA,517,2018-06-14,2020-07-02,2.05,60694.00131702423,156550.0,4,
CHRS,3024,2001-07-16,2023-12-28,22.45,8945665.76347351,7026192.032718658,1210,
CHRW,6593,1997-10-16,2023-12-28,26.2,94746843.75,70675850.0,7,
CHS,7748,1993-03-24,2023-12-28,30.76,10008338.780975342,19534603.520965576,7,
CHSCL,1376,2015-01-15,2020-07-02,5.46,798007.9800605774,867477.4954795837,4,
CHSCM,1464,2014-09-10,2020-07-02,5.81,564579.5085906982,708665.9954071045,4,
CHSCN,1594,2014-03-06,2020-07-02,6.32,411895.4936027527,434032.4884414673,4,
CHSCO,1385,2015-01-02,2020-07-02,5.5,520128.0086517334,471439.99366760266,4,
CHSCP,4287,2003-03-24,2020-04-01,17.02,352080.4938316345,270600.0,5,
CHT,5148,2003-07-18,2023-12-28,20.45,4026370.9337234497,6459008.523178101,5,
CHTR,3520,2010-01-05,2023-12-28,13.98,381465744.72198486,321713851.43585205,5,
CHU,5040,2000-06-21,2020-07-02,20.03,3466124.092435837,5993110.036182404,7,
CHUY,2877,2012-07-24,2023-12-28,11.43,3492562.9516601562,3881884.9473953256,5,
CHW,4136,2007-07-26,2023-12-28,16.42,809493.9905405045,1472084.9959373474,5,
CHWY,1144,2019-06-14,2023-12-28,4.54,138224109.98764038,160516986.55776978,4,
CHX,2087,2015-01-02,2023-12-28,8.99,39153716.246414185,18111472.198486328,64,
CHY,5183,2003-05-29,2023-12-28,20.58,1727834.0438842773,2218596.0505485535,5,
CI,10525,1982-03-31,2023-12-28,41.74,399674032.3867798,67182195.08914948,7,
CIA,10858,1980-12-04,2023-12-28,43.06,120410.99877357483,111443.6338186264,7,
CIB,7157,1995-07-26,2023-12-28,28.42,6982769.121170044,7782785.347747803,7,
CIBR,2136,2015-07-07,2023-12-28,8.48,18152617.401123047,7317201.821136475,4,
CID,2104,2015-08-20,2023-12-28,8.36,9419.99988555908,48888.75102996826,4,
CIDM,4190,2003-11-10,2020-07-02,16.64,28707.999205589294,88308.0011844635,5,
CIEN,6767,1997-02-07,2023-12-28,26.89,64902775.06942749,69760612.15553282,7,
CIF,7987,1988-07-22,2020-04-01,31.69,138873.99468421936,142505.99961280823,7,
CIFS,667,2017-08-08,2020-04-01,2.65,113043.00087690355,701216.0186767578,4,
CIG-C,4167,2007-06-12,2023-12-28,16.54,132766.779774189,7336.884261131287,5,
CIG,6823,1996-11-18,2023-12-28,27.11,7747783.257257938,10383124.879074097,7,
CIGI,7286,1995-01-20,2023-12-28,28.94,8165062.110900879,492427.1533966064,7,
CIH,3136,2003-06-02,2020-07-02,17.08,158505.0015091896,423504.5,327,
CII,4932,2004-05-26,2023-12-28,19.59,1260008.0001831055,1552977.0442008972,5,
CIICU,87,2019-12-13,2020-07-02,0.55,89045.94665336607,89045.94665336607,13,
CIK,8313,1987-04-08,2020-04-01,32.98,416141.0057544708,346211.9989871979,7,
CIL,2251,2015-01-02,2023-12-28,8.99,7968.400192260741,23826.598739624023,5,
CIM,4048,2007-11-29,2023-12-28,16.08,10654042.954158783,20929304.416275024,5,
CINF,11040,1980-03-17,2023-12-28,43.78,60995952.19116211,12509825.979232788,7,
CINR,1385,2015-01-02,2020-07-02,5.5,287344.4990158081,463517.99697875977,4,
CIO,2444,2014-04-15,2023-12-28,9.7,1798940.040588379,2060498.0174541473,4,
CIR,5211,1999-10-18,2020-07-02,20.71,4165267.554616928,2704590.079307556,7,
CIT,2658,2009-12-10,2020-07-02,10.56,40515950.36764145,52214971.56391144,5,
CIVB,7486,1994-04-06,2023-12-28,29.73,425567.0044898987,31244.000339508057,7,
CIX,6498,1998-03-06,2023-12-28,25.81,116587.5,,5,
CIZ,2327,2014-10-01,2023-12-28,9.24,111291.99838638306,179479.19158935547,4,
CIZN,5147,1999-10-19,2020-04-01,20.45,21849.000644683838,,5,
CJJD,3585,2009-10-01,2023-12-28,14.24,235623.99930655956,64077.00134515762,5,
CKH,6936,1992-12-17,2020-07-02,27.54,3402708.06388855,5294058.581829071,7,
CKPT,1768,2016-12-19,2023-12-28,7.02,646929.4911146164,400229.98995780945,4,
CKX,6157,1999-07-13,2023-12-28,24.46,7000.0,1729.9999237060547,7,
CL,12777,1973-05-02,2023-12-28,50.66,308289457.83195496,60502474.7718811,7,
CLAR,5550,1995-02-01,2020-04-01,25.16,1467326.0232925415,455579.9939632416,133,
CLB,7117,1995-09-21,2023-12-28,28.27,7029898.04353714,14989991.857910156,7,
CLBK,1433,2018-04-20,2023-12-28,5.69,2211527.9961586,2359690.919494629,4,
CLBS,5372,1999-03-01,2020-07-02,21.34,42390.00107049942,31031.00070953369,7,
CLCT,5197,1999-11-05,2020-07-02,20.66,1671339.957523346,328410.0093841553,7,
CLDB,5399,1999-01-04,2020-07-02,21.49,18760.499668121338,,6,
CLDR,792,2017-04-28,2020-06-19,3.14,38740618.13707352,30635642.068099976,4,
CLDT,3450,2010-04-16,2023-12-28,13.7,1978406.4883708954,3174475.036430359,5,
CLDX,8541,1986-05-15,2020-04-01,33.88,324413.4894132614,,7,
CLEU,917,2020-05-08,2023-12-28,3.64,98035.34932136536,328954.4975101948,4,
CLF,12826,1973-02-21,2023-12-28,50.85,155920816.2329197,,7,
CLFD,9425,1986-08-06,2023-12-28,37.39,9118813.951683044,37051.00140571594,7,
CLGN,1488,2018-01-31,2023-12-28,5.91,64640.99888801575,71628.00025939941,4,
CLGX,7648,1989-11-22,2020-04-01,30.36,23497077.717208862,10319416.66302681,7,
CLH,9095,1987-11-24,2023-12-28,36.09,47225962.37411499,4855500.0,7,
CLI,6510,1994-08-25,2020-07-02,25.85,10461218.13993454,11476118.681430817,7,
CLIR,2939,2012-04-25,2023-12-28,11.67,34805.99994659424,157850.0,5,
CLIX,651,2017-11-16,2020-06-19,2.59,331002.197265625,338587.1967315674,4,
CLM,5389,2002-08-02,2023-12-28,21.4,9729912.395620346,1204127.9724121096,5,
CLMT,3570,2006-01-26,2020-04-01,14.18,624028.9898395538,2495925.0256061554,5,
CLNC,609,2018-02-01,2020-07-02,2.41,4645112.009525299,5022387.922668457,4,
CLNE,4178,2007-05-25,2023-12-28,16.59,7304309.991788864,8446073.05688858,5,
CLNY,1385,2015-01-02,2020-07-02,5.5,11993110.00945568,21838049.643993378,4,
CLOU,1185,2019-04-16,2023-12-28,4.7,3233203.008747101,8499906.470489502,4,
CLPR,1732,2017-02-10,2023-12-28,6.88,211332.9988002777,349671.0050582886,4,
CLPT,2920,2012-05-22,2023-12-28,11.6,533569.51212883,79957.99996376038,5,
CLR,3308,2007-05-15,2020-07-02,13.13,72731542.05741882,86989344.18334961,5,
CLRB,4563,2005-11-10,2023-12-28,18.13,71941.00087881088,0.0,5,
CLRG,1511,2017-12-12,2023-12-13,6.0,880.1772079467773,18958.855072021484,4,
CLRO,7513,1989-03-03,2020-04-01,31.08,13305.999755859375,42460.000920295715,16,
CLS,6417,1998-06-30,2023-12-28,25.49,12968576.550769806,5873087.784576416,7,
CLSD,1907,2016-06-02,2023-12-28,7.57,117364.00275230408,685300.0,4,
CLSK,2723,2013-03-07,2023-12-28,10.81,36963366.49503708,3467.5,4,
CLSN,5309,1999-03-01,2020-07-02,21.34,200160.00279188156,163856.00318908688,92,
CLUB,3546,2006-06-02,2020-07-02,14.08,188191.99536442757,520048.5252857208,5,
CLVS,2170,2011-11-16,2020-07-02,8.63,35429975.80900192,33097231.436538696,5,
CLW,3791,2008-12-05,2023-12-28,15.06,3225744.1528320312,4439418.141174316,5,
CLWT,6744,1997-03-14,2023-12-28,26.79,8086.000293493271,,6,
CLX,12826,1973-02-21,2023-12-28,50.85,169177376.05438232,21610565.365600586,7,
CLXT,750,2017-07-05,2020-07-02,2.99,441974.99084472656,737285.9820842743,8,
CM,6573,1997-11-13,2023-12-28,26.12,44072764.4443512,15083691.355133057,7,
CMA,10099,1980-03-17,2020-04-01,40.04,111535704.91981506,,5,
CMBM,1136,2019-06-26,2023-12-28,4.51,1227829.9850463867,1673779.986667633,4,
CMBS,2986,2012-02-16,2023-12-28,11.86,2166176.04637146,1235352.9735565186,5,
CMC,11040,1980-03-17,2023-12-28,43.78,42883481.130599976,1408312.3522758484,7,
CMCL,9856,1984-11-19,2023-12-28,39.1,602174.9832630157,21175.0,7,
CMCM,2428,2014-05-08,2023-12-28,9.64,32783.99993181229,2864008.955049515,4,
CMCO,7010,1996-02-23,2023-12-28,27.84,3045640.9536361694,1520135.0110054016,7,
CMCSA,11040,1980-03-17,2023-12-28,43.78,728849774.5704651,20592235.520124435,7,
CMCT,7561,1993-12-17,2023-12-28,30.03,40944.000256061554,99750.0,7,
CMD,10157,1980-03-24,2020-07-02,40.27,21363529.06112671,112639.50562477112,7,
CMDY,448,2018-04-05,2020-07-02,2.24,27102.299880981445,34366.00112915039,19,
CME,5301,2002-12-06,2023-12-28,21.06,279459013.7786865,201848013.05770874,5,
CMF,4082,2007-10-11,2023-12-28,16.21,10851127.52494812,2492541.021347046,5,
CMFNL,1,2020-07-02,2020-07-02,0.0,77355.52192687988,77355.52192687988,0,
CMG,4512,2006-01-26,2023-12-28,17.92,444152763.87939453,248919824.9923706,5,
CMI,12827,1973-02-21,2023-12-28,50.85,191389162.76474,,7,
CMLS,1362,2018-08-01,2023-12-28,5.41,449894.0050125122,602697.4903583527,4,
CMO,8778,1985-09-05,2020-07-02,34.82,4822553.9917469025,2034233.0236911774,7,
CMP,5045,2003-12-12,2023-12-28,20.04,10194987.358283997,15383235.28060913,5,
CMPR,4592,2005-09-30,2023-12-28,18.24,6163627.159118652,14942303.50189209,5,
CMRX,2699,2013-04-11,2023-12-28,10.71,838753.9785563946,1943011.028218269,4,
CMS,12826,1973-02-21,2023-12-28,50.85,117425690.44303894,8850634.375,7,
CMSA,573,2018-03-13,2020-06-19,2.27,262894.50302124023,403089.98680114746,4,
CMSC,379,2018-10-01,2020-07-02,1.75,324173.9959716797,371158.99772644043,92,
CMSD,1223,2019-02-21,2023-12-28,4.85,956770.0209617615,996631.9694519043,4,
CMT,8890,1988-09-16,2023-12-28,35.28,1291445.523929596,57780.500531196594,7,
CMTL,11040,1980-03-17,2023-12-28,43.78,1622631.9707870483,731666.6617870331,7,
CMU,9269,1987-03-19,2023-12-28,36.78,179641.49899482727,212625.0,7,
CNA,12826,1973-02-21,2023-12-28,50.85,5981929.609298706,3041291.2101745605,7,
CNAT,1684,2013-07-25,2020-04-01,6.69,195334.00564491746,1078461.5249156952,4,
CNBKA,8348,1987-05-20,2020-07-02,33.12,654040.5120849609,69325.0,7,
CNBS,1118,2019-07-23,2023-12-28,4.43,75233.40058326721,156213.19456100464,4,
CNC,4661,2001-12-13,2020-06-19,18.52,256754632.90424347,18580115.40851593,5,
CNCE,1544,2014-02-13,2020-04-01,6.13,1431044.5362091064,1833610.0059509277,4,
CNCR,2066,2015-10-14,2023-12-28,8.21,25599.999809265137,171491.75157546997,4,
CNDT,1772,2016-12-13,2023-12-28,7.04,2897299.518585205,9317556.935167313,4,
CNET,3618,2009-08-14,2023-12-28,14.37,30282.001012563705,52591.00090742111,5,
CNF,3210,2010-03-15,2023-12-28,13.79,56380.00167608262,0.0,287,
CNFR,2109,2015-08-13,2023-12-28,8.38,2255.999994277954,12000.0,4,
CNFRL,314,2018-10-31,2020-06-30,1.66,30282.000160217285,29941.99991226197,14,
CNHI,2580,2013-09-30,2023-12-28,10.24,71863355.60131073,16740373.150992393,4,
CNI,6817,1996-11-26,2023-12-28,27.09,120109235.83717348,52342193.978881836,7,
CNK,4201,2007-04-24,2023-12-28,16.68,38464601.61123276,25376772.58758545,5,
CNMD,9182,1987-07-23,2023-12-28,36.43,35652833.41026306,3123904.907035828,7,
CNNB,2028,2015-10-15,2023-11-03,8.05,13795.000171661377,1567.5499963760376,4,
CNNE,1536,2017-11-20,2023-12-28,6.1,7348387.024116516,9846162.92886734,4,
CNO,5111,2003-09-10,2023-12-28,20.3,16777730.728530884,18016740.108489987,5,
CNOB,7488,1994-04-04,2023-12-28,29.73,2983458.078289032,179549.49724674225,7,
CNP,13618,1970-01-02,2023-12-28,53.98,109039351.90849304,13024850.464439392,7,
CNQ,5892,2000-07-31,2023-12-28,23.41,126019257.98912048,,5,
CNR,7051,1992-04-03,2020-04-01,27.99,3619839.9588108063,2200345.941257477,7,
CNRG,399,2018-10-23,2020-06-19,1.66,238259.99450683594,127565.00473022461,11,
CNS,4877,2004-08-16,2023-12-28,19.36,8374693.497848511,5066216.21131897,5,
CNSL,4641,2005-07-22,2023-12-28,18.43,1484051.5074253082,2992829.0342330933,5,
CNSP,99,2019-11-08,2020-04-01,0.4,186480.00240325928,186480.00240325928,4,
CNST,493,2018-07-19,2020-07-02,1.95,10085299.911499023,835254.0235519409,4,
CNTG,1042,2019-11-07,2023-12-28,4.14,16211.700171232224,107426.79944038391,4,
CNTY,7587,1993-11-10,2023-12-28,30.13,404988.00122737885,147287.0015144348,7,
CNX,6207,1999-04-30,2023-12-28,24.66,47613955.22670746,58107662.590026855,7,
CNXM,1453,2014-09-25,2020-07-02,5.77,5378262.010574341,2601069.9245452876,4,
CNXN,5558,1998-03-03,2020-04-01,22.08,2846278.5512924194,710015.9930706024,7,
CNXT,1484,2014-07-24,2020-06-19,5.91,310465.29664993286,335888.7457847596,4,
CNYA,1897,2016-06-16,2023-12-28,7.53,1778795.2522277832,899145.0080871582,4,
CO,3312,2007-05-09,2020-07-02,13.15,342984.50224399567,216444.99686956406,5,
COCP,2983,2012-02-22,2023-12-28,11.85,58171.99913263322,73968.00134181976,5,
CODI,4434,2006-05-18,2023-12-28,17.61,2994022.574901581,2556151.4927864075,5,
CODX,746,2017-07-05,2020-06-19,2.96,343273.5056877136,132750.00085830688,4,
COE,5840,1999-09-27,2023-12-28,24.25,25565.000343322754,5248.99982213974,138,
COF,7330,1994-11-16,2023-12-28,29.11,254993255.3951263,183315709.4139099,7,
COFS,5667,2001-06-21,2023-12-28,22.52,238989.00184631348,,6,
COG,7659,1990-02-08,2020-07-02,30.4,130043123.23637007,14394133.73413086,7,
COHN,4981,2004-03-17,2023-12-28,19.78,34563.00001144409,51520.001220703125,5,
COHR,11040,1980-03-17,2023-12-28,43.78,60793850.00295639,3385919.9424743652,7,
COHU,11041,1980-03-17,2023-12-28,43.78,7645939.945220947,,5,
COKE,12826,1973-02-21,2023-12-28,50.85,21482895.553588867,386630.0037384033,7,
COLB,7943,1992-06-16,2023-12-28,31.53,36069076.79634094,2063231.982421875,7,
COLD,1496,2018-01-19,2023-12-28,5.94,40099308.10871124,47378326.637649536,4,
COLL,2177,2015-05-07,2023-12-28,8.64,7175662.801265717,5094432.113647461,4,
COLM,6482,1998-03-27,2023-12-28,25.75,26576096.669006348,10907906.666564941,7,
COM,2187,2015-01-02,2023-12-28,8.99,1167425.0073432922,314596.4920043946,17,
COMB,1628,2016-01-27,2023-12-28,7.92,726169.0282821655,453487.4822616577,353,
COMM,2561,2013-10-25,2023-12-28,10.17,12080358.072042465,33207899.602890022,4,
COMT,2316,2014-10-16,2023-12-28,9.2,5487116.014862061,1581010.4926109314,4,
CONE,1385,2015-01-02,2020-07-02,5.5,73535480.6022644,46370085.27069092,4,
CONN,5057,2003-11-25,2023-12-28,20.09,709916.0135984421,4796276.935386658,5,
COO,10319,1983-01-21,2023-12-28,40.93,92219338.26599121,10344245.669174192,7,
COOP,2958,2012-03-28,2023-12-28,11.75,26195907.77835846,2245392.050743103,5,
COP,10587,1981-12-31,2023-12-28,41.99,566092193.3982849,115264847.92842865,7,
COPX,3448,2010-04-20,2023-12-28,13.69,14036729.19845581,743421.0189819336,5,
COR,7235,1995-04-04,2023-12-28,28.73,210968944.03457642,35973608.74938965,7,
CORE,3833,2005-04-13,2020-07-02,15.22,7553535.156726837,3036762.062072754,5,
CORN,2535,2010-06-09,2020-07-02,10.06,859665.006351471,1598699.9721527104,5,
CORP,1385,2015-01-02,2020-07-02,5.5,3917590.9671783447,3155047.8996276855,4,
CORR,4256,2007-02-02,2023-12-28,16.9,42094.61733189225,657258.9088039398,5,
CORT,4020,2004-04-14,2020-04-01,15.96,8912984.97800827,502488.49680423737,5,
CORV,4209,2003-07-15,2020-04-01,16.71,350439.9882256985,521820.01276016235,5,
COST,9445,1986-07-09,2023-12-28,37.47,877336287.7807617,164484892.60864258,7,
COTY,2655,2013-06-13,2023-12-28,10.54,51929759.2880249,50153206.82144165,4,
COUP,941,2016-10-06,2020-07-02,3.74,238677788.72833252,54032150.69503784,4,
COW,3131,2007-10-25,2020-07-02,12.69,253395.45459747314,486514.0016555786,92,
COWN,3518,2006-07-13,2020-07-02,13.97,3565572.0039367676,2016551.979637146,5,
COWNL,453,2018-06-14,2020-04-01,1.8,219939.2526626587,279399.99580383307,4,
COWNZ,640,2017-12-15,2020-07-02,2.55,206685.49556732178,241745.2973365784,4,
COWZ,1765,2016-12-22,2023-12-28,7.01,87893801.64470673,1897400.0,4,
CP,10081,1983-12-30,2023-12-28,39.99,147118943.53637695,14901852.438354494,7,
CPA,4539,2005-12-15,2023-12-28,18.03,35255828.549957275,25606957.360839844,5,
CPAA,102,2019-09-09,2020-07-02,0.81,124795.00107765198,124795.00107765198,20,
CPAAU,179,2019-07-18,2020-04-01,0.71,24737.159908294678,24737.159908294678,4,
CPAAW,1,2020-06-19,2020-06-19,0.0,4250.00011920929,4250.00011920929,0,
CPAC,2983,2012-02-22,2023-12-28,11.85,21441.999340057373,53600.00133514404,5,
CPB,12826,1973-02-21,2023-12-28,50.85,107507137.11338043,18433567.28773117,7,
CPE,8506,1990-03-26,2023-12-28,33.76,49739599.65381622,1474821.029138565,7,
CPER,3049,2011-11-15,2023-12-28,12.12,1302735.984802246,82760.99700927734,5,
CPF,8214,1987-08-28,2020-04-01,32.59,3316078.0097961426,520280.0109863281,7,
CPG,5084,2003-10-20,2023-12-28,20.19,28386404.892206192,,5,
CPHC,2912,2008-09-08,2020-04-01,11.56,19075.99959373474,13685.99967956543,5,
CPHI,5464,2002-04-17,2023-12-28,21.7,83084.5016476512,28219.99913305044,5,
CPI,3763,2009-01-02,2023-12-13,14.94,9270.598511695862,45015.99922180176,5,
CPIX,3621,2009-08-11,2023-12-28,14.38,18895.50052881241,89836.00254058838,5,
CPK,11040,1980-03-17,2023-12-28,43.78,9221116.534042358,128083.32934379578,7,
CPLG,526,2018-06-01,2020-07-02,2.09,2204274.046611786,3670116.485309601,4,
CPLP,4217,2007-03-30,2023-12-28,16.75,413727.9890060425,1376549.964904785,5,
CPRI,3028,2011-12-15,2023-12-28,12.04,86677901.65596008,116098985.4183197,5,
CPRT,7499,1994-03-17,2023-12-28,29.78,150472900.26626587,13295479.449462889,7,
CPRX,3426,2006-11-08,2020-06-19,13.61,8341127.321195602,529091.9950246811,5,
CPS,2479,2010-05-27,2020-04-01,9.85,6968431.966209413,3456960.0845336914,5,
CPSH,7487,1994-04-05,2023-12-28,29.73,61840.001344680786,2000.0000298023224,7,
CPSI,5440,2002-05-21,2023-12-28,21.6,2145024.9752521515,2797885.5165481567,5,
CPSS,7853,1992-10-22,2023-12-28,31.18,265514.4926071167,113199.00305271149,7,
CPST,5033,2000-06-30,2020-07-02,20.01,471156.0039281845,1587200.0,7,
CPT,7665,1993-07-22,2023-12-28,30.43,81139254.98352051,27658082.54699707,7,
CPTA,1385,2015-01-02,2020-07-02,5.5,911747.4622726439,833459.9817276002,4,
CPTAG,723,2017-07-05,2020-07-02,2.99,71484.9988937378,66420.00102996828,5,
CPTAL,735,2017-07-06,2020-07-02,2.99,100455.15260696411,83235.40306091309,7,
CPZ,4548,2001-09-28,2023-12-28,22.25,666566.0007953644,1219367.971420288,1246,
CQP,4224,2007-03-21,2023-12-28,16.77,7105424.185180664,5296079.021263123,5,
CQQQ,3508,2010-01-22,2023-12-28,13.93,4554158.947563171,1735872.0439910889,5,
CR,10352,1980-03-17,2023-12-28,43.78,22909372.686767578,4364279.525852203,1000,
CRAI,6463,1998-04-24,2023-12-28,25.68,3223919.456100464,1379325.0303268433,7,
CRBN,2277,2014-12-11,2023-12-28,9.05,1182015.615081787,1068479.98046875,4,
CRBP,2309,2014-10-27,2023-12-28,9.17,133790.99578857422,2039478.0396938324,4,
CRC,7764,1992-04-16,2023-12-28,31.7,27052926.45778656,18850.299835205078,118,
CRDF,79,2019-11-08,2020-07-02,0.65,513810.0090742111,513810.0090742111,62,
CREE,6900,1993-02-09,2020-07-02,27.39,61107903.63006592,33954035.34488678,7,
CREG,4912,2004-03-05,2023-12-28,19.81,23055.99902868271,31726.00030899048,90,
CRESY,6740,1997-03-19,2023-12-28,26.78,925792.0032978058,758442.122554779,7,
CREX,4301,2006-11-27,2023-12-28,17.08,56352.001333236694,25200.0,5,
CREXW,1,2020-07-02,2020-07-02,0.0,183.26999840140343,183.26999840140343,0,
CRF,9108,1987-11-05,2023-12-28,36.15,5282788.573265076,173288.00201416016,7,
CRH,8684,1989-07-13,2023-12-28,34.46,73615578.75556946,,5,
CRHM,3028,2008-06-24,2020-07-02,12.02,143336.9997739792,18892.00053215027,5,
CRI,5077,2003-10-28,2023-12-28,20.17,46345794.093322754,35263223.217773445,5,
CRIS,5890,2000-08-01,2023-12-28,23.41,202982.00258612633,769767.5130844116,7,
CRK,9156,1987-08-28,2023-12-28,36.33,38501666.50352478,3136000.032043457,7,
CRL,5916,2000-06-23,2023-12-28,23.51,92200487.46185303,27075899.840164185,7,
CRM,4914,2004-06-23,2023-12-28,19.51,1049323735.2966309,289845548.13194275,5,
CRMD,3431,2010-05-13,2023-12-28,13.63,1548456.514275074,533279.9971103668,5,
CRMT,9273,1987-03-13,2023-12-28,36.79,5764899.990463257,768825.0218868256,7,
CRNC,1080,2019-09-16,2023-12-28,4.28,8630861.407470703,17403639.422225952,4,
CRNT,5887,2000-08-04,2023-12-28,23.4,373004.49970960617,748439.9766325951,7,
CRNX,1372,2018-07-18,2023-12-28,5.45,9848661.365270615,2952189.9757385254,4,
CROC,1863,2012-07-19,2020-07-02,7.95,58262.00256347656,117018.00384521484,8,
CROP,1247,2015-01-02,2020-07-02,5.5,9741.000366210938,29639.99938964844,7,
CRS,12826,1973-02-21,2023-12-28,50.85,19866839.588356018,1656208.7772369385,7,
CRSA,209,2019-04-18,2020-07-02,1.21,185379.0020942688,185379.0020942688,13,
CRSAU,185,2019-03-08,2020-06-19,1.28,68342.39948272707,68342.39948272707,15,
CRSP,1810,2016-10-19,2023-12-28,7.19,57632611.75327301,51725525.67367554,4,
CRT,8019,1992-02-28,2023-12-28,31.83,777379.9983978274,,7,
CRTO,2558,2013-10-30,2023-12-28,10.16,5951013.120651245,12732769.551849365,4,
CRUS,7764,1989-06-09,2020-04-01,30.81,36790780.33180237,14862441.16845131,7,
CRVL,8187,1991-06-28,2023-12-28,32.5,7613073.09951782,844200.0,7,
CRVS,1956,2016-03-23,2023-12-28,7.76,284414.9909734726,472262.9945755006,4,
CRWD,1146,2019-06-12,2023-12-28,4.54,485337619.9947357,533222089.5072937,4,
CRWS,5092,2003-10-07,2023-12-28,20.22,56134.99975204468,53000.999450683594,5,
CRY,6897,1993-02-12,2020-07-02,27.38,4764575.398635864,880859.9788665771,7,
CS,6328,1995-05-16,2020-07-02,25.13,30215359.514093403,21240484.58213806,7,
CSA,2138,2015-01-02,2023-12-28,8.99,35323.19984436035,40123.79894256592,153,
CSB,2241,2015-01-02,2023-12-28,8.99,1412703.0361175537,428214.0106201172,8,
CSBR,4256,2007-02-02,2023-12-28,16.9,38932.999086380005,12663.000130653381,5,
CSCO,7589,1990-02-16,2020-04-01,30.12,965187156.6268921,815018343.8415527,7,
CSD,1385,2015-01-02,2020-07-02,5.5,210151.50184631348,483569.99588012695,4,
CSF,1375,2015-01-02,2020-07-02,5.5,353099.3953704834,242904.00619506833,5,
CSFL,1366,2015-01-02,2020-06-05,5.42,12622420.211887361,7291078.868484497,4,
CSGP,6416,1998-07-01,2023-12-28,25.49,132877571.29211426,9847631.174087524,7,
CSGS,7007,1996-02-28,2023-12-28,27.83,8530677.779769897,7033026.160812378,7,
CSII,3465,2006-06-28,2020-07-02,14.01,11562448.800086975,2469675.1070022583,92,
CSIQ,4312,2006-11-09,2023-12-28,17.13,32286796.483039856,22062621.03252411,5,
CSL,12826,1973-02-21,2023-12-28,50.85,82267607.71331787,2089752.4780273442,7,
CSLT,1385,2015-01-02,2020-07-02,5.5,643775.4881799221,1206609.0688705447,4,
CSM,3641,2009-07-14,2023-12-28,14.46,418635.50186157227,1035578.0044555664,5,
CSML,780,2017-05-16,2020-06-19,3.09,308196.5087890625,786139.493560791,4,
CSOD,2276,2011-03-17,2020-04-01,9.04,24220797.656822205,18122591.539764404,5,
CSPI,10567,1982-01-29,2023-12-28,41.91,132662.0011329651,28490.00120162964,7,
CSQ,4028,2004-04-01,2020-04-01,16.0,3331710.960960388,3840397.3510742188,5,
CSSE,1603,2017-08-07,2023-12-28,6.39,234461.4945411682,334455.0132900476,10,
CSSEP,1386,2018-06-27,2023-12-28,5.5,230488.50345611572,150711.95030212402,4,
CSTE,2084,2012-03-22,2020-07-02,8.28,1266421.5232372284,5311470.971298218,5,
CSTL,1116,2019-07-25,2023-12-28,4.43,3782375.526237488,5907549.896621704,4,
CSTR,1829,2016-09-22,2023-12-28,7.26,724040.007352829,602000.0,4,
CSU,5640,1997-10-31,2020-04-01,22.42,469156.49955272675,565519.9914932251,7,
CSV,6015,1996-08-09,2020-07-02,23.9,2251895.517063141,327200.0,7,
CSWC,10162,1980-03-17,2020-07-02,40.29,1780983.0250740051,97350.0,7,
CSWCL,575,2017-12-19,2020-07-02,2.54,54679.798221588135,67131.99920654297,92,
CSWI,2076,2015-09-30,2023-12-28,8.24,9154744.678497314,3769658.9729309077,4,
CSX,10879,1980-11-03,2023-12-28,43.15,375661809.236145,34239251.15203857,7,
CTAA,3099,2007-01-03,2020-07-02,13.49,359799.997329712,0.0,232,
CTAS,10173,1983-08-19,2023-12-28,40.36,158078882.49206543,27585414.605140693,7,
CTB,10161,1980-03-18,2020-07-02,40.29,8627140.870666504,5910900.0,7,
CTBB,972,2016-08-23,2020-07-02,3.86,2406715.017223358,2564239.042854309,4,
CTBI,9073,1987-12-29,2023-12-28,36.0,1692160.947418213,,5,
CTDD,738,2017-04-28,2020-07-02,3.18,1328971.981048584,1561209.9942207336,92,
CTEK,4037,2004-06-22,2020-07-02,16.03,45021.49916887283,8775.0,5,
CTG,11031,1980-03-25,2023-12-22,43.74,188861.1186504364,136850.0,7,
CTHR,6572,1997-11-14,2023-12-28,26.12,45259.49965119362,90528.000664711,7,
CTIB,4305,2003-05-29,2020-07-02,17.1,10056.000185012817,12143.999934196472,5,
CTIC,5860,1997-03-21,2020-07-02,23.28,152380.00096678734,197287.9998087883,7,
CTK,1688,2007-11-14,2020-07-02,12.63,182184.49873924255,14525.000143051147,815,
CTL,10162,1980-03-17,2020-07-02,40.29,129964514.07928467,14976091.921806335,7,
CTLT,2370,2014-07-31,2023-12-28,9.41,105011904.14581299,42450161.753082275,4,
CTMX,2070,2015-10-08,2023-12-28,8.22,456348.00199866295,2782661.431121826,4,
CTO,11040,1980-03-17,2023-12-28,43.78,1984574.0374565125,100068.99995803833,7,
CTR,2869,2012-08-03,2023-12-28,11.4,560664.0144348145,1262566.0507202148,5,
CTRA,8537,1990-02-08,2023-12-28,33.88,166073328.4477234,6823152.053833008,7,
CTRC,7342,1991-02-08,2020-04-01,29.14,77445.9995508194,57804.00176048279,7,
CTRM,1230,2019-02-11,2023-12-28,4.88,235936.70340776443,830941.6009581089,4,
CTRN,4686,2005-05-18,2023-12-28,18.61,2047304.9940109253,2522571.4634895325,5,
CTS,11040,1980-03-17,2023-12-28,43.78,6321687.11681366,1023618.499994278,7,
CTSH,6424,1998-06-19,2023-12-28,25.52,213977943.6592102,144769278.64189148,7,
CTSO,4378,2006-08-08,2023-12-28,17.39,167749.99991059303,185902.49795913696,5,
CTT,1650,2013-12-12,2020-07-02,6.55,1880074.4307041168,1709641.4901018143,4,
CTV,4090,2006-03-06,2023-12-28,17.81,310387.010037899,99087.99722790718,277,
CTVA,1158,2019-05-24,2023-12-28,4.6,178460223.84262085,147994739.59407806,4,
CTXR,2326,2014-10-02,2023-12-28,9.24,780527.5121182203,246792.50519275665,4,
CTXRW,1,2020-07-02,2020-07-02,0.0,630.9000250697135,630.9000250697135,0,
CTXS,6184,1995-12-08,2020-07-02,24.57,195194711.9304657,100054460.44483185,7,
CTY,1727,2013-05-24,2020-07-02,7.11,1292385.9699249268,1822008.0108642578,92,
CTZ,5137,1999-09-27,2020-07-02,20.76,674554.4953346252,0.0,31,
CUB,10162,1980-03-17,2020-07-02,40.29,15867607.96585083,574936.4924430847,7,
CUBA,7455,1994-05-20,2023-12-28,29.61,68490.50124883652,44392.99941062927,7,
CUBB,2506,2005-09-26,2020-07-02,14.77,0.0,0.0,1015,
CUBE,4829,2004-10-22,2023-12-28,19.18,69365643.41812134,21797594.5186615,5,
CUBI,2968,2012-03-14,2023-12-28,11.79,11891646.180152893,3862975.561618805,5,
CUE,1508,2018-01-02,2023-12-28,5.98,706305.9965133667,1264575.9818553925,4,
CUI,5170,1999-09-15,2020-04-01,20.54,54211.19954288006,34650.00104904175,7,
CUK,5832,2000-10-23,2023-12-28,23.18,17304297.55420685,6929050.26550293,7,
CULP,10166,1983-08-30,2023-12-28,40.33,60139.99991416931,155038.74855041504,7,
CUO,11884,1973-02-21,2020-04-01,47.11,14618.99995803833,5485.999870300294,7,
CURE,3156,2011-06-15,2023-12-28,12.54,4387602.893447876,4719578.931427002,5,
CURO,637,2017-12-07,2020-06-19,2.53,3380242.412567138,3067293.9769744873,4,
CUT,4061,2007-11-09,2023-12-28,16.13,96375.0,510338.98773193365,5,
CUTR,4971,2004-03-31,2023-12-28,19.74,8438495.982074738,1752489.9227142334,5,
CUZ,11040,1980-03-17,2023-12-28,43.78,30805294.645118713,,7,
CVA,7386,1990-12-06,2020-04-01,29.32,10289829.977989197,4245661.939954758,7,
CVBF,10270,1983-04-04,2023-12-28,40.73,17297569.34480667,928638.2381439209,7,
CVCO,5160,2003-07-01,2023-12-28,20.49,16060564.826965334,2063984.962463379,5,
CVCY,6245,1999-03-08,2023-12-28,24.81,427915.00635147095,31280.000686645508,7,
CVE,3552,2009-11-17,2023-12-28,14.11,131765079.39414978,37098603.31321955,5,
CVEO,1543,2014-05-19,2020-07-02,6.12,347568.60342621803,1558151.9708633425,4,
CVET,1,2020-07-02,2020-07-02,0.0,23007071.040117264,23007071.040117264,0,
CVGI,3940,2004-08-09,2020-04-01,15.64,1358395.5035209656,1257407.4508666992,5,
CVGW,5398,2002-07-22,2023-12-28,21.43,3613164.0424728394,1707245.038986206,5,
CVI,3132,2007-10-23,2020-04-01,12.44,21791403.10535431,14464282.65132904,5,
CVIA,517,2018-06-01,2020-06-19,2.05,463944.14812624454,1320299.9639511108,4,
CVLT,4346,2006-09-22,2023-12-28,17.26,16867242.908668518,16724937.992095947,5,
CVLY,7487,1994-04-05,2023-12-28,29.73,263502.00119018555,14310.318374633789,7,
CVM,10096,1983-12-08,2023-12-28,40.05,321401.0045289993,135937.5,7,
CVNA,1679,2017-04-28,2023-12-28,6.67,280198521.4237213,176500408.55941772,4,
CVR,11882,1973-02-23,2020-04-01,47.1,19085.500240325928,7766.499996185304,7,
CVS,11884,1973-02-21,2020-04-01,47.11,478510587.82844543,20397756.25,7,
CVTI,6465,1994-10-28,2020-07-02,25.68,1878535.043001175,472500.0,7,
CVU,6936,1992-09-17,2020-04-01,27.54,197174.99856948853,82211.49892807007,7,
CVV,5308,1999-03-01,2020-04-01,21.09,32831.00012540817,35919.99988555908,7,
CVX,15605,1962-01-02,2023-12-28,61.98,1213510007.8353882,41286350.0,7,
CVY,4347,2006-09-21,2023-12-28,17.27,119596.49868011475,896289.9856567383,5,
CW,11040,1980-03-17,2023-12-28,43.78,27944162.770843506,1280187.5,7,
CWB,3702,2009-04-16,2023-12-28,14.7,48830580.809020996,27384016.876220703,5,
CWBC,6822,1996-11-19,2023-12-28,27.1,49173.99997711182,13752.00002193451,7,
CWBR,2177,2015-01-28,2023-12-28,8.91,25689.499682188034,82335.99834442139,31,
CWCO,7284,1995-01-25,2023-12-28,28.92,2298153.5183906555,,7,
CWEN,2171,2015-05-15,2023-12-28,8.62,22276795.927619934,13737071.900939941,4,
CWH,1818,2016-10-07,2023-12-28,7.22,21841768.93377304,22576126.02787018,4,
CWI,4268,2007-01-17,2023-12-28,16.94,8871656.88085556,3248333.97731781,5,
CWK,1363,2016-01-27,2023-12-28,7.92,20322632.154655457,13561470.257377625,737,
CWS,1830,2016-09-21,2023-12-28,7.27,335631.99462890625,68592.00057983398,4,
CWST,6584,1997-10-29,2023-12-28,26.16,20788347.617721558,1258987.9917144775,7,
CWT,12826,1973-02-21,2023-12-28,50.85,12393617.601013184,255913.74797821045,7,
CX,6112,1999-09-15,2023-12-28,24.28,36896823.02980423,55580454.93021011,7,
CXDC,3209,2007-10-04,2020-07-02,12.74,73745.49767971039,113704.00266647339,5,
CXE,8783,1989-02-17,2023-12-28,34.86,261984.002161026,308137.5,7,
CXH,8720,1989-05-19,2023-12-28,34.61,113223.0001449585,129391.49780273438,7,
CXO,3252,2007-08-03,2020-07-02,12.91,135997850.0,111422443.60771179,5,
CXP,1694,2013-10-10,2020-07-02,6.73,11614734.621047972,13036501.44996643,4,
CXSE,2836,2012-09-20,2023-12-28,11.27,980731.9869995117,765991.0057067871,5,
CXW,6659,1997-07-15,2023-12-28,26.45,8437989.08071518,12446000.0,7,
CY,8531,1986-05-29,2020-04-01,33.84,101513139.20559883,27511920.387268066,7,
CYAD,1205,2015-06-19,2020-04-01,4.79,131509.9973678589,104764.99824523926,4,
CYAN,8214,1991-05-21,2023-12-28,32.61,6429.499998688698,21443.749606609344,7,
CYB,1379,2015-01-02,2020-07-02,5.5,48070.00036239624,129545.99876403809,4,
CYBE,8201,1987-12-17,2020-07-02,32.54,773091.5029525757,170249.99427795413,7,
CYBR,1445,2014-09-24,2020-06-19,5.74,69892542.68722534,40404858.77609253,4,
CYCC,4982,2004-03-16,2023-12-28,19.78,38657.92543172836,166470.0,5,
CYCCP,4550,2005-11-30,2023-12-28,18.08,17891.999626159668,0.0,5,
CYCN,1206,2019-03-18,2023-12-28,4.78,26939.800190925598,538592.0112705231,4,
CYD,7309,1994-12-16,2023-12-28,29.03,155830.00330924988,532968.0111885071,7,
CYH,9942,1984-07-19,2023-12-28,39.44,5446501.895093918,7010575.62431097,7,
CYOU,2769,2009-04-02,2020-04-01,11.0,1969717.503118515,4496309.874343872,5,
CYRN,5279,1999-07-13,2020-07-02,20.97,29034.999427199364,74249.9989271164,7,
CYRX,3678,2005-08-22,2020-04-01,14.61,5826192.048025131,23847.999668121338,5,
CYTK,4950,2004-04-30,2023-12-28,19.66,33863640.84854126,1876174.5584726334,5,
CZA,4215,2007-04-03,2023-12-28,16.74,288254.4994354248,302551.9927978516,5,
CZNC,7487,1994-04-05,2023-12-28,29.73,387329.01248931885,171834.70344543457,7,
CZR,2992,2012-02-08,2023-12-28,11.89,126716695.87211609,75704495.90210915,5,
CZWI,4972,2004-03-30,2023-12-28,19.75,56470.0005531311,23857.000279426575,5,
CZZ,3231,2007-09-04,2020-07-02,12.83,14802327.701282501,10138652.142715454,5,
D,11040,1980-03-17,2023-12-28,43.78,225668945.94039917,56467154.568481445,7,
DAC,4330,2006-10-16,2023-12-28,17.2,7059989.741134644,321796.9985961914,5,
DADA,898,2020-06-05,2023-12-28,3.56,8193133.31451416,13402874.881458282,4,
DAIO,8816,1989-01-03,2023-12-28,34.98,41317.99988746643,51374.99921321869,7,
DAKT,7523,1994-02-10,2023-12-28,29.88,2095884.0295791626,1082177.9883384705,7,
DAL,4194,2007-05-03,2023-12-28,16.65,330887602.4580002,299948151.4945983,5,
DALI,1416,2018-05-15,2023-12-28,5.62,191309.89990234375,153960.0489616394,4,
DALT,1570,2017-10-03,2023-12-28,6.23,196324.99885559082,140882.9981803894,4,
DAN,4026,2008-01-02,2023-12-28,15.99,15830937.134742737,25521621.661186215,5,
DAO,5022,2000-01-03,2023-12-28,23.98,771356.0050964355,0.0,956,
DAR,7378,1994-09-09,2023-12-28,29.3,79750729.24671173,6259725.048494339,7,
DARE,2447,2014-04-10,2023-12-28,9.72,173642.70459413528,236859.99131202698,4,
DAUD,476,2017-12-12,2020-07-02,2.55,15832.199859619142,11771.200180053711,28,
DAUG,104,2019-11-07,2020-06-19,0.62,1363478.203868866,1363478.203868866,16,
DAVA,1365,2018-07-27,2023-12-28,5.42,15621801.161956787,10167255.477905273,4,
DAX,2311,2014-10-23,2023-12-28,9.18,245298.00424575806,144000.0,4,
DB,6823,1996-11-18,2023-12-28,27.11,28395871.440649033,35186713.316345215,7,
DBA,4275,2007-01-05,2023-12-28,16.98,10931931.594944,15143242.278289795,5,
DBC,4505,2006-02-06,2023-12-28,17.89,27005358.20293427,32553850.44193268,5,
DBD,9645,1981-12-31,2020-04-01,38.25,11371306.051111221,8454950.0,7,
DBE,4275,2007-01-05,2023-12-28,16.98,601054.9945831299,1026740.0436401367,5,
DBEH,129,2019-12-18,2020-06-30,0.53,1011.97998046875,1011.97998046875,7,
DBEU,2579,2013-10-01,2023-12-28,10.24,1160647.5023269653,5746040.831565857,4,
DBEZ,2275,2014-12-15,2023-12-28,9.03,79833.35247039795,86800.0,4,
DBGR,3160,2011-06-09,2023-12-28,12.55,3141.4999961853027,32322.00050354004,5,
DBI,3715,2005-06-29,2020-04-01,14.76,23000750.0957489,21821086.627197266,5,
DBJP,3160,2011-06-09,2023-12-28,12.55,813715.0144577026,2849543.5289382935,5,
DBLV,1373,2015-01-02,2020-07-02,5.5,64795.49903869629,341320.00808715814,6,
DBMF,1170,2019-05-08,2023-12-28,4.64,6870338.460922241,357074.2579460144,4,
DBO,4275,2007-01-05,2023-12-28,16.98,7501388.576793671,5153841.190338135,5,
DBP,4275,2007-01-05,2023-12-28,16.98,508795.0107574463,906883.0257415771,5,
DBS,1276,2015-01-02,2020-07-02,5.5,22598.99969100952,33916.0005569458,6,
DBV,1352,2015-01-02,2020-07-02,5.5,17002.99997329712,85291.99905395508,6,
DBVT,1370,2014-10-22,2020-04-01,5.44,2042421.9772815704,2846508.048248291,4,
DCAR,4150,2003-10-07,2020-04-01,16.48,48612.999349832535,0.0,5,
DCF,6110,1995-11-29,2020-04-01,24.34,271990.0032043457,2633.7021102905273,10,
DCHF,280,2017-12-12,2020-07-02,2.55,2979.9500465393066,3876.000022888183,47,
DCI,11040,1980-03-17,2023-12-28,43.78,23036678.65447998,3652132.6217651367,7,
DCO,12776,1973-05-03,2023-12-28,50.65,2969574.01676178,194384.2472076416,7,
DCOM,5982,1996-06-26,2020-04-01,23.76,2340090.9863471985,1784321.9732761383,7,
DCOMP,986,2020-01-30,2023-12-28,3.91,149445.35179138184,196452.00242996216,4,
DCP,3668,2005-12-06,2020-07-02,14.57,19293335.75966358,7880550.13999939,5,
DCTH,1809,2015-02-11,2023-12-28,8.88,480490.4992341995,327250.0,298,
DCUE,263,2019-06-19,2020-07-02,1.04,6803278.481674194,7256256.2255859375,4,
DD,13006,1972-06-01,2023-12-28,51.57,196832102.15301514,72936572.64852524,7,
DDD,9022,1988-03-10,2023-12-28,35.8,11039850.929546356,936622.509598732,7,
DDF,6873,1993-03-19,2020-07-02,27.29,240935.50667762756,228419.9928283691,7,
DDG,1151,2015-01-02,2020-07-02,5.5,30481.000518798828,47519.99931335451,25,
DDIV,2469,2014-03-11,2023-12-28,9.8,103693.69964599608,100197.99766540526,4,
DDM,4411,2006-06-21,2023-12-28,17.52,17403737.44354248,30002164.221954346,5,
DDOG,1077,2019-09-19,2023-12-28,4.27,347992332.3547363,330780000.0,4,
DDS,11040,1980-03-17,2023-12-28,43.78,40989426.43737793,14092829.818153381,7,
DDT,5465,1998-10-14,2020-07-02,21.72,324500.99573135376,206505.99517822269,7,
DDWM,1989,2016-02-04,2023-12-28,7.9,655391.4847373962,616719.9920654298,4,
DE,13006,1972-06-01,2023-12-28,51.57,560927481.7581177,38913012.94441223,7,
DEA,2239,2015-02-06,2023-12-28,8.89,10951224.580669403,9074801.819229126,4,
DECK,7605,1993-10-15,2023-12-28,30.2,174430601.26953125,30262829.244232174,7,
DEED,22,2020-04-30,2020-07-02,0.17,2559.749984741211,2559.749984741211,8,
DEEF,951,2015-12-30,2020-07-02,4.51,145314.30101394653,123652.19993591309,34,
DEEP,16,2019-12-23,2020-07-02,0.53,210281.50939941406,210281.50939941406,172,
DEF,1385,2015-01-02,2020-07-02,5.5,1028117.9958343506,573966.0049438477,4,
DEI,4323,2006-10-25,2023-12-28,17.17,30112812.424707413,26291831.29119873,5,
DELL,1854,2016-08-17,2023-12-28,7.36,197632774.5361328,133288320.0741787,4,
DEM,4145,2007-07-13,2023-12-28,16.46,12170384.210014343,11060279.685974121,5,
DENN,6536,1998-01-08,2023-12-28,25.97,5245831.46109581,2439909.5807552338,7,
DEO,8261,1991-03-14,2023-12-28,32.79,67810070.67871094,30176134.13543701,7,
DES,4414,2006-06-16,2023-12-28,17.53,3910672.0764160156,3670906.4772605896,5,
DESP,1579,2017-09-20,2023-12-28,6.27,1328369.9827194214,3333075.0,4,
DEUR,608,2017-12-12,2020-07-02,2.55,53408.50181579589,51502.50053405762,13,
DEUS,1081,2015-12-18,2020-07-02,4.54,539312.9837036133,468994.3923950195,15,
DEW,1384,2015-01-02,2020-07-02,5.5,171369.00539398193,226857.99942016602,5,
DEX,3258,2007-07-26,2020-07-02,12.94,513464.0120983124,544341.4970397949,5,
DFE,4414,2006-06-16,2023-12-28,17.53,639134.0019226074,1087659.969329834,5,
DFEB,91,2020-02-24,2020-07-02,0.35,3281992.017364502,3281992.017364502,4,
DFFN,960,2015-01-07,2020-07-02,5.48,523770.9953337908,142131.0020685196,54,
DFIN,1827,2016-09-26,2023-12-28,7.25,7543340.030860901,4595519.8974609375,4,
DFJ,4414,2006-06-16,2023-12-28,17.53,703556.0203552246,1106309.0019226074,5,
DFND,800,2016-01-20,2020-07-02,4.45,56687.40005493164,20247.500133514404,17,
DFNL,874,2017-01-12,2020-07-02,3.47,254873.49605560303,290490.00244140625,4,
DFNS,31,2020-03-27,2020-07-02,0.27,4889.999866485596,4889.999866485596,15,
DFP,2668,2013-05-24,2023-12-28,10.6,1178691.9780731201,1364963.526248932,4,
DFPH,14,2020-06-04,2020-07-02,0.08,23930.400466918945,23930.400466918945,6,
DFS,4165,2007-06-14,2023-12-28,16.54,204209915.574646,146601539.4241333,5,
DFVL,2201,2011-07-12,2020-07-02,8.97,0.0,0.0,32,
DFVS,496,2015-01-02,2020-06-30,5.49,10128.499603271484,12978.000640869142,55,
DG,2612,2009-11-13,2020-04-01,10.38,238518414.06097412,179586191.45736694,5,
DGAZ,1385,2015-01-02,2020-07-02,5.5,149556298.2620239,95945301.52282715,4,
DGBP,579,2017-12-12,2020-04-01,2.3,15011.199760437012,6197.600173950195,4,
DGICA,5158,2003-07-03,2023-12-28,20.49,429945.49860954285,349613.9151573181,5,
DGICB,9366,1986-10-29,2023-12-28,37.16,7197.499990463257,1646.9999313354492,7,
DGII,8623,1989-10-06,2023-12-28,34.23,7592812.270736694,1138631.9965362549,7,
DGL,3396,2007-01-05,2020-07-02,13.49,639461.9979858398,1131616.9563293457,5,
DGLD,2128,2011-10-17,2020-04-01,8.46,2736927.5443077087,1915231.9316864014,5,
DGLY,4185,2007-05-16,2023-12-28,16.62,47496.99939727783,151111.0005259514,5,
DGP,3987,2008-02-28,2023-12-28,15.83,142585.50148010254,1501807.9483032227,5,
DGRE,2621,2013-08-01,2023-12-28,10.41,272560.50186157227,239420.99514007568,4,
DGRO,2404,2014-06-12,2023-12-28,9.54,75230442.48161316,42747752.796936035,4,
DGRS,2626,2013-07-25,2023-12-28,10.43,616409.4938278198,335099.4930267334,4,
DGRW,2670,2013-05-22,2023-12-28,10.6,31346538.150024414,8782407.589149475,4,
DGS,4069,2007-10-30,2023-12-28,16.16,6213189.440345764,5576715.208053589,5,
DGT,5847,2000-10-02,2023-12-28,23.24,679617.4961090088,200016.00494384769,7,
DGX,6803,1996-12-17,2023-12-28,27.03,116562227.35595703,67092283.21838379,7,
DGZ,3986,2008-02-29,2023-12-28,15.83,3581.4999580383296,260111.99522018433,5,
DHC,6001,2000-02-23,2023-12-28,23.84,3032910.0046634674,14443667.595291138,7,
DHCNI,252,2019-07-05,2020-07-02,0.99,634679.9909591676,634679.9909591676,4,
DHCNL,1,2020-07-02,2020-07-02,0.0,664336.3526439667,664336.3526439667,0,
DHF,6462,1998-04-27,2023-12-28,25.67,716352.0030498505,875924.9716281891,7,
DHI,7950,1992-06-05,2023-12-28,31.56,290839274.18861383,78149330.17840385,7,
DHIL,6938,1996-06-06,2023-12-28,27.56,1804195.994567871,358777.9996871948,7,
DHR,11346,1978-12-29,2023-12-28,45.0,611047473.7509155,36692533.642578125,7,
DHS,4414,2006-06-16,2023-12-28,17.53,4409967.586135864,2196515.5166625977,5,
DHT,4583,2005-10-13,2023-12-28,18.21,21414112.661361694,3602015.963745117,5,
DHX,3194,2007-07-26,2020-04-01,12.68,658429.9944400787,1492206.4783215523,5,
DHY,5455,1998-07-29,2020-04-01,21.68,670036.997461319,669600.0266075134,7,
DIAL,1562,2017-10-13,2023-12-28,6.21,1727459.4884872437,2382545.0595855713,4,
DIAX,2283,2014-12-03,2023-12-28,9.07,1131294.9778556824,1295145.0233459473,4,
DIET,130,2019-11-14,2020-05-21,0.52,33649.585750579834,33649.585750579834,4,
DIG,4257,2007-02-01,2023-12-28,16.9,2760890.950012207,7192335.902099609,5,
DIM,3533,2006-06-16,2020-07-02,14.05,721570.9930419922,520895.98388671875,5,
DIN,8178,1991-07-12,2023-12-28,32.46,13192102.708435059,5504743.035507202,7,
DINT,588,2018-03-05,2020-07-02,2.33,219791.49646759036,286819.40364837646,4,
DIOD,12826,1973-02-21,2023-12-28,50.85,18389351.20162964,119463.97590637207,7,
DIS,15605,1962-01-02,2023-12-28,61.98,1079266799.3385315,55391462.8619194,7,
DISCA,3773,2005-07-08,2020-07-02,14.98,108433932.06663132,73227897.97210693,5,
DISCB,3679,2005-11-10,2020-07-01,14.64,3725.9998321533203,0.0,5,
DISCK,2968,2008-09-18,2020-07-02,11.79,64674835.311985016,35524384.61112976,5,
DISH,7181,1995-06-21,2023-12-28,28.52,60188298.58756065,70527087.5,7,
DIT,7150,1995-08-04,2023-12-28,28.4,115100.4997253418,14224.99976158142,7,
DIV,2720,2013-03-12,2023-12-28,10.8,2232730.980682373,2081190.5239105225,4,
DIVA,1,2020-07-02,2020-07-02,0.0,27394.24599838257,27394.24599838257,0,
DIVB,1543,2017-11-09,2023-12-28,6.13,1211752.5157928467,418000.0,4,
DIVC,1397,2014-09-16,2020-07-01,5.79,0.0,0.0,91,
DIVO,1770,2016-12-15,2023-12-28,7.03,12750172.908592224,613500.3086090088,4,
DIVY,2134,2015-01-02,2023-12-28,8.99,75284.00011062622,131905.89637756348,186,
DJCB,1051,2019-10-25,2023-12-28,4.18,2081.5000534057617,3379.500102996826,4,
DJCI,2623,2009-10-29,2020-04-01,10.42,27854.00061607361,63128.00178527832,5,
DJCO,9464,1986-06-11,2023-12-28,37.55,533845.5139160156,4500.0,7,
DJD,2020,2015-12-18,2023-12-28,8.03,1167133.4712982178,556723.5008239746,4,
DJP,4320,2006-10-30,2023-12-28,17.16,2542324.4426727295,8746142.047309875,5,
DJPY,627,2017-12-12,2020-07-02,2.55,2403.8500785827637,2378.700065612793,9,
DJUN,9,2020-06-22,2020-07-02,0.03,925297.9812622071,925297.9812622071,3,
DK,4444,2006-05-04,2023-12-28,17.65,31881262.22705841,17420653.49445343,5,
DKL,2807,2012-11-02,2023-12-28,11.15,1512445.008468628,1366596.0159301758,4,
DKNG,1116,2019-07-25,2023-12-28,4.43,260401251.40695572,332678236.73324585,4,
DKNGW,1,2020-07-02,2020-07-02,0.0,988640.0,988640.0,0,
DKS,5337,2002-10-16,2023-12-28,21.2,153395496.79412842,60131545.679855354,5,
DL,3003,2008-07-30,2020-07-02,11.92,366502.9936313629,195637.00170516968,5,
DLA,5910,2000-07-03,2023-12-28,23.49,209557.00237751007,157966.00437164307,7,
DLB,4748,2005-02-17,2023-12-28,18.86,27255085.942077637,20682963.019180298,5,
DLHC,9473,1986-05-29,2023-12-28,37.58,230971.9973564148,32812.5,7,
DLN,4414,2006-06-16,2023-12-28,17.53,8209836.012840271,4490629.558181763,5,
DLNG,2548,2013-11-13,2023-12-28,10.12,68969.9996471405,569285.5045795441,4,
DLPH,2106,2011-11-17,2020-07-02,8.62,20896512.81929016,93493963.28125,92,
DLPN,4317,2006-11-02,2023-12-28,17.15,49754.99886274338,3200.0,5,
DLPNW,1,2020-07-02,2020-07-02,0.0,851.5500036254522,851.5500036254522,0,
DLR,3937,2004-10-29,2020-06-19,15.64,214079693.4288025,69247613.13476562,5,
DLS,4414,2006-06-16,2023-12-28,17.53,2615312.0346069336,2999842.402267456,5,
DLTH,2039,2015-11-20,2023-12-28,8.1,472413.49477767944,2657456.9935798645,4,
DLTR,7255,1995-03-07,2023-12-28,28.81,259698746.3623047,67405868.17474364,7,
DLX,11040,1980-03-17,2023-12-28,43.78,3369786.42911911,6743175.539684295,7,
DLY,1005,2011-01-27,2023-12-28,12.92,2199354.9814224243,2159423.941040039,1302,
DMAC,2869,2012-08-03,2023-12-28,11.4,113205.0018787384,19808.999729156498,5,
DMAY,910,2020-05-19,2023-12-28,3.61,338644.1947937012,212438.4949684143,4,
DMB,2688,2013-04-26,2023-12-28,10.67,546209.0087890625,657862.9922389984,4,
DMDV,1279,2018-11-28,2023-12-28,5.08,2192.4499511718755,2425.9000778198238,4,
DMF,8864,1988-10-24,2023-12-28,35.18,289949.0029335022,246851.50051116943,7,
DMLP,5263,2003-02-03,2023-12-28,20.9,2217579.4529914856,857808.0230712891,5,
DMO,3486,2010-02-24,2023-12-28,13.84,414742.49839782715,722195.4933643341,5,
DMPI,1854,2013-02-22,2020-07-02,7.36,147915.9013479948,58530.14912903309,4,
DMRC,6057,1999-12-02,2023-12-28,24.07,2131281.5551757812,1070450.0150680542,7,
DMRE,1,2020-07-02,2020-07-02,0.0,4869.551376342773,4869.551376342773,0,
DMRI,574,2017-08-02,2020-07-02,2.92,19649.199676513672,25587.499618530273,23,
DMRL,642,2017-08-02,2020-07-02,2.92,105125.44784545898,94727.40020751953,17,
DMRM,548,2017-08-02,2020-07-02,2.92,22449.849891662598,26845.250129699707,48,
DMRS,553,2017-08-02,2020-07-02,2.92,26372.249603271484,30084.999084472656,42,
DMTK,1607,2017-08-10,2023-12-28,6.38,797230.9826850891,824166.0063385963,4,
DMXF,889,2020-06-18,2023-12-28,3.53,1083228.4980773926,1102035.0151062012,4,
DMYT,1,2020-07-02,2020-07-02,0.0,211099.19605255127,211099.19605255127,0,
DNI,5543,1998-06-24,2020-07-02,22.02,432172.0104694367,336000.0,7,
DNJR,514,2018-03-20,2020-07-02,2.29,29977.00029015541,36385.55049449205,92,
DNK,1226,2007-01-03,2020-07-02,13.49,0.0,0.0,1145,
DNKN,1385,2015-01-02,2020-07-02,5.5,52263180.212402344,57919364.666748054,4,
DNL,4414,2006-06-16,2023-12-28,17.53,2069345.9867477417,307376.00326538086,5,
DNLI,636,2017-12-08,2020-06-19,2.53,7077033.110046387,6339552.85949707,4,
DNN,4754,2005-02-09,2023-12-28,18.88,6360026.871681213,738131.9922149181,5,
DNOV,1035,2019-11-18,2023-12-28,4.11,638671.489906311,645962.0162963867,4,
DNOW,1478,2014-05-20,2020-04-01,5.87,8879113.854408264,17606760.858869553,4,
DNP,9309,1987-01-21,2023-12-28,36.93,4989594.855976105,2489150.9907722473,7,
DNR,6250,1995-09-06,2020-07-02,24.82,11156500.199747086,19978356.844758987,7,
DO,6161,1995-10-11,2020-04-01,24.47,18300028.43055725,50257356.35986328,7,
DOC,2630,2013-07-19,2023-12-28,10.44,24060700.024032593,21984286.651992798,4,
DOCU,1428,2018-04-27,2023-12-28,5.67,159938375.7900238,234319400.43144226,4,
DOG,4411,2006-06-21,2023-12-28,17.52,22915529.530525208,17887304.104614258,5,
DOGZ,1516,2017-12-19,2023-12-28,6.02,26777.899951934814,70356.2757730484,4,
DOL,3524,2006-06-16,2020-06-19,14.01,1173499.976158142,945421.5177536011,5,
DOMO,1909,2008-03-31,2023-12-28,15.74,5262852.006626129,8123943.763923645,1339,
DON,4414,2006-06-16,2023-12-28,17.53,6489238.869476318,4952961.96937561,5,
DOO,1385,2015-01-02,2020-07-02,5.5,251040.9963607788,520055.9829711913,4,
DOOO,2617,2013-08-07,2023-12-28,10.39,4312570.062637329,363044.0101623535,4,
DOOR,3633,2009-07-24,2023-12-28,14.43,11399327.661895752,8977062.089538574,5,
DORM,7321,1991-03-12,2020-04-01,29.06,11925002.30140686,175312.5,7,
DOV,11040,1980-03-17,2023-12-28,43.78,106805142.2782898,24113147.936058044,7,
DOW,1204,2019-03-20,2023-12-28,4.77,226014132.2113037,242817891.10565186,4,
DOX,6424,1998-06-19,2023-12-28,25.52,54332990.4258728,35622059.37423706,7,
DOYU,1122,2019-07-17,2023-12-28,4.45,593312.9782438278,6450380.619060993,4,
DPG,3124,2011-08-01,2023-12-28,12.41,1207089.0201568604,1707516.4607524872,5,
DPHC,137,2019-04-17,2020-07-02,1.21,236289.00632858276,236289.00632858276,36,
DPHCU,300,2019-02-28,2020-07-02,1.34,0.0,0.0,26,
DPHCW,1,2020-07-02,2020-07-02,0.0,179285.70565223694,179285.70565223694,0,
DPST,2104,2015-08-20,2023-12-28,8.36,79430827.81448364,4119050.0,4,
DPW,5925,1996-12-17,2020-07-02,23.54,443829.49936389923,0.0,7,
DPZ,4901,2004-07-13,2023-12-28,19.46,203554746.9406128,35941439.57519531,5,
DQ,3329,2010-10-07,2023-12-28,13.22,36087136.782836914,4468958.881759644,5,
DRAD,4044,2004-06-10,2020-07-02,16.06,78147.4993467331,108194.99921798708,5,
DRADP,136,2019-09-13,2020-07-02,0.8,11094.499921798706,11094.499921798706,13,
DRD,6517,1994-05-16,2020-04-01,25.88,525974.0147590637,602154.0165424347,7,
DRE,8672,1986-02-06,2020-07-02,34.4,76275126.07154846,10598035.23349762,7,
DRH,4680,2005-05-26,2023-12-28,18.59,15849258.20786953,16012134.622097015,5,
DRI,7211,1995-05-09,2023-12-28,28.64,169708732.86895752,64904958.50753786,7,
DRIO,2701,2013-04-09,2023-12-28,10.72,340382.99310207367,118217.9985165596,4,
DRIV,1436,2018-04-17,2023-12-28,5.7,2618226.0266304016,1894083.0033302307,4,
DRN,3639,2009-07-16,2023-12-28,14.45,5090734.465074539,5898750.0,5,
DRNA,1618,2014-01-30,2020-07-02,6.42,10461852.687358856,2642422.0092773438,4,
DRQ,6588,1997-10-23,2023-12-28,26.18,5600155.997276306,12720810.08605957,7,
DRR,2986,2008-05-22,2020-04-01,11.86,6277.000045776367,259010.00175476074,5,
DRRX,5849,2000-09-28,2023-12-28,23.25,476488.00632953644,602735.9867858887,7,
DRTT,1620,2014-01-28,2020-07-02,6.43,94611.19885444641,11380.800032615662,4,
DRUA,993,2016-07-25,2020-07-02,3.94,1238647.983455658,1568506.9505691528,4,
DRV,3639,2009-07-16,2023-12-28,14.45,15181385.914421082,2269279.9682617188,5,
DRW,1385,2015-01-02,2020-07-02,5.5,327716.00074768066,326991.9942855835,4,
DS,4463,2002-10-10,2020-07-02,17.73,1272759.033036232,3182226.915836334,5,
DSE,1516,2014-06-26,2020-07-02,6.02,392096.3920533657,771039.0133857727,4,
DSGX,6272,1999-01-27,2023-12-28,24.92,8950067.603683472,270269.4368362427,7,
DSI,4306,2006-11-17,2023-12-28,17.11,9995065.640258789,1565421.983718872,5,
DSKE,2020,2015-12-18,2023-12-28,8.03,1479050.9545326233,1534221.998000145,4,
DSL,2688,2013-04-26,2023-12-28,10.67,4238048.8647937775,6302723.5713005075,4,
DSLV,2192,2011-10-17,2020-07-02,8.71,3861029.1419029236,3581808.98809433,5,
DSM,7648,1989-11-22,2020-04-01,30.36,843442.5210475922,627700.9920120239,7,
DSPG,6643,1994-02-14,2020-07-02,26.38,2157112.994861603,1628550.0,7,
DSS,7484,1994-04-08,2023-12-28,29.72,25391.099229454987,48375.198467075825,7,
DSTL,418,2018-10-24,2020-07-02,1.69,251968.50328445435,178080.99937438965,6,
DSU,6481,1998-03-30,2023-12-28,25.75,1281151.4740943909,1470150.0463485718,7,
DSWL,7162,1995-07-19,2023-12-28,28.44,6202.000200748444,57303.9999961853,7,
DSX,4725,2005-03-23,2023-12-28,18.77,1763414.0374541283,3543539.839076996,5,
DT,1111,2019-08-01,2023-12-28,4.41,101868742.77305603,87587601.14593506,4,
DTD,4414,2006-06-16,2023-12-28,17.53,1543025.0259399414,1146257.5023651123,5,
DTE,15605,1962-01-02,2023-12-28,61.98,128143591.12243652,6851775.0,7,
DTEA,1506,2013-12-16,2020-07-02,6.54,100672.49566316605,169558.99378061295,210,
DTEC,1509,2017-12-29,2023-12-28,6.0,239543.0061340332,409377.40936279297,4,
DTF,7142,1991-11-22,2020-04-01,28.36,147904.9988746643,140298.7506866455,7,
DTJ,1023,2016-06-10,2020-07-02,4.06,369813.98973464966,557064.9967193604,4,
DTN,1385,2015-01-02,2020-07-02,5.5,1222972.505569458,1344862.0574951172,4,
DTO,2969,2008-06-17,2020-04-01,11.79,149901.99584960938,6396245.844268799,5,
DTP,5016,2000-01-03,2020-07-02,20.5,1791779.4538497925,0.0,62,
DTQ,1949,2012-10-03,2020-07-02,7.75,290052.0034790039,275835.00423431396,5,
DTSS,1492,2017-11-02,2023-12-28,6.15,29843.700432032343,41936.001205444336,62,
DTUL,2447,2010-08-10,2020-06-29,9.89,0.0,0.0,14,
DTUS,2462,2010-08-10,2020-07-02,9.89,3114.9999618530273,18822.499275207516,18,
DTW,574,2016-06-08,2020-07-02,4.07,465587.98942565924,574427.0998001099,656,
DTY,897,2016-12-08,2020-07-02,3.56,386152.9926300049,451350.0,4,
DTYL,2457,2010-08-10,2020-07-02,9.89,0.0,0.0,22,
DUC,6912,1993-01-22,2020-07-02,27.44,236256.00872039795,483935.9897136688,7,
DUG,4257,2007-02-01,2023-12-28,16.9,2346733.954524994,6408320.0927734375,5,
DUK,11040,1980-03-17,2023-12-28,43.78,271330334.5779419,76084234.26952362,7,
DUKB,429,2018-10-18,2020-07-02,1.71,894051.019191742,1093315.0171279907,4,
DUKH,1879,2013-01-16,2020-07-02,7.46,692012.5124931335,777150.0,4,
DUO,2494,2007-11-28,2020-04-01,12.34,0.0,80764.06462073326,814,
DUOT,629,2017-05-31,2020-06-19,3.05,21829.950201511383,10282.799792289734,35,
DURA,1298,2018-10-31,2023-12-28,5.16,245585.00566482544,148328.4999847412,4,
DUSA,874,2017-01-12,2020-07-02,3.47,273316.7014122009,263193.8033103943,4,
DUSL,1676,2017-05-03,2023-12-28,6.65,658085.5033874512,460653.9943695068,4,
DUST,3286,2010-12-08,2023-12-28,13.05,50388781.1314106,76657365.5,5,
DVA,7089,1995-10-31,2023-12-28,28.16,60947084.20906067,46123293.59283447,7,
DVAX,5000,2004-02-19,2023-12-28,19.85,16544812.72559166,4961909.961986543,5,
DVD,5976,1996-10-04,2020-07-02,23.74,28350.500226020813,74871.00105285645,7,
DVLU,1331,2018-09-14,2023-12-28,5.29,23750.0,45719.99931335451,4,
DVN,9689,1985-07-22,2023-12-28,38.43,409360838.99593353,,5,
DVOL,1307,2018-10-18,2023-12-28,5.19,141931.999874115,276872.008895874,4,
DVP,1410,2014-09-23,2020-07-02,5.77,520985.48374176037,299957.3978424072,10,
DVY,5069,2003-11-07,2023-12-28,20.14,70376500.74920654,48780194.523620605,5,
DVYA,2981,2012-02-24,2023-12-28,11.84,97684.49993133545,133645.9930419922,5,
DWAS,2880,2012-07-19,2023-12-28,11.44,2497911.475753784,1756870.979309082,5,
DWAT,1049,2015-01-02,2020-07-01,5.49,6455.3998947143555,16235.000324249268,15,
DWAW,1,2020-07-02,2020-07-02,0.0,170515.00114440918,170515.00114440918,0,
DWEQ,113,2019-12-27,2020-07-02,0.51,84985.00175476074,84985.00175476074,5,
DWFI,1016,2016-06-14,2020-07-02,4.05,318277.00386047363,319844.70291137695,5,
DWLD,874,2017-01-12,2020-07-02,3.47,554359.9939346313,569148.002243042,4,
DWMC,413,2018-07-11,2020-07-02,1.98,6392.649841308594,8515.599822998049,7,
DWMF,430,2018-08-10,2020-07-02,1.89,100064.99919891357,74164.00136947632,15,
DWPP,804,2017-01-04,2020-07-02,3.49,177177.00176239014,91043.04828643799,9,
DWSH,1377,2018-07-11,2023-12-28,5.46,434781.9871902466,509796.004486084,4,
DWSN,8506,1990-03-26,2023-12-28,33.76,5485.000115633011,42692.50137805939,7,
DWUS,113,2019-12-27,2020-07-02,0.51,107184.00268554686,107184.00268554686,4,
DWX,3993,2008-02-20,2023-12-28,15.85,1055444.9867248535,3199950.044631958,5,
DX,9042,1988-02-10,2023-12-28,35.88,10494049.42612648,993845.9985733032,7,
DXB,3240,2007-05-21,2020-04-01,12.87,1897975.482749939,1449318.485736847,5,
DXC,12935,1972-06-01,2023-12-28,51.57,43864703.46736908,26182280.457115173,7,
DXCM,4710,2005-04-14,2023-12-28,18.7,312051812.81967163,29888342.03338623,5,
DXD,4396,2006-07-13,2023-12-28,17.46,15186624.155044556,27890886.564422607,5,
DXF,2418,2010-11-23,2020-07-02,9.61,8897.965516030788,23615.762088775635,5,
DXGE,1373,2015-01-02,2020-07-02,5.5,55657.00092315674,493920.0134277344,4,
DXJ,4414,2006-06-16,2023-12-28,17.53,40829004.97894287,29261768.997955322,5,
DXLG,9218,1987-06-02,2023-12-28,36.57,2329673.930168152,484467.98396110535,7,
DXPE,6454,1998-05-07,2023-12-28,25.64,2176097.937774658,1869833.5094451904,7,
DXR,9133,1983-07-25,2020-07-02,36.94,22967.499542236328,22315.99941253662,8,
DXYN,9347,1986-11-25,2023-12-28,37.09,18428.999769687653,109200.0,7,
DY,9974,1984-06-04,2023-12-28,39.56,30106845.24078369,4302577.029037476,7,
DYAI,3074,2008-01-16,2020-04-01,12.21,493345.0049877167,36649.500131607056,5,
DYFN,5,2020-06-26,2020-07-02,0.02,1660000.0,1660000.0,3,
DYHG,1,2020-07-02,2020-07-02,0.0,72625.1156616211,72625.1156616211,0,
DYLS,1102,2015-12-23,2020-05-27,4.43,280847.87125968933,352632.5889663696,6,
DYNF,1203,2019-03-21,2023-12-28,4.77,91742.44909286499,163677.20336914062,4,
DYNT,9159,1983-12-01,2020-04-01,36.33,13620.50005197525,10984.375,7,
DZSI,5064,2003-11-14,2023-12-28,20.12,789175.9908914566,365002.49667167664,5,
DZZ,3987,2008-02-28,2023-12-28,15.83,12388.499689102173,864551.9974708557,5,
E,7070,1995-11-28,2023-12-28,28.08,7544887.542819978,8956837.563991548,7,
EA,8635,1989-09-20,2023-12-28,34.27,238759132.87506104,133339121.20819092,7,
EAB,1384,2015-01-02,2020-07-02,5.5,120469.49930191041,178327.49853134155,4,
EAD,5247,2003-02-26,2023-12-28,20.84,1104656.013393402,1865481.9951057434,5,
EAE,1718,2013-06-06,2020-04-01,6.82,147172.50156402588,172379.50038909912,4,
EAF,1442,2015-01-13,2023-12-28,8.96,6081069.75069046,14083039.466881752,1136,
EAGG,1304,2018-10-23,2023-12-28,5.18,9803441.916275024,5683550.408935547,4,
EAI,921,2007-12-17,2020-07-02,12.54,0.0,0.0,1207,
EAOA,889,2020-06-18,2023-12-28,3.53,14756.750106811525,18595.500373840332,4,
EAOK,889,2020-06-18,2023-12-28,3.53,2404.6000480651855,2647.6999282836923,4,
EAOM,889,2020-06-18,2023-12-28,3.53,2546.4499473571777,5057.199859619141,4,
EAOR,889,2020-06-18,2023-12-28,3.53,13403.500080108643,14034.500122070312,4,
EARN,2685,2013-05-01,2023-12-28,10.66,624525.4958868027,741381.0067176819,4,
EARS,1488,2014-08-06,2020-07-02,5.91,129131.5966963768,174800.0,4,
EASG,1295,2018-11-05,2023-12-28,5.14,85330.50270080566,50713.59863281249,4,
EASI,510,2018-06-14,2020-07-02,2.05,63287.75062561035,91889.00079727171,4,
EAST,1759,2017-01-03,2023-12-28,6.98,24081.750116348267,85436.00444793701,4,
EAT,10077,1984-01-06,2023-12-28,39.98,33675511.56806946,20294500.0,7,
EB,1327,2018-09-20,2023-12-28,5.27,8747483.321857452,11557391.875457764,4,
EBAY,6357,1998-09-24,2023-12-28,25.26,202422512.68463135,390437824.07450676,7,
EBAYL,1087,2016-03-10,2020-07-02,4.31,1221313.4870529175,1433590.0201797485,4,
EBF,11040,1980-03-17,2023-12-28,43.78,1679690.5433654785,546877.4935245514,7,
EBIX,9197,1987-07-01,2023-12-28,36.49,7021668.011338711,266500.0039100647,7,
EBIZ,1277,2018-11-30,2023-12-28,5.08,71590.30227661133,175539.00833129883,4,
EBMT,5970,2000-04-06,2023-12-28,23.73,83050.99868774414,11732.49957561493,7,
EBND,3233,2011-02-24,2023-12-28,12.84,5636576.9329071045,2776205.9074401855,5,
EBON,883,2020-06-26,2023-12-28,3.5,108924.90062713623,1181369.9716567993,4,
EBR-B,6223,1996-10-24,2023-12-28,27.18,116851.7699174881,337350.0,29,
EBR,3802,2008-11-19,2023-12-28,15.1,7703618.819332123,4089477.0112514496,5,
EBS,4308,2006-11-15,2023-12-28,17.12,9345660.364055634,8163785.970783234,5,
EBSB,3134,2008-01-23,2020-07-02,12.44,2303050.542640686,858619.700717926,5,
EBTC,4751,2005-02-14,2023-12-28,18.87,404192.0087814331,145219.99797821048,5,
EC,2904,2008-09-18,2020-04-01,11.53,10644941.796183586,11954732.824230194,5,
ECC,2322,2014-10-08,2023-12-28,9.22,4234093.481731415,1594787.989473343,4,
ECCB,914,2016-10-11,2020-07-02,3.72,116993.5996055603,71959.99946594238,4,
ECCX,997,2018-04-30,2023-12-28,5.66,58112.499713897705,72065.0011062622,593,
ECCY,728,2017-08-09,2020-07-02,2.9,54015.75164794922,38662.5,4,
ECF,9456,1986-06-23,2023-12-28,37.51,297637.0038986206,133178.25241088867,7,
ECH,4054,2007-11-20,2023-12-28,16.1,14721598.303699493,10415812.975502014,5,
ECHO,2706,2009-10-02,2020-07-02,10.75,4339715.485954285,3654041.5245056152,5,
ECL,12827,1973-02-21,2023-12-28,50.85,168977309.46121216,,5,
ECLN,166,2019-08-21,2020-07-02,0.87,7865.999984741211,7865.999984741211,12,
ECOL,9049,1984-05-09,2020-04-01,35.9,7176658.943557739,272700.0,7,
ECOM,1782,2013-05-23,2020-06-19,7.07,916664.989900589,1481192.5283908844,4,
ECON,2459,2010-09-14,2020-06-19,9.76,835144.5183753967,3210138.9297485356,5,
ECOR,502,2018-06-22,2020-06-19,1.99,279943.1466281414,470642.99905300135,4,
ECOW,159,2019-05-06,2020-06-30,1.15,10182.499885559082,10182.499885559082,22,
ECOZ,1,2020-06-26,2020-06-26,0.0,110.70760345458984,110.70760345458984,0,
ECPG,6159,1999-07-09,2023-12-28,24.47,7625734.438323975,3519984.8880767818,7,
ECT,2519,2010-07-01,2020-07-02,10.0,32114.999932050705,227483.99312496185,5,
ED,15605,1962-01-02,2023-12-28,61.98,162113214.4996643,9645350.0,7,
EDAP,6646,1997-08-01,2023-12-28,26.41,445787.4929904938,116914.50177431107,7,
EDC,3775,2008-12-30,2023-12-28,14.99,2396699.981689453,24385698.252868652,5,
EDD,4201,2007-04-24,2023-12-28,16.68,758487.5004053116,2310737.981271744,5,
EDEN,1384,2015-01-02,2020-07-02,5.5,304152.5037765503,634648.0041503906,4,
EDF,3274,2010-12-27,2023-12-28,13.0,315599.49955940247,1039573.9700317382,5,
EDI,2803,2012-10-26,2023-12-18,11.14,242895.57625317574,532818.0107116698,5,
EDIT,1990,2016-02-03,2023-12-28,7.9,13846386.100196838,20088818.283843994,4,
EDIV,3233,2011-02-24,2023-12-28,12.84,789327.509021759,1529208.973312378,5,
EDN,4199,2007-04-26,2023-12-28,16.67,436561.9905471802,335286.00769042963,5,
EDNT,545,2018-05-03,2020-07-02,2.17,48988.99998664856,58823.99926185608,4,
EDOG,2456,2014-03-28,2023-12-28,9.75,37085.50090789795,86772.99938201904,4,
EDOW,1608,2017-08-09,2023-12-28,6.38,688323.9995956421,354677.20470428467,4,
EDRY,1404,2018-06-01,2023-12-28,5.57,115424.49970245361,163106.49728775024,4,
EDSA,3405,2010-06-21,2023-12-28,13.52,62704.999685287476,70056.00128173828,5,
EDU,4351,2006-09-15,2023-12-28,17.28,74769847.42107391,44318682.862091064,5,
EDUC,11039,1980-03-18,2023-12-28,43.78,19490.000462532043,12072.000503540039,7,
EDV,4008,2008-01-29,2023-12-28,15.91,31040412.963867188,6068347.846221924,5,
EDZ,3775,2008-12-30,2023-12-28,14.99,1858514.4718647003,15687960.218811035,5,
EE,8239,1989-07-07,2023-12-28,34.48,3381339.5035743713,3283676.0124206543,650,
EEA,9438,1986-07-18,2023-12-28,37.45,28907.998752593994,176811.99684143066,7,
EEFT,6748,1997-03-07,2023-12-28,26.81,32615332.962036133,8477295.85647583,7,
EEH,3190,2007-08-02,2020-05-22,12.8,0.0,0.0,51,
EELV,3009,2012-01-13,2023-12-28,11.96,3342865.54479599,1151571.9863891602,5,
EEM,5214,2003-04-14,2023-12-28,20.71,1173951745.0876236,1934320725.8993149,5,
EEMA,2991,2012-02-09,2023-12-28,11.88,2145443.980407715,1567222.9705810547,5,
EEMD,528,2017-11-30,2020-07-02,2.59,10761.000156402588,11339.749813079834,8,
EEMO,1001,2015-01-02,2020-07-02,5.5,15956.999683380127,45968.00079345703,60,
EEMS,3111,2011-08-18,2023-12-28,12.36,907583.9973449707,857280.029296875,5,
EEMV,3067,2011-10-20,2023-12-28,12.19,23337471.83265686,21531574.05166626,5,
EEMX,756,2016-11-15,2020-07-02,3.63,105778.0481338501,64474.5002746582,27,
EES,4242,2007-02-23,2023-12-28,16.84,1232579.4841766357,1114422.5183486938,5,
EET,1,2020-07-02,2020-07-02,0.0,379771.84701538086,379771.84701538086,0,
EEV,4067,2007-11-01,2023-12-28,16.16,83680.00106811523,1846416.0656738281,5,
EEX,1679,2017-04-28,2023-12-28,6.67,203504.99603748322,775851.9807815552,4,
EFAD,2355,2014-08-21,2023-12-28,9.35,228594.3473815918,314520.20835876465,4,
EFAS,787,2016-12-16,2020-07-01,3.54,45088.39912414551,25397.99928665161,26,
EFAV,3067,2011-10-20,2023-12-28,12.19,24437363.655090332,34239633.08792114,5,
EFAX,807,2016-11-03,2020-07-02,3.66,127452.65102386475,80123.99597167969,15,
EFC,3328,2010-10-08,2023-12-28,13.22,9388150.554800034,2404490.071582794,5,
EFF,1768,2013-06-26,2020-07-02,7.02,259392.4973487854,377133.0100059509,4,
EFG,4631,2005-08-05,2023-12-28,18.4,53969542.850112915,8609752.307128906,5,
EFL,742,2017-07-10,2020-07-02,2.98,549289.5046234131,483166.51334762573,15,
EFO,3668,2009-06-04,2023-12-28,14.57,76902.50072479248,66304.99935150146,5,
EFOI,7393,1994-08-18,2023-12-28,29.36,12645.690227866173,46000.0,7,
EFR,5057,2003-11-25,2023-12-28,20.09,828924.0225791931,1600287.033843994,5,
EFSC,4209,2003-07-15,2020-04-01,16.71,3723009.949493408,514560.009765625,5,
EFT,4892,2004-07-26,2023-12-28,19.42,904079.0030479432,1706281.483888626,5,
EFU,4072,2007-10-25,2023-12-28,16.18,52069.501304626465,131831.00061416626,5,
EFV,4631,2005-08-05,2023-12-28,18.4,85052434.08622742,12398126.626586916,5,
EFX,11040,1980-03-17,2023-12-28,43.78,152306397.71270752,12461549.347305298,7,
EFZ,4072,2007-10-25,2023-12-28,16.18,1131508.4930419922,1307282.0187568667,5,
EGAN,5219,1999-09-23,2020-06-19,20.74,1041502.5011539459,43500.00143051148,7,
EGBN,6156,1999-07-14,2023-12-28,24.46,6735419.9365615845,627313.6283397675,7,
EGF,3631,2005-10-27,2020-04-01,14.43,44693.001556396484,345059.0065956116,5,
EGHT,6667,1997-07-02,2023-12-28,26.49,5209597.610378265,2875534.935092926,7,
EGIF,1,2020-07-02,2020-07-02,0.0,225816.79357147214,225816.79357147214,0,
EGLE,4658,2005-06-28,2023-12-28,18.5,8806955.933380127,2375878.6376953125,5,
EGO,5270,2003-01-23,2023-12-28,20.93,14657874.032115936,16306182.458066944,5,
EGOV,5277,1999-07-15,2020-07-02,20.97,7511188.409614563,2409782.9177856445,7,
EGP,12826,1973-02-21,2023-12-28,50.85,41439400.33111572,400440.625,7,
EGPT,3490,2010-02-18,2023-12-28,13.86,138804.00352478027,259314.50099945068,5,
EGRX,2487,2014-02-12,2023-12-28,9.87,2474444.9686050415,7551439.853668213,4,
EGY,7785,1993-01-29,2023-12-28,30.91,4226853.056430817,491369.9928998947,7,
EH,1018,2019-12-12,2023-12-28,4.04,10257867.51794815,7448804.839515686,4,
EHC,9391,1986-09-24,2023-12-28,37.26,35572963.31863403,14561381.885528564,7,
EHI,5141,2003-07-29,2023-12-28,20.42,342613.50269317627,945437.963104248,5,
EHTH,4326,2006-10-20,2023-12-28,17.19,2143540.47703743,3433785.6043815613,5,
EIC,3818,2007-05-30,2023-12-28,16.58,482625.0078201294,130315.95640182495,19,
EIDO,3435,2010-05-07,2023-12-28,13.64,9215170.861530304,12999285.281181335,5,
EIDX,513,2018-06-20,2020-07-02,2.03,5588973.040771484,3821817.802429199,4,
EIG,4258,2007-01-31,2023-12-28,16.91,4404727.621459961,3791466.021251679,5,
EIGI,1619,2013-10-25,2020-04-01,6.43,1716905.4722309113,3888640.016555786,4,
EIGR,2496,2014-01-30,2023-12-28,9.91,219125.000461936,978011.5214109421,4,
EIM,5371,2002-08-28,2023-12-28,21.33,1417590.0279045105,1533167.9958343506,5,
EINC,2968,2012-03-14,2023-12-28,11.79,69765.0032043457,341317.67578125,5,
EIS,3967,2008-03-28,2023-12-28,15.75,707080.5141448975,791661.0145568848,5,
EIX,12776,1973-05-03,2023-12-28,50.65,113355163.16604614,19479584.468841553,7,
EJAN,123,2020-01-02,2020-07-02,0.5,128304.00123596193,128304.00123596193,5,
EJUL,1,2020-07-02,2020-07-02,0.0,444729.8590393067,444729.8590393067,0,
EKAR,508,2018-02-13,2020-07-02,2.38,6388.950061798096,7279.199981689453,8,
EKSO,1562,2014-01-17,2020-04-01,6.2,305531.9948196412,401895.00732421875,4,
EL,7077,1995-11-17,2023-12-28,28.11,334157670.1690674,,5,
ELA,8005,1992-03-18,2023-12-28,31.78,178855.99505901337,18655.998992919922,7,
ELAN,440,2018-09-20,2020-06-19,1.75,99631333.73641968,91011589.71920013,4,
ELAT,113,2020-01-23,2020-07-02,0.44,1746107.9948425293,1746107.9948425293,4,
ELC,2413,2010-10-13,2020-07-02,9.72,120793600.0,316493133.0,11,
ELD,3371,2010-08-09,2023-12-28,13.39,211257.99674987793,1780514.9002075195,5,
ELF,1829,2016-09-22,2023-12-28,7.26,97758768.85910034,11993346.201324463,4,
ELGX,6050,1996-06-20,2020-07-02,24.03,397764.4962966442,577369.0073490143,7,
ELJ,57,2017-11-27,2020-07-02,2.6,449.1960124075413,449.1960124075413,395,
ELLO,6205,1995-10-06,2020-06-30,24.73,10713.499927520752,9624.000549316406,7,
ELMD,3367,2010-08-13,2023-12-28,13.37,107851.49917602539,58320.00102996826,5,
ELOX,6302,1998-12-11,2023-12-28,25.05,115280.10938382149,0.0,7,
ELP,6648,1997-07-30,2023-12-28,26.41,3204359.786344528,4191044.4868564606,7,
ELS,6825,1993-02-25,2020-04-01,27.1,38697212.49847412,5887395.944976807,7,
ELSE,9789,1981-06-09,2020-07-02,39.06,2904.0000915527344,1980.0000190734863,92,
ELTK,6779,1997-01-22,2023-12-28,26.93,159319.50149536133,16800.0,7,
ELU,1791,2013-05-23,2020-07-02,7.11,112933.00046920776,177776.0025024414,4,
ELVT,753,2017-04-06,2020-07-02,3.24,486022.00260162354,827295.9770202637,92,
ELY,7140,1992-02-28,2020-07-02,28.34,17773759.797668457,8017221.527385712,7,
EMAG,1,2020-07-02,2020-07-02,0.0,11302.200210571289,11302.200210571289,0,
EMAN,5081,2000-01-21,2020-04-01,20.19,30830.999772250652,90850.00109672546,7,
EMB,4034,2007-12-19,2023-12-28,16.02,472366212.3641968,139701516.02630615,5,
EMBD,21,2020-06-03,2020-07-02,0.08,2369640.0833129883,2369640.0833129883,3,
EMCF,5303,1999-03-08,2020-04-01,21.07,22882.99903869629,0.0,7,
EMD,5051,2003-12-04,2023-12-28,20.07,1442898.9902496338,1820847.9564666748,5,
EMDV,1995,2016-01-27,2023-12-28,7.92,23357.999801635742,57939.99862670898,4,
EME,7294,1995-01-10,2023-12-28,28.96,53037253.551483154,11402758.428382874,7,
EMF,8406,1987-02-26,2020-07-02,33.35,524087.9997253418,623912.5,7,
EMFM,1363,2015-01-02,2020-07-02,5.5,37079.50048446655,63612.00141906738,6,
EMHY,1385,2015-01-02,2020-07-02,5.5,3282413.4677886963,2250864.056396485,4,
EMIF,3657,2009-06-19,2023-12-28,14.52,15242.500400543213,136793.99871826172,5,
EMKR,6749,1997-03-06,2023-12-28,26.81,189338.99812996387,1007024.9779224396,7,
EML,11040,1980-03-17,2023-12-28,43.78,90592.5012588501,29948.221468925472,7,
EMMF,1,2020-07-02,2020-07-02,0.0,30043.284921646118,30043.284921646118,0,
EMMS,6573,1994-02-23,2020-04-01,26.1,63584.884214401245,683853.3639907837,7,
EMN,7565,1993-12-14,2023-12-28,30.04,69177950.4447937,,5,
EMNT,137,2019-12-12,2020-07-02,0.56,201061.99645996097,201061.99645996097,4,
EMO,3157,2011-06-14,2023-12-28,12.54,854693.0042266846,1467647.9461669922,5,
EMP,4835,2000-01-03,2020-07-02,20.5,1474911.9981765747,1022.0000267028809,279,
EMQQ,2294,2014-11-17,2023-12-28,9.11,2079036.2049102783,3102974.49798584,4,
EMR,13006,1972-06-01,2023-12-28,51.57,247102197.16644287,40545212.5,7,
EMSG,298,2018-12-06,2020-07-02,1.57,12974.499702453613,10281.599807739258,8,
EMTL,974,2016-04-27,2020-07-02,4.18,331264.00146484375,164325.40435791016,14,
EMX,3171,2007-08-28,2020-04-01,12.59,122670.5006480217,36503.99866104126,5,
EMXC,1618,2017-07-26,2023-12-28,6.42,36076552.44808197,1007791.520690918,4,
ENB,10029,1984-03-15,2023-12-28,39.79,140119561.2646103,634589.9848937988,7,
ENBA,551,2018-04-26,2020-07-02,2.18,1197153.0051231384,1350095.9838867188,4,
ENBL,1505,2014-04-11,2020-07-02,6.23,8467535.999751091,4331425.070762634,92,
ENDP,4959,2000-07-18,2020-07-02,19.96,24458727.33078003,32802131.352615356,92,
ENFR,2556,2013-11-01,2023-12-28,10.15,356332.9975128174,212851.5034675598,4,
ENG,7286,1995-01-20,2023-12-28,28.94,55885.52026605606,70590.00216722488,7,
ENIA,6660,1993-10-20,2020-04-01,26.45,9849399.55778122,5334149.701023102,7,
ENIC,1936,2016-04-21,2023-12-28,7.69,2191100.9570240974,1531788.5206460953,4,
ENJ,1843,2012-12-05,2020-04-01,7.32,33059.000396728516,43418.001556396484,4,
ENLC,5025,2004-01-13,2023-12-28,19.96,22663564.34211731,6221240.2759552,5,
ENLV,2370,2014-07-31,2023-12-28,9.41,54982.70117044449,110468.00022125244,4,
ENO,1955,2016-03-24,2023-12-28,7.76,146181.9995880127,191030.0064086914,4,
ENOB,605,2018-02-07,2020-07-02,2.4,185157.99655914307,132549.00290966037,4,
ENOR,3003,2012-01-24,2023-12-28,11.93,113664.99614715576,187703.99780273438,5,
ENPH,2956,2012-03-30,2023-12-28,11.75,560912434.979248,9391929.762291908,5,
ENR,5978,2000-03-27,2023-12-28,23.75,16431368.104934692,27661233.95061493,7,
ENS,4887,2004-08-02,2023-12-28,19.4,20217969.0410614,12645200.477600098,5,
ENSG,4061,2007-11-09,2023-12-28,16.13,23160164.877319336,4629850.201034546,5,
ENSV,7481,1994-04-13,2023-12-28,29.71,80284.3982487917,12935.900211334227,7,
ENT,1380,2015-01-02,2020-07-02,5.5,197375.0,1394200.0,8,
ENTA,2713,2013-03-21,2023-12-28,10.77,4601747.560214996,8187422.972488403,4,
ENTG,5905,2000-07-11,2023-12-28,23.46,113599277.76145935,8660899.775028229,7,
ENTX,1385,2018-06-28,2023-12-28,5.5,24581.499695777893,45257.999432086945,4,
ENV,3378,2010-07-29,2023-12-28,13.42,23176565.35949707,11908188.181686401,5,
ENVA,2296,2014-11-13,2023-12-28,9.12,8587927.440071106,5614494.073677063,4,
ENX,4429,2002-08-28,2020-04-01,17.59,316055.9955596924,315561.9938850403,5,
ENZ,10979,1980-06-12,2023-12-28,43.54,187785.99623441696,599759.9812746048,7,
ENZL,3353,2010-09-02,2023-12-28,13.32,385260.99433898926,1016098.0133056641,5,
EOD,4219,2007-03-28,2023-12-28,16.75,341502.00991630554,1209317.9597854614,5,
EOG,8625,1989-10-04,2023-12-28,34.23,362253585.6613159,159905117.02270508,7,
EOI,4826,2004-10-27,2023-12-28,19.17,955993.5137748718,1467481.493282318,5,
EOLS,540,2018-02-08,2020-04-01,2.14,6550233.738517761,6393120.212173462,4,
EOS,3885,2005-01-27,2020-07-02,15.43,2064062.014579773,1862892.0387268066,5,
EOT,3674,2009-05-27,2023-12-28,14.59,516035.99195480347,717502.4993896484,5,
EPAC,5896,2000-07-24,2023-12-28,23.43,6825522.838592529,9338697.673082352,7,
EPAM,2992,2012-02-08,2023-12-28,11.89,114328576.42745972,37197769.34051514,5,
EPAY,5382,1999-02-12,2020-07-02,21.39,11218015.552425385,2971841.279697418,7,
EPC,5036,2000-03-27,2020-04-01,20.01,19841861.221313477,30433752.924728394,7,
EPD,6399,1998-07-28,2023-12-28,25.42,108352270.14875412,,7,
EPI,3989,2008-02-26,2023-12-28,15.84,14074278.774261475,38339424.31430817,5,
EPIX,2215,2015-03-13,2023-12-28,8.79,186144.0024614334,61100.999164581306,4,
EPM,6977,1996-04-11,2023-12-28,27.71,2116371.9559431076,198712.0018005371,7,
EPOL,3422,2010-05-26,2023-12-28,13.59,4305436.458873749,4034122.0237731934,5,
EPR,6570,1997-11-18,2023-12-28,26.11,22504771.288871765,13293983.974838257,7,
EPRF,1023,2016-05-24,2020-07-02,4.11,98260.00213623047,69288.00201416016,6,
EPRT,1390,2018-06-21,2023-12-28,5.52,22292598.808670044,16847489.609527588,4,
EPSN,4057,2007-11-15,2023-12-28,16.12,397086.99004650116,16200.000047683716,5,
EPU,3656,2009-06-22,2023-12-28,14.52,415716.4952278137,1990857.996749878,5,
EPV,3657,2009-06-19,2023-12-28,14.52,2561934.496116638,976332.0270538331,5,
EPZM,1786,2013-05-31,2020-07-02,7.09,12535273.37732315,6015284.031009674,4,
EQ,5903,1999-08-18,2023-12-28,24.36,62420.50142288208,12152.000236511229,255,
EQAL,2268,2014-12-24,2023-12-28,9.01,1415429.3327331543,1127980.007648468,4,
EQBK,2046,2015-11-11,2023-12-28,8.13,983567.9941177368,1067559.4919204712,4,
EQC,9332,1986-12-17,2023-12-28,37.03,19143621.62475586,7362943.991088867,7,
EQH,1419,2018-05-10,2023-12-28,5.63,65269574.73106384,67718418.78261565,4,
EQIX,4940,2000-08-11,2020-04-01,19.64,200431096.9482422,74654816.30096436,7,
EQL,3646,2009-07-07,2023-12-28,14.48,667371.4988708496,336790.0047302246,5,
EQM,2005,2012-06-27,2020-06-16,7.97,25135502.266979218,18730739.41040039,5,
EQNR,5669,2001-06-18,2023-12-28,22.53,81605850.86812973,31925594.567108154,7,
EQR,7650,1993-08-12,2023-12-28,30.38,111466918.92185211,77172453.17878723,7,
EQRR,1619,2017-07-25,2023-12-28,6.43,147220.2003479004,78660.00289916992,4,
EQS,7000,1992-09-11,2020-07-02,27.81,4047.9999780654907,35454.545402526855,7,
EQT,11040,1980-03-17,2023-12-28,43.78,212191113.4557724,7846913.941287994,7,
EQWL,4297,2006-12-01,2023-12-28,17.07,1907699.478149414,110176.0009765625,5,
EQX,1282,2017-12-22,2023-12-28,6.02,8456437.5,8793012.251973152,185,
ERA,1861,2013-01-22,2020-06-11,7.38,827715.5067324638,1073826.015472412,4,
ERC,5164,2003-06-25,2023-12-28,20.51,501344.99883651733,1515777.4592399595,5,
ERF,5813,2000-11-17,2023-12-28,23.11,17845252.88476944,12117863.60321045,7,
ERH,4952,2004-04-28,2023-12-28,19.67,164639.99795913696,331839.4914627075,5,
ERI,4543,2000-01-03,2020-07-02,20.5,82172354.43668365,0.0,441,
ERIC,10677,1981-08-24,2023-12-28,42.34,43586027.24208832,38106895.149707794,7,
ERIE,7110,1995-10-02,2023-12-28,28.24,23242148.48022461,2444465.0146484375,7,
ERII,3900,2008-07-02,2023-12-28,15.49,7692817.01602936,1951475.5162239075,5,
ERJ,5897,2000-07-21,2023-12-28,23.44,18519901.167297363,20388984.564971924,7,
EROS,1670,2013-11-13,2020-07-02,6.63,7319688.647216558,3555480.610060692,4,
ERSX,1259,2018-12-28,2023-12-28,5.0,1280.649995803833,4600.199890136721,4,
ERUS,1385,2015-01-02,2020-07-02,5.5,7419216.912841797,7947941.860961916,4,
ERX,3802,2008-11-19,2023-12-28,15.1,39176900.684547424,80996686.69242859,5,
ERY,3802,2008-11-19,2023-12-28,15.1,10705679.378128052,19884433.0,5,
ERYP,660,2016-01-27,2020-07-01,4.43,2111.5999460220337,4123.999977111816,638,
ES,12826,1973-02-21,2023-12-28,50.85,137179031.2473297,5874837.535381317,7,
ESBA,1637,2013-10-02,2020-07-02,6.75,105108.50110054016,148356.00357055664,92,
ESBK,8580,1986-06-18,2020-07-02,34.04,58162.000942230225,,5,
ESCA,11040,1980-03-17,2023-12-28,43.78,260238.5027885437,29788.54374885559,7,
ESCR,79,2020-03-02,2020-06-30,0.33,4430.799865722656,4430.799865722656,5,
ESE,8375,1990-10-01,2023-12-28,33.24,7549884.70993042,3023856.024169922,7,
ESEA,4443,2006-05-05,2023-12-28,17.65,531544.0017700195,185940.9984588623,5,
ESEB,965,2020-03-02,2023-12-28,3.82,6615.200042724609,15501.600646972656,4,
ESG,1878,2016-07-14,2023-12-28,7.46,184043.45016479492,165276.10168457028,4,
ESGD,1848,2016-08-25,2023-12-28,7.34,21052005.711364746,12389724.712753296,4,
ESGE,1874,2016-07-20,2023-12-28,7.44,23611109.609889984,15988484.69734192,4,
ESGG,1877,2016-07-15,2023-12-28,7.45,121865.39840698242,102179.99877929688,4,
ESGN,723,2016-07-21,2020-07-02,3.95,10432.24973678589,19628.999519348145,18,
ESGR,6732,1997-04-01,2023-12-28,26.74,8344783.800506594,1498079.9667358398,7,
ESGRO,1288,2018-11-14,2023-12-28,5.12,146521.50163650513,215792.99850463867,4,
ESGRP,513,2018-06-20,2020-07-02,2.03,549039.0040397644,693704.3991088868,4,
ESGV,1327,2018-09-20,2023-12-28,5.27,14240986.421585083,13547735.595703125,4,
ESHY,86,2020-03-02,2020-07-02,0.33,42099.49989318848,42099.49989318848,4,
ESI,2564,2013-10-22,2023-12-28,10.18,22029002.009105682,23165438.6343956,4,
ESLT,6816,1996-11-27,2023-12-28,27.08,4516925.964355469,701712.5,7,
ESML,1416,2018-05-15,2023-12-28,5.62,3578579.024887085,2775446.9591140747,4,
ESNG,84,2020-02-11,2020-07-02,0.39,20966.94965362549,20966.94965362549,7,
ESNT,2557,2013-10-31,2023-12-28,10.16,18535400.065612793,19606508.403015137,4,
ESP,11040,1980-03-17,2023-12-28,43.78,94233.00018310547,24405.99970817566,7,
ESPO,1308,2018-10-17,2023-12-28,5.2,971328.5024642944,1955943.5111999512,4,
ESPR,2646,2013-06-26,2023-12-28,10.51,4177370.0556874275,12828925.391483307,4,
ESQ,1638,2017-06-27,2023-12-28,6.5,931169.9977874756,433400.00200271606,4,
ESRT,2578,2013-10-02,2023-12-28,10.24,8372775.0,13525427.76813507,4,
ESS,7444,1994-06-07,2023-12-28,29.56,87607191.75567627,31071034.271240234,7,
ESSA,4214,2007-04-04,2023-12-28,16.73,213241.49680137634,204150.00371932983,5,
ESSC,51,2020-03-20,2020-07-02,0.28,141983.99505615234,141983.99505615234,6,
ESSCU,71,2020-02-20,2020-06-30,0.36,143694.9977874756,143694.9977874756,7,
ESSCW,1,2020-06-19,2020-06-19,0.0,111649.67750443514,111649.67750443514,0,
ESTA,1371,2018-07-19,2023-12-28,5.44,7984980.225563049,4156307.9544067383,4,
ESTC,1316,2018-10-05,2023-12-28,5.23,70679397.24941254,86341210.38856506,4,
ESTE,6600,1994-04-18,2020-07-02,26.21,768579.0196657181,12588.000106811523,7,
ESXB,3480,2006-09-06,2020-07-02,13.82,224354.50525283813,42465.00039100647,5,
ET,4740,2001-08-15,2020-06-19,18.84,194996517.61317253,35889926.206588745,7,
ETB,4701,2005-04-27,2023-12-28,18.67,797772.0026016235,1016450.0,5,
ETFC,6010,1996-08-16,2020-07-02,23.88,125777137.26425171,61800037.38484383,7,
ETG,5014,2004-01-29,2023-12-28,19.91,1935188.4408950806,2775343.518924713,5,
ETH,6876,1993-03-16,2020-07-02,27.3,4055972.1641540527,6044101.90372467,7,
ETHO,2040,2015-11-19,2023-12-28,8.11,241394.00367736816,178156.8977355957,4,
ETI-P,203,2019-09-04,2020-07-02,0.83,109891.99810028076,109891.99810028076,5,
ETJ,4135,2007-07-27,2023-12-28,16.42,1129286.0377311707,2444467.9876327515,5,
ETM,5392,1999-01-29,2020-07-02,21.42,3283117.384839058,4104315.007853508,7,
ETN,13006,1972-06-01,2023-12-28,51.57,349163515.83862305,17360841.015625,7,
ETNB,1040,2019-11-11,2023-12-28,4.13,14667354.868125916,2657794.9904441833,4,
ETO,4932,2004-05-26,2023-12-28,19.59,702855.0110816956,995216.0039901733,5,
ETON,4336,2001-07-06,2023-12-28,22.48,219478.00316810608,321892.9937541485,441,
ETR,13006,1972-06-01,2023-12-28,51.57,137274172.40333557,20022056.25,7,
ETRN,1298,2018-10-31,2023-12-28,5.16,32744325.528907776,35252707.0538044,4,
ETSY,1305,2015-04-16,2020-06-19,5.18,157417488.38424683,42073938.42544556,4,
ETTX,445,2018-09-26,2020-07-02,1.77,52386.5020275116,60419.99797821046,4,
ETV,4658,2005-06-28,2023-12-28,18.5,2826824.559879303,2759247.9328155518,5,
ETW,4556,2005-11-21,2023-12-28,18.1,2275115.026140213,3383785.388803482,5,
ETX,2710,2013-03-26,2023-12-28,10.76,519231.52561187744,464975.0057220459,4,
ETY,4300,2006-11-28,2023-12-28,17.08,2652112.9871845245,4269999.524068832,5,
EUDG,2429,2014-05-07,2023-12-28,9.64,147884.3011856079,108466.5958404541,4,
EUDV,2089,2015-09-11,2023-12-28,8.3,4676.449966430664,22017.499923706055,4,
EUFN,3500,2010-02-03,2023-12-28,13.9,10616684.183883667,6860065.4337883,5,
EUFX,1991,2012-07-16,2020-07-02,7.96,22984.999656677246,30358.999252319336,13,
EUM,4067,2007-11-01,2023-12-28,16.16,579144.013261795,3645276.043319702,5,
EUMF,812,2016-02-04,2020-05-27,4.31,1279.226245880127,3091.199998855591,26,
EUMV,1375,2015-01-02,2020-07-02,5.5,114800.80051422119,121471.00448608398,6,
EUO,3798,2008-11-25,2023-12-28,15.09,1073270.98903656,5975883.1424713135,5,
EURL,2502,2014-01-22,2023-12-28,9.93,423582.0080757141,635572.9850769043,4,
EURN,2248,2015-01-26,2023-12-28,8.92,23917734.869384766,9798635.091304779,4,
EURZ,412,2015-08-19,2020-07-01,4.87,6931.750011444092,6844.799995422363,175,
EUSA,3435,2010-05-07,2023-12-28,13.64,2249539.971923828,416800.0030517578,5,
EUSB,879,2020-07-02,2023-12-28,3.49,1475567.9683685303,2014279.9377441409,4,
EUSC,2222,2015-03-04,2023-12-28,8.82,119735.00347137451,259768.20602416992,4,
EV,10163,1980-03-17,2020-07-02,40.29,27023722.241973877,,7,
EVA,2183,2015-04-29,2023-12-28,8.67,11901390.270853043,2503119.928741455,4,
EVBG,891,2016-09-16,2020-04-01,3.54,35822934.45663452,14326193.059539795,4,
EVBN,5465,2002-04-16,2023-12-28,21.7,341918.49212646484,31142.858505249023,5,
EVC,5889,2000-08-02,2023-12-28,23.4,1302375.9944915771,1454857.950925827,7,
EVER,1385,2018-06-28,2023-12-28,5.5,2823474.036693573,3748595.0894355774,4,
EVF,6333,1998-10-28,2023-12-28,25.17,374513.00354003906,640541.9939517975,7,
EVFM,2291,2014-11-20,2023-12-28,9.1,38223.99976038933,277032.0114135742,4,
EVG,4744,2005-02-24,2023-12-28,18.84,324779.9931049347,714195.0051784515,5,
EVGBC,1004,2016-04-07,2020-04-01,3.98,0.0,0.0,4,
EVGN,3323,2010-10-15,2023-12-28,13.2,66552.4981379509,23141.99933409691,5,
EVH,1215,2015-06-05,2020-04-01,4.82,9949819.324278831,10681369.646453857,4,
EVI,8505,1990-03-27,2023-12-28,33.75,390208.51430892944,3484.999918937683,7,
EVK,2949,2008-07-16,2020-04-01,11.71,675.000011920929,6479.999828338623,5,
EVLMC,1004,2016-04-07,2020-04-01,3.98,0.0,0.0,4,
EVM,4429,2002-08-28,2020-04-01,17.59,623949.4984149933,518661.0065460205,5,
EVN,6272,1999-01-27,2023-12-28,24.92,879238.9950275421,597622.0059394836,7,
EVOK,2583,2013-09-25,2023-12-28,10.26,20004.000383615494,158864.9970293045,4,
EVOL,6451,1998-05-12,2023-12-28,25.63,397.4999934434891,105432.00191259383,7,
EVOP,532,2018-05-23,2020-07-02,2.11,8715908.80651474,7930856.042098999,4,
EVR,4374,2006-08-14,2023-12-28,17.37,40580603.33251953,18704509.956932068,5,
EVRG,12826,1973-02-21,2023-12-28,50.85,81479632.02857971,4115274.9254226685,7,
EVRI,4597,2005-09-23,2023-12-28,18.26,11048110.861635208,3624389.9102211,5,
EVSI,2561,2010-05-03,2020-07-02,10.17,153322.50254154205,6195.000267028809,5,
EVSTC,1033,2016-02-26,2020-05-26,4.25,0.0,0.0,55,
EVT,4157,2003-09-26,2020-04-01,16.51,2842686.0332489014,2956652.9886245723,5,
EVTC,2698,2013-04-12,2023-12-28,10.71,9511316.968536377,8825288.961410522,4,
EVV,5174,2003-06-11,2023-12-28,20.55,2801138.534641266,4113140.981864929,5,
EVX,4330,2006-10-16,2023-12-28,17.2,169394.50302124023,73453.00025939941,5,
EVY,5330,1999-01-27,2020-04-01,21.18,120736.00101470947,108278.62644195557,7,
EW,5978,2000-03-27,2023-12-28,23.75,249347903.95202637,65046500.370407104,7,
EWA,6994,1996-03-18,2023-12-28,27.78,35835619.669532776,31827343.634223938,7,
EWBC,6267,1999-02-03,2023-12-28,24.9,56397834.76486206,20931619.66590882,7,
EWC,6994,1996-03-18,2023-12-28,27.78,53644672.8395462,32503739.293670654,7,
EWCO,412,2018-11-07,2020-07-02,1.65,97304.99925613403,79583.99963378906,4,
EWD,6994,1996-03-18,2023-12-28,27.78,6863119.4677352905,3710266.0621643066,7,
EWG,6994,1996-03-18,2023-12-28,27.78,49466107.95650482,35730779.784965515,7,
EWGS,2007,2012-01-26,2020-07-02,8.43,96402.99949645996,163566.00494384766,13,
EWI,6994,1996-03-18,2023-12-28,27.78,10432558.083152771,4047577.917289734,7,
EWJ,6994,1996-03-18,2023-12-28,27.78,334101609.7175598,211546930.8898449,7,
EWJV,235,2019-03-07,2020-07-02,1.32,20236.000061035156,20236.000061035156,17,
EWK,6994,1996-03-18,2023-12-28,27.78,53968.00003051758,327577.9932022095,7,
EWMC,1384,2015-01-02,2020-07-02,5.5,208199.99542236328,250028.4999847412,4,
EWN,6994,1996-03-18,2023-12-28,27.78,3723726.9367218018,1481551.9430160522,7,
EWO,6994,1996-03-18,2023-12-28,27.78,183437.00132369995,598616.4931297302,7,
EWP,6994,1996-03-18,2023-12-28,27.78,6334331.979751587,7417765.089416504,7,
EWQ,6994,1996-03-18,2023-12-28,27.78,16616084.66644287,5816618.215560913,7,
EWRE,1058,2015-08-14,2020-07-02,4.88,143786.99913024902,92095.00007629395,20,
EWS,6994,1996-03-18,2023-12-28,27.78,6574074.144077301,10268968.11285019,7,
EWT,5916,2000-06-23,2023-12-28,23.51,110748312.77313232,99803354.65049744,7,
EWU,6994,1996-03-18,2023-12-28,27.78,55156862.93106079,15625422.525072098,7,
EWUS,3001,2012-01-26,2023-12-28,11.92,105798.00138473511,118335.00480651855,5,
EWV,3112,2007-11-08,2020-06-19,12.61,124413.00086975098,259103.9960861206,7,
EWW,6994,1996-03-18,2023-12-28,27.78,117762898.45123291,94229634.87148285,7,
EWX,3928,2008-05-22,2023-12-28,15.6,1449985.9958648682,2276488.992881775,5,
EWY,5945,2000-05-12,2023-12-28,23.63,202344839.9848938,128066201.82800293,7,
EWZ,5902,2000-07-14,2023-12-28,23.46,707824978.448391,658114324.3590355,7,
EWZS,3335,2010-09-29,2023-12-28,13.25,1422317.0014381409,465075.0136375427,5,
EXAS,5763,2001-02-01,2023-12-28,22.9,113501104.45098877,6034137.762832642,7,
EXC,12777,1973-05-02,2023-12-28,50.66,234422031.17542267,23850000.0,7,
EXD,2459,2010-06-25,2020-04-01,9.77,401798.4950065613,509015.9869194031,5,
EXEL,5963,2000-04-17,2023-12-28,23.7,44621635.87770462,8861944.193649292,7,
EXFO,5033,2000-06-30,2020-07-02,20.01,56379.50075864792,106423.99425506592,7,
EXG,4202,2007-04-23,2023-12-28,16.68,4174547.5667715073,7508139.322566986,5,
EXI,4343,2006-09-27,2023-12-28,17.25,1059710.4839324951,841931.9961547852,5,
EXK,4450,2006-04-26,2023-12-28,17.67,6206313.916349411,4736259.973239899,5,
EXLS,4326,2006-10-20,2023-12-28,17.19,27540228.093433384,5490245.9632873535,5,
EXP,7482,1994-04-12,2023-12-28,29.71,43414818.435668945,17306749.93171692,7,
EXPC,98,2019-11-05,2020-07-02,0.66,489680.0181865692,489680.0181865692,16,
EXPCU,102,2019-09-13,2020-07-02,0.8,68090.00005722046,68090.00005722046,14,
EXPD,8953,1984-09-26,2020-04-01,35.51,75504363.42658997,,7,
EXPE,4642,2005-07-21,2023-12-28,18.44,237833946.0659027,155684408.7114334,5,
EXPI,2445,2013-11-19,2023-12-28,10.11,13095577.835559845,1377047.9564666748,22,
EXPO,8405,1990-08-17,2023-12-28,33.36,18098045.643615723,993750.0,7,
EXPR,3431,2010-05-13,2023-12-28,13.63,654936.5154266357,14025524.58524704,5,
EXR,4877,2004-08-16,2023-12-28,19.36,154023388.01193237,37813711.73400879,5,
EXTN,1179,2015-10-27,2020-07-02,4.68,1845653.4806013107,3054127.9525756836,4,
EXTR,6222,1999-04-09,2023-12-28,24.72,34235245.86935043,7487180.973243713,7,
EYE,1552,2017-10-27,2023-12-28,6.17,23362999.680995945,22116483.273220062,4,
EYEG,1356,2015-02-13,2020-07-02,5.38,196827.0050048828,143229.9962759018,4,
EYEGW,1,2020-06-19,2020-06-19,0.0,2261.7599494457213,2261.7599494457213,0,
EYEN,1492,2018-01-25,2023-12-28,5.92,488194.00898218155,307862.002325058,4,
EYES,1414,2014-11-19,2020-07-02,5.62,363767.4956202507,622388.0006790161,4,
EYPT,4763,2005-01-27,2023-12-28,18.92,3071032.9453468323,294784.00573730463,5,
EZA,5259,2003-02-07,2023-12-28,20.89,7005983.851623535,17021074.070739746,5,
EZJ,3667,2009-06-05,2023-12-28,14.56,88036.501121521,95524.99771118164,5,
EZM,4242,2007-02-23,2023-12-28,16.84,1190684.0175628662,1389675.5138397217,5,
EZPW,8146,1991-08-27,2023-12-28,32.34,3642515.9439086914,2200809.939265251,7,
EZT,1362,2015-02-04,2020-07-02,5.41,130217.84877777103,96995.9997177124,4,
EZU,5891,2000-07-31,2023-12-28,23.41,106962188.06610107,36840617.69256592,7,
F,13006,1972-06-01,2023-12-28,51.57,654888071.572113,101387298.35920334,7,
FAAR,1914,2016-05-23,2023-12-28,7.6,672173.0116844177,240312.75081634521,4,
FAB,4188,2007-05-11,2023-12-28,16.63,448033.01162719727,257886.99951171875,5,
FAD,4188,2007-05-11,2023-12-28,16.63,245105.49392700195,222575.9994506836,5,
FAF,3420,2010-05-28,2023-12-28,13.59,29889345.89881897,25301692.448043823,5,
FALN,1894,2016-06-21,2023-12-28,7.52,18825292.833709717,2035575.7643699646,4,
FAM,4806,2004-11-24,2023-12-28,19.09,137599.50170516968,601316.486787796,5,
FAMI,1476,2018-02-16,2023-12-28,5.86,67998.00029098988,475498.0,4,
FAN,3016,2008-06-27,2020-06-19,11.98,330226.9983291626,325522.99604415894,5,
FANG,2820,2012-10-12,2023-12-28,11.21,262992680.37109375,134285889.40315247,5,
FANH,4067,2007-11-01,2023-12-28,16.16,211210.0001335144,1082066.980934143,5,
FARM,11040,1980-03-17,2023-12-28,43.78,171610.49332618713,,7,
FARO,6613,1997-09-18,2023-12-28,26.28,2980717.047405243,2976084.088134765,7,
FAS,3802,2008-11-19,2023-12-28,15.1,61923693.56842041,169698098.69918823,5,
FAST,9162,1987-08-20,2023-12-28,36.36,164328811.24248505,35365607.2303772,7,
FAT,1556,2017-10-23,2023-12-28,6.18,81979.99875545502,77863.5015964508,4,
FATE,2579,2013-10-01,2023-12-28,10.24,9104628.929424286,6193152.24609375,4,
FAUG,121,2019-11-07,2020-06-19,0.62,101300.50277709961,101300.50277709961,9,
FAUS,552,2015-01-02,2020-07-02,5.5,6260.000038146973,9720.499801635742,29,
FAX,9502,1986-04-17,2023-12-28,37.7,1819521.028995514,2659529.076576233,7,
FB,2044,2012-05-18,2020-07-02,8.12,3142081989.480591,2542833851.3183594,5,
FBC,5770,1997-04-30,2020-07-02,23.17,8656055.660247803,3033807.026195526,92,
FBCG,898,2020-06-05,2023-12-28,3.56,3895678.521823883,3512131.711578369,4,
FBCV,898,2020-06-05,2023-12-28,3.56,382147.24197387695,619006.9910049438,4,
FBGX,2405,2014-06-11,2023-12-28,9.55,59647.35107421875,582203.9840698243,4,
FBHS,2149,2011-09-16,2020-04-01,8.54,67682031.31580353,57311904.0775299,5,
FBIO,3047,2011-11-17,2023-12-28,12.11,296674.1540822983,549143.4075899124,5,
FBIOP,1541,2017-10-26,2023-12-28,6.17,163522.50022888184,144649.995803833,19,
FBIZ,4564,2005-11-09,2023-12-28,18.13,391511.00521087646,192865.99807739258,5,
FBK,1939,2014-07-02,2023-12-28,9.49,4517081.056594849,3539921.9581604004,425,
FBM,854,2017-02-10,2020-07-02,3.39,4761888.862133026,2376350.48623085,4,
FBMS,5284,2003-01-02,2023-12-28,20.99,2694930.007171631,17040.49997329712,5,
FBNC,9241,1987-04-30,2023-12-28,36.66,5359513.725280762,,7,
FBND,2321,2014-10-09,2023-12-28,9.22,31165670.232200623,4668325.839233398,4,
FBP,9315,1987-01-13,2023-12-28,36.96,14672435.479688644,1658880.078125,7,
FBRX,1689,2017-04-13,2023-12-28,6.71,27356.60010576248,935100.0,4,
FBSS,5152,1999-12-23,2020-07-02,20.53,23435.000228881836,8224.000263214111,11,
FBT,4409,2006-06-23,2023-12-28,17.51,3880888.0859375,5112233.923339844,5,
FBZ,3195,2011-04-19,2023-12-28,12.69,13712.00008392334,38029.00142669678,5,
FC,7952,1992-06-03,2023-12-28,31.57,2455313.4328842163,442400.0,7,
FCAL,1638,2017-06-27,2023-12-28,6.5,631113.9999389648,282320.9976196289,4,
FCAN,1,2020-07-02,2020-07-02,0.0,20236.916299819946,20236.916299819946,0,
FCAP,6289,1999-01-04,2023-12-28,24.98,76244.99940872194,,5,
FCAU,2535,2010-06-09,2020-07-02,10.06,37005688.3972168,26493195.214748383,5,
FCBC,7486,1994-04-08,2023-12-28,29.72,916487.996673584,,5,
FCCO,5358,1999-03-09,2020-06-19,21.28,148431.99982643127,,7,
FCCY,5362,1999-03-15,2020-07-02,21.3,190285.4953289032,13098.480224609375,7,
FCEL,7936,1992-06-25,2023-12-28,31.51,23309600.793993473,2785248.0346679688,7,
FCF,7005,1992-06-10,2020-04-01,27.81,4438700.932884216,1724040.985774994,7,
FCFS,8201,1991-06-10,2023-12-28,32.55,17766336.31515503,3934719.8982238774,7,
FCG,4188,2007-05-11,2023-12-28,16.63,6537012.08190918,6699559.423866272,5,
FCN,6957,1996-05-09,2023-12-28,27.64,36560040.2481079,11404644.575881958,7,
FCNCA,9371,1986-10-22,2023-12-28,37.18,95209162.60986328,900000.0,7,
FCNCP,69,2020-03-13,2020-06-19,0.27,1197000.0,1197000.0,4,
FCO,8009,1992-03-12,2023-12-28,31.79,288605.9902667999,219778.00979614258,7,
FCOM,2562,2013-10-24,2023-12-28,10.18,2960082.980155945,1698858.529663086,4,
FCOR,2321,2014-10-09,2023-12-28,9.22,1067092.984008789,695097.2995758057,4,
FCPI,1042,2019-11-07,2023-12-28,4.14,602922.5112915039,532516.5502548218,4,
FCPT,2047,2015-11-10,2023-12-28,8.13,11213093.923568726,9611099.723815918,4,
FCT,4932,2004-05-26,2023-12-28,19.59,686592.501783371,1137103.9644241333,5,
FCTR,1361,2018-08-02,2023-12-28,5.4,629040.3422355652,573401.42288208,4,
FCVT,2051,2015-11-04,2023-12-28,8.15,374443.0013656616,831428.0082702637,4,
FCX,6227,1995-07-10,2020-04-01,24.73,231554006.24432564,221044100.302124,7,
FDBC,6220,1999-04-13,2023-12-28,24.71,304520.5005645752,5934.666633605957,7,
FDD,4111,2007-08-30,2023-12-28,16.33,499421.9922065735,662999.9876022339,5,
FDEF,6726,1993-07-20,2020-06-19,26.92,1860492.0072555542,215954.00562286377,79,
FDEU,2054,2015-09-24,2023-11-20,8.16,477019.39145183563,784269.5041656494,4,
FDEV,1217,2019-03-01,2023-12-28,4.83,103491.20140075684,47438.99917602539,4,
FDG,55,2020-04-02,2020-06-19,0.21,620334.005355835,620334.005355835,4,
FDHY,1395,2018-06-14,2023-12-28,5.54,1007355.9719085693,1085930.961227417,4,
FDIS,2562,2013-10-24,2023-12-28,10.18,4129938.9850616455,3502993.9098358154,4,
FDIV,1403,2015-01-05,2023-12-28,8.98,252431.00471496582,220762.00065612793,1175,
FDLO,1834,2016-09-15,2023-12-28,7.28,1915923.030281067,1402126.6500473022,4,
FDMO,1834,2016-09-15,2023-12-28,7.28,422969.99740600586,543116.0034179688,4,
FDNI,1291,2018-11-09,2023-12-28,5.13,52111.50026321411,120131.9974899292,4,
FDRR,1834,2016-09-15,2023-12-28,7.28,985691.9715881348,1395065.4744148254,4,
FDS,6922,1996-06-28,2023-12-28,27.5,96179741.14379883,25487459.353256226,7,
FDT,3195,2011-04-19,2023-12-28,12.69,1734057.0184707642,1521000.0,5,
FDTS,2986,2012-02-16,2023-12-28,11.86,7988.999938964844,12002.000045776367,5,
FDUS,3152,2011-06-21,2023-12-28,12.52,1933542.0268058777,1174078.5050868988,5,
FDUSG,167,2019-10-17,2020-07-02,0.71,76800.00114440918,76800.00114440918,5,
FDUSL,1,2020-07-02,2020-07-02,0.0,16669.297046661377,16669.297046661377,0,
FDUSZ,351,2019-02-11,2020-07-02,1.39,96313.9986038208,111048.00224304199,4,
FDVV,1834,2016-09-15,2023-12-28,7.28,6456175.52318573,3146663.4907722473,4,
FDX,11528,1978-04-12,2023-12-28,45.71,395550057.9711914,63484350.0,7,
FE,5634,1997-11-10,2020-04-01,22.39,162748991.77474976,87126854.79354858,7,
FEAC,48,2020-04-27,2020-07-02,0.18,3006230.244207382,3006230.244207382,4,
FEDU,1546,2017-10-26,2023-12-28,6.17,987.5,31982.999992370605,12,
FEI,2790,2012-11-28,2023-12-28,11.08,772711.5062713623,1911910.4811429977,4,
FEIM,10975,1980-06-18,2023-12-28,43.53,38294.999742507935,70070.00160217285,7,
FELE,11040,1980-03-17,2023-12-28,43.78,12603909.658813477,,7,
FEM,3195,2011-04-19,2023-12-28,12.69,1503393.9891815186,2233521.933364868,5,
FEMB,2302,2014-11-05,2023-12-28,9.14,1370618.2909965515,533954.0180206299,4,
FEMS,2985,2012-02-17,2023-12-28,11.86,1790933.009338379,678249.0085601807,5,
FEN,4912,2004-06-25,2023-12-28,19.51,689284.4939231873,1006603.0017852783,5,
FENC,1584,2017-09-13,2023-12-28,6.29,609544.006729126,453967.7700996399,4,
FENG,3177,2011-05-16,2023-12-28,12.62,21113.500368595123,409959.997177124,5,
FENY,2562,2013-10-24,2023-12-28,10.18,15297587.947559355,4986073.5902786255,4,
FEO,3483,2006-08-31,2020-07-02,13.84,175265.99922180176,327559.9884033203,5,
FET,2948,2012-04-12,2023-12-28,11.71,1071391.5055274963,7019599.8046875,5,
FEUL,518,2018-05-22,2020-07-01,2.11,23108.399963378906,109376.90010070801,7,
FEUZ,2309,2014-10-27,2023-12-28,9.17,19605.50022125244,62529.40254211426,4,
FEX,4189,2007-05-10,2023-12-28,16.64,2406047.982788086,2669139.9032592773,5,
FEYE,1699,2013-09-20,2020-06-19,6.75,47845808.37893486,71929194.64473723,4,
FEZ,5334,2002-10-21,2023-12-28,21.19,63183833.48617554,32744995.733642578,5,
FF,3214,2011-03-23,2023-12-28,12.77,1689040.4434680939,1393532.4706554413,5,
FFA,4868,2004-08-27,2023-12-28,19.33,459021.49391174316,670500.0188827515,5,
FFBC,10087,1983-12-21,2023-12-28,40.02,6136742.032718658,,7,
FFBW,1564,2017-10-11,2023-12-28,6.21,15594.011912345886,34162.9695892334,4,
FFC,5265,2003-01-30,2023-12-28,20.91,1881372.4833011627,1993600.0,5,
FFEB,970,2020-02-24,2023-12-28,3.84,834680.0140380859,628309.8565101624,4,
FFEU,563,2018-03-27,2020-07-02,2.27,199262.99743652347,800860.0280761719,5,
FFG,5967,1996-07-19,2020-04-01,23.7,1167467.99659729,,5,
FFHG,1,2020-07-02,2020-07-02,0.0,88698.00268363953,88698.00268363953,0,
FFHL,3343,2006-12-19,2020-04-01,13.28,40522.999119758606,18983.999919891357,5,
FFIC,7074,1995-11-21,2023-12-28,28.1,1788347.9986190796,1064770.9991455078,7,
FFIN,7595,1993-11-01,2023-12-28,30.15,13805646.368598938,,5,
FFIU,1600,2017-08-21,2023-12-28,6.35,35003.99932861329,17943.500232696533,4,
FFIV,6183,1999-06-04,2023-12-28,24.57,72569494.08416748,77237562.95928955,7,
FFNW,4083,2007-10-10,2023-12-28,16.22,59420.49961090088,217672.0006942749,5,
FFR,1380,2015-01-02,2020-07-02,5.5,142597.49908447266,155428.49712371826,4,
FFSG,671,2017-10-26,2020-07-02,2.68,240192.09938049316,214650.0,7,
FFTG,671,2017-10-26,2020-07-02,2.68,313777.0971298218,261718.79386901855,7,
FFTI,771,2017-06-12,2020-07-02,3.06,1111407.9780578616,943826.9969940184,4,
FFTY,2197,2015-04-09,2023-12-28,8.72,1414427.9270172121,2156159.912109375,4,
FFWM,2304,2014-11-03,2023-12-28,9.15,4876254.539012909,2093761.4965438843,4,
FG,932,2016-07-20,2020-04-01,3.7,6112996.012926102,4776495.893907547,4,
FGB,4178,2007-05-25,2023-12-28,16.59,118658.99984836578,224768.00479888916,5,
FGBI,2863,2012-08-13,2023-12-28,11.37,148706.4995765686,75600.0,5,
FGD,4050,2007-11-27,2023-12-28,16.08,2442789.484596253,1521832.0413589478,5,
FGEN,2295,2014-11-14,2023-12-28,9.12,9463251.175117493,15102245.498657227,4,
FGM,2985,2012-02-17,2023-12-28,11.86,21726.000595092773,144125.9979248047,5,
FHB,4608,2005-06-10,2023-12-28,18.55,15304428.352546692,17512136.896133423,6,
FHI,6814,1992-01-02,2023-12-28,31.99,28162638.21258545,9864590.784072876,40,
FHK,1418,2012-02-24,2020-06-24,8.33,7037.999725341797,41370.00045776367,38,
FHLC,2562,2013-10-24,2023-12-28,10.18,8405939.894104004,6431724.855518342,4,
FHN,11041,1980-03-17,2023-12-28,43.78,93684936.28702164,,5,
FI,9390,1986-09-25,2023-12-28,37.26,310896739.63661194,19522498.106360435,7,
FIBK,3466,2010-03-24,2023-12-28,13.76,16795579.031276703,4741681.954193115,5,
FIBR,2226,2015-02-26,2023-12-28,8.84,100539.6011352539,319255.99365234375,4,
FICO,9183,1987-07-22,2023-12-28,36.44,141490162.08190918,8657220.307922363,7,
FID,2605,2013-08-23,2023-12-28,10.35,274042.5001144409,79539.99843597415,4,
FIDI,1492,2018-01-25,2023-12-28,5.92,218583.54444503784,233801.49507522583,4,
FIDU,2562,2013-10-24,2023-12-28,10.18,3074624.401473999,2454994.026374817,4,
FIEE,1092,2016-02-18,2020-07-02,4.37,81059.70001220703,245032.5050354004,5,
FIF,3083,2011-09-28,2023-12-28,12.25,410733.9942932129,965674.9591827393,5,
FIHD,1034,2016-02-24,2020-04-01,4.1,2610103.7521362305,2225924.7329711914,4,
FILL,2996,2012-02-02,2023-12-28,11.9,301728.4983634949,175760.502910614,5,
FINS,3303,2007-08-30,2023-12-28,16.33,614154.5094966888,10866.399972438812,15,
FINV,1543,2017-11-09,2023-12-28,6.13,3690637.453222275,3441887.9356384287,4,
FINX,1836,2016-09-13,2023-12-28,7.29,1583575.0218391418,3319217.948532105,4,
FIS,5667,2001-06-20,2023-12-28,22.52,267669954.43649292,67698276.7944336,7,
FISI,5227,1999-06-25,2020-04-01,20.77,843226.5148162842,,5,
FISK,2574,2013-10-08,2023-12-28,10.22,0.0,749.4999885559082,4,
FISV,8512,1986-09-25,2020-07-02,33.77,378886058.732605,44446421.030807495,7,
FIT,1271,2015-06-17,2020-07-02,5.04,32537481.008934975,40382762.78595924,4,
FITB,11040,1980-03-17,2023-12-28,43.78,149908173.4161377,67112946.18835449,7,
FITBI,2532,2013-12-06,2023-12-28,10.06,999806.0049057007,792532.4904441833,4,
FITBO,1081,2019-09-13,2023-12-28,4.29,408819.99626159674,473478.0183792114,4,
FITBP,2219,2008-08-29,2023-12-28,15.33,273729.99782562256,255982.99407958987,2248,
FITE,1511,2017-12-27,2023-12-28,6.0,76938.59901428223,96791.99981689455,4,
FIVA,1492,2018-01-25,2023-12-28,5.92,358611.5040779114,108749.2504119873,4,
FIVE,2880,2012-07-19,2023-12-28,11.44,124807709.58404541,71071556.01272583,5,
FIVG,1215,2019-03-05,2023-12-28,4.82,1470286.0569000244,2998399.9633789062,4,
FIVN,2451,2014-04-04,2023-12-28,9.73,75131626.57051086,29431808.984375,4,
FIW,4188,2007-05-11,2023-12-28,16.63,3574567.9725646973,719468.4904098511,5,
FIX,6670,1997-06-27,2023-12-28,26.5,38358245.84274292,2427716.9443130493,7,
FIXD,1728,2017-02-16,2023-12-28,6.86,29243191.599082947,18298361.223220825,4,
FIYY,572,2018-03-27,2020-07-02,2.27,748314.4950866699,728341.4733886719,4,
FIZZ,8134,1991-09-13,2023-12-28,32.29,6506174.949645996,312146.4955806732,7,
FJNK,50,2019-10-24,2020-07-02,0.69,2436.2500190734863,2436.2500190734863,40,
FJP,3191,2011-04-26,2023-12-28,12.67,398464.9963378906,309875.99716186523,5,
FJUN,887,2020-06-22,2023-12-28,3.52,787975.527381897,415905.0090789795,4,
FL,15605,1962-01-02,2023-12-28,61.98,82109901.171875,8862525.0,7,
FLAT,2428,2010-08-10,2020-04-01,9.64,0.0,11976.000213623047,5,
FLAU,1546,2017-11-06,2023-12-28,6.14,66205.00087738037,48436.999797821045,4,
FLAX,514,2018-02-08,2020-07-02,2.4,20236.999797821045,20236.999797821045,11,
FLBL,324,2018-06-01,2020-07-02,2.09,7477.500057220459,7497.150135040282,84,
FLBR,649,2017-11-06,2020-07-02,2.65,56171.849727630615,58360.00061035156,8,
FLC,5120,2003-08-27,2023-12-28,20.34,402958.00199508667,518066.9979095459,5,
FLCA,1546,2017-11-06,2023-12-28,6.14,1001608.0207824707,67329.00142669678,4,
FLCB,1077,2019-09-19,2023-12-28,4.27,1722698.0346679688,781410.013961792,4,
FLCH,667,2017-11-06,2020-07-02,2.65,166573.6053466797,140397.59521484372,4,
FLDM,2364,2011-02-10,2020-07-02,9.39,3251933.9960098267,2151993.487882614,5,
FLDR,514,2018-06-18,2020-07-02,2.04,1564189.0283584595,985658.5014343262,4,
FLEE,1,2020-07-02,2020-07-02,0.0,13345.72041130066,13345.72041130066,0,
FLEH,243,2017-11-06,2020-06-18,2.61,4820.199966430664,4820.199966430664,42,
FLEU,732,2016-11-11,2020-07-01,3.64,46975.35095214844,271317.75131225586,15,
FLEX,7498,1994-03-18,2023-12-28,29.78,86093003.48472597,50091290.27533531,7,
FLGB,572,2017-11-06,2020-07-02,2.65,128155.99727630615,63080.001068115234,25,
FLGE,1527,2014-06-11,2020-07-02,6.06,1436960.971069336,1088084.9533081055,4,
FLGT,882,2016-09-29,2020-04-01,3.5,1132156.4930915833,145115.49787521362,4,
FLHK,512,2017-12-19,2020-07-02,2.54,13733.699989318848,11787.49990463257,21,
FLHY,394,2018-06-14,2020-07-02,2.05,30201.2996673584,19100.000000000007,35,
FLIA,183,2018-06-01,2020-07-02,2.09,5056.0001373291025,5056.0001373291025,149,
FLIC,9316,1987-01-12,2023-12-28,36.96,1207536.5402698517,68727.77619361877,7,
FLIN,583,2018-02-08,2020-07-02,2.4,62893.599700927734,42960.900115966804,6,
FLIR,6744,1993-06-22,2020-04-01,26.78,33126672.84965515,17889252.415180206,7,
FLIY,461,2018-01-03,2020-07-02,2.49,13810.499954223633,11163.999938964844,35,
FLJP,656,2017-11-06,2020-07-02,2.65,607343.251991272,275979.1075706482,5,
FLL,7647,1993-08-17,2023-12-28,30.36,606250.0,54062.5,7,
FLLA,342,2018-10-11,2020-07-02,1.72,7944.000005722046,7989.000034332275,16,
FLLV,1829,2016-09-22,2023-12-28,7.26,377878.5011291504,158507.99369812012,4,
FLM,1171,2015-01-02,2020-07-02,5.5,25022.500038146973,44837.9997253418,17,
FLMB,434,2017-09-05,2020-07-02,2.82,32888.249492645264,23060.25037765503,52,
FLMI,250,2017-09-15,2020-07-02,2.8,26055.00030517578,26055.00030517578,98,
FLMN,673,2017-10-30,2020-07-02,2.67,984581.0056805611,951054.9642562865,4,
FLMX,499,2017-11-06,2020-07-02,2.65,11546.249866485596,12622.200393676758,17,
FLN,3194,2011-04-20,2023-12-28,12.69,95597.49813079834,42260.001373291016,5,
FLNG,1145,2019-03-07,2023-12-28,4.81,8811577.028083801,1570799.9610900877,101,
FLNT,4028,2007-12-28,2023-12-28,16.0,72060.99724769592,218952.006149292,5,
FLO,11040,1980-03-17,2023-12-28,43.78,36415729.3510437,4255140.86766243,7,
FLOT,3154,2011-06-17,2023-12-28,12.53,64527594.09828186,36379823.39115143,5,
FLOW,8932,1983-03-10,2020-04-01,37.06,8628729.229545593,378400.0,591,
FLQE,985,2016-06-03,2020-07-02,4.08,117879.7516822815,172720.80230712885,6,
FLQH,875,2016-06-03,2020-07-02,4.08,21023.999786376953,27045.000076293945,9,
FLQL,1679,2017-04-28,2023-12-28,6.67,1529717.5331115723,1122308.0154418945,4,
FLQM,1679,2017-04-28,2023-12-28,6.67,1494891.9792175293,75075.99639892578,4,
FLQS,1679,2017-04-28,2023-12-28,6.67,54625.502586364746,13248.800659179688,4,
FLR,5804,2000-12-01,2023-12-28,23.07,52340269.60983276,62277655.559158325,7,
FLRU,523,2018-02-08,2020-07-02,2.4,48971.89960479736,29000.0,17,
FLS,11040,1980-03-17,2023-12-28,43.78,28093680.737876892,5341747.514677048,7,
FLSA,288,2018-10-11,2020-07-02,1.72,2827.000045776367,2787.5,23,
FLSP,124,2019-12-23,2020-07-02,0.53,470.91219615936285,470.91219615936285,4,
FLSW,463,2018-02-08,2020-07-02,2.4,54617.00143814087,33150.0,26,
FLT,3281,2010-12-15,2023-12-28,13.03,109042394.76013184,100810200.0,5,
FLTB,1385,2015-01-02,2020-07-02,5.5,995318.9964294434,746319.006729126,4,
FLTR,3191,2011-04-26,2023-12-28,12.67,10238149.766254425,1313961.9642257688,5,
FLTW,488,2017-12-18,2020-07-02,2.54,22127.39953994751,19037.599945068356,29,
FLV,942,2020-04-02,2023-12-28,3.74,288494.8553085327,284129.05197143555,4,
FLWS,6142,1999-08-03,2023-12-28,24.4,3839956.5439224243,1511081.9941043854,7,
FLXN,1545,2014-02-12,2020-04-01,6.13,7975428.921365738,5707379.77142334,4,
FLXS,11040,1980-03-17,2023-12-28,43.78,128908.49704742432,67732.49988555908,7,
FLY,3150,2007-09-28,2020-07-02,12.76,2559084.482669831,1457961.9866371155,92,
FLYT,89,2020-02-13,2020-06-19,0.35,275886.0008239746,275886.0008239746,4,
FLZA,339,2018-10-11,2020-07-02,1.72,5607.9999923706055,5625.99983215332,13,
FM,2841,2012-09-13,2023-12-28,11.29,6537410.066699981,3449631.9580078125,5,
FMAO,3568,2006-01-30,2020-04-01,14.17,237140.99788665771,8850.000190734863,5,
FMAY,32,2020-05-19,2020-07-02,0.12,600796.993637085,600796.993637085,4,
FMB,2423,2014-05-15,2023-12-28,9.62,9672478.580856323,4586867.921447754,4,
FMBH,6239,1999-03-16,2023-12-28,24.79,1229952.9941558838,7600.0,7,
FMBI,9386,1983-04-12,2020-07-02,37.22,9820026.300525665,2228100.422477722,7,
FMBIP,17,2020-06-10,2020-07-02,0.06,939105.0281524657,939105.0281524657,3,
FMC,11040,1980-03-17,2023-12-28,43.78,101470885.19210815,10509310.758018494,7,
FMCI,452,2018-09-12,2020-07-02,1.8,147346.49748802185,71171.99821472168,5,
FMCIU,418,2018-08-03,2020-04-01,1.66,0.0,1009.9999904632568,4,
FMF,2620,2013-08-02,2023-12-28,10.4,903304.0016174316,76991.00189208984,4,
FMIL,11,2020-06-05,2020-06-19,0.04,542461.5182876588,542461.5182876588,3,
FMK,1270,2015-01-02,2020-07-02,5.5,51912.00084686279,43312.5,6,
FMN,5291,2002-12-20,2023-12-28,21.02,282697.50061035156,190056.99949264526,5,
FMNB,6289,1999-01-04,2023-12-28,24.98,1093142.0063495636,,5,
FMO,3908,2004-12-23,2020-07-02,15.52,1246904.979467392,1430945.5179214478,5,
FMS,6867,1996-09-17,2023-12-28,27.28,10277153.936767578,3766489.944458008,7,
FMTX,10,2020-06-19,2020-07-02,0.04,11382992.2164917,11382992.2164917,3,
FMX,6452,1998-05-11,2023-12-28,25.63,48807486.1656189,28962766.924858093,7,
FMY,3793,2005-05-26,2020-06-19,15.07,68762.50057220459,162911.99340820312,5,
FN,3401,2010-06-25,2023-12-28,13.51,34195408.12225342,10478680.165863037,5,
FNB,9407,1986-09-02,2023-12-28,37.32,23927757.21487999,2625414.9742126465,7,
FNCB,6083,1999-10-26,2023-12-28,24.17,71888.99972438812,12027.272272109985,7,
FNCL,2562,2013-10-24,2023-12-28,10.18,4392025.36239624,5250282.909584045,4,
FND,1680,2017-04-27,2023-12-28,6.67,121811054.84008789,67396511.67545319,4,
FNDA,2611,2013-08-15,2023-12-28,10.37,11708289.81513977,7537827.618408203,4,
FNDB,2611,2013-08-15,2023-12-28,10.37,1286480.497932434,788100.0,4,
FNDC,2611,2013-08-15,2023-12-28,10.37,5278886.901855469,4409019.870758057,4,
FNDE,2611,2013-08-15,2023-12-28,10.37,12918200.094604492,7770134.958267212,4,
FNF,4582,2005-10-14,2023-12-28,18.2,54105521.45900726,43444399.62468147,5,
FNGD,1494,2018-01-23,2023-12-28,5.93,72561274.84931946,12138465.641937254,4,
FNGO,1346,2018-08-23,2023-12-28,5.35,859434.9859237671,375234.49363708496,4,
FNGS,1038,2019-11-13,2023-12-28,4.12,4038788.6583328247,852264.7575378418,4,
FNGU,1494,2018-01-23,2023-12-28,5.93,293230925.8693695,81946739.13269043,4,
FNGZ,457,2018-08-23,2020-07-02,1.86,36203.39984893799,49116.00112915039,6,
FNHC,5449,1998-11-05,2020-07-02,21.66,757374.0037918091,298763.99803161627,7,
FNI,1385,2015-01-02,2020-07-02,5.5,323299.9914169312,577184.9754333496,4,
FNJN,1728,2013-08-22,2020-07-02,6.86,86051.99978351593,93012.49908208847,4,
FNK,3194,2011-04-20,2023-12-28,12.69,809095.9999084473,234780.00469207764,5,
FNKO,1548,2017-11-02,2023-12-28,6.15,4535883.393716812,7194817.543315887,4,
FNLC,6156,1999-07-14,2023-12-28,24.46,283747.4961280823,158397.49698638916,7,
FNOV,157,2019-11-18,2020-07-02,0.62,609480.0109863281,609480.0109863281,4,
FNV,4043,2007-12-07,2023-12-28,16.06,66370294.176483154,,5,
FNWB,2244,2015-01-30,2023-12-28,8.91,108652.49953269958,224799.9963760376,4,
FNX,4189,2007-05-10,2023-12-28,16.64,2541329.9251556396,1956811.947631836,5,
FOCS,488,2018-07-26,2020-07-02,1.94,6295076.9115448,6263126.098251343,4,
FOE,10162,1980-03-17,2020-07-02,40.29,7594376.148319244,2823268.3614254,7,
FOF,4300,2006-11-28,2023-12-28,17.08,560033.0017089844,837752.0227432251,5,
FOLD,4175,2007-05-31,2023-12-28,16.58,25552294.889450073,12726639.669418335,5,
FONR,10630,1981-10-29,2023-12-28,42.16,156253.50012779236,235730.4974079132,7,
FOR,4038,2007-12-13,2023-12-28,16.04,2886119.9717521667,2576858.8943481445,5,
FORD,7329,1994-11-17,2023-12-28,29.11,16148.999953269958,51403.998374938965,7,
FORK,1164,2015-11-04,2020-06-19,4.62,12493.999814987183,23507.850313186646,4,
FORM,5173,2003-06-12,2023-12-28,20.54,12787257.707214355,7493681.763839722,5,
FORR,6816,1996-11-27,2023-12-28,27.08,1481761.9738578799,1671137.4589920046,7,
FORTY,6591,1997-10-20,2023-12-28,26.19,14988.999938964844,24479.999542236328,7,
FOSL,7737,1993-04-08,2023-12-28,30.72,1080210.0138664246,8630284.085845947,7,
FOUR,898,2020-06-05,2023-12-28,3.56,66988516.68128967,58097811.99607849,4,
FOVL,208,2019-03-21,2020-06-19,1.25,18798.899459838867,18798.899459838867,22,
FOX,1209,2019-03-13,2023-12-28,4.79,31117599.214172363,36635440.438079834,4,
FOXA,1210,2019-03-12,2023-12-28,4.8,105749397.09014893,113386201.92279816,4,
FOXF,1674,2013-08-08,2020-04-01,6.65,12944269.417953491,5260824.893951416,4,
FPA,3194,2011-04-20,2023-12-28,12.69,13327.500343322754,61435.0004196167,5,
FPAC,508,2018-06-27,2020-07-02,2.02,556694.9822425842,149749.25045967102,4,
FPAY,3459,2010-04-05,2023-12-28,13.73,21441.999796032902,5819.999885559082,5,
FPE,2739,2013-02-12,2023-12-28,10.87,29385993.342494965,16136639.408111569,4,
FPEI,720,2017-08-23,2020-07-02,2.86,1320639.9876594543,708581.9709777832,4,
FPF,2668,2013-05-24,2023-12-28,10.6,2310532.9646110535,3256515.0106430054,4,
FPH,729,2017-05-10,2020-04-01,2.89,866006.495809555,1370520.0370788577,4,
FPI,2446,2014-04-11,2023-12-28,9.71,4047460.4104995728,1605404.9354553223,4,
FPL,2457,2014-03-27,2023-12-28,9.75,276924.00472164154,984027.9657363889,4,
FPRX,1646,2013-09-18,2020-04-01,6.54,1725420.5447554588,5708113.448524475,4,
FPX,4430,2006-05-24,2023-12-28,17.6,2188608.945465088,2217011.5325927734,5,
FPXE,282,2018-10-08,2020-07-02,1.73,3886.0000610351562,3712.999916076661,12,
FPXI,2298,2014-11-11,2023-12-28,9.13,617061.9915008545,498442.5058364868,4,
FQAL,955,2016-09-16,2020-07-02,3.79,805529.5246124268,500991.9860839844,4,
FR,7431,1994-06-24,2023-12-28,29.51,39932418.54324341,8962127.83241272,7,
FRA,5076,2003-10-29,2023-12-28,20.16,1543754.0444374084,1355747.0022201538,5,
FRAF,7486,1994-04-06,2023-12-28,29.73,106032.00054168701,16669.999504089355,7,
FRAK,1381,2015-01-02,2020-07-02,5.5,104435.00213623047,244419.9966430664,6,
FRAN,2252,2011-07-22,2020-07-02,8.95,998437.0131492615,9071207.875061035,5,
FRBA,3323,2010-10-15,2023-12-28,13.2,408360.51330566406,122515.99750518799,5,
FRBK,8853,1988-11-08,2023-12-28,35.13,342143.21939980984,75732.53173828124,7,
FRC,2407,2010-12-09,2020-07-02,9.56,108414752.94303894,50593113.47808839,5,
FRD,11040,1980-03-17,2023-12-28,43.78,203097.0006465912,25899.145889282227,7,
FRDM,1144,2019-06-14,2023-12-28,4.54,2677197.9915618896,670251.4925003052,4,
FREL,2240,2015-02-05,2023-12-28,8.89,6128593.8329696655,5157712.93592453,4,
FREQ,189,2019-10-03,2020-07-02,0.75,2145571.937561035,2145571.937561035,4,
FRG,2959,2007-12-28,2020-07-02,12.51,372835.6940422058,184902.50509643558,29,
FRGI,1996,2012-04-26,2020-04-01,7.93,2491048.531103134,6847205.88874817,5,
FRHC,2725,2005-12-08,2023-12-28,18.05,8445228.771972656,48839.999294281006,66,
FRI,4189,2007-05-10,2023-12-28,16.64,478901.00746154785,880896.0067749023,5,
FRLG,568,2018-04-03,2020-07-02,2.25,3055651.963043213,2674905.0384521484,4,
FRME,8699,1989-06-20,2023-12-28,34.52,5911437.579536438,617279.9835205077,7,
FRO,5635,2001-08-06,2023-12-28,22.39,46864553.78861427,11922080.328369139,7,
FRPH,9449,1986-07-02,2023-12-28,37.49,500995.5041885376,75000.0,7,
FRPT,2300,2014-11-07,2023-12-28,9.14,37398166.95137024,13847950.964164734,4,
FRSX,1646,2017-06-15,2023-12-28,6.54,60208.43837702275,110308.80156755447,4,
FRT,12776,1973-05-03,2023-12-28,50.65,47562640.40184021,1466743.7680482864,7,
FRTA,931,2016-10-20,2020-07-02,3.7,2613812.5353217125,2764941.8590545654,4,
FSB,1480,2014-07-14,2020-06-19,5.93,1726353.5458564758,1645199.966430664,14,
FSBC,3168,2007-08-31,2020-04-01,12.59,8680.000305175781,0.0,5,
FSBW,2887,2012-07-10,2023-12-28,11.47,425873.4879493714,295977.9987335205,5,
FSCT,611,2017-10-26,2020-04-01,2.43,18022888.58013153,14838225.0,4,
FSD,3336,2010-09-28,2023-12-28,13.25,908999.5193004608,1569823.4893798828,5,
FSEA,242,2019-07-17,2020-07-02,0.96,31910.99996566772,31910.99996566772,4,
FSFG,3832,2008-10-08,2023-12-28,15.22,53417.000579833984,41225.0,5,
FSI,6093,1999-10-12,2023-12-28,24.21,38156.999921798706,25255.999779701233,7,
FSK,2443,2014-04-16,2023-12-28,9.7,18958639.938735962,10950719.828796387,4,
FSKR,12,2020-06-17,2020-07-02,0.04,19927556.316137314,19927556.316137314,3,
FSLF,60,2019-11-21,2020-07-02,0.61,443963.4977340698,443963.4977340698,63,
FSLR,4306,2006-11-17,2023-12-28,17.11,341654402.1682739,157151513.8698578,5,
FSLY,1163,2019-05-17,2023-12-28,4.62,42853390.33207893,65056177.00881958,4,
FSM,4274,2007-01-08,2023-12-28,16.97,10409479.216253757,1629275.4687547684,5,
FSMB,1280,2018-11-27,2023-12-28,5.08,2072798.414993286,861345.9888458252,4,
FSMD,339,2019-02-28,2020-07-02,1.34,109110.59951782227,114682.50274658202,4,
FSP,4676,2005-06-02,2023-12-28,18.57,1193897.4669575691,2915237.9342079163,5,
FSRV,107,2019-12-30,2020-07-02,0.51,82740.00320434572,82740.00320434572,12,
FSRVU,130,2019-11-01,2020-07-02,0.67,31238.919696807865,31238.919696807865,14,
FSS,11041,1980-03-17,2023-12-28,43.78,15582728.382110596,,6,
FSTA,2562,2013-10-24,2023-12-28,10.18,4421706.009292603,2759098.525428772,4,
FSTR,10730,1981-06-09,2023-12-28,42.55,261952.50759124756,164834.9986553192,7,
FSV,2160,2015-06-02,2023-12-28,8.57,7509363.543701172,3633335.0372314453,4,
FSZ,2986,2012-02-16,2023-12-28,11.86,207494.9981689453,206319.00253295898,5,
FT,8884,1988-09-26,2023-12-28,35.25,243849.00512695312,294450.0,7,
FTA,4179,2007-05-24,2023-12-28,16.6,3892011.9300842285,2579852.988433838,5,
FTAC,355,2019-01-25,2020-07-02,1.43,64516.00155830383,42818.998718261726,7,
FTACU,379,2018-11-16,2020-07-02,1.63,4194.000053405762,9612.000274658201,14,
FTAG,3461,2010-03-31,2023-12-28,13.74,50566.49980545044,37127.9993057251,5,
FTAI,7017,1996-01-03,2023-12-28,27.98,24891505.799484253,2857605.3981351852,39,
FTC,4188,2007-05-11,2023-12-28,16.63,2886995.5196380615,1786895.0286865234,5,
FTCH,1326,2018-09-21,2023-12-28,5.27,44619241.53357899,69685726.3330555,4,
FTCS,4398,2006-07-11,2023-12-28,17.46,25976143.23310852,847158.4917068481,5,
FTDR,1332,2018-09-13,2023-12-28,5.29,19867015.935134888,19855845.805358887,4,
FTEC,2562,2013-10-24,2023-12-28,10.18,24952559.231567383,15609772.23110199,4,
FTEK,7633,1993-09-07,2023-12-28,30.31,58521.000945568085,137571.9931602478,7,
FTF,4173,2003-09-04,2020-04-01,16.57,887237.0215892792,876507.9745292664,5,
FTFT,4154,2004-01-30,2023-12-28,19.91,42273.0000525713,,72,
FTGC,2563,2013-10-23,2023-12-28,10.18,17190480.381774902,1726155.9818267822,4,
FTHI,2512,2014-01-07,2023-12-28,9.97,1552078.5026550293,151303.49817276,4,
FTHY,883,2020-06-26,2023-12-28,3.5,1106428.9805412292,1504954.0056228638,4,
FTI,5670,2001-06-15,2023-12-28,22.54,83488963.1855011,68176954.86164093,7,
FTK,4638,2005-07-27,2023-12-28,18.42,139987.3047463894,2973956.9957256317,5,
FTLB,1167,2015-01-02,2020-07-02,5.5,26693.9998626709,37069.000434875496,12,
FTLS,2343,2014-09-09,2023-12-28,9.3,2781661.5114212036,844700.4249572754,4,
FTNT,3551,2009-11-18,2023-12-28,14.11,299655147.7695465,71946157.04536438,5,
FTR,10101,1980-03-17,2020-04-01,40.04,1401013.488805294,,7,
FTRI,3461,2010-03-31,2023-12-28,13.74,1258931.9612503052,144342.00553894043,5,
FTS,3520,2010-01-05,2023-12-28,13.98,23388823.231506344,4055124.018859863,5,
FTSI,608,2018-02-02,2020-07-02,2.41,1015852.028042078,3635931.036424637,4,
FTSL,2684,2013-05-02,2023-12-28,10.66,14373645.025253296,7614354.107666016,4,
FTSM,2366,2014-08-06,2023-12-28,9.39,79090812.59727478,31355711.960220337,4,
FTV,1885,2016-07-05,2023-12-28,7.48,121355468.10302734,118576223.67782593,4,
FTXD,632,2016-10-11,2020-07-02,3.72,19970.25003433228,19456.0001373291,23,
FTXG,1817,2016-10-10,2023-12-28,7.21,2072486.9903564453,27899.300575256348,4,
FTXH,1829,2016-09-22,2023-12-28,7.26,109884.99870300293,40426.00116729737,4,
FTXL,1830,2016-09-21,2023-12-28,7.27,2654639.966201782,379068.5947418213,4,
FTXN,1828,2016-09-23,2023-12-28,7.26,2027131.9664001467,207139.4963264466,4,
FTXR,1829,2016-09-22,2023-12-28,7.26,142789.99614715576,64206.00185394288,4,
FUD,3020,2008-04-04,2020-04-01,11.99,12652.000045776367,18498.999786376953,5,
FUE,3087,2008-02-15,2020-07-02,12.38,0.0,811.9999885559082,7,
FUL,12826,1973-02-21,2023-12-28,50.85,21405890.26412964,2376000.0257492065,7,
FULC,1121,2019-07-18,2023-12-28,4.45,2417087.484753132,1968960.0448608398,4,
FULT,9658,1985-09-03,2023-12-28,38.32,14633633.319473267,3409727.9656410217,7,
FUMB,347,2018-11-05,2020-07-02,1.66,243271.50602340695,138621.00105285645,11,
FUN,9245,1987-04-23,2023-12-28,36.68,6686328.115081787,1731680.0470352173,7,
FUNC,7887,1992-09-03,2023-12-28,31.32,104933.99820327759,43837.99877166748,7,
FUND,8960,1988-06-08,2023-12-28,35.55,204757.99596309662,174554.00533676147,7,
FUSB,6283,1999-01-11,2023-12-28,24.96,18887.00008392334,24000.0,7,
FUSN,884,2016-03-14,2023-12-28,7.79,186527.99911499023,181196.4950323105,1565,
FUTU,1212,2019-03-08,2023-12-28,4.81,87796487.03842163,85640700.75511932,4,
FUV,1578,2017-09-21,2023-12-28,6.27,119370.00162005424,370662.5919151306,4,
FV,2472,2014-03-06,2023-12-28,9.81,8463061.971092224,7893181.610298157,4,
FVAC,9,2020-06-22,2020-07-02,0.03,251244.00672912598,251244.00672912598,3,
FVAL,956,2016-09-15,2020-07-02,3.79,936495.5152511597,560093.520450592,4,
FVC,2292,2013-10-29,2023-12-28,10.16,622806.6093444824,1084212.9968643186,358,
FVCB,2178,2015-05-06,2023-12-28,8.65,303111.9918823242,137806.4957022667,4,
FVD,5120,2003-08-27,2023-12-28,20.34,39035917.53883362,2873993.0451393127,5,
FVE,4604,2001-12-17,2020-04-01,18.29,186145.00300884247,546829.9934387207,5,
FVL,1379,2015-01-02,2020-07-02,5.5,61900.49858093262,66765.99884033205,4,
FVRR,258,2019-06-13,2020-06-19,1.02,6276325.0,6464282.563495638,4,
FWDB,1104,2015-01-02,2020-07-02,5.5,10242.000198364258,25199.99980926514,7,
FWONA,1874,2013-01-10,2020-06-19,7.44,3427316.5727615356,13324246.798610687,4,
FWONK,2387,2014-07-08,2023-12-28,9.47,54765447.873687744,35670244.5980072,4,
FWP,1381,2015-01-02,2020-07-02,5.5,52571.77674770355,203048.99597167972,4,
FWRD,7583,1993-11-16,2023-12-28,30.11,18589444.2237854,4974354.035568237,7,
FXA,4408,2006-06-26,2023-12-28,17.51,379021.49391174316,2907634.507369995,5,
FXC,4408,2006-06-26,2023-12-28,17.51,1457895.509338379,4142559.9060058594,5,
FXF,4408,2006-06-26,2023-12-28,17.51,1120626.527404785,2245204.5791625977,5,
FXG,4189,2007-05-10,2023-12-28,16.64,3454299.9309539795,2305883.987045288,5,
FXH,4189,2007-05-10,2023-12-28,16.64,5297896.352005005,4660823.134613037,5,
FXI,4839,2004-10-08,2023-12-28,19.22,876026104.3455124,746197358.0123901,5,
FXL,4189,2007-05-10,2023-12-28,16.64,3040442.4419403076,3708198.0194091797,5,
FXN,3281,2007-05-10,2020-06-19,13.11,896663.5222792625,1621209.0517044067,6,
FXNC,6281,1999-01-14,2023-12-28,24.95,53596.501445770264,,5,
FXO,4189,2007-05-10,2023-12-28,16.64,5427916.28742218,3814329.1162490845,5,
FXP,4062,2007-11-08,2023-12-28,16.14,376943.4986114502,3500752.0629882812,5,
FXR,4189,2007-05-10,2023-12-28,16.64,6326021.590423584,2400936.0260009766,5,
FXU,4189,2007-05-10,2023-12-28,16.64,2233759.9891662598,1697448.0201721191,5,
FXY,4249,2007-02-13,2023-12-28,16.87,4257655.081939697,11911458.337402344,5,
FXZ,4188,2007-05-11,2023-12-28,16.63,5852404.419708252,2112182.41519928,5,
FYC,3194,2011-04-20,2023-12-28,12.69,593924.0005493164,585831.499671936,5,
FYLD,2535,2013-12-03,2023-12-28,10.07,759216.9967651367,156645.99437713623,4,
FYT,3194,2011-04-20,2023-12-28,12.69,609371.9947814941,351141.50981903076,5,
FYX,4189,2007-05-10,2023-12-28,16.64,2306764.484024048,1709433.0127716064,5,
G,4131,2007-08-02,2023-12-28,16.41,37309981.620788574,17259129.552268982,5,
GAA,2278,2014-12-10,2023-12-28,9.05,131440.89975357056,138903.6478996277,4,
GAB,9419,1986-08-14,2023-12-28,37.37,2325841.979455948,1641255.946302414,7,
GABC,6765,1993-05-21,2020-04-01,26.86,1557254.5356750488,131232.0053100586,7,
GAIA,6080,1999-10-29,2023-12-28,24.16,71828.99914979935,281159.99608039856,7,
GAIN,4661,2005-06-23,2023-12-28,18.51,1395019.9924468994,978351.0196685791,5,
GAINL,613,2018-08-23,2023-12-28,5.35,198401.00450515747,135786.004447937,1065,
GAINM,904,2016-09-21,2020-07-02,3.78,90706.75115585329,63472.49984741211,6,
GAL,2014,2012-04-26,2020-06-19,8.15,378075.0087738037,451714.5092010498,10,
GALT,5367,2002-09-04,2023-12-28,21.31,84214.00020122528,139650.0,5,
GAM,11040,1980-03-17,2023-12-28,43.78,769694.0292358398,565900.0,7,
GAMR,1965,2016-03-10,2023-12-28,7.8,88850.30117034912,406223.9944458008,4,
GAN,954,2009-12-21,2023-12-28,14.02,341542.50403642654,2681868.9415693283,1212,
GARS,1831,2013-03-27,2020-07-02,7.27,214309.49721336365,388415.9927368164,4,
GASS,4588,2005-10-06,2023-12-28,18.23,717861.002278328,263264.9978399277,5,
GATX,12827,1973-02-21,2023-12-28,50.85,14731790.130233765,,5,
GAU,4026,2008-01-02,2023-12-28,15.99,118440.9992992878,378982.4992418289,5,
GAZ,3194,2007-10-25,2020-07-02,12.69,30551.20029449463,121477.49652862549,5,
GBAB,3314,2010-10-28,2023-12-28,13.17,900994.5279121399,1142679.5033454895,5,
GBCI,10024,1984-03-22,2023-12-28,39.77,20597885.591888428,1141273.3719825747,7,
GBDC,3451,2010-04-15,2023-12-28,13.7,8023303.404188156,3666341.711997986,5,
GBDV,91,2019-12-27,2020-07-02,0.51,7124.400329589844,7124.400329589844,20,
GBF,4271,2007-01-11,2023-12-28,16.96,766676.9920349121,575456.0119628907,5,
GBL,5383,1999-02-11,2020-07-02,21.39,231805.00164031982,841376.3832092287,7,
GBLI,5043,2003-12-16,2023-12-28,20.03,74393.99833679199,438128.00636291504,5,
GBLIZ,1220,2015-08-28,2020-07-02,4.85,129968.99814605713,129113.49639892578,4,
GBR,7747,1993-03-25,2023-12-28,30.76,14041.500145196915,5879.999732971191,7,
GBT,2361,2010-10-18,2020-07-02,9.71,47942487.83569336,3257840.058898926,31,
GBUY,840,2019-03-07,2023-12-28,4.81,117606.89744949341,51442.99945831299,497,
GBX,7418,1994-07-14,2023-12-28,29.46,8696216.036987305,5106348.492145538,7,
GCAP,2403,2010-12-15,2020-07-02,9.55,910742.0110225677,1090559.9853515625,5,
GCBC,6165,1999-06-30,2023-12-28,24.5,318581.99253082275,13350.0,7,
GCC,4011,2008-01-24,2023-12-28,15.93,742060.5125427246,1101022.9915618896,5,
GCE,3119,2007-12-10,2020-07-01,12.56,1058.5000038146973,6599.999904632568,18,
GCI,9702,1985-07-01,2023-12-28,38.49,1881526.0095357895,18022877.768540382,7,
GCO,12826,1973-02-21,2023-12-28,50.85,5626521.936416626,1325281.25,7,
GCOW,1089,2016-02-23,2020-06-19,4.32,654212.7987861633,538423.9967346191,5,
GCP,1111,2016-02-04,2020-07-02,4.41,5325802.09941864,10212075.0,4,
GCV,7237,1995-03-31,2023-12-28,28.74,99423.50022792816,117504.00466918945,7,
GD,10962,1977-01-03,2020-06-19,43.46,230444949.34387207,21984570.63293457,7,
GDAT,327,2019-03-07,2020-07-02,1.32,93347.90096282959,102050.89721679688,4,
GDDY,2203,2015-03-31,2023-12-28,8.74,84453503.76319885,73299102.87857056,4,
GDEN,6288,1999-01-04,2023-12-28,24.98,6095074.390602112,386330.49545288086,7,
GDL,4202,2007-04-23,2023-12-28,16.68,111930.49931526184,392685.50391197205,5,
GDMA,1287,2018-11-15,2023-12-28,5.12,126355.5009841919,145333.99925231934,4,
GDNA,326,2019-03-07,2020-07-02,1.32,65671.10042572021,66668.70231628418,5,
GDO,2605,2009-11-24,2020-04-01,10.35,516982.51934051514,683763.0025863647,5,
GDOT,3383,2010-07-22,2023-12-28,13.43,4954731.561470032,10599419.575500486,5,
GDP,897,2016-12-08,2020-07-02,3.56,153719.99988555908,186647.99823760986,4,
GDS,1800,2016-11-02,2023-12-28,7.15,11505195.238161087,29947820.44429779,4,
GDV,5057,2003-11-25,2023-12-28,20.09,3081123.122692108,3278866.353034973,5,
GDVD,1104,2017-05-18,2023-12-28,6.61,33296.99993133545,22326.499938964844,637,
GDX,4432,2006-05-22,2023-12-28,17.6,605922070.8197594,673816764.8563385,5,
GDYN,1299,2018-10-30,2023-12-28,5.16,3983492.902946472,3133877.978897095,4,
GE,15605,1962-01-02,2023-12-28,61.98,511709724.3080139,102120431.08034134,7,
GEC,5299,1999-06-11,2020-07-02,21.06,28422.499811649323,1181172.0058441162,7,
GECC,1798,2016-11-04,2023-12-28,7.15,186790.74811935425,257254.79996967316,4,
GECCN,256,2019-06-21,2020-07-02,1.03,88089.50061798096,90991.00303649902,5,
GEF,7007,1996-02-28,2023-12-28,27.83,8768847.717285156,6104433.892440796,7,
GEL,6816,1996-11-27,2023-12-28,27.08,3742258.5191726685,2494224.92313385,7,
GEM,2077,2015-09-29,2023-12-28,8.25,2981894.5036888123,3472334.9338531494,4,
GEN,8696,1989-06-23,2023-12-28,34.51,65620648.908519745,5417744.4220125675,7,
GENC,5151,2003-07-15,2023-12-28,20.45,292769.99831199646,83711.33408546448,5,
GENE,4610,2005-09-06,2023-12-28,18.31,60394.00027513504,71178.001537323,5,
GENY,836,2016-08-22,2020-07-02,3.86,62458.49933624267,37877.99873352051,10,
GEO,7409,1994-07-27,2023-12-28,29.42,15883340.880346298,8197761.0288619995,7,
GEOS,6567,1997-11-21,2023-12-28,26.1,260252.49519348145,597869.9855804443,7,
GER,1452,2014-09-26,2020-07-02,5.77,1587923.9974975586,2061058.462524414,4,
GERM,889,2020-06-18,2023-12-28,3.53,31314.000606536865,155096.99478149414,4,
GERN,6900,1996-07-31,2023-12-28,27.41,11901176.5589118,3864778.3850193024,7,
GES,6895,1996-08-08,2023-12-28,27.39,15521111.812019348,,7,
GEVO,3243,2011-02-09,2023-12-28,12.88,6386080.0512731075,750000.0,5,
GF,8547,1990-01-25,2023-12-28,33.92,133384.00650024414,455665.01255035406,7,
GFED,6341,1995-04-10,2020-06-19,25.19,40576.998710632324,14829.999923706057,7,
GFF,12776,1973-05-03,2023-12-28,50.65,15464960.472297668,649485.8130216599,7,
GFI,11040,1980-03-17,2023-12-28,43.78,57253118.2240963,5814036.859226227,7,
GFIN,805,2000-05-18,2020-07-02,20.12,71154.44927215576,11477.999877929688,645,
GFL,1007,2014-07-21,2023-12-28,9.44,35714602.014541626,28731179.794692993,962,
GFLU,84,2020-03-05,2020-07-02,0.33,2755445.919799804,2755445.919799804,4,
GFN,3459,2006-07-06,2020-04-01,13.74,196498.49390983582,45479.00013923645,5,
GFY,3944,2004-10-27,2020-07-02,15.68,63790.5011177063,218318.5007572174,5,
GGAL,5895,2000-07-25,2023-12-28,23.43,10069422.50676155,3525522.0246315002,7,
GGB,6243,1999-03-10,2023-12-28,24.8,32284536.25330925,28446969.08683777,7,
GGG,11040,1980-03-17,2023-12-28,43.78,51467681.848526,2836402.245426178,7,
GGM,1768,2013-06-26,2020-07-02,7.02,691773.9881515503,506190.9920692444,4,
GGN,4722,2005-03-29,2023-12-28,18.75,1668591.9958591461,2977647.9060173035,5,
GGT,6469,1994-10-11,2020-06-19,25.69,463940.5090332031,232960.53085327146,7,
GGZ,1526,2014-06-12,2020-07-02,6.06,192256.50067329407,191988.89269828796,4,
GHC,12826,1973-02-21,2023-12-28,50.85,9271055.090332031,3781873.0743408203,7,
GHG,3024,2010-09-28,2023-12-28,13.25,51880.00159263611,27454.37542023137,127,
GHIV,45,2020-04-08,2020-07-02,0.23,33165.00062942505,33165.00062942505,6,
GHIVU,86,2020-01-24,2020-07-02,0.44,664734.2039842606,664734.2039842606,10,
GHL,4927,2004-05-06,2023-11-30,19.57,1063082.5648641586,10057151.60522461,5,
GHM,10153,1980-03-17,2020-06-19,40.26,497103.00426483154,37393.334913253784,7,
GHSI,1192,2019-04-05,2023-12-28,4.73,31563.25032711029,362392.3476243019,4,
GHY,2772,2012-12-24,2023-12-28,11.01,1527547.5501537323,1938816.0242557526,4,
GHYB,678,2017-09-25,2020-07-02,2.77,225262.1509552002,123547.50156402588,5,
GIB,5461,1998-10-07,2020-06-19,21.7,13393998.661994934,2164635.9458923335,7,
GIFI,5842,1997-04-04,2020-06-19,23.21,187520.50123214722,881915.9860610962,7,
GIGB,747,2017-07-10,2020-07-02,2.98,1426614.5254135132,674455.791091919,6,
GIGE,275,2019-05-08,2020-07-02,1.15,14150.900077819824,16224.300384521484,5,
GIGM,5061,2000-02-18,2020-04-01,20.12,21028.999865055084,203236.0015630722,7,
GII,4258,2007-01-31,2023-12-28,16.91,1169347.4882125854,411183.0074310303,5,
GIII,8575,1989-12-14,2023-12-28,34.04,9535906.158018112,820055.9978485107,7,
GIL,6424,1998-06-19,2023-12-28,25.52,15083362.057495117,10000680.924987793,7,
GILD,8044,1992-01-22,2023-12-28,31.93,421506362.8311157,270807367.8449631,7,
GILT,7746,1993-03-26,2023-12-28,30.76,596019.0026283264,445835.50329208374,7,
GIM,9017,1988-03-17,2023-12-28,35.78,872167.036819458,1797071.099472046,7,
GIS,11041,1980-03-17,2023-12-28,43.78,255975440.00930786,,7,
GIX,4857,1999-09-27,2020-07-02,20.76,18850.79984664917,0.0,437,
GJH,4046,2004-05-05,2020-07-02,16.16,4970.0000286102295,7108.500003814697,5,
GJO,4556,2005-11-21,2023-12-28,18.1,15020.999908447266,7589.999771118164,5,
GJP,4029,2007-12-27,2023-12-28,16.0,0.0,1144.9999809265137,5,
GJR,3101,2007-12-27,2020-06-19,12.48,0.0,1682.9999923706055,25,
GJS,4448,2006-04-28,2023-12-28,17.67,15554.000186920166,13167.499685287476,5,
GJT,4132,2007-08-01,2023-12-28,16.41,17427.99987792969,6239.999771118164,5,
GKOS,2143,2015-06-25,2023-12-28,8.51,25874201.84955597,19671931.857299805,4,
GL,10902,1980-10-01,2023-12-28,43.24,54458122.03330994,14592978.521060944,7,
GLAD,4502,2002-08-02,2020-06-19,17.88,1396063.5420799255,921179.9852371216,5,
GLADD,350,2018-11-08,2020-04-01,1.4,51510.000228881836,62064.00146484375,4,
GLADL,170,2019-10-15,2020-06-29,0.71,63176.99947357178,63176.99947357178,6,
GLBS,3979,2008-03-11,2023-12-28,15.8,67436.9970023632,46065.00059366226,5,
GLBY,364,2018-12-13,2020-05-27,1.45,5418.219871520996,2558.5000038146973,4,
GLBZ,6072,1999-11-10,2023-12-28,24.13,14566.999983787537,3052.7777671813965,7,
GLD,4810,2004-11-18,2023-12-28,19.11,1184129140.9416199,1025640594.185257,5,
GLDD,4280,2006-12-27,2023-12-28,17.0,2711196.486902237,2042610.4823827744,5,
GLDI,2749,2013-01-29,2023-12-28,10.91,388098.01483154297,290387.2045516968,4,
GLDM,1387,2018-06-26,2023-12-28,5.51,42602688.49334717,34055947.139167786,4,
GLG,2114,2012-02-06,2020-07-02,8.4,65630.99924325943,34112.49952316284,5,
GLIBA,1986,2012-08-10,2020-07-02,7.89,26885595.558929443,22865738.878440857,5,
GLIBP,1917,2012-08-17,2020-04-01,7.62,105348.00138473511,0.0,5,
GLIN,3359,2010-08-25,2023-12-28,13.34,229041.0026550293,1047344.9821472168,5,
GLL,3793,2008-12-03,2023-12-28,15.07,1858864.5252227783,2771040.0772094727,5,
GLMD,1580,2014-03-13,2020-06-19,6.27,325150.5032300949,256193.0014848709,4,
GLNG,5151,2003-07-15,2023-12-28,20.45,19501237.588977814,14561063.587188719,5,
GLO,4446,2006-05-02,2023-12-28,17.66,958441.469335556,1597260.5075359344,5,
GLOB,1492,2014-07-18,2020-06-19,5.92,30356668.577194214,9509333.938598633,4,
GLOG,2078,2012-03-30,2020-07-02,8.26,4396561.444616318,5886779.914188385,5,
GLOP,1551,2014-05-07,2020-07-02,6.15,2937928.4566402435,2628611.890411377,4,
GLP,3706,2005-09-29,2020-06-19,14.72,1697803.47738266,1061237.485408783,5,
GLPG,2093,2012-02-27,2020-06-19,8.31,23522369.010925293,3392339.912414551,5,
GLPI,2570,2013-10-14,2023-12-28,10.2,57761180.83591461,38231853.20034027,4,
GLQ,4701,2005-04-27,2023-12-28,18.67,425011.9974851608,707459.9761962892,5,
GLRE,3237,2007-05-24,2020-04-01,12.86,1573078.5732746124,2454191.93572998,5,
GLT,11040,1980-03-17,2023-12-28,43.78,933129.9834251404,,7,
GLTR,3318,2010-10-22,2023-12-28,13.18,2745335.5545043945,1750682.0365905762,5,
GLU,4932,2004-05-26,2023-12-28,19.59,200715.00277519226,161500.00476837158,5,
GLUU,3345,2007-03-22,2020-07-02,13.28,18434955.29165268,6298595.796871185,5,
GLV,4003,2004-07-28,2020-06-19,15.89,385056.49032592773,397114.0096664429,5,
GLW,10588,1981-12-31,2023-12-28,41.99,118732331.24113083,,7,
GLYC,2509,2014-01-10,2023-12-28,9.96,284940.99876880646,665282.9669237137,4,
GM,3299,2010-11-18,2023-12-28,13.11,481418454.0872574,431863116.1117554,5,
GMAB,3671,2009-06-01,2023-12-28,14.57,18092154.019737244,132352.99682617188,5,
GMAN,308,2019-03-07,2020-07-02,1.32,40303.99990081787,44304.751205444336,7,
GMBL,1870,2010-07-07,2023-12-28,13.48,539325.6047792435,118299.0,148,
GMDA,1301,2018-10-26,2023-12-28,5.17,1064508.010339737,819923.9757537842,4,
GME,5507,2002-02-13,2023-12-28,21.87,57820719.42501068,64542785.17084122,5,
GMED,2869,2012-08-03,2023-12-28,11.4,61484523.04458618,21554315.254211426,5,
GMF,4222,2007-03-23,2023-12-28,16.77,764533.0020904541,2184799.966430664,5,
GMHI,213,2019-03-25,2020-07-02,1.27,55550.0020980835,55550.0020980835,29,
GMHIU,316,2019-02-01,2020-07-02,1.42,8931.999969482422,18571.999883651733,18,
GMLP,2260,2011-04-08,2020-04-01,8.98,2344962.4989032745,3982940.0794029236,5,
GMLPP,608,2017-10-31,2020-04-01,2.42,369237.49895095825,428093.8894271851,4,
GMO,3806,2005-02-17,2020-04-01,15.12,46607.99918845295,285338.9989376068,5,
GMOM,2258,2015-01-02,2023-12-28,8.99,387818.1574821472,235727.09856033322,4,
GMRE,1887,2016-06-30,2023-12-28,7.49,3094335.0142478943,2868605.9589385986,4,
GMS,1911,2016-05-26,2023-12-28,7.59,14688956.861114502,9594512.712478638,4,
GMTA,975,2016-05-18,2020-04-01,3.87,239619.5065498352,336923.99711608887,4,
GNAF,356,2018-10-19,2020-07-02,1.7,47263.999938964844,49601.5007019043,15,
GNC,2327,2011-04-01,2020-07-02,9.25,2194604.9371242523,28985112.57019043,5,
GNCA,1614,2014-02-05,2020-07-02,6.4,367202.5024116039,674015.9760355949,4,
GNE,3063,2011-10-26,2023-12-28,12.17,1521162.480020523,515966.00761413574,5,
GNFT,1199,2019-03-27,2023-12-28,4.76,30768.751072883606,94735.99834442139,4,
GNK,2382,2014-07-15,2023-12-28,9.45,10653948.464632034,2197225.990486145,4,
GNL,4904,2004-02-23,2023-12-28,19.84,11042394.099712372,0.0,22,
GNLN,1183,2019-04-18,2023-12-28,4.7,38463.74956011772,594627.0250797272,4,
GNMA,2984,2012-02-21,2023-12-28,11.85,1809233.5376739502,729972.4956512451,5,
GNMK,2542,2010-05-28,2020-07-02,10.1,1951268.950510025,1477880.537700653,5,
GNOM,1778,2010-11-11,2023-12-28,13.13,655007.7077865601,925436.0098361971,2214,
GNPX,1448,2018-03-29,2023-12-28,5.75,137595.1037377119,310280.7571351528,4,
GNR,3346,2010-09-14,2023-12-28,13.29,10343898.119735718,4228702.981376648,5,
GNRC,3494,2010-02-11,2023-12-28,13.88,128997144.33174133,27115590.019607544,5,
GNRS,908,2020-05-21,2023-12-28,3.6,0.0453000021516292,5476.468997001648,4,
GNRSU,75,2020-02-11,2020-06-18,0.35,198580.54637908936,198580.54637908936,8,
GNSS,7488,1994-04-04,2023-12-28,29.73,106731.00170493126,112686.00192070007,7,
GNT,3252,2011-01-27,2023-12-28,12.92,213758.99918079376,526496.4970588684,5,
GNTX,10593,1981-12-22,2023-12-28,42.02,34773951.23195648,11897249.88937378,7,
GNTY,1672,2017-05-09,2023-12-28,6.64,521327.4942398071,468827.99406051636,4,
GNUS,1740,2012-02-08,2020-07-02,8.4,106116.49834513661,30811.501002311707,56,
GNW,4046,2004-05-25,2020-06-19,16.07,14002051.403307915,51128055.35316467,5,
GO,198,2019-06-20,2020-04-01,0.78,21213179.948043823,21213179.948043823,4,
GOAT,403,2018-10-31,2020-07-02,1.67,30922.999572753906,27530.00068664551,5,
GOAU,1636,2017-06-29,2023-12-28,6.5,440405.5067062378,424350.0,4,
GOEX,3309,2010-11-04,2023-12-28,13.15,87703.49969863892,299375.99258422846,5,
GOF,4135,2007-07-27,2023-12-28,16.42,7741243.96457672,1601149.9881744385,5,
GOGL,6768,1997-02-07,2023-12-28,26.89,11869646.488189697,,7,
GOGO,2649,2013-06-21,2023-12-28,10.52,6878610.955381393,10344024.030447006,4,
GOL,4913,2004-06-24,2023-12-28,19.51,2880009.9771022797,8483370.21255493,5,
GOLD,9804,1985-02-04,2023-12-28,38.89,261132446.24614716,64925349.657440186,7,
GOLF,1803,2016-10-28,2023-12-28,7.16,15861959.851074219,7835916.089630128,4,
GOOD,5129,2003-08-14,2023-12-28,20.37,2793694.437932968,1135344.0347671509,5,
GOODM,1035,2016-05-24,2020-07-02,4.11,92843.9998626709,100408.99906158447,4,
GOODN,1072,2019-09-26,2023-12-28,4.25,107668.50242614746,125599.99618530276,4,
GOOG,4874,2004-08-19,2023-12-28,19.36,2669762063.201523,1849278808.151245,5,
GOOGL,3932,2004-08-19,2020-04-01,15.62,1754444878.741455,1679827449.8397827,5,
GORO,3474,2006-09-14,2020-07-02,13.8,3822974.4215130806,2027175.0593662262,5,
GOSS,353,2019-02-08,2020-07-02,1.4,5937737.282133102,5272305.78289032,4,
GOVT,2094,2012-02-24,2020-07-02,8.35,107217507.71141052,10430690.32831192,12,
GPAQ,333,2018-03-12,2020-07-01,2.31,72031.24866485596,63378.002643585205,24,
GPAQU,562,2018-01-25,2020-06-19,2.4,0.0,0.0,37,
GPC,11040,1980-03-17,2023-12-28,43.78,139757504.1229248,12588556.25,7,
GPI,6583,1997-10-30,2023-12-28,26.16,32523132.942199707,12740207.568359375,7,
GPJA,1279,2018-11-28,2023-12-28,5.08,246834.00535583496,343206.0115814209,4,
GPK,6932,1992-12-10,2020-06-19,27.52,45050542.447042465,1113275.1300811768,7,
GPL,3548,2006-05-31,2020-07-02,14.09,755541.4968967438,391995.9931612015,5,
GPM,3738,2005-08-26,2020-07-02,14.85,989132.0093631744,753871.9942092896,5,
GPMT,1640,2017-06-23,2023-12-28,6.51,2500671.498775482,4533326.952075958,4,
GPN,5775,2001-01-16,2023-12-28,22.95,182233232.9109192,40239479.20875551,7,
GPOR,6029,1999-03-03,2023-12-28,24.82,13810082.043457031,5451900.0,320,
GPP,2437,2010-11-24,2023-12-28,13.09,594607.9904556274,494125.0,315,
GPRE,3592,2006-03-15,2020-06-19,14.26,6403835.010051727,4866937.9806518555,5,
GPRK,3323,2010-10-15,2023-12-28,13.2,1856696.0149765015,650759.9857330322,5,
GPRO,2394,2014-06-26,2023-12-28,9.51,5309847.044730186,23281965.846157074,4,
GPS,10154,1980-03-17,2020-06-19,40.26,100431808.43105316,,7,
GPX,10061,1980-05-08,2020-04-01,39.9,475496.49777412415,297789.9941444397,7,
GRA,9708,1982-01-04,2020-07-02,38.49,27749804.71420288,10337640.83995819,7,
GRAF,4667,2000-04-11,2020-07-02,20.22,53092.499685287476,0.0,238,
GRAM,2573,2013-07-24,2023-12-28,10.43,11200.89994743466,298289.9953365326,81,
GRBK,4161,2007-06-20,2023-12-28,16.52,14849893.286705017,652359.9735260009,5,
GRC,10162,1980-03-17,2020-07-02,40.29,1656953.9646148682,95047.68013954163,7,
GREK,3033,2011-12-08,2023-12-28,12.05,1895485.479927063,2150954.9612045297,5,
GRF,5018,2004-01-23,2023-12-28,19.93,16264.999866485596,12322.49984741211,5,
GRFS,3165,2011-06-02,2023-12-28,12.57,5754731.889724731,11542394.537734985,5,
GRIF,5790,1997-06-18,2020-06-19,23.0,145314.50386047363,36250.0,7,
GRIN,1393,2018-06-18,2023-12-28,5.53,346555.48152923584,208070.9979057312,4,
GRMN,5799,2000-12-08,2023-12-28,23.05,73257531.24961853,55253453.91807556,7,
GRN,3584,2008-06-25,2023-12-28,15.51,132799.5532989502,16196.999740600586,439,
GRNB,822,2017-03-07,2020-07-02,3.32,99650.2495765686,67211.24887466432,5,
GRNQ,1397,2018-04-17,2023-12-28,5.7,23264.50003385544,51955.20206451416,57,
GRNV,80,2019-12-09,2020-06-29,0.56,26567.99988746643,26567.99988746643,10,
GRNVU,103,2019-11-19,2020-06-30,0.61,7314.999866485596,7314.999866485596,20,
GROW,9749,1985-04-24,2023-12-28,38.68,60255.000829696655,38745.00060081482,7,
GRPN,3056,2011-11-04,2023-12-28,12.15,7303645.223140717,30210201.234197617,5,
GRTS,443,2018-09-28,2020-07-02,1.76,1128083.9958190918,1372321.9864845276,4,
GRU,3115,2008-02-15,2020-07-02,12.38,6562.5001430511475,25647.999572753906,5,
GRUB,1573,2014-04-04,2020-07-02,6.25,135241890.50178528,78851034.4947815,4,
GRVY,4755,2005-02-08,2023-12-28,18.88,1189297.9703903198,120320.00179290771,5,
GRWG,541,2018-02-07,2020-04-01,2.15,553573.47676754,389063.9888048172,4,
GRX,4162,2007-06-19,2023-12-28,16.53,323506.00576400757,306218.9952850342,5,
GS,6205,1999-05-04,2023-12-28,24.65,681155470.3491211,578025447.4914551,7,
GSAT,4317,2006-11-02,2023-12-28,17.15,4278726.170021296,1891896.0198998451,5,
GSB,4170,2003-09-09,2020-04-01,16.56,1177964.9913311005,53187.000596523285,5,
GSBC,8574,1989-12-15,2023-12-28,34.03,1206411.0038757324,360903.00550460815,7,
GSBD,2212,2015-03-18,2023-12-28,8.78,6601398.081684113,3472356.0181617737,4,
GSC,3115,2007-12-27,2020-06-18,12.48,2230.0000190734863,184391.99523925784,8,
GSEE,910,2020-05-19,2023-12-28,3.61,4039.599990844726,4790.250015258789,4,
GSEU,1050,2016-03-04,2020-07-02,4.33,48225.05044937134,70347.95160293579,7,
GSEW,1582,2017-09-15,2023-12-28,6.28,1212663.7186050415,1259906.5309524536,4,
GSG,4390,2006-07-21,2023-12-28,17.44,10307235.183906555,7057215.710163116,5,
GSH,6013,1996-05-13,2020-04-01,23.89,353812.50529289246,303125.0,7,
GSHD,1428,2018-04-27,2023-12-28,5.67,11724151.19972229,10920624.035453796,4,
GSID,910,2020-05-19,2023-12-28,3.61,15455.850219726562,14064.00032043457,4,
GSIE,1160,2015-11-10,2020-06-19,4.61,6383489.173126221,2973337.9371643066,4,
GSIT,4218,2007-03-29,2023-12-28,16.75,303269.4971561432,224417.99879074097,5,
GSK,11031,1980-03-28,2023-12-28,43.75,104866059.37843323,44688000.0,7,
GSKY,531,2018-05-24,2020-07-02,2.11,4451858.514881134,9065183.854293823,4,
GSL,3869,2008-08-15,2023-12-28,15.37,9804785.820770264,251008.00323486328,5,
GSLC,1196,2015-09-21,2020-06-19,4.74,20404755.59463501,9496899.361610413,4,
GSLD,153,2019-11-22,2020-07-02,0.61,300240.00549316406,300240.00549316406,4,
GSM,2742,2009-07-30,2020-06-19,10.89,320985.0006401539,5485823.954963684,5,
GSP,3543,2006-06-07,2020-07-02,14.07,121236.00215911865,491958.0276489258,5,
GSS,4725,2001-09-26,2020-07-02,18.77,1628087.0050787926,2598399.9557495117,5,
GSUM,941,2016-09-23,2020-06-19,3.74,64557.00032711029,324232.9941749573,4,
GSV,2030,2012-06-08,2020-07-02,8.07,450596.4961349964,257112.00246214867,5,
GSX,615,2012-09-24,2020-07-02,7.77,52219175.22735596,12553.800187066196,1182,
GSY,3998,2008-02-12,2023-12-28,15.87,17735411.271476746,6175601.878166199,5,
GT,15605,1962-01-02,2023-12-28,61.98,43757791.988134384,16274609.20124054,7,
GTE,4535,2005-12-21,2023-12-28,18.02,2141900.459218025,3506415.0423288345,5,
GTEC,1357,2018-08-08,2023-12-28,5.39,69084.00068283081,76503.9966583252,4,
GTES,1492,2018-01-25,2023-12-28,5.92,12122726.149749756,6672828.591537476,4,
GTH,1135,2014-03-14,2023-12-28,9.79,48600.150418281555,284306.52366399765,57,
GTHX,1666,2017-05-17,2023-12-28,6.61,1986067.2165513039,7149611.194944382,4,
GTIM,7927,1992-07-09,2023-12-28,31.47,31991.501092910767,11793.75,7,
GTIP,1576,2011-05-23,2020-07-02,9.11,97802.99835205078,85306.00051879883,786,
GTLS,4387,2006-07-26,2023-12-28,17.42,70719704.4593811,18996256.93244934,5,
GTN-A,7753,1993-03-17,2023-12-28,30.78,8412.999773025513,10764.00032043457,7,
GTN,5369,2002-08-30,2023-12-28,21.33,7437749.234485626,3720806.90946579,5,
GTO,1983,2016-02-12,2023-12-28,7.87,5895288.062667847,1760912.0574951172,4,
GTS,3164,2007-12-07,2020-07-02,12.57,3956714.1214370728,1921438.0096435547,5,
GTT,3421,2006-11-29,2020-07-02,13.59,5279710.723257065,122359.9967956543,5,
GTX,1330,2018-09-17,2023-12-28,5.28,4500516.440844536,3641135.131263733,4,
GTY,11890,1973-05-03,2020-06-19,47.13,3731236.5858078003,,7,
GTYH,707,2016-12-16,2020-07-02,3.54,415741.51532649994,264180.0090789795,26,
GUNR,3087,2011-09-22,2023-12-28,12.27,26926420.90072632,13204799.900054932,5,
GURE,4325,2006-10-23,2023-12-28,17.18,30637.500774860382,96075.0,5,
GURU,1989,2012-06-05,2020-06-19,8.04,139762.4979019165,263262.00199127203,8,
GUSH,2162,2015-05-29,2023-12-28,8.58,44415503.968811035,55824000.0,4,
GUT,6158,1999-07-12,2023-12-28,24.46,788283.9909553528,433701.50072574615,7,
GV,11653,1974-04-09,2020-07-02,46.23,131157.0015192032,12531.25,7,
GVA,8488,1990-04-20,2023-12-28,33.69,11174317.077445984,5634877.612876892,7,
GVAL,2468,2014-03-12,2023-12-28,9.8,170007.99713134766,361349.09019470215,4,
GVI,4271,2007-01-11,2023-12-28,16.96,11186625.246810913,5363784.173583984,5,
GVIP,915,2016-11-11,2020-07-02,3.64,261647.89352416992,338194.99206542975,4,
GVP,6269,1995-07-27,2020-06-19,24.9,17345.999836921692,31505.999660491943,7,
GWB,3245,2005-02-15,2020-07-02,15.38,9898732.133674622,0.0,464,
GWGH,1453,2014-09-25,2020-07-02,5.77,57281.998443603516,26245.000553131104,4,
GWPH,1807,2013-05-01,2020-07-02,7.17,56445021.91314697,36494256.78405762,4,
GWRE,3002,2012-01-25,2023-12-28,11.92,45582902.49404907,32812255.724334717,5,
GWRS,989,2016-04-28,2020-04-01,3.93,204439.99948501587,159874.00064468384,4,
GWW,12826,1973-02-21,2023-12-28,50.85,178412039.64233398,10298062.262153625,7,
GWX,4199,2007-04-26,2023-12-28,16.67,1654996.0304260254,2339897.9667663574,5,
GXC,4222,2007-03-23,2023-12-28,16.77,3429975.881958008,6047514.022064209,5,
GXF,1,2020-07-02,2020-07-02,0.0,8347.976640701294,8347.976640701294,0,
GXG,3748,2009-02-09,2023-12-28,14.88,270780.0005912781,712707.9875946045,5,
GXGX,149,2019-08-08,2020-07-02,0.9,150176.00173950195,150176.00173950195,15,
GXTG,149,2019-11-04,2020-07-02,0.66,40898.890213012695,40898.890213012695,6,
GYC,3655,2005-11-21,2020-06-29,14.6,23918.000030517578,27287.999725341797,7,
GYLD,2930,2012-05-08,2023-12-28,11.64,27312.50009536743,238061.49854660034,5,
GYRO,6198,1995-08-18,2020-04-01,24.62,1842.0000076293945,0.0,7,
H,3560,2009-11-05,2023-12-28,14.14,81525360.5834961,29191608.25405121,5,
HA,7181,1995-06-21,2023-12-28,28.52,12309059.295225143,2857365.01288414,7,
HACK,2297,2014-11-12,2023-12-28,9.13,3421006.971168518,7671542.896270752,4,
HAE,8221,1991-05-10,2023-12-28,32.64,24100297.547912598,7131600.0,7,
HAFC,6599,1994-04-06,2020-06-19,26.2,2820076.494026184,1392559.9489212034,7,
HAIL,1511,2017-12-27,2023-12-28,6.0,115594.10076141357,134086.90242767334,4,
HAIN,7538,1994-01-20,2023-12-28,29.94,11434679.846382141,9643054.575157166,7,
HAL,13007,1972-06-01,2023-12-28,51.57,274788384.1255188,,7,
HALL,8637,1989-09-18,2023-12-28,34.28,23101.499462127686,27600.000381469727,7,
HALO,4982,2004-03-16,2023-12-28,19.78,40177690.769958496,9472878.265881538,5,
HAP,3808,2008-11-11,2023-12-28,15.13,344655.9913635254,370451.9920349121,5,
HAPP,173,2019-10-25,2020-07-02,0.69,497424.00827407837,497424.00827407837,4,
HARP,1231,2019-02-08,2023-12-28,4.88,219630.4983973503,952810.0240707399,4,
HAS,11040,1980-03-17,2023-12-28,43.78,89640503.89194489,16394339.509677887,7,
HASI,2694,2013-04-18,2023-12-28,10.69,22649262.2672081,7880827.570438385,4,
HAUD,570,2015-07-13,2020-07-02,4.97,8221.94995880127,8596.000289916992,26,
HAUZ,2579,2013-10-01,2023-12-28,10.24,1182613.4713172913,138770.99533081055,4,
HAWX,2139,2015-07-01,2023-12-28,8.49,374227.9965400696,200479.8952102661,4,
HAYN,4224,2007-03-21,2023-12-28,16.77,2295288.0535125732,2448372.4477767944,5,
HBAN,11041,1980-03-17,2023-12-28,43.78,159929632.20443726,,5,
HBANO,1076,2016-03-28,2020-07-02,4.26,851974.0049362183,852540.5201911926,4,
HBB,1575,2017-09-26,2023-12-28,6.25,141059.99522209167,502025.0,4,
HBCP,3832,2008-10-08,2023-12-28,15.22,366885.005569458,276508.9936733246,5,
HBI,4358,2006-09-06,2023-12-28,17.31,35705718.93041134,52371003.6529541,5,
HBIO,5732,2001-03-19,2023-12-28,22.78,452416.0219669342,321767.4977660179,7,
HBM,3744,2009-02-13,2023-12-28,14.87,10398471.380281448,1289149.9943733215,5,
HBMD,3206,2007-10-09,2020-07-02,12.73,353703.9993286133,4172.999858856201,5,
HBNC,4589,2002-01-09,2020-04-01,18.23,1150372.5469589233,109855.40738105775,5,
HBP,1383,2015-01-02,2020-07-02,5.5,29494.500368833542,121905.00164031982,4,
HBT,1061,2019-10-11,2023-12-28,4.21,611383.4928512573,492744.006729126,4,
HCA,3223,2011-03-10,2023-12-28,12.8,297167802.31018066,203132579.57382202,5,
HCAC,261,2019-04-16,2020-07-02,1.21,106907.00244903564,114655.0030708313,8,
HCACU,176,2019-03-01,2020-07-01,1.34,101838.45319700241,101838.45319700241,37,
HCAP,1804,2013-05-03,2020-07-02,7.16,123845.99945545197,193241.99895858765,4,
HCAT,174,2019-07-25,2020-04-01,0.69,9496877.72026062,9496877.72026062,4,
HCC,749,2017-04-11,2020-04-01,2.97,19603658.164978027,19372829.737472538,4,
HCCH,457,2018-07-18,2020-07-02,1.96,0.0,0.0,21,
HCCHR,1,2020-07-02,2020-07-02,0.0,88814.78409576416,88814.78409576416,0,
HCCHU,454,2018-07-09,2020-07-02,1.98,0.0,0.0,23,
HCCI,3036,2008-03-12,2020-04-01,12.05,1093934.9933624268,437920.5180644989,5,
HCCOU,104,2019-12-13,2020-07-02,0.55,62817.48265647888,62817.48265647888,10,
HCFT,1834,2013-03-22,2020-07-02,7.28,117326.99813842773,453225.0015735626,4,
HCHC,2764,2009-07-13,2020-07-02,10.97,507969.0094232559,561166.9876337051,5,
HCI,3849,2008-09-15,2023-12-28,15.28,3911563.9366149902,2836365.1039123535,5,
HCKT,6440,1998-05-28,2023-12-28,25.59,2241899.909591675,1082482.4926257133,7,
HCM,1961,2016-03-16,2023-12-28,7.78,1881400.509595871,3282174.0091323853,4,
HCR,1982,2012-08-16,2020-07-02,7.88,656349.9955721198,6961159.858512878,5,
HCRB,972,2020-02-20,2023-12-28,3.85,108100.10089874269,46004.99954223633,4,
HCSG,10103,1983-11-29,2023-12-28,40.08,8025974.799346924,,7,
HCXY,1322,2018-09-27,2023-12-28,5.25,38311.99941635132,51997.500228881836,4,
HCXZ,541,2018-05-04,2020-07-02,2.16,84834.75151062012,128250.0,4,
HD,9770,1981-09-22,2020-06-19,38.74,939814690.6730652,236306113.5066986,7,
HDAW,2108,2015-08-14,2023-12-28,8.37,16106.299877166748,19595.4496383667,4,
HDB,4759,2001-07-20,2020-06-19,18.92,85865620.61653137,30794525.3405571,7,
HDEF,2106,2015-08-18,2023-12-28,8.36,4727055.111312866,1521425.24766922,4,
HDG,3136,2011-07-14,2023-12-28,12.46,52046.50058746338,99565.99864959717,5,
HDGE,3252,2011-01-27,2023-12-28,12.92,2400514.474773407,2428088.015270233,5,
HDIV,75,2020-02-27,2020-07-02,0.34,4447.999954223633,4447.999954223633,7,
HDMV,1846,2016-08-29,2023-12-28,7.33,77126.85070037842,180457.9999923706,4,
HDS,1767,2013-06-27,2020-07-02,7.01,47577701.35803223,55105741.54300689,4,
HDSN,6454,1994-11-01,2020-06-19,25.63,244163.99908065796,76264.50183391571,7,
HDV,3208,2011-03-31,2023-12-28,12.74,54796772.79205322,27993885.569000244,5,
HE,12826,1973-02-21,2023-12-28,50.85,18724851.287841797,2221412.5,7,
HEAR,3302,2010-11-15,2023-12-28,13.12,1602220.4996109009,1021778.5348892212,5,
HEBT,821,2016-12-27,2020-04-01,3.26,368557.50138759613,86940.00153541565,4,
HECCU,18,2020-06-09,2020-07-02,0.06,1725167.9740905762,1725167.9740905762,3,
HEDJ,2588,2010-01-15,2020-06-19,10.43,23291754.053878784,25851145.39718628,7,
HEEM,2331,2014-09-25,2023-12-28,9.26,260651.99632644656,612000.0,4,
HEES,4509,2006-01-31,2023-12-28,17.91,9439775.903320312,5145781.1906814575,5,
HEI,11040,1980-03-17,2023-12-28,43.78,52295812.78991699,401721.4822769165,7,
HELE,11972,1976-07-08,2023-12-28,47.47,36379244.43092346,1866675.0451087952,7,
HELX,968,2018-10-30,2023-12-28,5.16,15098.750114440918,43643.650817871094,485,
HEP,4885,2004-07-08,2023-11-30,19.39,3278601.4353351593,2529237.8971099854,5,
HEPA,1226,2014-02-11,2020-06-19,6.35,743527.9961466788,309119.9951171875,85,
HEQ,3168,2011-05-27,2023-12-28,12.59,332590.5058860779,604077.0137310028,5,
HES,11041,1980-03-17,2023-12-28,43.78,243518735.96191406,,5,
HESM,1695,2017-04-05,2023-12-28,6.73,14013451.926136017,3593531.9152832036,4,
HEWC,877,2015-07-01,2020-07-02,5.0,67841.84875488281,50040.000915527344,34,
HEWG,2484,2014-02-18,2023-12-28,9.86,70643.99871826172,2871101.9844055176,4,
HEWI,1091,2015-07-10,2020-07-02,4.98,3759.3000411987305,20591.99981689453,12,
HEWJ,2492,2014-02-05,2023-12-28,9.89,2490070.073032379,8156416.331005096,4,
HEWL,704,2015-07-23,2020-07-02,4.94,11533.399963378906,18297.29995727539,27,
HEWP,1182,2015-07-13,2020-06-19,4.94,11926.199913024902,60395.80078125,6,
HEWU,1096,2015-07-20,2020-07-02,4.95,62034.349155426025,72210.85186004639,13,
HEWY,698,2015-07-01,2020-07-02,5.0,18839.200592041016,22713.500118255615,46,
HFBL,3219,2007-06-20,2020-04-01,12.78,3788.0001068115234,1744.0000534057617,5,
HFC,10162,1980-03-17,2020-07-02,40.29,77860094.62957382,385000.0,7,
HFRO,1546,2017-11-06,2023-12-28,6.14,1760833.9160442352,2202302.4407863617,4,
HFWA,5567,1998-05-07,2020-06-19,22.12,3606974.9393463135,241079.9903869629,7,
HFXI,2125,2015-07-22,2023-12-28,8.44,1333649.998283386,473421.01821899414,4,
HFXJ,821,2015-07-22,2020-07-02,4.95,7923.599863052368,12050.399780273438,19,
HGH,2061,2012-04-25,2020-07-02,8.19,1279705.5033683777,1220099.967956543,5,
HGLB,1217,2019-03-01,2023-12-28,4.83,564942.0221328735,735681.0344696045,4,
HGSH,3093,2008-03-24,2020-07-02,12.27,6277.499967813492,14856.99970126152,5,
HGV,1758,2017-01-04,2023-12-28,6.98,29938644.575691223,25996448.248291016,4,
HHC,2366,2010-11-05,2020-04-01,9.4,23283248.217773438,16045540.999603271,5,
HHHHU,291,2019-02-06,2020-04-01,1.15,0.0,0.0,4,
HHR,291,2019-05-09,2020-07-02,1.15,1463434.4570159912,1525305.006980896,4,
HHS,7591,1993-11-04,2023-12-28,30.15,204367.99688339233,1364666.6198730469,7,
HHT,2930,2008-11-11,2020-07-02,11.64,140875.9998202324,36953.000259399414,5,
HI,3967,2008-03-28,2023-12-28,15.75,11864096.998786926,7824000.0,5,
HIBB,6849,1996-10-11,2023-12-28,27.21,13873228.929901123,8948800.170898438,7,
HIBS,1042,2019-11-07,2023-12-28,4.14,10428086.128311157,5766472.115402222,4,
HIE,2287,2014-11-26,2023-12-28,9.09,213061.50031089783,684803.9863586426,4,
HIFS,7941,1988-12-14,2020-06-19,31.51,673387.5053405762,17000.0,7,
HIG,7057,1995-12-15,2023-12-28,28.04,108111524.04823303,101051150.21514893,7,
HIHO,6807,1996-12-11,2023-12-28,27.04,10919.499599933624,15908.000469207764,7,
HII,2328,2011-03-22,2020-06-19,9.25,64006856.369018555,39438979.50286865,5,
HIL,4001,2004-08-12,2020-07-02,15.89,210875.99835395813,400811.9939804077,5,
HIMX,4467,2006-03-31,2023-12-28,17.74,5050392.9448366165,6114696.294021606,5,
HIO,7583,1993-11-16,2023-12-28,30.11,919010.0103139877,1247375.0,7,
HIPS,2258,2015-01-09,2023-12-28,8.97,178289.25113677979,67315.74959754944,4,
HIW,7443,1994-06-08,2023-12-28,29.56,23972413.503646854,17537020.838165283,7,
HIX,6443,1998-05-22,2023-12-28,25.6,711716.0136222839,1714104.0382385254,7,
HJLI,463,2018-05-31,2020-04-01,1.84,48649.20075535774,59511.60268783569,4,
HJLIW,497,2018-06-14,2020-07-02,2.05,35.99999994039535,98.00000041723247,11,
HJPX,425,2015-10-02,2020-07-02,4.75,3058.4500312805176,6858.000183105468,40,
HJV,3278,2007-03-27,2020-04-01,13.02,16551.500153541565,55904.998207092285,5,
HKIB,231,2019-08-05,2020-07-02,0.91,75739.00203704834,75739.00203704834,4,
HL,11040,1980-03-17,2023-12-28,43.78,32572361.332678795,4044800.0,7,
HLAL,1123,2019-07-16,2023-12-28,4.45,1482472.5276947021,695015.9759521484,4,
HLF,4791,2004-12-16,2023-12-28,19.03,19508803.30028534,43598879.39300537,5,
HLG,1074,2015-07-07,2020-07-02,4.99,703915.0066375732,558556.8000793457,23,
HLI,1231,2015-08-13,2020-07-02,4.89,15739780.919265747,7413216.15562439,4,
HLIO,5910,1997-01-09,2020-07-02,23.48,3191695.0813293457,1394545.775794983,7,
HLIT,6314,1995-05-23,2020-06-19,25.08,4216049.904084206,4308897.898054123,7,
HLM-P,5008,1997-10-01,2020-07-02,22.75,81533.91255760193,75315.79931259157,696,
HLNE,842,2017-03-01,2020-07-02,3.34,8795971.390914917,5873232.976150513,4,
HLT,1650,2013-12-12,2020-07-02,6.55,207163495.75271606,160169250.30708313,4,
HLX,5790,1997-07-01,2020-07-02,23.0,8502333.037757874,13169832.034111023,7,
HMC,10162,1980-03-17,2020-07-02,40.29,16630446.022033691,3696850.0394821167,7,
HMG,10315,1973-02-21,2020-07-02,47.36,1317.0000076293943,,32,
HMHC,1669,2013-11-14,2020-07-02,6.63,2584851.9893050194,6746277.9505729675,4,
HMI,4152,2000-01-10,2020-07-02,20.48,3715053.9834976196,1750.1941237896644,32,
HMLP,1478,2014-08-07,2020-06-19,5.87,1866286.5104198456,1051059.9746704102,4,
HMN,7147,1991-11-15,2020-04-01,28.38,6057483.366394043,2941217.9597854614,7,
HMNF,6548,1994-06-30,2020-07-02,26.01,31500.0,27385.0004196167,7,
HMOP,468,2017-12-14,2020-07-02,2.55,347330.85498809814,228661.99951171875,24,
HMST,2103,2012-02-10,2020-06-19,8.36,3796653.0115127563,2663359.962463379,5,
HMSY,6935,1992-12-18,2020-07-02,27.54,16841168.443012238,4133087.982559203,7,
HMTV,1825,2013-04-05,2020-07-02,7.24,347780.00655174255,357750.0,4,
HMY,6580,1994-05-17,2020-07-02,26.13,21311412.74678707,10854764.319074154,7,
HNDL,600,2018-01-25,2020-06-19,2.4,160626.24826431274,105401.25274658203,4,
HNGR,8662,1986-02-21,2020-07-02,34.36,4096429.8458099365,569263.5046958923,7,
HNI,11040,1980-03-17,2023-12-28,43.78,6431078.1089782715,2828327.465248108,7,
HNNA,4735,2005-03-09,2023-12-28,18.8,34996.00009918213,29600.0,5,
HNP,6481,1994-10-06,2020-07-02,25.74,344940.5111312866,2025299.940109253,7,
HNRG,7486,1994-04-06,2023-12-28,29.73,1876090.0069236755,2612.5,7,
HNW,4176,2007-05-30,2023-12-28,16.58,305533.4915161133,448870.00436782837,5,
HOFT,5414,2002-06-27,2023-12-28,21.5,748938.0012512207,859864.9974346161,5,
HOG,9448,1986-07-08,2023-12-28,37.47,49082859.54875946,,5,
HOLD,667,2015-01-06,2020-07-02,5.49,39588.00048828125,49685.00137329102,70,
HOLI,4613,2005-08-31,2023-12-28,18.32,2846911.966609955,2893246.916246414,5,
HOLX,8523,1990-03-01,2023-12-28,33.83,114863366.53213501,28659405.48915863,7,
HOMB,3522,2006-06-23,2020-06-19,13.99,11764491.615962982,3818737.51373291,5,
HOME,921,2016-08-04,2020-04-01,3.66,16618656.51640892,10922240.393066406,4,
HOMZ,1204,2019-03-20,2023-12-28,4.77,58475.10185241699,123139.24560546875,4,
HON,12731,1970-01-02,2020-06-19,50.46,465963290.9210205,29549500.81768036,7,
HONE,1887,2016-06-30,2023-12-28,7.49,1417906.526207924,1447233.0236434937,4,
HOOK,1183,2019-04-18,2023-12-28,4.7,210236.84811890125,546973.9830017091,4,
HOPE,6522,1998-01-29,2023-12-28,25.91,8194310.983848572,3131234.4547748566,7,
HOTH,348,2019-02-15,2020-07-02,1.38,105472.99897670746,81165.00177383423,4,
HOV,10161,1983-09-07,2023-12-28,40.31,4728233.395767212,2017500.0,7,
HOVNP,4550,2005-11-30,2023-12-28,18.08,37275.0,36397.00036048889,5,
HP,10892,1980-10-15,2023-12-28,43.2,50132382.09466934,11077070.191383362,7,
HPE,2063,2015-10-19,2023-12-28,8.19,175319970.9342003,156878959.36088562,4,
HPF,5308,2002-11-26,2023-12-28,21.09,606808.5067749023,916572.4929809571,5,
HPI,5151,2003-07-15,2023-12-28,20.45,807175.5004882812,1140048.0328559875,5,
HPP,3402,2010-06-24,2023-12-28,13.51,20861183.486151695,18505610.314559937,5,
HPQ,15605,1962-01-02,2023-12-28,61.98,177403006.29844666,54748281.02798462,7,
HPR,3917,2004-12-10,2020-07-02,15.56,1020801.9868180156,15516720.571899414,5,
HPS,5170,2003-06-17,2023-12-28,20.53,773169.9976921082,1158516.0033226013,5,
HQH,9245,1987-04-23,2023-12-28,36.68,2230845.5661296844,816023.9833831787,7,
HQI,5092,2003-10-07,2023-12-28,20.22,332744.5053100586,11699.999570846558,5,
HQL,7974,1992-05-01,2023-12-28,31.66,1146692.02709198,650900.989151001,7,
HQY,2370,2014-07-31,2023-12-28,9.41,37322779.074668884,31012873.3379364,4,
HR,7703,1993-05-27,2023-12-28,30.59,45868091.68968201,10214050.0,7,
HRB,12826,1973-02-21,2023-12-28,50.85,52637153.9806366,16761440.625,7,
HRC,12128,1972-06-01,2020-07-02,48.08,46998248.42338563,2638289.177417755,7,
HRI,4307,2006-11-16,2023-12-28,17.11,34096748.90289307,30026811.152267456,5,
HRL,11040,1980-03-17,2023-12-28,43.78,77933584.2095375,4934520.063400269,7,
HROW,4091,2007-09-28,2023-12-28,16.25,6668958.408164978,142760.00328063965,5,
HRTG,2417,2014-05-23,2023-12-28,9.6,671129.993057251,1658466.0409927368,4,
HRTX,9158,1987-08-26,2023-12-28,36.34,3054032.9657256603,244000.0,7,
HRZN,3313,2010-10-29,2023-12-28,13.16,2518746.9616889954,965775.0310897828,5,
HSBC,6154,1999-07-16,2023-12-28,24.45,65455419.777679436,65687269.10362244,7,
HSC,10162,1980-03-17,2020-07-02,40.29,10929376.562309265,3313650.0,7,
HSDT,2393,2014-06-27,2023-12-28,9.5,66059.14892196655,55890.00263214111,4,
HSIC,7086,1995-11-03,2023-12-28,28.15,62507500.97732544,33164674.93543625,7,
HSII,6210,1999-04-27,2023-12-28,24.67,2653579.527282715,2734059.1051101685,7,
HSKA,5790,1997-07-01,2020-07-02,23.0,5535981.862640381,133212.00046539307,7,
HSMV,939,2020-04-07,2023-12-28,3.72,26243.199157714844,25255.800247192383,4,
HSON,5233,2003-03-18,2023-12-28,20.78,62818.9998626709,205439.99633789062,5,
HSPX,1727,2013-06-24,2020-07-02,7.02,933677.9787063599,249312.00523376465,6,
HSRT,379,2018-05-31,2020-06-19,2.05,99940.85159301758,63440.00244140625,44,
HST,11040,1980-03-17,2023-12-28,43.78,106334092.96813011,14394788.193130493,7,
HSTM,5967,2000-04-11,2023-12-28,23.71,2163585.4846954346,1279277.9886245728,7,
HSTO,53,2019-11-27,2020-07-02,0.6,179740.00797271729,179740.00797271729,119,
HSY,10162,1980-03-17,2020-07-02,40.29,151524527.0805359,21983781.46018982,7,
HT,5334,1999-01-21,2020-04-01,21.19,5140203.447055817,2731334.993839264,7,
HTAB,1434,2018-04-19,2023-12-28,5.69,806276.4945030212,45307.49959945679,4,
HTBI,2886,2012-07-11,2023-12-28,11.46,736759.9925994873,848914.5107746124,5,
HTBK,5517,1998-07-20,2020-06-19,21.92,2109334.0358257294,256836.00311279297,7,
HTBX,1740,2013-07-24,2020-06-19,6.9,202026.99957937,201000.0,4,
HTD,4109,2004-02-25,2020-06-19,16.31,1823715.5194282532,1742860.0540161133,5,
HTEC,250,2019-06-25,2020-06-19,0.99,114546.29859924316,114546.29859924316,4,
HTFA,625,2017-10-04,2020-07-02,2.74,33176.00059509277,33136.99970245361,7,
HTGC,4671,2005-06-09,2023-12-28,18.55,14796057.83996582,4144842.915058136,5,
HTGM,1299,2015-05-06,2020-07-02,5.16,250768.9987063408,396200.0,4,
HTH,5000,2004-02-19,2023-12-28,19.85,8932384.669685364,5077090.04240036,5,
HTHT,3464,2010-03-26,2023-12-28,13.76,56650842.79823303,13190998.193740845,5,
HTIA,1021,2019-12-09,2023-12-28,4.05,129551.49917602539,130386.00425720215,4,
HTLD,9361,1986-11-05,2023-12-28,37.14,3216588.014602661,3761154.014968872,7,
HTLF,6288,1999-01-04,2023-12-28,24.98,5560574.990844727,559997.0123291016,7,
HTLFP,887,2020-06-22,2023-12-28,3.52,104477.99949645996,121824.99790191655,4,
HTRB,1573,2017-09-28,2023-12-28,6.25,3143158.5998535156,1262103.9566040037,4,
HTUS,2143,2015-06-25,2023-12-28,8.51,104952.40383148193,105564.00260925294,4,
HTY,4093,2007-09-26,2023-12-28,16.25,131371.50237560272,302510.99882125854,5,
HTZ,4057,2006-11-16,2023-12-28,17.11,44113488.80901337,55670198.92692566,364,
HUBB,12883,1972-06-05,2023-12-28,51.56,111143366.98622131,2719806.25,9,
HUBG,6997,1996-03-13,2023-12-28,27.79,16930872.673797607,7249050.0,7,
HUBS,2321,2014-10-09,2023-12-28,9.22,230896918.52722168,82234592.28820801,4,
HUD,611,2007-09-26,2020-07-02,12.77,2597930.5540561676,3753750.0,2620,
HUGE,1399,2018-06-08,2023-12-28,5.56,91239.00044560432,95475.0,4,
HUIZ,977,2020-02-12,2023-12-28,3.87,23508.500063419342,76608.00304412842,4,
HUM,10587,1981-12-31,2023-12-28,41.99,481930999.24316406,24821410.014152527,7,
HUN,4752,2005-02-14,2023-12-28,18.87,48020766.68996811,,5,
HURC,10926,1980-08-27,2023-12-28,43.33,380136.4933013916,181911.99951171875,7,
HURN,4836,2004-10-13,2023-12-28,19.21,9595724.95803833,5896309.964179993,5,
HUSA,5523,2002-01-22,2023-12-28,21.93,257168.00179481506,104399.99723434448,5,
HUSN,78,2019-11-08,2020-07-02,0.65,117212.00160384177,117212.00160384177,63,
HUSV,1848,2016-08-25,2023-12-28,7.34,258303.3462524414,389472.4431037903,4,
HUYA,1418,2018-05-11,2023-12-28,5.63,4535631.500148773,33342272.272348404,4,
HVBC,810,2017-01-12,2020-04-01,3.22,7875.0,13691.250085830688,4,
HVT-A,9475,1986-05-27,2023-12-28,37.59,0.0,0.0,7,
HVT,11040,1980-03-17,2023-12-28,43.78,3098304.957008362,662466.0172462463,7,
HWBK,5275,1999-07-20,2020-07-02,20.95,199399.49645996094,,5,
HWC,7318,1991-06-04,2020-06-19,29.04,16149920.971488953,2812422.4902153015,7,
HWCC,3473,2006-06-15,2020-04-01,13.8,120843.49842071533,653564.9785995482,5,
HWCPL,1322,2015-04-01,2020-07-02,5.25,129135.99967956543,190439.00451660156,4,
HWCPZ,12,2020-06-17,2020-07-02,0.04,3338736.591148376,3338736.591148376,3,
HWKN,10161,1980-03-18,2020-07-02,40.29,1202436.0042572021,30540.000915527344,7,
HWM-P,26,2020-04-09,2020-06-01,0.15,28279.87333297729,28279.87333297729,12,
HWM,128,2019-10-03,2020-07-02,0.75,66090392.07191467,66090392.07191467,56,
HXL,10098,1980-03-17,2020-04-01,40.04,37135312.34970093,847878.125,7,
HYAC,173,2019-07-23,2020-06-19,0.91,299494.9942588806,299494.9942588806,13,
HYACU,183,2019-06-07,2020-07-02,1.07,65422.497272491455,65422.497272491455,16,
HYB,8149,1988-02-19,2020-06-19,32.33,612562.4935626984,429000.0,7,
HYD,2872,2009-02-05,2020-07-02,11.4,26175960.86578369,9567352.98500061,5,
HYDB,683,2017-07-14,2020-07-02,2.97,185609.44728851318,72044.99816894533,12,
HYDW,367,2018-01-31,2020-07-02,2.42,145739.50309753418,98330.00183105469,66,
HYG,3332,2007-04-11,2020-07-02,13.23,1887999756.414795,355268926.2687683,5,
HYGH,1487,2014-05-29,2020-07-02,6.09,436462.6064300537,447546.0090637207,5,
HYHG,1787,2013-05-23,2020-07-02,7.11,407953.0086517334,656775.9902954102,4,
HYI,2437,2010-10-27,2020-07-02,9.68,1120067.0065879822,1216032.0533752441,5,
HYLB,884,2016-12-13,2020-07-02,3.55,34555232.073783875,11949762.691497803,5,
HYLD,2411,2010-12-01,2020-07-02,9.59,657242.9985046387,1124970.0176239014,5,
HYLS,1851,2013-02-27,2020-07-02,7.34,9628015.57598114,4477019.943237305,4,
HYLV,811,2017-02-17,2020-07-02,3.37,191326.0461807251,93869.00310516357,6,
HYMB,2299,2011-04-14,2020-06-19,9.18,8582032.934951782,3095473.0083465576,5,
HYRE,508,2018-06-27,2020-07-02,2.02,420169.9926495552,507067.50062704086,4,
HYS,2267,2011-06-17,2020-06-19,9.01,21243823.56491089,20721699.638366703,5,
HYT,4296,2003-05-29,2020-06-19,17.06,4948983.574008942,2025561.9631767273,5,
HYTR,114,2020-01-22,2020-07-02,0.44,9570.600128173828,9570.600128173828,4,
HYUP,442,2009-01-02,2020-07-02,11.5,28633.799743652344,31500.050354003914,810,
HYXE,642,2016-06-17,2020-07-02,4.04,391956.49433135986,68141.34979248047,22,
HYXU,2058,2012-04-03,2020-07-02,8.25,131702.99682617188,355763.4994506836,5,
HZN,1258,2015-06-23,2020-06-19,4.99,180555.4993033409,1217787.5057697296,4,
HZNP,2248,2011-07-28,2020-07-02,8.93,48958551.76944733,28384692.46211052,5,
HZO,5558,1998-06-03,2020-07-02,22.08,3356881.5749645233,1941347.9524612427,7,
IAA,265,2019-06-17,2020-07-02,1.04,49347232.485961914,49200559.46350098,4,
IAC,7793,1993-01-19,2023-12-28,30.94,32535447.443580627,49068974.84989166,7,
IAE,4219,2007-03-28,2023-12-28,16.75,151601.99966430664,484613.990020752,5,
IAF,9586,1985-12-16,2023-12-28,38.03,216884.99269485474,305034.9965572357,7,
IAG,5151,2003-07-15,2023-12-28,20.45,10139167.496347427,16189074.155950546,5,
IAGG,2045,2015-11-12,2023-12-28,8.13,12698646.877479553,7576425.90637207,4,
IAI,3556,2006-05-05,2020-06-19,14.12,1141509.9975585938,2167536.5577697754,5,
IAK,4443,2006-05-05,2023-12-28,17.65,2822644.4679260254,516494.01569366455,5,
IART,7142,1995-08-16,2023-12-28,28.37,23866021.28391266,7194028.348827362,7,
IAT,3556,2006-05-05,2020-06-19,14.12,4818168.159103394,3040600.9125709534,5,
IAU,4762,2005-01-28,2023-12-28,18.91,156907122.05295563,73436846.5376854,5,
IAUF,433,2018-06-08,2020-07-02,2.07,109990.24658203125,50185.00137329102,14,
IBA,5725,1997-09-19,2020-06-19,22.75,276773.0020523071,210279.99877929688,7,
IBCE,1630,2013-04-19,2020-07-02,7.2,19440.000152587894,61100.00133514404,13,
IBCP,2614,2010-02-02,2020-06-19,10.38,1811125.4917144775,936156.4856529236,5,
IBD,1633,2017-07-05,2023-12-28,6.48,790760.9777450562,518858.9984893798,4,
IBDD,1341,2015-01-02,2020-07-02,5.5,85440.00244140625,98420.001411438,5,
IBDM,1310,2015-03-12,2020-07-02,5.31,4588532.492828369,2262325.4722595215,8,
IBDN,1288,2015-03-12,2020-07-02,5.31,4101329.962158203,1695804.031085968,20,
IBDP,2216,2015-03-12,2023-12-28,8.8,10553407.581806183,2388923.4894752502,4,
IBDQ,2216,2015-03-12,2023-12-28,8.8,8779814.082431793,2031035.5018615723,4,
IBDR,1829,2016-09-22,2023-12-28,7.26,7423121.156215668,1861125.9330749512,4,
IBDS,1581,2017-09-18,2023-12-28,6.28,6527050.021362305,1376634.0272903442,4,
IBDT,1327,2018-09-20,2023-12-28,5.27,4605645.442771912,971279.9869537356,4,
IBDU,1077,2019-09-19,2023-12-28,4.27,2586987.9291534424,678846.004486084,4,
IBDV,883,2020-06-26,2023-12-28,3.5,2082236.5149497986,632286.0111236572,4,
IBHA,266,2019-05-09,2020-06-19,1.11,82220.70121765137,77368.25141906738,6,
IBHD,1169,2019-05-09,2023-12-28,4.64,2626148.0346679688,246172.4967956543,4,
IBHE,1169,2019-05-09,2023-12-28,4.64,1588491.9443130493,154539.0043258667,4,
IBIO,3867,2008-08-19,2023-12-28,15.36,221659.00185108185,103950.0,5,
IBKC,6353,1995-04-07,2020-07-01,25.23,20806520.6615448,3330400.0,7,
IBKCN,309,2019-04-01,2020-06-19,1.22,212150.49962997437,254688.00659179688,4,
IBKCP,1238,2015-08-03,2020-07-01,4.91,102634.3020439148,102510.69850921631,4,
IBKR,4193,2007-05-04,2023-12-28,16.65,72760626.45950317,17546620.70159912,5,
IBM,15605,1962-01-02,2023-12-28,61.98,536325306.8710327,216584550.0,7,
IBMI,1465,2014-08-14,2020-06-19,5.85,737405.4845809937,608089.981842041,5,
IBMJ,1207,2015-09-04,2020-07-02,4.83,704073.0155944823,569183.9965820312,5,
IBMK,1204,2015-09-04,2020-07-02,4.83,903925.0,599461.9972229004,5,
IBML,1681,2017-04-11,2023-12-13,6.67,1657599.5600795746,708900.0,4,
IBMM,1453,2018-03-22,2023-12-28,5.77,1933119.0258979797,673669.507598877,4,
IBMN,1287,2018-11-15,2023-12-28,5.12,1566111.9937896729,590259.9983215331,4,
IBMO,1193,2019-04-04,2023-12-28,4.73,1253211.9926452637,430015.50121307373,4,
IBMP,1188,2019-04-11,2023-12-28,4.71,984671.9741821289,294351.9992828369,4,
IBMQ,1183,2019-04-18,2023-12-28,4.7,851506.503868103,256855.99555969238,4,
IBN,5977,2000-03-28,2023-12-28,23.75,94899824.38192368,59077921.28047943,7,
IBND,2536,2010-05-20,2020-06-19,10.08,656139.4837379456,968425.0152587891,5,
IBOC,7132,1995-08-30,2023-12-28,28.33,8774644.318008423,3185572.0348358154,7,
IBP,2486,2014-02-13,2023-12-28,9.87,25000128.0960083,10765829.164505005,4,
IBTA,47,2020-02-28,2020-07-01,0.34,20177.09933280945,20177.09933280945,8,
IBTB,33,2020-03-03,2020-06-22,0.3,19236.86482810974,19236.86482810974,24,
IBTD,965,2020-02-25,2023-12-21,3.82,14831220.898117065,419489.67750549316,4,
IBTE,964,2020-03-03,2023-12-28,3.82,14141922.091293335,453475.7406234741,4,
IBTF,966,2020-02-28,2023-12-28,3.83,7390660.512161255,197653.00407409668,4,
IBTG,966,2020-02-28,2023-12-28,3.83,2475814.016532898,179108.7490081787,4,
IBTH,966,2020-02-28,2023-12-28,3.83,1350270.0113296509,129477.49853134155,4,
IBTI,966,2020-02-28,2023-12-28,3.83,625048.0075836182,56674.248123168945,4,
IBTJ,966,2020-02-28,2023-12-28,3.83,386376.91049575806,55182.000732421875,4,
IBTX,2704,2013-04-04,2023-12-28,10.73,8997013.143920898,6715571.872329712,4,
IBUY,1046,2016-04-20,2020-06-19,4.16,1328572.5179672241,1467192.9662704468,4,
ICAD,9839,1984-12-13,2023-12-28,39.04,270177.99335718155,146400.0,7,
ICBK,1375,2015-01-16,2020-07-02,5.46,146822.49727249146,124119.00329589842,4,
ICCC,9237,1987-05-05,2023-12-28,36.65,37728.49934101105,13530.000686645508,7,
ICCH,1701,2017-03-28,2023-12-28,6.75,1647.9999542236328,1650.0,4,
ICD,2364,2014-08-08,2023-12-28,9.39,183966.49668216705,431699.991607666,4,
ICF,5762,2001-02-02,2023-12-28,22.9,7509084.453010559,17631148.342895508,7,
ICFI,3464,2006-09-28,2020-07-02,13.76,8850151.861572266,2816636.029434204,5,
ICHR,896,2016-12-09,2020-07-02,3.56,7188468.856334686,9507250.159168243,4,
ICL,3037,2000-12-15,2020-07-02,19.55,692815.5202746391,157896.00524902344,399,
ICLK,636,2017-12-21,2020-07-02,2.53,494108.49347114563,503384.5012307167,4,
ICLR,5570,1998-05-15,2020-07-02,22.13,38149471.83609009,5776788.080978394,7,
ICMB,1613,2014-02-06,2020-07-02,6.4,149498.01709651947,272302.8697013855,4,
ICOL,1358,2015-01-02,2020-07-02,5.5,96051.49884223938,60516.499853134155,5,
ICON,7663,1990-01-22,2020-06-19,30.41,108893.99970173836,807500.0,7,
ICOW,753,2017-06-19,2020-07-02,3.04,79888.59987258913,87200.0,6,
ICPT,1943,2012-10-11,2020-07-02,7.72,42388871.96331024,50963220.63446045,5,
ICSH,1247,2013-12-16,2020-06-19,6.51,27888545.178985596,975584.9761962892,43,
ICUI,7054,1992-03-31,2020-04-01,28.0,31778989.546203613,2833270.013237,7,
ICVT,1155,2015-06-04,2020-06-19,5.04,2863453.046798706,774654.0184020996,15,
IDA,11948,1973-02-21,2020-07-02,47.36,28507179.99572754,1860218.75,7,
IDCC,9742,1981-11-12,2020-07-02,38.64,13351600.274848938,4390359.765815735,7,
IDE,2614,2010-02-02,2020-06-19,10.38,870327.5122642517,991774.5069980621,5,
IDEV,807,2017-03-27,2020-07-02,3.27,4510164.968681335,2106788.070678711,5,
IDEX,3237,2007-05-23,2020-04-01,12.86,544098.0014115572,51045.00079154968,5,
IDHD,837,2016-12-08,2020-07-02,3.56,63703.14960479736,32220.000457763672,8,
IDHQ,3179,2007-06-13,2020-06-19,13.02,293183.99715423584,90736.00444793701,6,
IDIV,430,2018-02-14,2020-07-02,2.38,7271.999931335449,7087.800121307373,10,
IDLB,1096,2015-11-05,2020-07-01,4.65,140243.0495262146,138162.7529144287,10,
IDLV,2116,2012-01-17,2020-07-02,8.46,4996350.008010864,1955606.0072898865,6,
IDN,5187,1999-11-19,2020-07-02,20.62,481649.00345802313,77720.00255584718,7,
IDNA,262,2019-06-13,2020-07-02,1.05,152036.80076599124,142401.59912109375,4,
IDOG,1766,2013-06-28,2020-07-02,7.01,791613.0226135254,846005.987071991,4,
IDRA,6152,1996-01-25,2020-07-02,24.44,297622.0013141632,147155.99536895752,7,
IDRV,289,2019-04-18,2020-07-02,1.21,77040.00148773193,59462.39776611329,5,
IDT,4749,2001-05-16,2020-04-01,18.88,667848.5073328018,1610013.496017456,7,
IDV,3273,2007-06-21,2020-06-19,13.0,25325298.440361023,13862966.600608826,5,
IDX,2878,2009-01-20,2020-07-02,11.45,132065.99464416504,1905393.495750427,5,
IDXG,5567,1998-05-20,2020-07-02,22.12,321781.9969177246,306000.0,7,
IDXX,7314,1991-06-21,2020-07-02,29.03,130048482.67059326,12448246.147155762,7,
IDY,104,2017-01-10,2020-07-02,3.47,3899.600028991699,3899.600028991699,958,
IDYA,281,2019-05-23,2020-07-02,1.11,244605.99880218506,257400.0062942505,4,
IEA,2651,2009-12-11,2020-07-02,10.56,103173.50013256073,0.0,5,
IEC,6897,1993-02-12,2020-07-02,27.38,155668.99480819702,58662.5,7,
IEDI,508,2018-03-23,2020-07-02,2.28,87803.90071868896,35166.35026931763,7,
IEFA,1385,2015-01-02,2020-07-02,5.5,529720981.0638428,257559946.08421326,4,
IEFN,461,2018-03-23,2020-07-02,2.28,10336.999893188477,7856.39991760254,12,
IEHS,549,2018-03-23,2020-07-02,2.28,83884.35001373291,51550.79994201661,7,
IEIH,545,2018-03-23,2020-07-02,2.28,51385.000228881836,27650.699043273926,7,
IEMG,1934,2012-10-24,2020-07-02,7.69,722871962.1778488,263504736.54994965,5,
IEO,3565,2006-05-05,2020-07-02,14.16,5630786.936378479,7272677.8884887695,5,
IEP,8304,1987-07-23,2020-07-02,32.94,6165981.018066406,248654.59642410278,7,
IESC,5645,1998-01-28,2020-07-02,22.43,512053.4903526306,330730.1902770996,7,
IETC,574,2018-03-23,2020-07-02,2.28,495187.0084762573,145659.002494812,4,
IEV,5005,2000-07-28,2020-06-19,19.89,11967049.913215637,13042504.667282104,7,
IEX,7833,1989-06-02,2020-07-02,31.08,69726083.18328857,6385440.229797363,7,
IEZ,3565,2006-05-05,2020-07-02,14.16,1092850.537109375,4280327.838134766,5,
IFEU,2970,2007-12-27,2020-07-02,12.51,87089.99862670898,89590.49777984619,6,
IFF,11423,1974-12-17,2020-04-01,45.29,126852311.97662354,8472294.07196045,7,
IFFT,442,2018-09-18,2020-06-19,1.75,2969570.9867477417,3265718.946456909,4,
IFGL,3151,2007-12-27,2020-07-02,12.51,1359985.0444793701,1745271.0342407224,5,
IFMK,876,2017-01-10,2020-07-02,3.47,224015.55107831955,92190.99757671356,4,
IFN,6642,1994-02-15,2020-07-02,26.38,1864116.9863700867,2536995.021343231,7,
IFRA,533,2018-04-05,2020-07-02,2.24,63369.70024108887,40559.400939941406,6,
IFRX,604,2017-10-26,2020-04-01,2.43,2044046.024107933,1282963.494193554,12,
IFS,4711,2000-01-03,2020-07-02,20.5,1465552.5069236755,4995.000064373016,517,
IG,316,2018-04-19,2020-07-02,2.2,15536.999702453613,11514.250087738037,41,
IGA,3695,2005-10-27,2020-07-02,14.68,592204.4968128204,719902.0203590393,5,
IGBH,1000,2015-09-11,2020-07-02,4.81,198753.3962249756,102018.252658844,26,
IGC,3552,2006-05-24,2020-07-02,14.11,236673.00623357296,56069.99827623367,5,
IGD,3844,2005-03-29,2020-07-02,15.26,2623627.0082712173,3073302.556681633,5,
IGE,4628,2001-11-30,2020-07-02,18.59,5216421.956920624,7222223.489284515,13,
IGHG,1385,2015-01-02,2020-07-02,5.5,1142706.5204620361,1569632.933807373,4,
IGI,2707,2009-07-01,2020-04-01,10.75,468385.4965209961,629089.9885177615,5,
IGIB,3389,2007-01-11,2020-07-02,13.47,55507315.58151245,24816807.160949707,5,
IGLB,2630,2009-12-09,2020-07-02,10.56,13680976.53388977,3808812.0162963867,6,
IGM,4845,2001-03-19,2020-07-02,19.29,9359970.050048828,2394328.0517578125,7,
IGMS,136,2019-09-18,2020-04-01,0.54,3993593.083381653,3993593.083381653,4,
IGOV,2870,2009-01-30,2020-07-02,11.42,6059636.954116821,2964503.0738830566,5,
IGR,4118,2004-02-25,2020-07-02,16.35,2429277.9723882675,2749679.9436092377,5,
IGRO,1034,2016-05-19,2020-07-02,4.12,318993.0004119873,195767.00019836426,5,
IGSB,3393,2007-01-11,2020-07-02,13.47,74029382.09762573,42404180.61828613,5,
IGT,7619,1990-03-26,2020-06-19,30.23,23574036.280298233,36320211.92264557,7,
IGV,4764,2001-07-17,2020-07-02,18.96,150131221.09985352,5184903.94077301,7,
IHC,9649,1982-03-29,2020-07-02,38.26,325116.0009384155,34213.79899978638,7,
IHD,2302,2011-04-28,2020-06-19,9.14,468104.00524139404,674068.0081367493,5,
IHDG,1385,2015-01-02,2020-07-02,5.5,3015424.973678589,2055639.0054702759,4,
IHF,3565,2006-05-05,2020-07-02,14.16,8339107.509613037,3809742.0959472656,5,
IHG,4338,2003-04-10,2020-07-02,17.23,11721577.346420288,3609388.780593872,5,
IHI,3565,2006-05-05,2020-07-02,14.16,49648722.0451355,5252625.972747803,5,
IHIT,897,2016-11-23,2020-06-19,3.57,469264.9956703186,443465.99349975586,4,
IHRT,191,2019-07-01,2020-04-01,0.75,4574042.232131958,4574042.232131958,4,
IHT,11946,1973-02-21,2020-07-02,47.36,1675.9999632835388,2592.0000553131104,7,
IHTA,651,2017-11-30,2020-07-02,2.59,169364.00241851807,168215.9950256348,4,
IHY,1385,2015-01-02,2020-07-02,5.5,421523.9911079407,539460.9966278076,4,
IID,3215,2007-09-26,2020-07-02,12.77,163283.99753570557,265247.99423217773,5,
IIF,6639,1994-02-18,2020-07-02,26.37,828982.506942749,1201725.0,7,
IIGD,343,2018-09-17,2020-07-02,1.79,174096.49953842163,146024.995803833,18,
III,3372,2007-02-12,2020-07-02,13.39,179222.99764156342,187658.00312757492,5,
IIIN,7128,1992-03-17,2020-07-02,28.29,1498115.0483131409,495051.012802124,7,
IIM,6893,1993-02-19,2020-07-02,27.36,1443909.0106964111,536868.75,7,
IIN,11949,1973-02-21,2020-07-02,47.36,1359873.477268219,,5,
IIPR,901,2016-12-01,2020-07-02,3.58,34876705.08003235,8107605.934143066,4,
IIVI,8254,1987-10-02,2020-07-02,32.75,45668117.750930786,1689273.0121612549,7,
IJAN,127,2020-01-02,2020-07-02,0.5,136268.9947128296,136268.9947128296,4,
IJH,1385,2015-01-02,2020-07-02,5.5,203560808.12835693,186832279.26635742,4,
IJJ,5006,2000-07-28,2020-07-02,19.93,14348755.319213867,9558792.39692688,7,
IJK,5014,2000-07-28,2020-07-02,19.93,16777159.405517576,12620236.17401123,7,
IJR,5057,2000-05-26,2020-07-02,20.1,282953237.1360779,78728279.31976318,7,
IJS,5002,2000-07-28,2020-07-02,19.93,25353209.13848877,10226760.102844238,8,
IJT,4997,2000-07-28,2020-06-19,19.89,14706008.05053711,10490259.645080568,7,
IJUL,255,2019-07-01,2020-07-02,1.0,262393.0013656616,262625.9983062744,4,
IKNX,6599,1994-04-05,2020-07-02,26.24,6205.499839782715,1592.0000076293945,7,
ILF,4655,2001-10-26,2020-06-19,18.65,31810476.75819397,30489344.537544258,6,
ILMN,5014,2000-07-28,2020-07-02,19.93,305344838.9755249,66371021.192741394,7,
ILPT,558,2018-01-12,2020-04-01,2.22,6705593.918609619,5691976.41992569,4,
ILTB,2522,2009-12-09,2020-06-19,10.53,2197147.952270508,784102.5199890137,12,
IMAB,116,2020-01-17,2020-07-02,0.46,847093.4821605682,847093.4821605682,4,
IMAC,350,2019-02-13,2020-07-02,1.38,82848.00231456757,69549.99933242798,4,
IMAX,6563,1994-06-10,2020-07-02,26.06,7938514.305067064,4510800.0,7,
IMBI,7297,1991-07-03,2020-06-19,28.96,264000.0,1028000.0,7,
IMGN,7711,1989-11-17,2020-07-02,30.62,7746060.556650162,1475280.0260543823,7,
IMH,6196,1995-11-21,2020-07-02,24.61,90133.00198316574,433615.4953479767,7,
IMKTA,8261,1987-09-22,2020-07-02,32.78,3448031.378936767,449362.5,7,
IMLP,1875,2013-01-04,2020-07-02,7.49,6269.500017166138,101484.00192260742,6,
IMMP,1373,2015-01-02,2020-07-02,5.5,116029.00133728984,99918.00234317778,6,
IMMR,5192,1999-11-12,2020-07-02,20.64,1573204.022884369,1222252.03871727,7,
IMMU,9085,1984-04-12,2020-07-02,36.22,34920917.39501953,937143.0094242096,7,
IMO,10162,1980-03-17,2020-07-02,40.29,8396942.180252075,3006146.8625307083,7,
IMOM,1041,2015-12-23,2020-07-02,4.53,90169.5013999939,65934.00020599365,22,
IMOS,4216,2003-07-03,2020-04-01,16.75,252067.5087928772,1463237.5331401825,5,
IMRN,708,2017-06-09,2020-04-01,2.81,27919.99981403351,28230.000257492065,4,
IMTE,610,2017-08-07,2020-07-02,2.9,22927.50015258789,30238.449835777283,47,
IMTM,1212,2015-01-29,2020-07-02,5.42,1199079.0046691895,416600.9956359863,14,
IMUX,1555,2014-04-17,2020-06-19,6.17,260663.99626731873,726000.0,4,
IMV,2701,2009-10-09,2020-07-02,10.73,103261.49978637695,0.0,5,
IMVT,221,2019-06-21,2020-07-02,1.03,1726654.842222214,1726654.842222214,18,
IMXI,760,2017-03-27,2020-04-01,3.01,1885232.445716858,508416.2447452545,4,
INBK,4464,2006-04-05,2023-12-28,17.73,845360.4739189148,261351.99623107916,5,
INBKL,866,2016-10-21,2020-04-01,3.44,5161.999893188477,10347.800064086914,4,
INBKZ,1143,2019-06-17,2023-12-28,4.53,31537.5,23040.000915527344,4,
INCO,3117,2011-08-10,2023-12-28,12.38,403658.5090637207,287975.98571777344,5,
INCY,7591,1993-11-04,2023-12-28,30.15,98889196.02203369,17617908.354187008,7,
INDA,2995,2012-02-03,2023-12-28,11.9,100869594.77901459,85805326.54800415,5,
INDB,9483,1986-05-14,2023-12-28,37.62,12228527.681350706,913716.0186767577,7,
INDO,1013,2019-12-19,2023-12-28,4.02,316707.49611854553,184260.00237464905,4,
INDS,1417,2018-05-14,2023-12-28,5.62,886872.4498577118,751941.8654594421,4,
INDY,3549,2009-11-20,2023-12-28,14.1,2532395.048904419,3106009.880065918,5,
INFI,5014,2000-07-28,2020-07-02,19.93,107521.49839699268,370337.0014667511,7,
INFN,4170,2007-06-07,2023-12-28,16.56,10832877.20477581,11426854.63283062,5,
INFO,1521,2014-06-19,2020-07-02,6.04,129195578.94134521,69043202.27050781,4,
INFR,1048,2016-12-30,2023-12-28,6.99,2418.600082397461,16781.9995880127,900,
INFU,4029,2007-12-27,2023-12-28,16.0,367212.0090484619,67725.00300407411,5,
INFY,6242,1999-03-11,2023-12-28,24.8,125233566.02869034,73489867.6574707,7,
ING,7457,1994-05-18,2023-12-28,29.61,36421394.34914589,19285216.067123413,7,
INGN,2485,2014-02-14,2023-12-28,9.87,2242216.471195221,8268338.208389282,4,
INGR,6554,1997-12-11,2023-12-28,26.05,31577991.288757324,23198362.19882965,7,
INKM,2938,2012-04-26,2023-12-28,11.67,122720.00122070312,199600.00095367432,5,
INMB,1235,2019-02-04,2023-12-28,4.9,321998.99084568024,453136.0038757324,4,
INMD,6017,1992-10-08,2023-12-28,31.22,40292679.59537506,82867.20329284668,2513,
INN,2356,2011-02-09,2020-06-19,9.36,8307004.368972779,5429290.620207787,5,
INO,6305,1998-12-08,2023-12-28,25.05,2974298.902603984,573600.0,7,
INOD,7652,1993-08-10,2023-12-28,30.38,2857207.5505256653,80300.99959373474,7,
INOV,1348,2015-02-12,2020-06-19,5.35,7353010.803604126,7076356.090736389,4,
INPX,2869,2012-08-03,2023-12-28,11.4,618504.2005464431,175733.99047851562,5,
INS,8328,1987-01-02,2020-07-02,33.5,2686198.924446106,7175.0,7,
INSE,1332,2014-12-16,2020-04-01,5.29,75329.00214195251,44347.501850128174,4,
INSG,5814,2000-11-16,2023-12-28,23.11,380191.9915020466,2037737.9440784454,7,
INSI,11040,1980-03-17,2023-12-28,43.78,201720.00045776367,92471.62551879883,7,
INSM,5932,2000-06-01,2023-12-28,23.57,23364097.9888916,2489114.9603366856,7,
INSU,100,2019-06-04,2020-07-02,1.08,629073.9841461182,629073.9841461182,22,
INSUU,161,2019-03-20,2020-07-02,1.29,17418.88018321991,17418.88018321991,28,
INSW,1790,2016-11-16,2023-12-28,7.11,23297485.49194336,4713824.950218201,4,
INT,8532,1986-08-28,2020-07-02,33.85,14303945.815467834,,5,
INTC,11040,1980-03-17,2023-12-28,43.78,1223732400.3137589,877656884.4320297,7,
INTG,10141,1980-03-17,2020-07-01,40.29,25856.50043487549,3677.9998779296884,7,
INTL,6647,1995-03-06,2023-12-28,28.81,140972.1495628357,373000.0019073486,883,
INTT,5800,1997-06-17,2020-07-02,23.04,70434.99827384949,45523.49908351898,7,
INTU,6878,1993-03-12,2020-07-02,27.31,338495449.9801636,102973611.23161317,7,
INUV,5506,1998-08-04,2020-06-19,21.88,72183.99934396146,40839.99947309494,7,
INVA,3900,2004-10-05,2020-04-01,15.49,8342483.004522324,8058106.862068176,5,
INVE,5445,1997-10-07,2020-07-02,22.74,160491.99647903442,153079.9934387207,13,
INVH,2712,2005-10-25,2020-04-01,14.43,99660228.99951935,32382.999992370605,244,
INWK,3494,2006-08-16,2020-07-02,13.88,459708.51368904114,1511091.0026073456,5,
IO,7371,1991-04-02,2020-07-02,29.25,903188.5124444962,2745093.75,7,
IONS,7338,1991-05-17,2020-07-02,29.13,52039521.53587341,5495820.525407791,7,
IOO,4919,2000-12-08,2020-07-02,19.56,2946327.4961471558,2550587.036895752,7,
IOR,8449,1986-11-05,2020-07-02,33.66,2621.0000038146973,1600.0000476837158,13,
IOSP,5572,1998-05-13,2020-07-02,22.14,9118234.05532837,2039239.0319824219,7,
IOTS,1175,2015-10-27,2020-06-26,4.67,3664751.8562316895,821589.9796485901,4,
IOVA,2450,2010-05-27,2020-06-19,10.06,31767569.64225769,1210680.0030946732,31,
IP,14727,1962-01-02,2020-07-02,58.5,118506455.54008484,25966179.300498962,7,
IPAC,1525,2014-06-12,2020-07-02,6.06,3227424.479866028,2427991.9792175293,4,
IPAR,8168,1988-02-04,2020-07-02,32.41,6322471.454238892,621321.9928741455,7,
IPAY,1235,2015-07-16,2020-07-02,4.96,8828228.589820862,2055300.0,4,
IPB,3136,2004-01-20,2020-07-02,16.45,26274.499702453613,26305.999660491943,19,
IPFF,2168,2011-11-17,2020-07-02,8.62,183110.00108718872,370958.5075378418,5,
IPG,10162,1980-03-17,2020-07-02,40.29,74633170.47519684,22010475.095117092,7,
IPGP,3347,2006-12-13,2020-04-01,13.3,59474781.23931885,22181742.790222168,5,
IPHA,179,2019-10-17,2020-07-02,0.71,58113.998317718506,58113.998317718506,4,
IPHI,2425,2010-11-12,2020-07-02,9.64,67985531.30168915,10856549.940109253,5,
IPI,3063,2008-04-22,2020-06-19,12.16,1188586.4897042513,8989281.023311615,5,
IPKW,1597,2014-02-27,2020-07-02,6.34,548566.4986610413,532388.9871597289,4,
IPLDP,1838,2013-03-18,2020-07-02,7.29,196689.50176239014,141515.99760055542,4,
IPO,1683,2013-10-16,2020-07-02,6.71,607265.0218963623,139807.9963684082,4,
IPOC,2,2020-06-18,2020-06-19,0.0,7495260.269737245,7495260.269737245,1,
IPOS,749,2015-01-02,2020-07-02,5.5,10255.500030517578,6462.000274658203,47,
IPV,42,2020-02-27,2020-07-02,0.34,105244.99793052673,105244.99793052673,39,
IPWR,1663,2013-11-22,2020-07-02,6.61,109250.29991865158,109875.59852600098,4,
IQ,570,2018-03-29,2020-07-02,2.26,117529298.21424484,158900611.6704941,4,
IQDG,999,2016-04-07,2020-07-02,4.24,371997.2945213318,153276.0004043579,9,
IQDY,1573,2013-04-16,2020-07-02,7.21,35048.99978637695,85696.00219726562,19,
IQI,6997,1992-09-22,2020-07-02,27.78,1186640.4912471771,595375.0,7,
IQIN,261,2018-12-13,2020-07-02,1.55,21620.000076293945,23741.099739074707,9,
IQLT,1195,2015-01-23,2020-06-19,5.4,6931209.321212769,299596.0027694703,14,
IQM,71,2020-02-27,2020-07-02,0.34,8475.0,8475.0,7,
IQSI,62,2019-12-17,2020-07-01,0.54,2522.2000122070312,2522.2000122070312,25,
IQSU,72,2019-12-17,2020-07-02,0.54,2614.449977874756,2614.449977874756,20,
IQV,1801,2013-05-09,2020-07-02,7.15,180044772.81723022,82891396.9871521,4,
IR,10162,1980-03-17,2020-07-02,40.29,53760076.36470795,24979585.677242283,7,
IRBO,501,2018-07-09,2020-07-02,1.98,630324.6403694153,370350.00801086426,4,
IRBT,3622,2005-11-09,2020-04-01,14.39,56954873.332214355,8874231.64024353,5,
IRCP,4192,2003-11-05,2020-07-02,16.66,41167.00146198273,10500.0,5,
IRDM,3094,2008-03-20,2020-07-02,12.28,17039634.61837769,5088669.115519524,5,
IRET,5707,1997-10-17,2020-06-19,22.67,4599535.032272339,,5,
IRIX,6136,1996-02-16,2020-07-02,24.38,63643.500673770905,69861.24839782715,7,
IRL,7560,1990-03-30,2020-04-01,30.01,66334.5006942749,130789.00265693665,7,
IRM,6147,1996-02-01,2020-07-02,24.42,76856457.08141327,23042007.21473694,7,
IRMD,1494,2014-07-16,2020-06-19,5.93,1185455.5307388306,720266.9826507568,4,
IROQ,2242,2011-07-08,2020-06-30,8.98,19395.499801635742,15540.00015258789,11,
IRR,3445,2006-10-25,2020-07-02,13.69,388418.5108304024,808299.0268707275,5,
IRS,6429,1994-12-20,2020-07-02,25.53,283135.99759340286,467503.9962768555,7,
IRT,1735,2013-08-13,2020-07-02,6.89,7039700.752258301,3435048.8585472107,4,
IRTC,931,2016-10-20,2020-07-02,3.7,25904144.116210938,17851074.28741455,4,
IRWD,2622,2010-02-03,2020-07-02,10.41,17555508.2549572,12289032.377147675,5,
ISBC,3706,2005-10-12,2020-07-02,14.72,17653218.443965912,5433055.645656586,5,
ISCF,1136,2015-05-01,2020-07-02,5.17,399487.0446205139,158888.2477760315,14,
ISD,2059,2012-04-27,2020-07-02,8.18,1900429.0114879608,1893941.9900894167,5,
ISDS,167,2018-09-19,2020-07-02,1.79,4724.00016784668,4724.00016784668,24,
ISDX,318,2018-09-14,2020-07-02,1.8,214057.49607086182,174526.50051116943,20,
ISEE,1696,2013-09-25,2020-06-19,6.73,1365433.5256576538,4231202.1508693695,4,
ISEM,356,2018-09-13,2020-07-02,1.8,38331.0001373291,27527.4995803833,11,
ISHG,2836,2009-01-28,2020-07-02,11.43,110012.00256347656,430913.9961242676,6,
ISIG,7312,1991-06-25,2020-07-02,29.02,7030.000042915344,29107.000374794006,7,
ISMD,823,2017-02-28,2020-06-19,3.3,284270.9010124207,168300.0,5,
ISNS,6334,1995-05-05,2020-07-02,25.16,15727.500557899475,23099.999475479126,7,
ISR,3685,2005-11-10,2020-07-02,14.64,148406.5033465624,70884.00281667708,5,
ISRA,1755,2013-06-26,2020-06-19,6.98,66480.99956512451,102400.0015258789,4,
ISRG,5034,2000-06-16,2020-06-19,20.01,339073703.23791504,133446085.3729248,7,
ISSC,5009,2000-08-04,2020-07-02,19.91,79377.00009346008,138334.9986076355,7,
ISTB,1914,2012-10-24,2020-07-02,7.69,16262692.253684998,4180208.4674835205,6,
ISTR,1513,2014-07-01,2020-07-02,6.0,279184.9991321564,164320.0044631958,4,
ISZE,414,2015-07-07,2020-07-02,4.99,4896.500015258789,7533.149814605713,202,
IT,6735,1993-10-05,2020-07-02,26.74,68755552.73895264,12194039.797973633,7,
ITA,3565,2006-05-05,2020-07-02,14.16,34729094.162750244,3366099.1218566895,5,
ITB,3565,2006-05-05,2020-07-02,14.16,103364882.93361664,46368840.81001282,5,
ITCB,3865,2005-02-25,2020-07-02,15.35,44047.00051546097,197184.00573730472,5,
ITCI,1634,2014-01-07,2020-07-02,6.48,12577045.831012726,6705558.471298218,4,
ITGR,4906,2000-09-29,2020-04-01,19.5,14664171.762084961,4959971.483135223,7,
ITI,6663,1994-01-04,2020-06-19,26.46,706006.0034990311,94575.0,7,
ITIC,8464,1986-12-03,2020-07-02,33.58,869519.5083618164,27020.000171661377,7,
ITM,3150,2007-12-06,2020-07-02,12.57,6169875.0831604,4107993.0994033813,5,
ITMR,303,2019-03-08,2020-07-02,1.32,64323.99859428406,42643.99871826172,12,
ITOT,4137,2004-01-23,2020-07-02,16.44,104353028.46012115,4794509.8236083975,5,
ITP,3148,2007-10-01,2020-04-01,12.5,11117.000341415405,34651.9995033741,5,
ITRI,6712,1993-11-05,2020-07-02,26.66,17994976.371765137,9053331.964874268,7,
ITRM,530,2018-05-25,2020-07-02,2.11,119563.50102424622,83822.80037403107,4,
ITRN,3716,2005-09-28,2020-07-02,14.76,1199414.0285491943,404686.9905948639,5,
ITT,6179,1995-12-15,2020-07-02,24.55,35673181.84051514,28547045.57647705,7,
ITUB,4622,2002-02-25,2020-07-02,18.35,155946371.65470123,122695236.58337593,5,
ITW,11934,1973-03-13,2020-07-02,47.3,204020866.01486206,13160093.75,7,
IUS,789,2012-04-03,2020-07-02,8.25,293284.5097541809,3380.000114440918,249,
IUSB,1483,2014-06-12,2020-07-02,6.06,14799252.258110046,3755807.9101562505,6,
IUSG,4983,2000-07-28,2020-07-02,19.93,35013380.48763275,1629875.9284973145,7,
IUSS,333,2018-09-18,2020-07-02,1.79,59872.501373291016,48740.0016784668,21,
IVAC,6196,1995-11-21,2020-07-02,24.61,260187.00091838837,415543.50476264954,7,
IVAL,1371,2014-12-17,2020-07-02,5.54,261905.80387115479,132038.99688720706,6,
IVC,9111,1984-05-11,2020-07-02,36.14,2673340.4942035675,2423452.0095825195,7,
IVE,5057,2000-05-26,2020-07-02,20.1,101890086.42654419,31788668.815612793,7,
IVES,119,2019-10-10,2020-07-02,0.73,296280.0121307373,296280.0121307373,56,
IVH,1724,2013-05-29,2020-04-01,6.84,852765.0096416473,986410.0041389465,4,
IVLU,1140,2015-07-15,2020-07-02,4.97,1754944.0079689026,548786.4864349365,26,
IVOG,2465,2010-09-09,2020-07-02,9.81,1404729.0168762207,1072032.0190429688,5,
IVOL,288,2019-05-14,2020-07-02,1.14,489837.49866485596,498608.2544326782,4,
IVOO,2457,2010-09-09,2020-07-02,9.81,3047804.8805236816,1625021.960449219,5,
IVR,2762,2009-07-01,2020-06-19,10.97,25406403.87160778,17120215.749120712,5,
IVV,5062,2000-05-19,2020-07-02,20.12,1370953634.3307495,412350965.2145385,7,
IVW,5047,2000-05-26,2020-06-19,20.07,95751142.89398192,41520282.820129395,7,
IVZ,6193,1995-08-25,2020-04-01,24.6,83601839.4490242,32985118.502044678,7,
IWC,1385,2015-01-02,2020-07-02,5.5,2894706.0729980464,3451954.041290283,4,
IWD,5048,2000-05-26,2020-06-19,20.07,239625779.72564697,108397581.0092926,7,
IWF,5057,2000-05-26,2020-07-02,20.1,262596707.92694092,120354926.19400024,7,
IWL,2599,2009-09-28,2020-06-19,10.72,1310975.9994506836,211190.99311828613,6,
IWM,5048,2000-05-26,2020-06-19,20.07,3215133648.724365,3063085113.7763977,7,
IWN,5011,2000-07-28,2020-07-02,19.93,114403764.1494751,86515344.3901062,7,
IWO,5014,2000-07-28,2020-07-02,19.93,102182215.73638916,98685849.79095459,7,
IWP,4744,2001-08-03,2020-07-02,18.91,40350690.29464722,21404864.777946472,11,
IWR,4731,2001-08-27,2020-07-02,18.85,77718368.3052063,29921904.821777344,11,
IWS,4749,2001-08-03,2020-07-02,18.91,44065976.32141113,27422111.279296875,7,
IWV,5055,2000-05-26,2020-07-02,20.1,43549284.39254761,19801199.56588745,7,
IWX,1376,2015-01-02,2020-06-19,5.46,1569788.9911651611,643209.0007781981,4,
IWY,2697,2009-09-28,2020-07-02,10.76,8389974.909210205,1506750.0,5,
IX,5485,1998-09-16,2020-07-02,21.79,2573123.3711242676,914483.0368041992,7,
IXC,4642,2001-11-26,2020-06-19,18.56,9955042.844200134,4381983.9599609375,7,
IXG,4577,2001-11-27,2020-07-02,18.6,1545447.9988098145,1426464.0380859375,12,
IXJ,4669,2001-11-26,2020-07-02,18.6,7315669.987487793,2741776.07421875,6,
IXN,4607,2001-11-27,2020-07-02,18.6,12978842.25921631,2017028.0578613281,9,
IXP,4624,2001-11-28,2020-07-02,18.59,926499.5140075684,1379519.0462112427,6,
IXSE,216,2019-04-04,2020-07-01,1.24,4384.999847412109,4384.999847412109,21,
IXUS,1931,2012-10-24,2020-07-02,7.69,62635189.77241516,15406279.588699339,6,
IYC,4996,2000-06-28,2020-07-02,20.01,5928969.0284729,2751197.483062744,8,
IYE,5041,2000-06-16,2020-07-02,20.04,18975114.6191597,11289888.29498291,7,
IYF,5054,2000-05-31,2020-07-02,20.09,21699921.38557434,15984429.460906982,7,
IYG,5032,2000-06-21,2020-07-02,20.03,9430208.464431763,3956463.568496704,7,
IYH,5043,2000-06-16,2020-07-02,20.04,10260262.148284912,6006312.075805664,7,
IYJ,4969,2000-07-14,2020-06-19,19.93,4945840.493011475,3595152.113342285,13,
IYK,4996,2000-06-16,2020-07-02,20.04,1419444.50340271,1754010.4816436768,14,
IYLD,2073,2012-04-09,2020-07-02,8.23,1396124.055480957,964937.97454834,5,
IYM,4989,2000-06-20,2020-07-02,20.03,2838270.976257324,6806016.2109375,14,
IYR,5037,2000-06-19,2020-07-02,20.04,611696644.8795319,449236330.8792114,7,
IYW,5062,2000-05-19,2020-07-02,20.12,25178538.29193115,11309934.441375732,7,
IYY,5043,2000-06-16,2020-07-02,20.04,3639716.474914551,2095182.0373535156,7,
IYZ,5056,2000-05-26,2020-07-02,20.1,7300326.583766937,5980703.112792969,7,
IZEA,2104,2012-02-09,2020-06-19,8.36,109323.00181537864,31294.000506401062,5,
J,11040,1980-03-17,2023-12-28,43.78,70535301.88331604,8371987.5,7,
JACK,8014,1992-03-05,2023-12-28,31.81,24558083.30307007,11302542.494392395,7,
JAGG,376,2018-12-14,2020-07-02,1.55,2860680.0273895264,1968430.5029869082,14,
JAGX,2174,2015-05-12,2023-12-28,8.63,741295.1061561704,419218.0888347626,4,
JAKK,6962,1996-05-02,2023-12-28,27.66,1771850.5017280579,2311933.9480876923,7,
JAN,8095,1991-11-07,2023-12-28,32.14,30590.500283241272,18239.999389648434,7,
JAX,1615,2013-08-27,2020-07-02,6.85,597792.0249938965,291353.995513916,75,
JAZZ,3232,2007-06-01,2020-04-01,12.84,63774578.398132324,46774955.097961426,5,
JBGS,1632,2017-07-06,2023-12-28,6.48,21441738.705158234,18806796.955108643,4,
JBHT,10108,1983-11-22,2023-12-28,40.1,117856410.50338745,,7,
JBK,4968,2004-04-05,2023-12-28,19.73,0.0,6952.499866485597,5,
JBL,7721,1993-05-03,2023-12-28,30.65,109835104.43572998,39725531.81991577,7,
JBLU,5467,2002-04-12,2023-12-28,21.71,71146411.05389595,58309090.45562744,5,
JBN,3304,2007-02-16,2020-04-01,13.12,20277.99963951111,54540.0016784668,5,
JBR,3260,2007-04-23,2020-04-01,12.94,5865.000009536743,29219.500637054447,5,
JBSS,8077,1991-12-04,2023-12-28,32.07,5679993.086242676,453907.9895019532,7,
JBT,3887,2008-07-22,2023-12-28,15.43,14612919.089508057,7919847.201538086,5,
JCAP,1327,2015-03-27,2020-07-02,5.27,3763153.961706161,2075661.0677719116,4,
JCE,4219,2007-03-28,2023-12-28,16.75,545274.4832515717,685114.0019416809,5,
JCI,9769,1985-03-27,2023-12-28,38.75,222382726.60827637,,5,
JCO,822,2017-03-29,2020-07-02,3.26,424219.5116043091,449293.9980506897,4,
JCOM,5271,1999-07-23,2020-07-02,20.94,34607018.4753418,13518728.396606445,7,
JCP,11885,1973-02-21,2020-04-01,47.11,6524661.888450384,,7,
JCPB,1210,2019-03-12,2023-12-28,4.8,9516098.142623901,1056212.0044708252,4,
JCS,9729,1981-11-18,2020-06-19,38.58,164898.4941482544,87612.5,7,
JCTCF,6976,1996-04-12,2023-12-28,27.71,10608.000349998474,5667.99989938736,7,
JD,2418,2014-05-22,2023-12-28,9.6,360137389.1061783,403348938.3955002,4,
JDD,4156,2003-09-29,2020-04-01,16.51,410819.9902534485,628950.4999637604,5,
JDIV,525,2017-11-09,2020-07-02,2.64,65036.79885864258,37352.000427246094,18,
JDST,2577,2013-10-03,2023-12-28,10.23,39964648.38371277,46561200.0,4,
JE,2894,2009-01-05,2020-07-02,11.49,838850.979077816,734317.4771249294,5,
JEF,11040,1980-03-17,2023-12-28,43.78,36817837.297058105,3295247.1358299255,7,
JELD,1742,2017-01-27,2023-12-28,6.92,6408393.351459503,11683067.569637299,4,
JEPI,908,2020-05-21,2023-12-28,3.6,223318545.27225494,107353223.91338348,4,
JEQ,7901,1992-08-14,2023-12-28,31.37,105590.99926948547,232028.00216674805,7,
JFK,209,2019-05-16,2020-07-02,1.13,33931.998443603516,33931.998443603516,7,
JFKKU,121,2019-03-28,2020-07-01,1.26,11802.999496459961,11802.999496459961,52,
JFR,4975,2004-03-25,2023-12-28,19.76,2458245.960521698,1823539.054965973,5,
JFU,1101,2019-08-15,2023-12-28,4.37,19800.0,109080.00192642212,4,
JG,2340,2009-02-09,2020-04-01,11.14,155212.9936695099,209.70000314712524,177,
JGH,2289,2014-11-24,2023-12-28,9.09,523852.98357009894,873180.0411224365,4,
JHAA,1248,2018-12-19,2023-12-04,4.96,97325.1700334549,92860.99877357483,4,
JHB,960,2016-09-09,2020-07-02,3.81,800382.4938774109,891978.0067443848,4,
JHCS,291,2019-03-13,2020-07-02,1.31,12476.049613952637,13094.499588012695,7,
JHEM,1321,2018-09-28,2023-12-28,5.25,232896.4940071106,238215.99731445312,4,
JHG,1658,2017-05-30,2023-12-28,6.58,22073436.65266037,25803335.51197052,4,
JHI,11040,1980-03-17,2023-12-28,43.78,213999.99771118164,136215.625,7,
JHMC,1030,2015-10-01,2020-07-02,4.75,46235.701751708984,43772.35088348389,11,
JHMD,858,2016-12-22,2020-06-19,3.49,372675.5947113037,211888.1015777588,6,
JHME,918,2016-03-29,2020-07-02,4.26,45089.94851112366,39932.64913558959,23,
JHMF,1129,2015-09-29,2020-07-02,4.76,119275.00114440918,99916.5958404541,6,
JHMH,1150,2015-09-30,2020-07-02,4.76,102177.90069580078,72138.547706604,5,
JHMI,813,2016-08-18,2020-07-02,3.87,29755.599975585938,33354.001235961914,32,
JHML,2076,2015-09-30,2023-12-28,8.24,1397837.6628875732,1227192.972946167,4,
JHMM,2077,2015-09-29,2023-12-28,8.25,10182854.49962616,4133316.1491394043,4,
JHMS,790,2016-03-29,2020-07-02,4.26,30643.250083923343,26761.449909210205,36,
JHMT,1157,2015-09-30,2020-07-02,4.76,154404.70008850098,130829.29725646976,6,
JHMU,776,2016-06-15,2023-12-28,7.53,78136.50159835814,56290.000915527344,1218,
JHS,11040,1980-03-17,2023-12-28,43.78,195555.49683570862,139493.99871826172,7,
JHSC,1543,2017-11-09,2023-12-28,6.13,484375.04024505615,444775.99029541016,4,
JHX,6036,2000-01-03,2023-12-28,23.98,1121450.9815216064,89274.49750900269,7,
JHY,1248,2010-08-11,2020-07-02,9.89,305578.995847702,326915.9980773926,1476,
JIGB,255,2018-12-17,2020-07-02,1.54,33160.200119018555,33369.00100708008,26,
JIH,124,2019-12-20,2020-07-02,0.53,316670.001745224,316670.001745224,7,
JILL,1714,2017-03-09,2023-12-28,6.8,1237235.0049972534,1172047.5166201591,4,
JJA,3187,2007-10-25,2020-07-02,12.69,8908.499908447266,217167.99316406253,5,
JJC,3110,2007-10-26,2020-07-02,12.68,109600.60367584229,1041791.4755821228,24,
JJE,3159,2007-10-25,2020-06-29,12.68,0.0,13472.000122070312,14,
JJG,3185,2007-10-25,2020-06-19,12.65,77790.24868011475,1326000.0228881836,5,
JJM,3133,2007-12-27,2020-07-02,12.51,8061.199951171875,43575.0,14,
JJN,3185,2007-10-25,2020-07-02,12.69,32409.750366210938,65274.99866485598,5,
JJP,3005,2008-06-25,2020-07-02,12.02,5918.050003051758,25116.000366210938,13,
JJS,2963,2008-06-25,2020-04-01,11.77,3870.450019836426,11279.999542236326,5,
JJSF,9552,1986-02-04,2023-12-28,37.89,9911886.64855957,1277257.9933166504,7,
JJT,2994,2008-06-25,2020-07-02,12.02,0.0,8582.799911499023,9,
JJU,2998,2008-06-25,2020-07-01,12.02,4141.049957275391,14892.500257492065,13,
JKD,4023,2004-07-13,2020-07-02,15.97,1397172.4853515625,1279232.0556640625,5,
JKE,4023,2004-07-13,2020-07-02,15.97,5190435.075378418,1687727.9846191406,5,
JKF,4023,2004-07-13,2020-07-02,15.97,1023078.4908294678,810305.9783935547,5,
JKG,4022,2004-07-13,2020-07-02,15.97,1392422.9675292969,939867.5117492676,5,
JKH,4011,2004-07-13,2020-07-02,15.97,3897232.964324951,740340.9820556641,5,
JKHY,8716,1985-11-20,2020-06-19,34.58,66318968.81713867,7280146.957778931,7,
JKI,4016,2004-07-13,2020-07-02,15.97,989306.5010070801,608675.0068664551,5,
JKJ,4021,2004-07-13,2020-07-02,15.97,479117.9916381836,569750.9857177734,5,
JKK,4007,2004-07-13,2020-07-02,15.97,669795.5032348633,450890.01846313477,5,
JKL,4014,2004-07-13,2020-06-19,15.93,733562.5,837579.5093536377,5,
JKS,3430,2010-05-14,2023-12-28,13.62,29890272.266197205,19343298.907470703,5,
JLL,5770,1997-07-17,2020-06-19,22.92,43967220.515441895,22766392.00439453,7,
JLS,3545,2009-11-27,2023-12-28,14.08,147835.50100326538,668677.9830932618,5,
JMBS,1332,2018-09-13,2023-12-28,5.29,7974968.976593018,2938293.4535980225,4,
JMIA,1187,2019-04-12,2023-12-28,4.71,5226188.147306442,20623960.538864136,4,
JMIN,469,2017-11-09,2020-06-19,2.61,308827.45904922485,138956.39724731445,37,
JMM,8819,1988-12-28,2023-12-28,35.0,21854.000091552734,114400.0,7,
JMP,3301,2007-05-11,2020-06-19,13.11,38026.99992656708,205016.00074768066,5,
JMPNL,248,2019-07-05,2020-07-02,0.99,66184.9986076355,66184.9986076355,5,
JMPNZ,59,2020-01-02,2020-07-02,0.5,203734.00459289548,203734.00459289548,99,
JMST,1305,2018-10-22,2023-12-28,5.18,16904472.07622528,12693648.22769165,4,
JMUB,1295,2018-11-05,2023-12-28,5.14,4330665.97366333,379672.51052856445,4,
JNJ,15605,1962-01-02,2023-12-28,61.98,1103771914.7613525,56594437.5,7,
JNK,4045,2007-12-04,2023-12-28,16.07,723174533.5823059,301702393.5768127,5,
JNPR,6168,1999-06-25,2023-12-28,24.51,98217659.6075058,146665852.1780014,7,
JNUG,2577,2013-10-03,2023-12-28,10.23,50128745.85151672,92611153.45458983,4,
JO,605,2018-02-01,2020-07-02,2.41,2281414.051246643,1736280.0727844238,4,
JOB,11040,1980-03-17,2023-12-28,43.78,119992.5012588501,6278.4571170806885,7,
JOBS,3959,2004-09-29,2020-06-19,15.72,11010688.056182861,3120560.9476089478,5,
JOE,7620,1990-03-23,2020-06-19,30.24,3278580.1342964172,3753449.949645996,7,
JOF,8514,1990-03-14,2023-12-28,33.79,211550.49703121185,426180.4853916168,7,
JOUT,9127,1987-10-09,2023-12-28,36.22,1960085.5253219604,197714.00184631348,7,
JOYY,121,2019-12-30,2020-07-02,0.51,23081.29978179932,23081.29978179932,5,
JP,1269,2015-06-19,2020-07-02,5.04,67274.99991059303,203039.99948501587,4,
JPC,5224,2003-03-31,2023-12-28,20.74,2266172.5558519363,2348182.5299739838,5,
JPED,342,2017-12-01,2020-06-19,2.55,10256.499671936035,9061.999893188477,46,
JPEM,2258,2015-01-09,2023-12-28,8.97,1205951.5018463135,829697.4950790405,4,
JPEU,924,2016-01-05,2020-06-12,4.44,38175.75092315674,50440.50006866455,16,
JPGB,793,2017-04-17,2020-07-02,3.21,882526.021194458,418856.01501464844,6,
JPGE,1490,2014-06-17,2020-06-19,6.01,400847.0058441162,288163.0018234253,5,
JPHF,938,2016-09-16,2020-06-19,3.76,345860.50453186035,289799.99504089355,4,
JPHY,897,2016-09-15,2020-07-02,3.79,1044980.2017211914,641358.9191436766,14,
JPLS,339,2018-01-25,2020-06-12,2.38,12642.749500274658,14972.999572753908,29,
JPM,11040,1980-03-17,2023-12-28,43.78,1323606492.8024292,308394798.75392914,7,
JPMB,515,2018-01-31,2020-06-19,2.38,167198.05240631104,85984.50202941895,14,
JPMV,1470,2014-06-05,2020-07-02,6.08,202497.75199890137,172538.99993896484,10,
JPN,1158,2015-06-24,2020-07-02,5.02,62189.69898223877,71380.00001907349,6,
JPNL,1765,2013-06-26,2020-07-02,7.02,210403.49864959717,266309.98992919916,4,
JPS,4475,2002-09-24,2020-07-02,17.77,4825773.4639167795,2959404.057598114,5,
JPSE,1786,2016-11-22,2023-12-28,7.1,1381858.985710144,561643.0109024048,4,
JPST,1664,2017-05-19,2023-12-28,6.61,193316586.05155945,119971478.45535278,4,
JPT,1295,2014-07-14,2020-07-02,5.97,285990.0085449219,240100.0,48,
JPUS,2076,2015-09-30,2023-12-28,8.24,751432.6629638672,1275328.0254364014,4,
JPXN,5581,2001-10-26,2023-12-28,22.17,483458.99963378906,264839.9963378906,5,
JQC,5163,2003-06-26,2023-12-28,20.51,2275171.5428352356,3318672.159576416,5,
JQUA,471,2017-11-09,2020-06-19,2.61,646164.4946098328,127449.00112152101,36,
JRI,2937,2012-04-27,2023-12-28,11.67,713847.5048065186,894814.0495300293,5,
JRJC,3947,2004-10-15,2020-06-19,15.68,90853.50031852722,309750.0,5,
JRO,4003,2004-07-28,2020-06-19,15.89,1546637.9784107208,1333046.0594177246,5,
JRS,5565,2001-11-19,2023-12-28,22.11,552645.4931020737,794535.0368499756,5,
JRSH,1423,2018-05-04,2023-12-28,5.65,40072.249126434326,55359.19952392578,4,
JRVR,2276,2014-12-12,2023-12-28,9.04,3074760.485458374,4670417.920303345,4,
JSD,2291,2011-05-26,2020-07-02,9.1,598110.0105285645,656036.0374450684,5,
JSM,5034,2003-12-30,2023-12-28,19.99,234955.00965118408,399207.4999809265,5,
JSMD,1975,2016-02-25,2023-12-28,7.84,876505.7062149048,344912.98599243164,4,
JSML,2573,2007-11-29,2023-12-28,16.08,625333.2172393799,136556.00128173828,399,
JT,652,2017-10-26,2020-06-19,2.65,272821.5044260025,882369.0281867981,21,
JTA,4136,2004-01-29,2020-07-02,16.42,377526.00111961365,542754.4988632202,5,
JTD,3254,2007-08-01,2020-07-02,12.92,491529.01611328125,516301.5039920807,5,
JUST,1403,2017-06-15,2023-12-28,6.54,357278.1534194946,402367.9931640625,224,
JVA,3810,2005-05-03,2020-06-19,15.13,71479.00190353394,98900.99878311157,5,
JVAL,1544,2017-10-26,2023-12-28,6.17,2430332.968521118,669688.4874343872,14,
JW-A,9053,1982-09-14,2020-07-02,37.8,10414947.83706665,1445950.0,10,
JW-B,5893,1982-09-14,2020-07-02,37.8,17638.500213623047,25149.999618530273,69,
JWN,11040,1980-03-17,2023-12-28,43.78,77650185.68267822,35967525.0,7,
JXI,3468,2006-09-22,2020-07-02,13.78,848204.4841766357,963955.9928894043,5,
JYNT,2298,2014-11-11,2023-12-28,9.13,1158401.0293006897,788383.4920883179,4,
K,12826,1973-02-21,2023-12-28,50.85,137389526.2650833,22301125.0,7,
KAI,7845,1992-11-03,2023-12-28,31.15,12214211.319732666,1022249.9731063843,7,
KALA,1627,2017-07-06,2023-12-28,6.48,700403.9892196655,2209472.0600128174,8,
KALU,4400,2006-07-07,2023-12-28,17.48,6392517.2119140625,9478849.249649048,5,
KALV,2197,2015-04-09,2023-12-28,8.72,1862759.976196289,1210825.0141143799,4,
KAMN,11040,1980-03-17,2023-12-28,43.78,2300688.014984131,955742.0240402222,7,
KAR,3535,2009-12-11,2023-12-28,14.05,8393717.117118834,23670746.57945633,5,
KARS,1492,2018-01-25,2023-12-28,5.92,819128.0132293701,563973.4927177429,4,
KB,5569,2001-11-13,2023-12-28,22.12,7220960.0662231445,8043216.073608398,5,
KBA,2473,2014-03-05,2023-12-28,9.82,1548352.0302772522,2266731.053352356,4,
KBAL,10162,1980-03-17,2020-07-02,40.29,1752392.9915428166,424407.20477104187,7,
KBE,4560,2005-11-15,2023-12-28,18.12,96844749.41501617,78014062.13092804,5,
KBH,9428,1986-08-01,2023-12-28,37.41,59062632.456588745,34327723.98223877,7,
KBLM,344,2017-06-27,2020-07-02,3.01,15022.50051498413,18324.499702453613,66,
KBLMU,719,2017-06-02,2020-06-30,3.08,0.0,0.0,41,
KBR,4307,2006-11-16,2023-12-28,17.11,66075714.87121582,37477281.451416016,5,
KBSF,1845,2013-03-07,2020-07-02,7.32,30934.00015234948,9359.99984741211,4,
KBWB,3059,2011-11-01,2023-12-28,12.16,37402956.37626648,11770586.571121214,5,
KBWD,3290,2010-12-02,2023-12-28,13.07,1314018.9889907837,1292375.5053520203,5,
KBWP,3276,2010-12-22,2023-12-28,13.02,959279.9819946289,260718.00384521484,5,
KBWR,3059,2011-11-01,2023-12-28,12.16,407847.00050354004,287215.00415802,5,
KBWY,3290,2010-12-02,2023-12-28,13.07,1132625.9914398193,1214612.0016098022,5,
KC,917,2020-05-08,2023-12-28,3.64,8043884.173965454,20994749.712944034,4,
KCCB,219,2018-07-09,2020-07-02,1.98,4104.999923706055,4104.999923706055,36,
KCE,4560,2005-11-15,2023-12-28,18.12,775544.998550415,755133.9973449707,5,
KDFI,138,2019-12-09,2020-07-02,0.56,92274.29695129395,92274.29695129395,5,
KDMN,991,2016-07-27,2020-07-02,3.93,5743165.168738365,1399580.0403356552,4,
KDP,3052,2008-05-07,2020-06-19,12.12,70894425.28972626,76395479.15344238,5,
KE,2319,2014-07-22,2023-12-28,9.43,1925230.027961731,1048356.0070037841,21,
KELYA,11040,1980-03-17,2023-12-28,43.78,2486378.9288520813,1645612.502574921,7,
KELYB,9931,1984-08-03,2023-12-28,39.4,0.0,,7,
KEM,7044,1992-10-21,2023-12-28,31.18,17768266.555595398,4153772.005009651,1176,
KEMQ,1563,2017-10-12,2023-12-28,6.21,47169.19918060303,196310.39428710938,4,
KEN,1356,2015-01-15,2020-06-19,5.43,24200.19989013672,15895.999908447266,5,
KEP,7344,1994-10-27,2023-12-28,29.17,1077184.9779129028,5101361.5569114685,7,
KEQU,11040,1980-03-17,2023-12-28,43.78,16354.500102996826,9685.750102996826,7,
KERN,1471,2018-02-26,2023-12-28,5.83,55986.39808297157,428021.9873428345,4,
KEX,11040,1980-03-17,2023-12-28,43.78,24172932.485198975,1880070.039176941,7,
KEY,9108,1987-11-05,2023-12-28,36.15,183184877.5106907,52322212.91279793,7,
KEYS,1427,2014-10-20,2020-06-19,5.66,141241138.2972717,37153327.36816406,4,
KF,9031,1984-08-22,2020-06-19,35.82,133795.99838256836,1073640.0421142578,7,
KFFB,4739,2005-03-03,2023-12-28,18.82,8238.499879837036,9000.0,5,
KFRC,6256,1995-08-15,2020-06-19,24.85,4285065.042114258,2112701.511859894,7,
KFS,6455,1998-05-06,2023-12-28,25.65,451853.49016189575,65576.00021362305,7,
KFY,6261,1999-02-11,2023-12-28,24.88,12925474.905395508,6951175.0,7,
KFYP,973,2015-01-02,2020-07-02,5.5,135686.99913024902,38500.0,31,
KGC,10788,1981-03-17,2023-12-28,42.78,57253545.32306194,2536176.0394334793,7,
KGJI,5452,2000-05-05,2023-12-28,23.65,109.2034995034337,10527.500207163393,60,
KGRN,1562,2017-10-13,2023-12-28,6.21,344698.4968185425,171318.00117492676,4,
KHC,2137,2015-07-06,2023-12-28,8.48,243013457.85751343,240083620.30334473,4,
KIDS,1563,2017-10-12,2023-12-28,6.21,3854445.980453491,3754212.1307373047,4,
KIE,4560,2005-11-15,2023-12-28,18.12,35773124.68471527,8611272.411251068,5,
KIM,8084,1991-11-22,2023-12-28,32.1,82076822.76592255,42165285.39705277,7,
KIN,1650,2013-12-12,2020-07-02,6.55,984009.9836349487,720975.982093811,4,
KINS,6083,1999-10-26,2023-12-28,24.17,18874.49972629547,9765.00029563904,7,
KIO,1738,2013-07-26,2020-06-19,6.9,1509739.9687290192,1134457.9555511475,4,
KIQ,6059,1996-05-24,2020-06-19,24.07,20884.000304341316,0.0,7,
KIRK,4505,2002-07-30,2020-06-19,17.89,606113.998067379,1189019.97975111,5,
KJAN,1005,2020-01-02,2023-12-28,3.99,503195.00370025635,340723.1084823608,4,
KKR,3388,2010-07-15,2023-12-28,13.45,159776184.18941498,59396659.97161865,5,
KL,4902,2000-11-24,2020-07-02,19.6,69059978.88565063,814441.9210977554,10,
KLAC,10897,1980-10-08,2023-12-28,43.22,414972062.98217773,92402808.45718384,7,
KLCD,253,2019-06-20,2020-07-02,1.03,102686.34862899782,102603.79791259769,6,
KLDO,1218,2019-02-28,2023-12-28,4.83,0.03509999911329229,388846.01149201393,4,
KLDW,2133,2015-07-10,2023-12-28,8.47,182819.65236663818,207949.00093078613,4,
KLIC,12826,1973-02-21,2023-12-28,50.85,21308651.77345276,3791447.0974445343,7,
KLR,2588,1997-03-27,2020-07-02,23.27,80881.50238990784,,744,
KLXE,1342,2018-08-29,2023-12-28,5.33,1672616.4855003357,1735556.9224834442,4,
KMB,11040,1980-03-17,2023-12-28,43.78,205702787.76779175,86173058.62464905,7,
KMDA,2664,2013-05-31,2023-12-28,10.58,102014.99927043915,138244.50058937073,4,
KMED,282,2018-10-18,2020-07-02,1.71,6511.499977111816,6535.499954223633,15,
KMF,3264,2010-11-24,2023-11-13,12.97,848442.3756744862,1692199.5106625557,5,
KMI,3242,2011-02-11,2023-12-28,12.88,211718127.87389755,,4,
KMPH,1250,2015-04-16,2020-04-01,4.96,203693.9945429563,334880.4950594902,4,
KMPR,8487,1990-04-23,2023-12-28,33.68,15763165.058135986,4610450.0,7,
KMT,11948,1973-02-21,2020-07-02,47.36,24557543.57070923,2576937.5,7,
KMX,5892,1997-02-04,2020-07-02,23.41,116576095.56922913,44607084.70630646,7,
KN,1607,2014-02-14,2020-07-02,6.38,14196989.87207413,15050099.873542786,4,
KNAB,106,2019-04-03,2020-07-02,1.25,9185.400009155273,9185.400009155273,25,
KNDI,4109,2007-09-04,2023-12-28,16.31,403274.51293468475,925064.985537529,5,
KNG,1616,2015-01-06,2023-12-28,8.97,8121319.284439087,622333.4596633911,60,
KNL,3915,2004-12-14,2020-07-02,15.55,5630217.845726013,4101312.063598633,5,
KNOP,1813,2013-04-10,2020-06-19,7.19,1824579.965019226,1364145.9358215332,4,
KNOW,1952,2011-12-08,2020-06-19,8.53,422479.4975280762,563599.492263794,12,
KNSA,1409,2018-05-24,2023-12-28,5.6,4848751.01890564,3606459.9185943604,4,
KNSL,981,2016-07-28,2020-06-19,3.89,16769263.806152344,4225646.035766602,4,
KNX,7346,1994-10-25,2023-12-28,29.17,94457822.2492218,11449578.23753357,7,
KO,15606,1962-01-02,2023-12-28,61.98,768179901.8611908,,5,
KOD,1668,2007-12-27,2023-12-28,16.0,1764642.0102596283,3059168.493127823,2689,
KODK,2585,2013-09-23,2023-12-28,10.26,1897994.9768543243,1818575.0490427017,4,
KOF,7628,1993-09-14,2023-12-28,30.29,11971873.60534668,4780340.91796875,7,
KOIN,1489,2018-01-30,2023-12-28,5.91,38715.94982147217,64547.60055541993,4,
KOKU,938,2020-04-08,2023-12-28,3.72,7574.900054931641,7453.049850463867,4,
KOL,3139,2008-01-15,2020-07-02,12.46,233025.00114440918,2302369.9668884277,5,
KOLD,3077,2011-10-06,2023-12-28,12.23,119010147.20993042,2493215.963745117,5,
KOMP,1306,2017-11-10,2023-12-28,6.13,3654363.907623291,3766163.981437683,344,
KOP,4508,2006-02-01,2023-12-28,17.9,2877584.9296569824,3662231.0678482056,5,
KOPN,7985,1992-04-15,2023-12-28,31.7,637454.9936413765,907061.9954109192,7,
KORP,1499,2018-01-16,2023-12-28,5.95,401505.1929473877,178187.20321655273,4,
KORU,2700,2013-04-10,2023-12-28,10.72,2066331.500530243,736463.9980316161,4,
KOS,3180,2011-05-11,2023-12-28,12.63,32479160.24017334,13704623.52654934,5,
KOSS,11040,1980-03-17,2023-12-28,43.78,62931.00060224533,15509.500283002853,7,
KPTI,2553,2013-11-06,2023-12-28,10.14,4050142.5248384476,7067520.263671875,4,
KR,10907,1977-01-03,2020-04-01,43.24,183022963.6039734,32172050.0,7,
KRA,2589,2009-12-17,2020-04-01,10.29,5028467.139911652,6179059.047126771,5,
KRC,6774,1997-01-29,2023-12-28,26.91,35037395.850372314,21098265.09590149,7,
KRE,4410,2006-06-22,2023-12-28,17.52,655718572.486496,172042767.3948288,5,
KREF,1674,2017-05-05,2023-12-28,6.65,5180111.982917786,4936337.964248657,4,
KRG,4879,2004-08-12,2023-12-28,19.38,30847341.616630554,5105150.952529907,5,
KRKR,1041,2019-11-08,2023-12-28,4.14,17295.000058412552,73289.99667167664,4,
KRMD,7487,1994-04-05,2023-12-28,29.73,142884.50524806976,1424.9999821186066,7,
KRNT,2201,2015-04-02,2023-12-28,8.74,7796581.89907074,6296659.905433657,4,
KRNY,3857,2005-02-24,2020-06-19,15.32,3313313.005924225,661960.3233337402,5,
KRO,5048,2003-12-09,2023-12-28,20.05,1615947.4520683289,2101555.495595932,5,
KROS,938,2020-04-08,2023-12-28,3.72,7391695.227241516,6149930.621337891,4,
KRP,1737,2017-02-03,2023-12-28,6.9,4776496.99678421,1572649.9729156499,4,
KRTX,1134,2019-06-28,2023-12-28,4.5,52719887.47406006,24811906.47277832,4,
KRUS,1111,2019-08-01,2023-12-28,4.41,8236624.058532715,2765664.0266418457,4,
KRYS,1579,2017-09-20,2023-12-28,6.27,23359998.972702026,6839224.178695679,4,
KSA,2085,2015-09-17,2023-12-28,8.28,16861617.652511597,7819967.98095703,4,
KSCD,256,2019-06-20,2020-07-02,1.03,55644.100189208984,55644.100189208984,6,
KSS,7962,1992-05-19,2023-12-28,31.61,97108216.98474884,137182674.26071167,7,
KSU.P,2728,1998-06-03,2020-07-02,22.08,5598.999977111816,6584.999942779542,36,
KSU,10099,1980-03-17,2020-07-02,40.29,119991901.48925781,6495500.0,92,
KTB,4455,2002-12-24,2023-12-28,21.01,18507399.895477295,174775032.42434692,1179,
KTCC,10214,1983-06-22,2023-12-28,40.52,85194.99673843384,110964.50085639954,7,
KTF,8864,1988-10-24,2023-12-28,35.18,536464.0118598938,549786.9833946228,7,
KTH,5756,2001-02-12,2023-12-28,22.87,17775.0,17511.00025177002,7,
KTN,5051,2003-12-04,2023-12-28,20.07,21648.00033569336,28215.000343322754,5,
KTOS,6075,1999-11-05,2023-12-28,24.15,10444023.515081406,3313793.8831329346,7,
KTOV,1159,2015-11-20,2020-07-02,4.62,99989.50193598866,188175.0046014786,4,
KTOVW,1,2020-06-19,2020-06-19,0.0,6733.366260305036,6733.366260305036,0,
KTP,5220,1999-07-06,2020-04-01,20.74,64460.000467300415,114310.37321090698,7,
KURA,2086,2015-09-16,2023-12-28,8.28,6445152.00843811,4625987.944602966,4,
KURE,1487,2018-02-01,2023-12-28,5.9,225756.49404525757,480262.9987716674,4,
KVHI,6041,1996-04-02,2020-04-01,24.0,257482.49979019165,306720.0164794922,7,
KW,4046,2007-12-03,2023-12-28,16.07,11258715.828800201,6434813.869762422,5,
KWEB,2621,2013-08-01,2023-12-28,10.41,509223029.931736,48156313.174438484,4,
KWR,11040,1980-03-17,2023-12-28,43.78,14749542.11425781,384462.4937057495,7,
KXI,4346,2006-09-22,2023-12-28,17.26,3679885.950279236,1863701.0189056396,5,
KXIN,1546,2017-11-06,2023-12-28,6.14,86923.72665905952,121178.04910540581,4,
KYN,4847,2004-09-28,2023-12-28,19.25,3698832.406759262,5621520.040512085,5,
KZIA,6286,1999-01-06,2023-12-28,24.97,30848.999401926994,61490.00024795532,7,
KZR,1390,2018-06-21,2023-12-28,5.52,1281582.9874038696,1197506.5053492785,4,
L,11040,1980-03-17,2023-12-28,43.78,42862620.25337219,26421021.41647339,7,
LABD,2163,2015-05-28,2023-12-28,8.59,100242814.95323181,54149400.0,4,
LABU,2163,2015-05-28,2023-12-28,8.59,188542903.73430252,125611923.80294798,4,
LAC,3025,2008-09-18,2023-12-28,15.27,1690799.9855995178,96569.99788284302,1194,
LACQ,320,2018-02-26,2020-07-02,2.35,102130.00383377077,102130.00383377077,18,
LACQU,258,2017-12-01,2020-07-02,2.58,28135.00051498413,29513.49892616272,45,
LAD,5860,1996-12-18,2020-04-01,23.29,25860728.39126587,3031174.5344638824,7,
LADR,2491,2014-02-06,2023-12-28,9.89,6131902.008390427,6494874.7873306265,4,
LAIX,442,2018-09-27,2020-07-02,1.76,318453.49814891815,246638.99888992307,4,
LAKE,9402,1986-09-09,2023-12-28,37.3,211596.00105285645,66102.90901660919,7,
LAMR,6898,1996-08-02,2023-12-28,27.4,38179064.292907715,27912799.228477478,7,
LANC,11040,1980-03-17,2023-12-28,43.78,23124729.431915283,3584603.780937195,7,
LAND,2749,2013-01-29,2023-12-28,10.91,2514285.5412960052,937136.9791984558,4,
LANDP,1060,2016-08-19,2023-12-28,7.36,209834.80014801025,54913.9497756958,1071,
LARK,7492,1994-03-28,2023-12-28,29.75,60721.99989795685,11562.358379364014,7,
LASR,1429,2018-04-26,2023-12-28,5.67,2387545.5000400543,4545000.0,4,
LATNU,95,2019-10-18,2020-07-02,0.71,50349.9984741211,50349.9984741211,28,
LATNW,1,2020-07-02,2020-07-02,0.0,35100.00052303076,35100.00052303076,0,
LAUR,1739,2017-02-01,2023-12-28,6.9,9191150.223350525,9834000.0,4,
LAWS,10162,1980-03-17,2020-07-02,40.29,724745.0075149536,272840.00396728516,7,
LAZ,3817,2005-05-05,2020-07-02,15.16,23518013.306045532,26903638.403511044,5,
LAZY,578,2018-03-16,2020-07-02,2.3,17192.000222206116,32603.999662399292,4,
LB,9647,1982-04-01,2020-07-02,38.25,118757996.80809975,,7,
LBAI,5411,1999-01-04,2020-07-02,21.49,1844284.0143203735,,7,
LBC,4328,2001-12-26,2020-06-19,18.48,394424.99656677246,0.0,170,
LBRDA,1425,2014-11-04,2020-07-02,5.66,11410031.219863892,9607064.547729492,4,
LBRDK,2302,2014-11-05,2023-12-28,9.14,59620968.31474304,58669878.466796875,4,
LBRT,623,2018-01-11,2020-07-02,2.47,6244841.760253906,8326079.91027832,4,
LBTYA,4049,2004-06-03,2020-07-02,16.08,37758684.32226181,55067669.956588745,5,
LBTYB,4028,2004-06-09,2020-07-02,16.06,2475.0,0.0,14,
LBTYK,3730,2005-09-08,2020-07-02,14.81,72184185.01319885,41346266.51926041,5,
LBY,6799,1993-06-18,2020-06-18,27.0,225614.50203061104,981609.9855422976,7,
LC,1335,2014-12-11,2020-04-01,5.31,9930809.006762505,26788740.502166748,4,
LCA,197,2019-06-06,2020-07-02,1.07,259434.99898910522,259434.99898910522,18,
LCAHU,885,2016-05-26,2020-06-19,4.07,10933.421873092651,2625.240119934082,165,
LCI,6546,1994-04-04,2020-04-01,25.99,6779695.187520981,127663.99989128113,7,
LCII,9725,1985-05-29,2023-12-28,38.58,20396786.387634277,969848.047542572,7,
LCNB,6083,1999-10-26,2023-12-28,24.17,287537.49499320984,41400.0,7,
LCR,1572,2007-06-15,2023-12-28,16.54,102811.45009994507,15225.399589538574,776,
LCTX,8014,1992-03-05,2023-12-28,31.81,467568.00405979156,360612.75086402893,7,
LCUT,8204,1991-06-05,2023-12-28,32.56,248520.50626277924,227700.0,7,
LD,2986,2008-06-25,2020-06-29,12.01,0.0,0.0,25,
LDEM,977,2020-02-12,2023-12-28,3.87,120339.0043258667,176372.00469970703,4,
LDL,10162,1980-03-17,2020-07-02,40.29,2039316.5321826935,253043.99931430817,7,
LDOS,4329,2006-10-17,2023-12-28,17.2,70252301.32141113,43835641.706466675,5,
LDP,2873,2012-07-30,2023-12-28,11.41,1602061.485671997,1696607.9895019531,5,
LDRS,631,2017-12-22,2020-07-02,2.53,39653.999519348145,122407.19604492188,4,
LDSF,1253,2019-01-08,2023-12-28,4.97,565268.9999580383,721853.9754867553,4,
LDUR,2501,2014-01-23,2023-12-28,9.93,5741435.443878174,1574710.0479125974,4,
LE,2462,2014-03-20,2023-12-28,9.77,966381.9757461548,3249081.95977211,4,
LEA,3558,2009-11-09,2023-12-28,14.13,71297117.68493652,67409648.47183228,5,
LEAD,2009,2016-01-06,2023-12-28,7.98,91969.25048828125,91843.49727630617,4,
LEAF,2374,2011-01-27,2020-07-02,9.43,173765.50543308258,553015.9902334213,5,
LECO,7485,1994-04-07,2023-12-28,29.72,53924760.106658936,10784700.210571289,7,
LEDS,3285,2010-12-09,2023-12-28,13.05,17966.999995708466,121259.9950790405,5,
LEE,11041,1980-03-17,2023-12-28,43.78,109313.49844932556,,7,
LEG,11040,1980-03-17,2023-12-28,43.78,27508434.766864777,9828895.98903656,7,
LEGH,1268,2018-12-14,2023-12-28,5.04,786244.5176124573,552892.0250892639,4,
LEGN,919,2017-02-14,2023-12-28,6.87,35990184.70954895,21570094.339752194,442,
LEJU,2442,2014-04-17,2023-12-28,9.7,29751.999640464783,173540.49705266953,4,
LEMB,3067,2011-10-20,2023-12-28,12.19,3368393.992805481,2699862.0861053467,5,
LEN,11040,1980-03-17,2023-12-28,43.78,219463655.57479858,39577830.53469658,7,
LEND,193,2019-05-09,2020-07-02,1.15,3497.7001190185547,3497.7001190185547,23,
LEO,9139,1987-09-23,2023-12-28,36.26,893711.9956254959,720375.0,7,
LEU,6401,1998-07-23,2023-12-28,25.43,5472966.502285004,2260988.998413086,7,
LEVI,1203,2019-03-21,2023-12-28,4.77,27399903.98206711,26968411.031341553,4,
LEVL,555,2018-04-20,2020-07-02,2.2,130651.00173950195,160275.9979248047,4,
LFAC,482,2018-06-29,2020-07-02,2.01,9240.750360488892,12030.000114440918,9,
LFACU,458,2018-06-20,2020-07-01,2.03,0.0,0.0,40,
LFC,4161,2003-12-17,2020-07-02,16.54,4220036.015892029,9985374.165344238,5,
LFEQ,1566,2017-10-09,2023-12-28,6.22,44671.800231933594,98877.40049362183,4,
LFUS,7875,1992-09-22,2023-12-28,31.26,20407692.652893066,4733890.919494629,7,
LFVN,3970,1994-04-08,2020-06-19,26.2,1117167.9859161377,220415.99950790405,539,
LGC,643,2017-12-08,2020-07-02,2.57,56238.500928878784,15570.000171661377,4,
LGF-A,6319,1998-11-17,2023-12-28,25.11,7486901.871109009,7109039.762115478,7,
LGF.B,6,2016-12-09,2016-12-16,0.02,38750061.06843948,38750061.06843948,3,
LGH,1062,2019-10-10,2023-12-28,4.22,601795.9808349609,596424.9074935913,4,
LGHL,1139,2019-06-21,2023-12-28,4.52,179467.70204544067,317959.19481658936,4,
LGI,4074,2004-04-28,2020-07-02,16.18,599406.9855213165,414320.98960876465,5,
LGIH,1674,2013-11-07,2020-07-02,6.65,21370464.629364014,12043633.053970337,4,
LGL,10153,1980-03-17,2020-06-19,40.26,129040.9948348999,12972.272396087646,7,
LGLV,2733,2013-02-21,2023-12-28,10.85,2250631.524658203,867840.0146484375,4,
LGND,7834,1992-11-18,2023-12-28,31.11,6424132.025146484,4838133.614063263,7,
LGOV,1243,2019-01-23,2023-12-28,4.93,1151567.5155639648,132710.00175476074,4,
LH,8503,1990-03-29,2023-12-28,33.75,143881594.8135376,51482879.19921875,7,
LHC,1270,2018-04-16,2023-12-28,5.7,2198.459984779358,29427.674592018127,242,
LHCG,3793,2005-06-09,2020-07-02,15.06,29761451.91345215,4070696.100616455,5,
LHX,10587,1981-12-31,2023-12-28,41.99,202224375.66833496,16697667.962265015,7,
LIFE,2177,2015-05-07,2023-12-28,8.64,392982.5090646744,394160.99812984467,4,
LII,6145,1999-07-29,2023-12-28,24.42,87201034.66339111,23588300.0,7,
LILA,2138,2015-07-02,2023-12-28,8.49,1792838.541674614,3114749.0649223328,4,
LILAK,2145,2015-06-23,2023-12-28,8.51,7385801.827096939,9418223.753356934,4,
LIN,7942,1992-06-17,2023-12-28,31.53,565191789.2913818,96162648.94104004,7,
LINC,4661,2005-06-23,2023-12-28,18.51,522254.0010690689,350821.01016044617,5,
LIND,2641,2013-07-03,2023-12-28,10.49,2715952.5522708893,1457810.0380897522,4,
LINX,258,2019-06-26,2020-07-02,1.02,699408.9956760408,716863.5098457336,4,
LIQT,3102,2011-08-31,2023-12-28,12.33,23546.31986963749,100042.0017182827,5,
LITB,2660,2013-06-06,2023-12-28,10.56,55535.00008583069,132906.49884343147,4,
LITE,2124,2015-07-23,2023-12-28,8.43,54559148.24428558,67728388.05503845,4,
LIVE,5518,2002-01-29,2023-12-28,21.91,108701.99813842773,70760.00099182129,5,
LIVKU,69,2019-12-11,2020-07-02,0.56,69206.99815750122,69206.99815750122,23,
LIVX,638,2017-08-18,2020-07-02,2.87,284786.0030412674,229664.99621868134,118,
LIZI,994,2020-01-17,2023-12-28,3.95,120834.14916992188,275542.7453160286,4,
LJPC,2105,2012-02-22,2020-07-02,8.36,3538642.8928375244,2790792.0106887817,5,
LK,257,2019-05-17,2020-07-02,1.13,127312928.10211183,129050453.48510742,28,
LKCO,1248,2019-01-15,2023-12-28,4.95,112331.00128769875,405123.0005800724,4,
LKFN,6637,1997-08-14,2023-12-28,26.37,6220989.96257782,861993.9840316772,7,
LKOR,2079,2015-09-24,2023-12-28,8.26,35135.54935455322,71668.60160827637,4,
LKQ,4206,2003-10-06,2020-06-19,16.7,66141696.154785156,24907514.852428436,5,
LL,3174,2007-11-09,2020-06-19,12.61,10186559.961795807,13611351.592636108,5,
LLEX,2689,2009-10-26,2020-07-02,10.68,239377.50324904913,55836.00221872329,5,
LLIT,2568,2010-04-22,2020-07-02,10.2,24969.49918270111,28429.99963760376,5,
LLNW,3291,2007-06-08,2020-07-02,13.07,5125347.409915924,1246531.0039758682,5,
LLY,13006,1972-06-01,2023-12-28,51.57,1187856187.9333496,129878451.85508728,7,
LM,9300,1983-08-01,2020-06-19,36.88,28356659.30480957,15714850.218105316,7,
LMAT,4327,2006-10-19,2023-12-28,17.19,5246691.572380066,789177.0066261292,5,
LMB,2364,2014-08-08,2023-12-28,9.39,3753032.9891204834,172475.00371932983,4,
LMBS,2302,2014-11-05,2023-12-28,9.14,27290363.82446289,18820873.63243103,4,
LMFA,2021,2015-12-17,2023-12-28,8.03,43686.29859983921,67079.99801635742,4,
LMHA,1077,2016-03-24,2020-07-02,4.27,362184.0015411377,448290.0142669678,4,
LMHB,974,2016-08-19,2020-07-02,3.87,981403.0145645142,1382486.4854812622,4,
LMLB,148,2019-10-30,2020-06-19,0.64,17658.05015563965,17658.05015563965,13,
LMNL,1278,2015-01-05,2020-07-02,5.49,11404.500461816788,28904.400390625,15,
LMNR,4205,2003-10-07,2020-06-19,16.7,870054.0124893188,247039.990234375,5,
LMNX,5092,2000-04-06,2020-07-02,20.24,5946733.307170868,3155288.0480766296,7,
LMPX,1023,2019-12-05,2023-12-28,4.06,2885.359962284565,369832.47509002686,4,
LMRK,1385,2015-01-02,2020-07-02,5.5,1099931.5268993378,771210.0172042847,4,
LMRKN,543,2018-04-20,2020-07-02,2.2,57155.99899291993,91559.99946594238,4,
LMRKO,958,2016-08-31,2020-07-02,3.84,129394.5011138916,134898.79760742188,5,
LMRKP,1036,2016-03-31,2020-06-19,4.22,101359.99984741211,90744.99797821046,5,
LMST,3404,2006-09-22,2020-04-01,13.52,42714.00032043457,19117.500519752502,5,
LMT,11850,1977-01-03,2023-12-28,46.98,495985606.0928345,,7,
LN,1188,2015-10-12,2020-07-02,4.72,1689843.4888839722,2904712.456226349,4,
LNC,11041,1980-03-17,2023-12-28,43.78,62633149.140548706,,7,
LND,2925,2012-05-15,2023-12-28,11.62,205920.0038909912,12267.00005531311,5,
LNDC,6128,1996-02-15,2020-06-19,24.34,1269117.5040721893,536851.5129089355,7,
LNG,7488,1994-04-04,2023-12-28,29.73,220564422.45254517,16900142.458486557,7,
LNGR,862,2016-05-10,2020-07-01,4.14,59921.34990692139,39678.49931716919,26,
LNN,8871,1988-10-13,2023-12-28,35.21,10002341.687393188,2886399.9687194824,7,
LNT,12827,1973-02-21,2023-12-28,50.85,73037559.84344482,,7,
LNTH,2143,2015-06-25,2023-12-28,8.51,64670492.752456665,7198079.850769046,4,
LOAC,385,2018-10-16,2020-06-29,1.7,0.0,0.0,14,
LOACU,142,2018-08-29,2020-06-15,1.8,9914.99981880188,9914.99981880188,55,
LOAK,24,2020-05-28,2020-07-02,0.1,51994.9996471405,51994.9996471405,4,
LOAN,6198,1999-05-13,2023-12-28,24.63,83967.50078201294,23673.500382900238,7,
LOB,1237,2015-07-23,2020-06-19,4.91,2346809.9641799927,2013690.0255203247,4,
LOCO,2374,2014-07-25,2023-12-28,9.43,2564410.9539031982,3764459.50422287,4,
LODE,2497,2010-07-21,2020-06-19,9.91,236812.49372661114,170050.0,5,
LOGC,428,2018-10-19,2020-07-02,1.7,317802.9930591583,293798.99916648865,4,
LOGI,6734,1997-03-27,2023-12-28,26.75,28792968.26915741,6952464.059448242,7,
LOGM,2771,2009-07-01,2020-07-02,11.0,42426030.27839661,14066675.539398191,5,
LOMA,1550,2017-10-26,2023-12-28,6.17,1476961.4756584167,1733495.531654358,6,
LOOP,1536,2017-11-20,2023-12-28,6.1,108644.997215271,401352.0076274872,4,
LOPE,3801,2008-11-20,2023-12-28,15.1,20077130.082321167,14634172.048187256,5,
LORL,3696,2005-07-27,2020-04-01,14.68,1579030.0188064575,2001532.4399948118,5,
LOV,3512,2006-02-14,2020-07-02,14.38,496624.5087146759,93004.00115251541,7,
LOW,11040,1980-03-17,2023-12-28,43.78,543901699.8069763,142928278.5835266,7,
LOWC,1176,2014-11-26,2020-07-02,5.6,127692.80090332031,71813.99841308594,11,
LPCN,2564,2013-10-22,2023-12-28,10.18,47408.74196314812,405301.9929885864,4,
LPG,2428,2014-05-08,2023-12-28,9.64,14949598.466682434,3448479.4696331024,4,
LPI,2141,2011-12-15,2020-06-19,8.51,11299439.697265625,27513600.5859375,5,
LPL,4894,2004-07-22,2023-12-28,19.43,848099.9686002731,6848612.061691284,5,
LPLA,3299,2010-11-18,2023-12-28,13.11,142444983.00323486,36671335.32714844,5,
LPSN,5969,2000-04-07,2023-12-28,23.72,6829212.120175362,2590726.0343551636,7,
LPTH,7011,1996-02-22,2023-12-28,27.85,55353.99982333183,64400.00057220459,7,
LPTX,1744,2017-01-25,2023-12-28,6.92,359276.9982647896,454920.0119972229,4,
LPX,11040,1980-03-17,2023-12-28,43.78,45866247.12600708,11699621.557569504,7,
LQDA,1366,2018-07-26,2023-12-28,5.42,2801365.5220985413,1658567.0404434204,4,
LQDH,2401,2014-06-17,2023-12-28,9.53,1190665.538406372,784896.1853027344,4,
LQDI,328,2018-05-15,2020-07-02,2.13,8141.249942779541,7640.249919891357,18,
LQDT,3604,2006-02-27,2020-06-19,14.31,508971.98073863983,1599613.9917850494,5,
LRCX,9994,1984-05-04,2023-12-28,39.65,640978833.3221436,71590260.04362106,7,
LRGE,556,2017-05-31,2020-07-02,3.09,611156.184387207,420220.5518722534,36,
LRMR,2399,2014-06-19,2023-12-28,9.52,495727.9946088791,679968.017578125,4,
LRN,4038,2007-12-13,2023-12-28,16.04,17043246.70276642,5452285.438156128,5,
LRNZ,82,2020-03-03,2020-07-02,0.33,103602.5013923645,103602.5013923645,5,
LSAF,439,2018-10-02,2020-07-02,1.75,187855.0033569336,174859.9967956543,4,
LSBK,4464,2006-04-05,2023-12-28,17.73,10886.00025177002,5160.000038146973,5,
LSCC,8599,1989-11-09,2023-12-28,34.13,134272192.0085907,8336600.788593292,7,
LSI,6303,1995-06-21,2020-07-02,25.03,36423823.64616394,4468392.050170898,7,
LSLT,313,2019-03-13,2020-06-19,1.27,33011.100578308105,33584.3994140625,5,
LSST,404,2017-12-28,2020-07-02,2.51,25152.50015258789,24774.999618530273,21,
LSTR,7761,1993-03-05,2023-12-28,30.81,39521460.99472046,16311120.208740234,7,
LSXMA,1939,2016-04-18,2023-12-28,7.69,23853782.821178436,21896966.319274902,4,
LSXMB,1936,2016-04-21,2023-12-28,7.69,0.0,0.0,4,
LTBR,5801,2000-11-13,2023-12-28,23.12,232553.0014038086,118800.0,14,
LTC,7899,1992-08-18,2023-12-28,31.36,7026600.226974487,2960593.75,7,
LTHM,1312,2018-10-11,2023-12-28,5.21,66346820.165634155,46197075.28505325,4,
LTM,5699,1997-11-07,2020-07-02,22.65,6083915.0156497955,3473189.9604797363,7,
LTRPA,2351,2014-08-27,2023-12-28,9.34,147708.80092978477,5299875.0,4,
LTRPB,387,2014-08-29,2020-06-19,5.81,4617.0000076293945,7536.0002517700195,58,
LTRX,5887,2000-08-04,2023-12-28,23.4,456895.01366615295,79992.0031785965,7,
LUB,10098,1980-03-17,2020-04-01,40.04,27185.00065803528,309225.9956359863,7,
LULU,3248,2007-07-27,2020-06-19,12.9,353361849.4796753,116654140.85464478,5,
LUMO,3051,2011-11-11,2023-12-28,12.13,54610.49945354462,1219763.9552593231,5,
LUNA,4423,2006-06-05,2023-12-28,17.56,1178884.0190887451,118664.0034198761,5,
LUV,11093,1980-01-02,2023-12-28,43.99,200254245.3765869,,7,
LVHB,930,2016-10-21,2020-07-02,3.7,457402.7459144592,385898.40717315674,4,
LVS,4792,2004-12-15,2023-12-28,19.03,215661682.48939514,257916648.15998077,5,
LVUS,319,2017-05-11,2020-07-02,3.14,8399.549961090088,7886.699867248536,91,
LW,1794,2016-11-10,2023-12-28,7.13,136495246.3809967,77116132.92160034,4,
LWAY,8818,1988-12-29,2023-12-28,35.0,134001.4975786209,56054.49821949005,7,
LXFR,1940,2012-10-03,2020-06-19,7.71,1973473.0557441711,740591.9914245605,5,
LXP,7600,1993-10-22,2023-12-28,30.18,17598201.030635834,6965842.9575920105,7,
LXRX,5082,2000-04-07,2020-06-19,20.2,2742708.0057621,1483338.4754180908,7,
LXU,11092,1980-01-02,2023-12-28,43.99,6128322.800922394,88307.49878883362,7,
LYB,3442,2010-04-28,2023-12-28,13.67,166802157.79571533,205286852.18582153,5,
LYFT,1197,2019-03-29,2023-12-28,4.75,155640017.71707535,223245536.87667847,4,
LYG,4672,2001-11-28,2020-06-19,18.56,15041512.646520138,8776486.467075348,5,
LYRA,922,2020-05-01,2023-12-28,3.66,178722.00202941895,307185.99376678467,4,
LYTS,9779,1985-03-12,2023-12-28,38.8,2365347.9856491094,358732.0156097412,7,
LYV,4535,2005-12-21,2023-12-28,18.02,131042146.4920044,24978690.502166748,5,
LZB,12826,1973-02-21,2023-12-28,50.85,9608445.660305023,1089399.987602234,7,
M,7156,1992-02-05,2020-07-02,28.41,206920250.95009804,123137831.78863525,7,
MA,3551,2006-05-25,2020-07-02,14.11,1078585693.0267334,404703342.82684326,5,
MAA,6645,1994-01-28,2020-06-19,26.39,76995030.79338074,9558210.433959961,7,
MAC,6562,1994-03-10,2020-04-01,26.06,53186432.17601776,29729542.142772675,7,
MACK,2070,2012-03-29,2020-06-19,8.22,116227.99849510193,3484483.7551116943,5,
MAG,3342,2007-03-14,2020-06-19,13.27,5012452.492237091,819163.5288238525,5,
MAGA,693,2017-09-14,2020-07-02,2.8,27014.74952697754,40560.001373291016,4,
MAGS,6872,1993-03-23,2020-07-02,27.28,45575.49868822098,,7,
MAIN,3206,2007-10-09,2020-07-02,12.73,11890364.083480835,6128353.929328918,5,
MAN,7999,1988-10-05,2020-07-02,31.74,38965396.27304077,22172400.0,7,
MANH,5586,1998-04-23,2020-07-02,22.19,37059348.06442261,8775056.109046936,7,
MANT,4633,2002-02-07,2020-07-02,18.4,11524970.572280884,5293727.095222473,5,
MANU,1985,2012-08-10,2020-07-02,7.89,1222893.9677238464,703039.9742126465,5,
MAR,6729,1993-10-13,2020-07-02,26.72,270968234.81521606,77578778.28216553,7,
MARA,2054,2012-05-04,2020-07-02,8.16,124757.00272321701,178272.00622558594,5,
MARB,78,2020-02-05,2020-07-02,0.41,19857.00035095215,19857.00035095215,6,
MARK,4297,2003-06-10,2020-07-02,17.06,307471.4924812317,97002.00233459473,5,
MARPS,8557,1980-03-17,2020-04-01,40.04,7992.999804019928,,15,
MAS,10162,1980-03-17,2020-07-02,40.29,124115059.3202591,28227429.511642456,7,
MASI,3249,2007-08-08,2020-07-02,12.9,59875144.2489624,14263941.055679321,5,
MAT,11108,1976-06-17,2020-07-02,44.04,44380371.75192833,23487290.625,7,
MATX,11898,1973-05-03,2020-07-02,47.16,5693176.517486572,2503757.1870803833,7,
MAV,4202,2003-10-23,2020-07-02,16.69,724417.5304412842,713153.9897918701,5,
MAXR,2866,2009-02-13,2020-07-02,11.38,19104723.78296852,0.0,5,
MAYS,8923,1984-12-13,2020-06-23,35.53,3435.0000381469727,0.0,9,
MBB,3348,2007-03-16,2020-07-02,13.3,131190915.7699585,32891265.885925293,5,
MBCN,4368,2003-02-27,2020-07-02,17.34,112216.49951934814,3300.0,5,
MBI,8319,1987-07-01,2020-07-02,33.0,5873716.894388199,16390074.480056763,7,
MBII,1742,2013-08-02,2020-07-02,6.92,149909.00000035763,159373.00196290016,4,
MBIN,674,2017-10-27,2020-07-02,2.68,638990.9912109375,708999.4849205017,4,
MBINO,212,2019-08-19,2020-06-19,0.84,372494.9973106385,372494.9973106385,4,
MBINP,272,2019-03-26,2020-07-02,1.27,43898.50015640259,52989.20087814331,6,
MBIO,721,2017-08-22,2020-07-02,2.86,780049.9876022339,584242.0156478882,4,
MBOT,7122,1992-03-25,2020-07-02,28.27,641935.0074768066,0.0,7,
MBRX,1013,2016-06-02,2020-07-02,4.08,273368.9989686012,289970.99726200104,24,
MBSD,1382,2014-09-04,2020-07-02,5.83,116547.25036621094,98810.99910736084,9,
MBT,5024,2000-06-30,2020-06-19,19.97,28528943.34383011,33964526.16262436,7,
MBUU,1617,2014-01-31,2020-07-02,6.42,7704133.991241455,3514808.9097976685,4,
MBWM,5274,1999-07-20,2020-07-02,20.95,1186540.006160736,415717.0837402344,7,
MC,1565,2014-04-16,2020-07-02,6.21,17504720.72496414,9251060.238647461,4,
MCA,6966,1992-11-04,2020-07-02,27.66,783601.0104179381,556105.0016403198,7,
MCACU,20,2020-06-05,2020-07-02,0.07,465248.00729751587,465248.00729751587,3,
MCB,666,2017-11-08,2020-07-02,2.65,670568.0183410643,827335.9758377075,4,
MCBC,5558,1998-05-20,2020-06-19,22.08,511758.9968681336,222844.61424350739,7,
MCC,2378,2011-01-21,2020-07-02,9.45,236322.50082492828,1878382.5068473816,5,
MCD,13592,1966-07-05,2020-07-02,53.99,696602579.9827576,41736237.5,7,
MCEF,754,2016-09-29,2020-07-02,3.76,37479.75015640259,30463.999938964844,7,
MCEP,2086,2011-12-15,2020-04-01,8.3,30568.999248743054,451024.99339580536,5,
MCF,6610,1994-04-04,2020-07-02,26.25,733180.0141692162,535718.0089950562,7,
MCFT,1250,2015-07-17,2020-07-02,4.96,3363261.068201065,2610633.5035324097,4,
MCHI,1385,2015-01-02,2020-07-02,5.5,194961617.46997836,109091822.1118927,4,
MCHP,6873,1993-03-19,2020-07-02,27.29,211666000.3616333,67380992.78869629,7,
MCHX,4093,2004-03-31,2020-07-02,16.25,341995.0008690357,641927.0028114319,5,
MCI,10162,1980-03-17,2020-07-02,40.29,301414.5124435425,128075.99697113037,7,
MCK,6456,1994-11-10,2020-07-02,25.64,219357203.62854004,98604120.25623322,7,
MCMJ,98,2019-12-13,2020-06-19,0.52,25214.99948501587,25214.99948501587,7,
MCN,4009,2004-08-02,2020-07-02,15.92,453398.5065460205,501808.003616333,5,
MCO,6464,1994-10-31,2020-07-02,25.67,186572601.12304688,59430216.30935669,7,
MCR,7799,1989-07-21,2020-07-02,30.95,817163.5074615479,980279.9554824829,7,
MCRB,1264,2015-06-26,2020-07-02,5.02,894248.2644081116,1657684.02261734,4,
MCRI,6712,1993-08-06,2020-04-01,26.65,1987253.4883499146,310739.00260925293,7,
MCRO,2432,2009-06-09,2020-07-02,11.06,5330.999946594238,52568.49889755249,18,
MCS,10162,1980-03-17,2020-07-02,40.29,5005299.929141998,359762.50858306885,7,
MCV,1831,2013-03-22,2020-07-02,7.28,65670.0005531311,72644.99778747559,4,
MCX,1074,2015-12-24,2020-04-01,4.27,95350.5018234253,59178.998947143555,4,
MCY,8726,1985-11-20,2020-07-02,34.61,11595869.967651367,,5,
MD,6240,1995-09-20,2020-07-02,24.78,19623642.952013016,14379532.892227173,7,
MDC,10166,1980-03-11,2020-07-02,40.31,18081740.505981445,1882005.5242061615,7,
MDCA,6340,1995-04-17,2020-06-19,25.17,372049.5025873184,365091.3354873657,7,
MDGL,3376,2007-02-06,2020-07-02,13.4,14981306.726074219,1443889.9841308594,5,
MDGS,985,2015-09-21,2020-07-02,4.78,18616.000270843506,31752.000427246094,87,
MDIA,149,2015-01-02,2020-07-02,5.5,39599.99895095825,39599.99895095825,1151,
MDIV,1984,2012-08-14,2020-07-02,7.88,1634183.4939956665,2476814.9743080144,5,
MDJH,328,2019-01-08,2020-07-02,1.48,5630.999970436096,7761.8502378463745,9,
MDLA,242,2019-07-19,2020-07-02,0.96,29895512.55569458,29895512.55569458,4,
MDLQ,851,2017-02-14,2020-07-02,3.38,112768.99814605713,131758.00323486325,4,
MDLX,969,2016-08-19,2020-07-02,3.87,81555.49956560135,114979.19654846191,4,
MDLY,1454,2014-09-24,2020-07-02,5.77,51961.0000371933,158144.99621391296,4,
MDLZ,4731,2001-06-13,2020-04-01,18.8,313597312.4862671,,5,
MDP,10162,1980-03-17,2020-07-02,40.29,21191897.9888916,4210576.466178894,7,
MDRR,384,2018-11-28,2020-07-02,1.59,33102.94942855834,28033.00043940544,6,
MDRX,5270,1999-07-26,2020-07-02,20.94,14876106.852674484,17041903.661727905,7,
MDT,11899,1973-05-02,2020-07-02,47.17,484952122.9450226,45236312.5,7,
MDU,11949,1973-02-21,2020-07-02,47.36,28123521.439361572,,6,
MDWD,1584,2014-03-20,2020-07-02,6.29,129379.2541384697,152235.00032424927,4,
MDY,6336,1995-05-04,2020-07-02,25.16,358861958.14971924,272678339.4546509,7,
MDYG,3598,2005-11-15,2020-06-19,14.59,5457247.024536133,628203.0040740966,11,
MDYV,3446,2005-11-15,2020-07-02,14.63,4786660.952377319,372968.49784851074,9,
MEAR,1189,2015-03-05,2020-07-02,5.33,1436434.9781036377,525734.9967956543,16,
MEC,754,2015-01-05,2020-07-02,5.49,313184.9890232086,916980.50801754,435,
MED,6675,1993-12-30,2020-07-02,26.51,25862023.900604248,1431485.9504699707,7,
MEDP,980,2016-08-11,2020-07-02,3.89,21888278.79562378,13658507.999038696,4,
MEDS,555,2014-05-09,2020-07-02,6.15,6737.499791383743,1650.0,42,
MEET,4228,2003-09-04,2020-06-19,16.79,5468566.429138184,516799.4997024536,5,
MEI,9506,1982-10-20,2020-07-02,37.7,6174267.565727234,1364271.0183620453,7,
MEIP,3857,2003-12-18,2020-07-02,16.54,765925.0010251999,172498.99822473526,21,
MELI,3247,2007-08-10,2020-07-02,12.9,310103799.7406006,54520120.95184326,5,
MEN,7837,1989-02-24,2020-04-01,31.1,580604.9880981445,519649.9800682068,7,
MEOH,7084,1992-05-19,2020-07-02,28.12,13404802.722930908,6000945.6424713135,7,
MERC,8053,1988-07-20,2020-07-02,31.95,2516017.982339859,723350.0,7,
MESA,477,2018-08-10,2020-07-02,1.89,2348818.514585495,2153094.005680084,4,
MESO,2134,2010-01-22,2020-07-02,10.44,464275.00581741333,72678.00092697144,56,
MET,5093,2000-04-05,2020-07-02,20.24,240619724.94812012,221103638.94081116,7,
METX,94,2019-10-03,2020-07-02,0.75,134934.99927520752,134934.99927520752,58,
MEXX,726,2017-05-18,2020-07-02,3.12,600600.0040054321,251712.0018005371,16,
MFA,5594,1998-04-13,2020-07-02,22.22,23938832.810926437,10948720.949029922,7,
MFAC,337,2018-09-21,2020-07-02,1.78,244509.98878479004,206396.9910621643,10,
MFC,5227,1999-09-24,2020-07-02,20.77,34062627.10881233,27558793.480682373,7,
MFD,4096,2004-03-26,2020-07-02,16.27,340954.493021965,389828.0033111572,5,
MFDX,707,2017-09-07,2020-07-02,2.82,71507.7995300293,70694.10152435303,5,
MFEM,706,2017-09-07,2020-07-02,2.82,265889.4031524658,180519.2967414856,4,
MFG,3435,2006-11-08,2020-07-02,13.65,1258814.0332341194,1307852.03769207,5,
MFGP,715,2017-08-17,2020-06-19,2.84,6719192.844676971,10571316.348266602,4,
MFH,1320,2015-04-08,2020-07-02,5.23,27923.499405384064,38645.00102996826,4,
MFIN,6069,1996-05-23,2020-07-02,24.11,472860.5120539665,546364.0207290649,7,
MFINL,1052,2016-04-25,2020-07-02,4.19,15555.00011444092,28621.44975662231,4,
MFL,5728,1997-09-29,2020-07-02,22.76,1032014.5135879517,901462.9744529724,7,
MFM,8474,1986-11-18,2020-07-02,33.62,512430.5025577545,346140.75479507446,7,
MFMS,417,2018-11-05,2020-07-02,1.66,420073.50244522095,462746.00372314453,4,
MFNC,5106,2000-03-17,2020-07-02,20.29,175394.99888420105,6940.000104904175,7,
MFO,2067,2012-04-17,2020-07-02,8.21,214228.50561141968,120460.99605560303,5,
MFSF,5097,1999-12-30,2020-04-01,20.25,270819.9935913086,,5,
MFT,6966,1992-11-04,2020-07-02,27.66,257827.49700546265,177610.9971523285,7,
MFUS,697,2017-09-07,2020-07-02,2.82,101529.69875335693,93071.6018676758,7,
MFV,7712,1989-11-17,2020-07-02,30.62,92556.00185394287,98632.49869346619,7,
MG,2702,2009-10-08,2020-07-02,10.73,1233785.0120067596,1450822.4604606628,5,
MGA,8945,1984-10-05,2020-04-01,35.49,44449107.9334259,15763271.704101562,7,
MGC,3151,2007-12-27,2020-07-02,12.51,8947336.199951172,2439360.107421875,5,
MGEE,10162,1980-03-17,2020-07-02,40.29,7145926.00479126,518694.0083026886,7,
MGEN,1522,2014-06-18,2020-07-02,6.04,273960.99743694067,275805.0052642822,4,
MGF,8348,1987-05-20,2020-07-02,33.12,343583.9992284775,618478.7590026855,7,
MGI,4001,2004-08-12,2020-07-02,15.89,4381557.918155193,2342199.9601125717,5,
MGIC,7201,1991-08-30,2020-04-01,28.59,185890.50312042236,122474.99670982361,7,
MGK,1385,2015-01-02,2020-07-02,5.5,32643203.576660156,11864679.109954834,4,
MGM,8108,1988-05-02,2020-07-02,32.17,189793999.96261597,38425434.38053131,7,
MGNI,4,2020-01-02,2020-07-02,0.5,16683999.533772469,16683999.533772469,180,
MGNX,1694,2013-10-10,2020-07-02,6.73,4792697.55730629,5331782.470035553,4,
MGP,1081,2015-01-07,2020-07-02,5.48,33806807.67059326,17273768.345642086,397,
MGPI,7987,1988-10-21,2020-07-02,31.7,5882929.516983032,221759.9945068359,7,
MGR,323,2019-03-25,2020-07-02,1.27,726035.0072860718,792900.0091552734,4,
MGRC,8973,1984-11-13,2020-06-19,35.6,6703826.945114136,618300.0,7,
MGTA,512,2018-06-21,2020-07-02,2.03,1120005.532455444,1019151.4856815338,4,
MGTX,521,2018-06-08,2020-07-02,2.07,2047947.04246521,1582848.0468749998,4,
MGU,3674,2005-08-26,2020-04-01,14.6,830535.9764099121,943968.0114746094,5,
MGV,3151,2007-12-27,2020-07-02,12.51,8149091.857910156,2542343.993759155,5,
MGY,769,2014-12-04,2020-04-01,5.33,12995122.931861877,9116530.168819427,519,
MGYR,2325,2006-01-24,2020-07-01,14.43,6082.499980926514,9225.0,18,
MHD,5826,1997-05-06,2020-07-02,23.16,323514.99223709106,340639.99671936035,7,
MHE,5908,1993-07-23,2020-06-19,26.91,34849.000549316406,28603.125190734863,12,
MHF,7966,1988-11-21,2020-07-02,31.61,267853.9952278137,218468.5066461563,7,
MHH,2725,2008-11-19,2020-07-02,11.62,321843.00689697266,39848.00090789795,10,
MHI,4270,2003-07-18,2020-07-02,16.96,696239.0065670013,716912.5001430511,5,
MHK,7053,1992-04-01,2020-04-01,28.0,91357453.28979492,29233375.665283203,7,
MHLA,2241,2011-07-27,2020-07-02,8.93,89929.9991607666,170581.9938659668,6,
MHLD,3060,2008-05-06,2020-07-02,12.16,129292.49964952469,2236992.044210434,5,
MHN,5724,1997-09-22,2020-06-19,22.74,542811.4949226379,576408.0021858215,7,
MHNC,1659,2013-11-27,2020-07-02,6.6,97842.00210571289,231440.01007080078,4,
MHO,6714,1993-11-03,2020-07-02,26.66,9354934.886074066,2697459.9606513977,7,
MIC,3904,2004-12-16,2020-06-19,15.51,22539011.88135147,11208636.24792099,5,
MICR,7080,1992-02-24,2020-04-01,28.1,9289.500057697296,17200.0,7,
MICT,1938,2012-10-17,2020-07-02,7.71,15804.000198841095,18068.99995803833,5,
MIDD,8283,1987-08-10,2020-06-19,32.86,44938615.05699158,1775340.0192260742,7,
MIDU,2891,2009-01-08,2020-07-02,11.48,1420347.511768341,2955960.0408554077,5,
MIE,1832,2013-03-26,2020-07-02,7.27,1484484.9902629852,1401483.94613266,4,
MIK,1506,2014-06-27,2020-06-19,5.98,18732758.159196377,24787807.945108414,4,
MIME,1098,2015-11-19,2020-04-01,4.37,21854345.548820496,8796712.1383667,4,
MIN,8143,1988-03-11,2020-07-02,32.31,1195391.994023323,1719900.0,7,
MINC,1836,2013-03-20,2020-07-02,7.29,184318.9968109131,746511.0080718994,4,
MIND,6430,1994-12-19,2020-07-02,25.54,48882.99860954285,222937.50467300415,7,
MINDP,1021,2016-06-14,2020-07-02,4.05,64070.0008392334,39974.99942779541,4,
MINI,6638,1994-02-17,2020-06-30,26.37,9234083.912658691,3103625.595188141,7,
MIST,291,2019-05-09,2020-07-02,1.15,373632.0093154907,592677.0227432251,4,
MITK,7416,1989-01-03,2020-07-02,31.49,2842086.0234498978,43867.5009727478,10,
MITO,348,2019-02-15,2020-07-02,1.38,147800.00114440918,138328.50254774094,4,
MITT,2267,2011-06-30,2020-07-02,9.01,3644112.4772548676,3094483.955001831,5,
MIY,6957,1992-11-04,2020-06-19,27.62,507082.0083618164,313500.0,7,
MJ,994,2015-12-03,2020-06-19,4.54,11720663.589477539,7612767.276191711,28,
MJCO,1199,2015-06-29,2020-04-01,4.76,88187.9994392395,40590.00062942505,4,
MJO,145,2015-01-06,2020-07-02,5.49,15022.800064086914,15022.800064086914,1596,
MKC-V,3517,2003-10-09,2020-07-02,16.73,135371.9970703125,43330.00183105469,11,
MKC,11948,1973-02-21,2020-07-02,47.36,109640322.1031189,5394525.0,7,
MKD,129,2019-12-30,2020-07-02,0.51,28262.400245666508,28262.400245666508,4,
MKGI,1211,2015-07-01,2020-07-02,5.0,23117.499315738678,18785.000324249268,8,
MKL,8382,1986-12-12,2020-06-19,33.52,44076221.9543457,4233606.058502197,7,
MKSI,5350,1999-03-30,2020-07-02,21.26,37162995.49865723,7780199.392986298,7,
MKTX,3941,2004-11-05,2020-07-02,15.66,108728559.81750488,7582600.189208984,5,
MLAB,7551,1984-02-29,2020-06-19,36.3,9281388.259124756,38475.0,48,
MLCO,1385,2015-01-02,2020-07-02,5.5,39304969.63253021,56342326.37329102,4,
MLHR,10160,1980-03-17,2020-07-02,40.29,16253369.166946411,5396437.5,7,
MLI,7396,1991-02-25,2020-07-02,29.35,6130093.473339082,3841756.0037612915,7,
MLM,6637,1994-02-17,2020-07-02,26.37,137147675.18234253,29222208.80279541,7,
MLN,3113,2008-01-16,2020-06-19,12.42,894740.9809112549,494699.99027252215,7,
MLND,1385,2015-01-02,2020-07-02,5.5,486594.4989681244,862650.0,4,
MLP,5791,1994-04-25,2020-06-19,26.15,126694.50030326843,70798.00190925598,35,
MLPA,2064,2012-04-19,2020-07-02,8.2,12165666.402626038,1776419.9802398682,5,
MLPB,236,2015-10-09,2020-06-19,4.7,51157.65018463135,51157.65018463135,110,
MLPC,1682,2013-09-26,2020-07-02,6.77,2285.9999656677246,25016.99948310852,7,
MLPE,916,2016-08-11,2020-04-01,3.64,0.0,0.0,4,
MLPG,2507,2010-07-14,2020-07-02,9.97,12813.499546051029,29161.000251770023,6,
MLPI,2582,2010-04-01,2020-07-02,10.25,8580857.920360565,6651731.976318359,5,
MLPO,271,2015-01-07,2020-06-30,5.48,5606.400108337402,9232.99970626831,115,
MLPR,1,2020-07-02,2020-07-02,0.0,31236.849655151367,31236.849655151367,0,
MLPX,1739,2013-08-07,2020-07-02,6.9,6880923.978042603,1319543.9849853516,4,
MLPY,2239,2011-03-17,2020-07-02,9.3,13976.000165939331,43654.00013923645,6,
MLR,6527,1994-08-02,2020-07-02,25.92,1408752.9668807983,439161.01627349854,7,
MLSS,6208,1995-11-03,2020-07-02,24.66,437584.00156497955,17053.499940037727,7,
MLTI,497,2015-09-30,2020-06-11,4.7,5715.60001373291,12071.000099182125,56,
MLVF,3051,2008-05-21,2020-07-02,12.11,166745.99871635437,33327.99987792968,5,
MMAC,6000,1996-08-30,2020-07-02,23.84,269180.49898147583,255075.0048160553,7,
MMC,11938,1973-02-21,2020-06-19,47.32,172093747.7443695,18992925.227069855,7,
MMD,1991,2012-08-03,2020-07-02,7.91,1045628.0267715454,1196000.0,5,
MMI,1679,2013-10-31,2020-07-02,6.67,4417744.3519592285,3836800.117492676,4,
MMIN,452,2017-10-18,2020-07-02,2.7,355430.7460784912,227449.50313568115,41,
MMIT,357,2017-10-18,2020-07-02,2.7,52269.99855041504,58926.00193023682,272,
MMLP,4447,2002-11-01,2020-07-02,17.67,784087.0057582855,1386147.0102310183,5,
MMM,12740,1970-01-02,2020-07-02,50.5,469932634.6221924,51138325.0,7,
MMP,4854,2001-03-19,2020-07-02,19.29,57638862.311553955,13917005.03578186,7,
MMS,6680,1997-06-13,2023-12-28,26.54,23224155.583572388,8523388.933563232,7,
MMSI,8472,1990-05-14,2023-12-28,33.62,19541310.929107666,2169193.5317516327,7,
MMT,9279,1987-03-05,2023-12-28,36.82,421289.99853134155,974381.9684028625,7,
MMTM,2811,2012-10-25,2023-12-28,11.17,207948.0010986328,94724.9984741211,5,
MMU,7921,1992-07-17,2023-12-28,31.45,805774.4786739349,722431.982421875,7,
MMX,368,2002-10-23,2020-06-19,17.66,,,4501,
MMYT,3368,2010-08-12,2023-12-28,13.38,12371491.434288025,5673630.502605438,5,
MN,2168,2011-11-18,2020-07-02,8.62,82062.00226545334,546596.4971542358,5,
MNCL,321,2019-02-28,2020-07-02,1.34,12036.00025177002,10159.99984741211,11,
MNCLU,295,2019-02-07,2020-06-22,1.37,0.0,1039.9999618530271,33,
MNCLW,1,2020-06-19,2020-06-19,0.0,600701.25,600701.25,0,
MNDO,5885,2000-08-08,2023-12-28,23.39,44424.99911785126,73566.00172519682,7,
MNE,4198,2003-07-30,2020-04-01,16.67,73074.99885559082,88753.99808883667,5,
MNK,1775,2013-06-17,2020-07-02,7.04,20002214.19532299,72155742.06695555,4,
MNKD,4890,2004-07-28,2023-12-28,19.42,10728359.606719017,5752339.800262451,5,
MNLO,614,2018-01-25,2020-07-02,2.43,790911.5045785904,741228.9749622345,4,
MNOV,4292,2006-12-08,2023-12-28,17.05,36929.49924468994,104613.00101280214,5,
MNP,6832,1993-01-22,2020-07-02,27.44,259463.4961605072,157500.0,7,
MNPR,125,2019-12-19,2020-06-19,0.5,72890.99626541138,72890.99626541138,4,
MNR,7462,1987-10-01,2023-12-28,36.24,5047258.992624283,153522.49789237976,1210,
MNRL,305,2019-04-18,2020-07-02,1.21,4485273.867988586,4532124.12071228,4,
MNRO,8166,1991-07-30,2023-12-28,32.41,11738243.424987793,2261995.3226089478,7,
MNST,9591,1985-12-09,2023-12-28,38.05,234062925.75759888,8369139.110183716,7,
MNTA,4037,2004-06-22,2020-07-02,16.03,19993196.39072418,6151797.197341919,5,
MO,14728,1962-01-02,2020-07-02,58.5,409278448.83670807,,5,
MOAT,2939,2012-04-25,2023-12-28,11.67,58491033.8722229,6679057.191848755,5,
MOBL,1526,2014-06-12,2020-07-02,6.06,4137468.6420440674,2168922.0530986786,4,
MOD,10406,1982-09-20,2023-12-28,41.27,17212910.048294067,1593343.1422710419,7,
MODN,1827,2013-03-20,2020-06-19,7.25,8279182.004356384,1627151.9866943362,4,
MOFG,4008,2008-01-29,2023-12-28,15.91,630621.4982032776,362155.9959411621,5,
MOG-B,11040,1980-03-17,2023-12-28,43.78,0.0,5050.0,7,
MOGO,1667,2017-05-16,2023-12-28,6.62,67646.54907536507,81713.21893286705,4,
MOGU,1274,2018-12-06,2023-12-28,5.06,4789.800035953522,86423.85096549988,4,
MOH,4281,2003-07-02,2020-07-02,17.0,82865767.9019928,12902234.593391418,5,
MOHO,152,2019-11-08,2020-07-02,0.65,156158.99641513824,156158.99641513824,6,
MOM,942,2015-01-02,2020-07-02,5.5,37186.49959564209,24694.99969482422,18,
MOMO,4133,2007-05-01,2023-12-28,16.66,10275211.01322174,6554600.0,91,
MOO,4108,2007-09-05,2023-12-28,16.31,5060690.359115601,9087093.547439575,5,
MOR,1434,2018-04-19,2023-12-28,5.69,928789.5069122314,926269.9808120728,4,
MORF,1135,2019-06-27,2023-12-28,4.5,16332478.925704956,6532283.834838868,4,
MORN,4697,2005-05-03,2023-12-28,18.65,30946759.559631348,6513104.190063477,5,
MORT,3112,2011-08-17,2023-12-28,12.36,1418706.4699172974,925592.0091629028,5,
MOS,9054,1988-01-26,2023-12-28,35.92,148736132.69500732,,7,
MOSY,4771,2001-07-17,2020-07-02,18.96,129856.50278329849,344640.0136947632,7,
MOTI,2131,2015-07-14,2023-12-28,8.46,511611.99493408203,181863.01040649414,4,
MOTO,3490,2005-06-27,2023-12-28,18.5,32110.400390625,5628.872495621443,161,
MOTS,1478,2018-02-14,2023-12-28,5.87,39810.73499941826,165780.55245018005,4,
MOV,7616,1993-09-30,2023-12-28,30.24,3653313.083457947,2005772.037601471,7,
MOXC,934,2015-02-10,2020-07-02,5.39,13508.50036740303,25959.2502117157,166,
MPA,6966,1992-11-04,2020-07-02,27.66,253298.9990234375,178102.00757980347,7,
MPAA,7495,1994-03-23,2023-12-28,29.77,1019424.006152153,331954.0019989013,7,
MPB,6559,1997-12-04,2023-12-28,26.06,729314.4865989685,9306.122589111328,7,
MPC,2271,2011-06-24,2020-07-02,9.02,306699154.4887543,248744879.47387695,5,
MPLX,2810,2012-10-26,2023-12-28,11.17,55401369.57798004,43030741.22276306,5,
MPV,8864,1988-10-24,2023-12-28,35.18,179784.00030136108,99083.997631073,7,
MPW,4651,2005-07-08,2023-12-28,18.47,90789708.87265205,19709638.430690765,5,
MPWR,4809,2004-11-19,2023-12-28,19.1,237744414.99328613,13146837.090301514,5,
MPX,4857,2001-03-01,2020-06-19,19.3,293039.9932861328,182367.99840927124,7,
MQT,7876,1992-09-21,2023-12-28,31.27,435532.50527381897,452715.49582481384,7,
MQY,7920,1992-07-20,2023-12-28,31.44,1898883.5475444794,696258.7421417236,7,
MR,1520,2014-06-20,2020-07-02,6.03,2357965.9635543823,2289525.023460388,4,
MRAM,1818,2016-10-07,2023-12-28,7.22,568050.0144958496,628236.0018491745,4,
MRBK,1546,2017-10-26,2023-12-28,6.17,190458.2483291626,148863.00435066223,12,
MRC,2006,2012-04-12,2020-04-01,7.97,10323788.265228271,16496592.469596863,5,
MRCC,2811,2012-10-25,2023-12-28,11.17,393735.4984521866,749056.005859375,5,
MRCCL,438,2018-09-18,2020-06-19,1.75,86088.00220489502,96387.5,4,
MRCY,6521,1998-01-30,2023-12-28,25.91,13692247.791481018,3539015.8756256104,7,
MREO,1180,2019-04-24,2023-12-28,4.68,1067522.0055818558,716936.515378952,4,
MRIN,1825,2013-03-22,2020-06-19,7.24,30577.500194311142,256019.99521255493,4,
MRK,13618,1970-01-02,2023-12-28,53.98,754906056.7199707,192117987.5,7,
MRKR,5402,2002-07-16,2023-12-28,21.45,120917.99513578415,17990.000295639038,5,
MRLN,4188,2003-11-12,2020-07-02,16.64,342062.00680732727,371582.50207901,5,
MRNS,3438,2007-12-27,2023-12-28,16.0,3622946.5902090073,952033.9783668518,344,
MRO,13618,1970-01-02,2023-12-28,53.98,259573651.1332512,27270882.63092041,7,
MRSN,750,2017-06-28,2020-06-19,2.98,1594584.524679184,1043678.5093784332,4,
MRTN,8503,1986-09-25,2020-06-19,33.73,3670709.9261283884,375003.99684906006,7,
MRTX,2634,2013-07-15,2023-12-28,10.45,45556132.416152954,23454441.912078857,4,
MRUS,1916,2016-05-19,2023-12-28,7.61,5547517.095756531,1077089.0300750732,4,
MRVL,5911,2000-06-30,2023-12-28,23.49,482124965.4800415,145156200.0,7,
MS,7771,1993-02-23,2023-12-28,30.84,572911369.4129944,,7,
MSA,11938,1973-02-22,2020-06-19,47.32,18560781.089019775,113400.0,7,
MSB,12826,1973-02-21,2023-12-28,50.85,669455.9978485107,121150.0,7,
MSBF,3277,2007-06-20,2020-07-02,13.03,43549.49998855591,7568.00012588501,5,
MSBI,1913,2016-05-24,2023-12-28,7.59,1274981.0062408447,1554708.0039978027,4,
MSC,1311,2018-10-11,2023-12-28,5.21,56928.99942398071,17412.999916076664,4,
MSCI,4057,2007-11-15,2023-12-28,16.12,192033700.01220703,41693116.85428619,5,
MSD,7669,1993-07-16,2023-12-28,30.45,418019.4944381714,554465.975189209,7,
MSEX,12826,1973-02-21,2023-12-28,50.85,6332209.941101074,,7,
MSFT,9526,1986-03-13,2023-12-28,37.79,7707393383.502197,1413802470.4338074,7,
MSGE,59,2020-04-09,2020-07-02,0.23,17291071.215820312,17291071.215820312,4,
MSGN,2629,2010-01-25,2020-07-02,10.43,10066197.315788269,11239165.642929077,5,
MSGS,2085,2015-09-17,2023-12-28,8.28,23870697.625732422,29568190.711975098,4,
MSI,13619,1970-01-02,2023-12-28,53.98,183044420.37506104,,5,
MSM,7057,1995-12-15,2023-12-28,28.04,33247845.178222656,17981838.665771484,7,
MSN,7383,1994-09-01,2023-12-28,29.32,2914.9999529123306,35020.000368356705,7,
MSON,7156,1992-01-23,2020-06-19,28.41,1065314.9770736694,59510.00118255615,7,
MSTR,6430,1998-06-11,2023-12-28,25.55,230708851.00250244,14236998.059654236,7,
MSUS,235,2018-04-04,2020-06-25,2.23,11980.99994659424,11980.99994659424,62,
MSVB,5198,1999-10-26,2020-07-02,20.68,25575.000190734863,0.0,7,
MSVX,34,2020-05-15,2020-07-02,0.13,192494.25411224362,192494.25411224362,4,
MT,6642,1997-08-07,2023-12-28,26.39,50197320.80440521,61339828.40948105,7,
MTA,6019,2000-01-04,2023-12-28,23.98,746225.0080108643,,7,
MTB,11040,1980-03-17,2023-12-28,43.78,145071068.6164856,16915137.186431885,7,
MTBC,1498,2014-07-23,2020-07-02,5.94,258085.6064081192,112602.002120018,4,
MTBCP,1170,2015-11-04,2020-07-02,4.66,317416.8032646179,163855.99784851074,4,
MTC,4965,2003-02-21,2023-12-28,20.85,72746.99737429619,7962.499864399433,251,
MTCH,7793,1993-01-19,2023-12-28,30.94,165452788.6707306,52176375.62303543,7,
MTCN,26,2020-05-28,2020-07-02,0.1,1928394.0155029297,1928394.0155029297,3,
MTD,6572,1997-11-14,2023-12-28,26.12,147492556.75048828,27279749.81613159,7,
MTDR,2996,2012-02-02,2023-12-28,11.9,67847047.2623825,32712942.571735382,5,
MTEM,4757,2005-02-04,2023-12-28,18.89,50375.824543476105,532150.0110626221,5,
MTEX,6259,1999-02-16,2023-12-28,24.86,12891.000413894653,109687.5,7,
MTG,8160,1991-08-07,2023-12-28,32.39,29751253.30438614,30449403.084278107,7,
MTGP,144,2019-11-18,2020-07-02,0.62,55613.24882507324,55613.24882507324,9,
MTH,8927,1988-07-26,2023-12-28,35.42,42202959.94949341,8262314.842605594,7,
MTL.P,2346,2010-07-01,2020-07-02,10.0,14191.00008904934,24564.000180363655,8,
MTL,3946,2004-10-29,2020-07-02,15.67,119115.0015950203,4604294.108104706,5,
MTLS,2395,2014-06-25,2023-12-28,9.51,844639.5093917847,1013549.9668121337,4,
MTN,6770,1997-02-04,2023-12-28,26.89,80269235.87875366,12211731.649589539,7,
MTNB,2378,2014-07-21,2023-12-28,9.44,151861.75096929073,246846.6944605112,4,
MTOR,5019,2000-07-10,2020-06-19,19.94,18370682.459545135,11864019.883155823,7,
MTP,970,2015-12-07,2020-07-02,4.57,168139.99519348145,40231.49865269661,15,
MTR,11147,1979-10-15,2023-12-28,44.2,300845.9930419922,,7,
MTRN,11040,1980-03-17,2023-12-28,43.78,9005708.10546875,1311715.0295257568,7,
MTRX,8378,1990-09-26,2023-12-28,33.25,867726.50411129,1356715.0292396545,7,
MTSC,10162,1980-03-17,2020-07-02,40.29,5362140.940475464,583153.125,7,
MTSI,2967,2012-03-15,2023-12-28,11.79,27320249.14112091,15097807.711791992,5,
MTSL,5809,1997-05-21,2020-06-19,23.08,13557.999837398529,7149.999737739563,7,
MTT,2837,2009-03-27,2020-07-02,11.27,472389.9869918823,535578.9958953857,5,
MTUM,2694,2013-04-18,2023-12-28,10.69,54162130.61828613,55089109.27276611,4,
MTW,7619,1990-03-26,2020-06-19,30.23,4813570.649576187,5442622.657775879,7,
MTX,7852,1992-10-23,2023-12-28,31.18,8470428.336334229,6068771.29611969,7,
MTZ,12826,1973-02-21,2023-12-28,50.85,58625452.13661194,1351355.4286956787,7,
MU,9975,1984-06-01,2023-12-28,39.57,842901440.329361,176761675.47454834,7,
MUA,7669,1993-07-16,2023-12-28,30.45,857767.4915313721,443915.9843444824,7,
MUB,4105,2007-09-10,2023-12-28,16.3,308829317.52090454,38020445.69320679,5,
MUC,5614,1998-03-02,2020-06-19,22.3,1129089.4950389862,900907.0072174072,7,
MUE,6244,1999-03-09,2023-12-28,24.8,559206.9959640503,568311.9988441467,7,
MUFG,5722,2001-04-02,2023-12-28,22.74,24369225.681900978,8462389.94679451,7,
MUH,5622,1998-03-03,2020-07-02,22.33,275814.00446891785,271771.4985847473,7,
MUI,5140,2003-07-30,2023-12-28,20.41,1705400.0144958496,1078925.5088329315,5,
MUJ,6493,1998-03-12,2023-12-28,25.8,1209688.5343551636,485439.99576568604,7,
MUNI,3533,2009-12-15,2023-12-28,14.03,6473635.443878174,1213230.9928894043,5,
MUR,10153,1980-03-17,2020-06-19,40.26,55558816.927194595,11300360.284423828,7,
MUS,5579,1998-05-04,2020-07-02,22.16,346123.4968662262,324323.99911880493,7,
MUSA,2609,2013-08-19,2023-12-28,10.36,70228818.30444336,29343263.012695312,4,
MUST,328,2018-10-10,2020-07-02,1.73,47750.99983215332,34568.00079345703,19,
MUTE,342,2019-01-14,2020-07-02,1.46,23633.050918579105,30109.501123428345,8,
MUX,11004,1980-05-07,2023-12-28,43.64,3043283.9699029922,122947.99745082857,7,
MVBF,2869,2012-08-03,2023-12-28,11.4,560578.5035133362,83209.99898910522,5,
MVC,5037,2000-06-26,2020-07-02,20.02,183268.50192546844,446589.997291565,7,
MVCD,655,2017-11-20,2020-07-02,2.61,178057.50036239624,137537.99629211423,6,
MVF,8885,1988-09-23,2023-12-28,35.26,778716.0066604614,680400.0,7,
MVIN,783,2007-12-17,2020-07-02,12.54,43574.99885559083,31198.30017089844,1185,
MVIS,6881,1996-08-27,2023-12-28,27.33,5006838.06732893,905839.9795532227,7,
MVO,4266,2007-01-19,2023-12-28,16.94,518563.0100250244,586324.9994277954,5,
MVRL,18,2020-06-08,2020-07-02,0.07,5931.599998474121,5931.599998474121,4,
MVT,7736,1993-04-12,2023-12-28,30.71,451720.01304626465,435294.256734848,7,
MVV,4411,2006-06-21,2023-12-28,17.52,471383.0129623413,4730080.114746094,5,
MWA,4428,2006-05-26,2023-12-28,17.59,10719747.090244293,8011080.513381958,5,
MWK,3530,2000-10-25,2020-07-02,19.69,133092.00103282928,0.0,814,
MX,3222,2011-03-11,2023-12-28,12.8,2004784.9281787872,2804938.5212421417,5,
MXC,7468,1994-05-03,2023-12-28,29.65,31844.50092315674,9039.49990272522,7,
MXDE,217,2018-03-27,2020-07-02,2.27,4515.99998474121,4515.99998474121,32,
MXDU,430,2017-09-19,2020-06-29,2.78,17570.699501037598,23349.00045394897,22,
MXE,7465,1990-08-15,2020-04-01,29.63,32320.000171661377,151809.99565124512,7,
MXF,10733,1981-06-04,2023-12-28,42.57,426145.00207901,731657.9879760742,7,
MXI,4346,2006-09-22,2023-12-28,17.26,763230.0033569336,1999466.5410995483,5,
MXIM,8152,1988-02-29,2020-07-02,32.34,107998164.4290924,70806873.68278503,7,
MXL,3466,2010-03-24,2023-12-28,13.76,16285408.33683014,8972477.043914795,5,
MYC,7120,1992-03-16,2020-06-19,28.26,539292.5040721893,420575.0000476837,7,
MYD,8069,1991-12-16,2023-12-28,32.03,1003841.9879436493,905826.0077476501,7,
MYE,11040,1980-03-17,2023-12-28,43.78,2308058.9303970337,474168.2578086853,7,
MYF,7065,1992-03-16,2020-04-01,28.04,326569.0077781677,242144.00215148926,7,
MYFW,1371,2018-07-19,2023-12-28,5.44,268468.5055732727,227855.99784851074,4,
MYGN,7106,1995-10-06,2023-12-28,28.23,10293042.266464233,15287347.58720398,7,
MYI,7987,1992-04-13,2023-12-28,31.71,1818643.0234909058,1296750.0,7,
MYJ,7085,1992-05-18,2020-07-02,28.12,513900.0,221214.9942398071,7,
MYL,10162,1980-03-17,2020-07-02,40.29,110673433.27789307,19428772.33629227,7,
MYN,8007,1992-03-16,2023-12-28,31.78,694019.4916248322,579057.9872131349,7,
MYO,1649,2017-06-12,2023-12-28,6.54,251502.70283222198,345925.0012040138,4,
MYOK,1177,2015-10-29,2020-07-02,4.68,22158560.51902771,11229179.717254637,4,
MYOS,2251,2010-11-01,2020-07-02,9.67,12871.45009636879,23370.00036239624,123,
MYOV,926,2016-10-27,2020-07-02,3.68,6864562.128353119,1198057.4979782104,4,
MYRG,3871,2008-08-13,2023-12-28,15.37,12196983.83178711,2849680.013656616,5,
MYSZ,1871,2016-07-25,2023-12-28,7.43,40940.00008702278,172791.0075187683,4,
MYT,1280,2015-06-04,2020-07-02,5.08,44678.2992631197,53303.19806039333,4,
MYY,3519,2006-06-22,2020-07-02,14.03,202036.49883270264,757416.0278320312,5,
MZA,6705,1993-11-15,2020-07-02,26.63,76422.49989509583,63450.0,7,
MZZ,3468,2006-07-13,2020-07-02,13.97,143383.49976539612,878532.0072174072,7,
NAC,6189,1999-05-26,2023-12-28,24.59,3410746.99678421,668219.9983596802,7,
NACP,388,2018-07-19,2020-06-19,1.92,4417.0000076293945,7172.000122070312,14,
NAD,6189,1999-05-26,2023-12-28,24.59,6821921.941375732,1074600.0,7,
NAII,6709,1993-10-28,2020-06-19,26.64,48560.00065803528,62706.25,7,
NAIL,2105,2015-08-19,2023-12-28,8.36,13661680.195999146,6272735.888671875,4,
NAK,5660,2001-06-29,2023-12-28,22.5,246804.9970634281,720821.0009083152,7,
NAKD,1084,2013-11-25,2020-07-02,6.6,8633048.21035862,150350.0,162,
NAN,6189,1999-05-26,2023-12-28,24.59,578887.494802475,249934.99631881714,7,
NANR,2020,2015-12-18,2023-12-28,8.03,1329343.5054779053,959421.4849472046,4,
NAOV,2163,2015-05-28,2023-12-28,8.59,29639.50108885765,16200.0,4,
NAPR,943,2020-04-01,2023-12-28,3.74,289880.6091308594,131073.39553833008,4,
NAT,6605,1997-09-30,2023-12-28,26.24,10024141.489362717,6994611.5158081055,7,
NATH,7766,1993-02-26,2023-12-28,30.83,427522.49336242676,126887.99962997437,7,
NATI,6363,1995-03-14,2020-06-19,25.27,22131167.510986328,7547704.084968568,7,
NATR,2711,2009-06-25,2020-04-01,10.77,124733.00509452821,199020.00408172607,5,
NAV,14727,1962-01-02,2020-07-02,58.5,13354365.362930298,2958500.0,7,
NAVB,6962,1992-11-10,2020-07-02,27.64,102304.99786138535,139849.99713897705,7,
NAVI,2442,2014-04-17,2023-12-28,9.7,14948142.024040222,28424293.887043,4,
NAZ,7833,1992-11-19,2023-12-28,31.1,184207.50656127933,97160.00213623047,7,
NBAC,31,2020-05-01,2020-07-02,0.17,68309.99736785887,68309.99736785887,6,
NBACU,68,2020-02-14,2020-07-02,0.38,53002.51501083374,53002.51501083374,10,
NBB,3442,2010-04-28,2023-12-28,13.67,1048799.0146636963,1433321.0065364838,5,
NBEV,1484,2014-08-07,2020-07-02,5.9,3608471.981012821,477605.00288009644,4,
NBH,5333,2002-10-22,2023-12-28,21.18,525429.0141105652,518035.0137710572,5,
NBHC,1949,2012-09-20,2020-06-19,7.75,4910497.029495239,3436264.0398025517,5,
NBIX,6947,1996-05-23,2023-12-28,27.6,67253695.85800171,13199975.179195404,7,
NBL,10099,1980-03-17,2020-07-02,40.29,110776385.10494232,11156250.0,92,
NBLX,956,2016-09-15,2020-07-02,3.79,6886947.022628784,5134279.6812057495,4,
NBN,9163,1987-08-19,2023-12-28,36.36,954546.0338592529,13000.000476837158,7,
NBO,4473,2002-09-26,2020-07-02,17.77,117105.00116348267,120830.00164031982,5,
NBR,11939,1973-02-21,2020-06-19,47.32,23225025.0,5610000.0,7,
NBRV,1204,2015-09-18,2020-07-02,4.79,1625597.0097184181,785790.0038003922,4,
NBSE,4930,2004-05-28,2023-12-28,19.58,59516.679674595594,43492.988191366196,5,
NBTB,8006,1992-03-17,2023-12-28,31.78,5950713.058662415,1448403.5180091858,7,
NBW,4455,2002-10-22,2020-07-02,17.69,180599.49779510498,164280.00211715698,5,
NBY,4071,2007-10-26,2023-12-28,16.17,48296.00125551224,75991.99662208557,5,
NC,11733,1977-06-17,2023-12-28,46.53,399228.00521850586,669011.9200110435,7,
NCA,9129,1987-10-07,2023-12-28,36.22,575580.5200576782,254789.98804092407,7,
NCB,2815,2009-04-28,2020-07-02,11.18,81577.00061798096,90947.99880981445,5,
NCLH,2755,2013-01-18,2023-12-28,10.94,204952621.18663788,103059783.17565918,4,
NCMI,3365,2007-02-08,2020-06-19,13.36,2703406.5277576447,3632181.0102939606,5,
NCNA,1573,2017-09-28,2023-12-28,6.25,37778.60023379326,414972.98641204834,4,
NCR,5929,1996-12-11,2020-07-02,23.56,26242871.272850037,27893032.934188843,7,
NCSM,1679,2017-04-28,2023-12-28,6.67,38818.00136566162,126308.00476074219,4,
NCTY,3892,2004-12-15,2020-06-19,15.51,45647.998505830765,207447.0031261444,5,
NCV,4346,2003-03-31,2020-07-02,17.26,1612837.9522323608,2094465.9489631653,5,
NCZ,5141,2003-07-29,2023-12-28,20.42,1489344.9892878532,1690425.0,5,
NDAQ,5412,2002-07-01,2023-12-28,21.49,130690267.3822403,58420321.726989746,5,
NDLS,2644,2013-06-28,2023-12-28,10.5,909295.0140833855,1930171.9472885132,4,
NDRA,1635,2017-06-30,2023-12-28,6.49,44119.49928998947,116017.59484291077,4,
NDSN,11039,1980-03-18,2023-12-28,43.78,46383669.49386597,2535302.983474732,7,
NE,9410,1985-09-23,2023-12-28,38.26,55158413.38443756,38338753.42082977,342,
NEA,5274,2003-01-16,2023-12-28,20.95,8098297.256469727,1187783.973312378,5,
NEAR,2577,2013-10-03,2023-12-28,10.23,26454774.87888336,24428216.22581482,4,
NEBU,523,2018-03-06,2020-04-01,2.07,19720.999479293823,0.0,4,
NEBUU,570,2018-01-09,2020-06-10,2.42,0.0,0.0,31,
NEBUW,511,2018-03-22,2020-04-01,2.03,0.0,0.0,4,
NEE,12826,1973-02-21,2023-12-28,50.85,585930211.000061,24233100.0,7,
NEED,398,2018-11-29,2020-07-02,1.59,231505.10654449463,149365.69852828982,4,
NEM,11041,1980-03-17,2023-12-28,43.78,356112158.2714081,,7,
NEN,9098,1987-11-19,2023-12-28,36.11,14034.99984741211,7579.249835014343,7,
NEO,4982,2004-03-16,2023-12-28,19.78,13136752.017211914,684215.4983758926,5,
NEOG,7767,1989-08-23,2020-06-19,30.82,12215347.288322449,340279.5208692551,7,
NEON,8812,1989-01-09,2023-12-28,34.97,238935.99944114685,0.0,7,
NEOS,1250,2014-07-14,2020-07-02,5.97,219243.39885115623,1017981.5243721008,371,
NEP,2393,2014-06-27,2023-12-28,9.5,46876661.52000427,15266972.653961182,4,
NEPH,4852,2004-09-21,2023-12-28,19.27,10974.999731779099,10800.000190734863,5,
NEPT,4124,2007-08-13,2023-12-28,16.38,83623.00055027008,230054.99477386475,5,
NERD,1152,2019-06-04,2023-12-28,4.57,41626.59888267517,191732.20109939575,4,
NERV,2391,2014-07-01,2023-12-28,9.49,145672.49999046326,875279.9850940704,4,
NES,683,2017-10-12,2020-07-02,2.72,5692.750096321106,38324.99933242798,4,
NESR,1654,2017-06-05,2023-12-28,6.56,340560.8946762085,1105351.396262169,4,
NET,6426,1996-08-08,2023-12-28,27.39,227156107.9410553,4182.000114440918,562,
NETE,2938,2008-10-17,2020-06-19,11.67,112030.5028796196,35850.0,5,
NETL,1202,2019-03-22,2023-12-28,4.77,249050.00534057617,271419.903755188,4,
NEU,11040,1980-03-17,2023-12-28,43.78,14171427.769470215,4255343.821334839,7,
NEV,2700,2009-10-12,2020-07-02,10.72,881494.0104484558,839982.5068473816,5,
NEW,4469,2000-01-04,2020-06-19,20.46,1482034.9462985992,0.0,210,
NEWA,740,2017-07-10,2020-07-02,2.98,12936.500120162964,196255.7939529419,16,
NEWR,1398,2014-12-12,2020-07-02,5.56,55434900.57449341,23555514.766311646,4,
NEWT,5850,2000-09-27,2023-12-28,23.25,2375018.084716797,158667.49873161316,7,
NEWTL,1112,2019-07-31,2023-12-28,4.41,31937.750148773193,43188.499546051025,4,
NEX,1393,2007-01-03,2020-07-02,13.49,7730029.978013039,0.0,1135,
NEXA,1553,2017-10-26,2023-12-28,6.17,396413.4973049164,729750.0,4,
NEXT,3407,2010-05-06,2023-12-28,13.65,4644440.093779564,96600.00085830688,19,
NFBK,4062,2007-11-08,2023-12-28,16.14,1785045.5312728882,1362878.0517578125,5,
NFE,3418,2007-12-13,2023-12-28,16.04,38717117.99259186,459831.31896972656,839,
NFG,11889,1973-05-03,2020-06-19,47.13,27700143.397521973,1822400.0,7,
NFH,261,2019-06-21,2020-07-02,1.03,372761.49439811707,367080.0086975097,4,
NFIN,160,2019-08-14,2020-04-01,0.63,40037.99901008606,40037.99901008606,4,
NFINU,191,2019-07-31,2020-07-02,0.92,10300.000190734863,10300.000190734863,19,
NFJ,4741,2005-03-01,2023-12-28,18.83,2092831.0382843018,3755889.107322693,5,
NFLX,4551,2002-05-23,2020-06-19,18.08,2206793663.102722,447902486.56921387,5,
NFRA,2573,2013-10-09,2023-12-28,10.22,3472879.0634155273,2140320.0317382812,4,
NFTY,2979,2012-02-28,2023-12-28,11.83,315610.994720459,14680.000305175781,5,
NG,5051,2003-12-04,2023-12-28,20.07,5423041.025805473,7465171.726179123,5,
NGD,4810,2004-11-18,2023-12-28,19.11,2992130.0362944603,8049236.012136936,5,
NGE,2705,2013-04-03,2023-12-28,10.74,108640.00315666199,183600.00228881836,4,
NGG,3741,2005-08-10,2020-06-19,14.86,28261212.93296814,22310176.81121826,5,
NGHC,1604,2014-02-20,2020-07-02,6.36,5266886.427402497,4190842.879390716,4,
NGHCN,1003,2016-07-11,2020-07-02,3.98,466427.50415802,463055.0127029419,4,
NGHCP,1520,2014-06-20,2020-07-02,6.03,59752.80075073242,70986.99989318848,4,
NGHCZ,1162,2015-08-20,2020-04-01,4.62,148340.80123901367,196919.3512916565,4,
NGL,3177,2011-05-16,2023-12-28,12.62,1420765.9906864166,5563191.1267519,5,
NGM,1489,2013-12-16,2023-12-28,10.03,798584.9712371826,2155608.015060425,1014,
NGS,4446,2002-10-22,2020-06-19,17.66,636571.0203170776,863778.9899826051,5,
NGVC,2876,2012-07-25,2023-12-28,11.43,426355.00383377075,1312542.011833191,5,
NGVT,1041,2016-05-03,2020-06-19,4.13,23780859.032058716,18013887.280273438,4,
NH,1034,2016-01-06,2020-07-02,4.49,193970.3466117382,346773.0080842972,142,
NHA,1117,2016-01-27,2020-07-02,4.43,125694.00219917297,130248.00357818604,4,
NHC,9322,1987-01-02,2023-12-28,36.99,2475546.996688843,281897.4937438965,7,
NHF,3521,2006-06-26,2020-06-19,13.98,3176395.047569275,1765712.0567321777,5,
NHI,8116,1991-10-09,2023-12-28,32.22,9079753.052520752,2740454.925918579,7,
NHLD,8324,1987-06-23,2020-07-02,33.03,8006.000101566315,1654.4999599456787,7,
NHS,5141,2003-07-29,2023-12-28,20.42,824050.5163669586,559326.0200500488,5,
NHTC,7180,1995-06-22,2023-12-28,28.52,63610.00008583069,73119.50159072876,7,
NI,11949,1973-02-21,2020-07-02,47.36,84991474.70493317,,7,
NIB,3018,2008-06-25,2020-06-19,11.98,546804.9964904785,490011.9960784912,5,
NICE,6152,1996-01-25,2020-07-02,24.44,36015073.724365234,5893499.942779542,7,
NICK,5602,1997-12-29,2020-04-01,22.26,25046.499586105347,,6,
NID,1906,2012-12-06,2020-07-02,7.57,895117.00258255,1273464.006614685,4,
NIE,4242,2007-02-23,2023-12-28,16.84,1402822.0239639282,1410236.4813804626,5,
NIFE,16,2020-06-11,2020-07-02,0.06,89566.49990081787,89566.49990081787,3,
NIM,7876,1992-09-21,2023-12-28,31.27,192425.00615119934,168314.49279785156,7,
NINE,1496,2018-01-19,2023-12-28,5.94,3388863.043642044,1614475.9501695633,4,
NIO,1333,2018-09-12,2023-12-28,5.29,409216537.34264374,624388548.5858917,4,
NIQ,1863,2013-02-08,2020-07-02,7.39,284045.0011730194,347615.9927368164,4,
NIU,4747,1988-01-29,2023-12-28,35.91,1333966.4883613586,,699,
NJAN,130,2016-01-15,2020-07-02,4.46,223220.54615020752,223220.54615020752,1366,
NJR,10163,1980-03-17,2020-07-02,40.29,19312937.390995026,,5,
NJV,2814,2009-04-28,2020-07-02,11.18,42098.500633239746,47988.49883079529,5,
NK,1440,2014-09-02,2020-07-02,5.83,1776095.9973096848,952600.0105857849,31,
NKE,10861,1980-12-02,2023-12-28,43.07,729058908.1237793,,5,
NKG,4473,2002-09-26,2020-07-02,17.77,165372.0004081726,106856.00318908691,5,
NKLA,1398,2018-06-11,2023-12-28,5.55,44076853.481939435,48526584.999233484,4,
NKSH,6058,1999-12-01,2023-12-28,24.07,363810.49757003784,169980.50231933594,7,
NKTR,7468,1994-05-03,2023-12-28,29.65,1803069.0716475248,9740224.018573761,7,
NL,11041,1980-03-17,2023-12-28,43.78,92509.50002670288,,5,
NLOK,361,2002-02-01,2020-07-02,18.41,137681315.53668976,,3186,
NLR,4122,2007-08-15,2023-12-28,16.37,565385.0002288818,225359.503364563,5,
NLS,5317,1999-05-05,2020-06-19,21.13,1222075.525546074,3262177.885055542,7,
NLTX,2464,2014-03-07,2023-12-18,9.78,84133.59009504318,724369.4953680038,4,
NLY,6599,1997-10-08,2023-12-28,26.22,85277416.5178299,79218374.10602568,7,
NM,5058,2003-11-10,2023-12-13,20.09,101621.23099470139,1099878.3475005627,5,
NMCO,1079,2019-09-17,2023-12-28,4.28,1772228.9950370789,1782960.0105285642,4,
NMFC,3173,2011-05-20,2023-12-28,12.61,3324538.0325317383,3823775.9201049805,5,
NMFX,426,2018-09-28,2020-07-02,1.76,41250.999450683594,55967.99898147584,5,
NMI,8984,1988-05-04,2023-12-28,35.65,145725.50144195557,95955.49883842468,7,
NMIH,2551,2013-11-08,2023-12-28,10.14,9545355.839538574,7148097.233390808,4,
NML,2710,2013-03-26,2023-12-28,10.76,1076310.0033521652,1692329.9652636056,4,
NMM,4059,2007-11-13,2023-12-28,16.12,1791094.0538406372,2700431.9165039067,5,
NMR,6627,1995-05-16,2023-12-28,28.62,4614336.982870102,1759449.9564170837,46,
NMRD,1732,2014-12-18,2023-12-28,9.03,23092.799851298332,57190.39926528929,85,
NMS,2322,2014-10-08,2023-12-28,9.22,105197.99728393556,87503.49941253662,4,
NMT,7752,1993-03-18,2023-12-28,30.78,137605.5025100708,80448.74897003174,7,
NMTR,92,2019-11-04,2020-07-02,0.66,223022.79627919197,223022.79627919197,56,
NMY,6874,1993-03-18,2020-07-02,27.29,367631.9987297058,173061.99955940247,7,
NMZ,5060,2003-11-20,2023-12-28,20.1,3297663.963699341,1302118.975687027,5,
NNA,2853,2008-07-07,2020-06-19,11.95,805412.0221138,461820.0065612793,17,
NNBR,7501,1994-03-15,2023-12-28,29.79,196167.99154281616,634155.0120353699,7,
NNI,5045,2003-12-12,2023-12-28,20.04,3696607.989501953,3370187.910461426,5,
NNN,9886,1984-10-09,2023-12-28,39.22,48617871.630477905,,7,
NNVC,4574,2005-10-26,2023-12-28,18.17,29384.000051021576,147460.00137329102,5,
NNY,9129,1987-10-07,2023-12-28,36.22,255577.00400352478,142143.75,7,
NOA,3361,2006-11-22,2020-04-01,13.36,1206514.5107746124,539000.0,5,
NOAH,3305,2010-11-10,2023-12-28,13.13,741273.9850997925,4694534.1203689575,5,
NOBL,2572,2013-10-10,2023-12-28,10.21,42331019.885253906,23850510.649871826,4,
NOC,10587,1981-12-31,2023-12-28,41.99,332835412.6953125,69310733.36105347,7,
NOCT,188,2019-10-01,2020-07-02,0.75,220441.49837493896,220441.49837493896,6,
NODK,831,2017-03-16,2020-07-02,3.3,157582.00120925903,159099.9984741211,4,
NOG,4208,2007-04-13,2023-12-28,16.71,45291368.26763153,9387186.052703857,5,
NOM,7704,1993-05-26,2023-12-28,30.59,27196.00009918213,19175.0,7,
NOMD,2263,2015-01-02,2023-12-28,8.99,8144667.105388641,12935807.837677002,4,
NORW,3615,2009-08-19,2023-12-28,14.36,186386.00149154663,344964.00260925293,5,
NOV,6837,1996-10-29,2023-12-28,27.16,71515635.27164459,94895372.52902983,7,
NOVA,1116,2019-07-25,2023-12-28,4.43,58554235.9711647,52518448.45523834,4,
NOVN,952,2016-09-21,2020-07-02,3.78,299715.50698280334,225891.4962887764,4,
NOVSU,33,2020-05-18,2020-07-02,0.12,166824.0051269531,166824.0051269531,4,
NOVT,6233,1999-03-24,2023-12-28,24.76,19599764.545440674,1155675.9610176086,7,
NOW,2893,2012-06-29,2023-12-28,11.5,633114710.810852,273963335.1074219,5,
NP,3933,2004-11-17,2020-07-02,15.62,5297812.498664856,3393624.1470336914,5,
NPA,3204,2004-07-15,2020-07-02,15.96,1975.0,0.0,640,
NPAUU,154,2019-09-11,2020-07-02,0.81,48706.0004234314,48706.0004234314,51,
NPK,11040,1980-03-17,2023-12-28,43.78,1435899.4785308838,601563.2614135742,7,
NPN,2559,2009-04-28,2020-07-02,11.18,19950.50024986267,32979.99954223633,8,
NPO,5437,2002-05-24,2023-12-28,21.6,9881850.08392334,6053850.151062012,5,
NPTN,2370,2011-02-02,2020-07-02,9.41,5415026.088619232,3069856.5237283707,5,
NPV,6848,1993-03-18,2020-06-19,27.26,268366.0057067871,141281.25,7,
NQP,8276,1991-02-21,2023-12-28,32.85,562260.0038528442,255680.99761009216,7,
NR,8392,1990-09-06,2023-12-28,33.31,3303518.9764022827,2552108.9968681335,7,
NRBO,1862,2016-08-05,2023-12-28,7.39,97848.15837359428,235836.00158691406,4,
NRC,1782,2013-05-23,2020-06-19,7.07,1950211.982345581,372585.9916687012,4,
NRG,5053,2003-12-02,2023-12-28,20.07,124189555.57537079,85137330.46188354,5,
NRGD,1189,2019-04-10,2023-12-28,4.72,11243624.502563478,5906400.0,4,
NRGO,121,2019-04-30,2020-07-02,1.17,10789.900016784666,10789.900016784666,33,
NRGU,1185,2019-04-16,2023-12-28,4.7,28437131.408691406,29047361.834716797,4,
NRGX,1238,2019-01-30,2023-12-28,4.91,1113119.8573036194,1563767.5143241882,4,
NRGZ,135,2019-04-10,2020-07-02,1.23,10967.19970703125,10967.19970703125,26,
NRIM,8342,1990-11-15,2023-12-28,33.12,897902.0141601562,126517.49868392944,7,
NRK,5274,2003-01-16,2023-12-28,20.95,1590210.053730011,629167.5046443939,5,
NRO,5076,2003-10-29,2023-12-28,20.16,425512.01055049896,858788.9908790588,5,
NRP,5340,2002-10-11,2023-12-28,21.21,1113732.504272461,1996710.0288391113,5,
NRT,11040,1980-03-17,2023-12-28,43.78,1003480.5066108704,142987.5,7,
NRUC,1170,2019-05-08,2023-12-28,4.64,389736.00158691406,473804.00571823126,4,
NRZ,1806,2013-05-02,2020-07-02,7.17,56824173.62771034,35988574.815273285,4,
NS,5716,2001-04-10,2023-12-28,22.72,6586062.10269928,8530403.29284668,7,
NSA,1300,2015-04-23,2020-06-19,5.16,11786721.125125885,8029671.967315676,4,
NSC,10482,1982-06-02,2023-12-28,41.57,257733454.55169672,32448835.954284668,7,
NSCO,535,2017-10-10,2020-07-02,2.73,223306.00452423096,183437.9945755005,15,
NSEC,948,2015-01-02,2020-06-29,5.49,4660.000038146973,14400.0,14,
NSIT,7284,1995-01-24,2023-12-28,28.93,28213310.639190674,5585749.04460907,7,
NSL,5195,1999-10-27,2020-06-19,20.65,910604.0072917938,638329.9841880798,7,
NSP,6774,1997-01-29,2023-12-28,26.91,22912674.452972412,6328840.336990356,7,
NSPR,3200,2011-04-12,2023-12-28,12.71,54385.50058603287,98103.49895656109,5,
NSS,1862,2013-01-29,2020-06-19,7.39,816124.9939918519,686575.4994392395,4,
NSSC,10589,1981-12-29,2023-12-28,42.0,10549919.534397125,47232.001876831055,7,
NSTG,2646,2013-06-26,2023-12-28,10.51,4070730.143976212,3508583.908081054,4,
NSYS,1270,2015-01-02,2020-07-02,5.5,11858.500134944916,16099.999856948853,6,
NTAP,7074,1995-11-21,2023-12-28,28.1,121568137.22000122,127101818.27311516,7,
NTB,2543,2010-05-17,2023-12-28,13.62,5406126.355266571,7940385.053634644,996,
NTCO,1003,2020-01-06,2023-12-28,3.98,3934966.1095380783,6023700.177669525,4,
NTCT,6135,1999-08-12,2023-12-28,24.38,10661971.938705444,5301217.924118042,7,
NTEC,1219,2015-08-04,2020-07-02,4.91,507037.40787804127,271114.7905468941,6,
NTES,5911,2000-06-30,2023-12-28,23.49,102071705.58166504,57786649.41558839,7,
NTG,3378,2010-07-29,2023-12-28,13.42,476208.0099105835,2412425.074005127,5,
NTGR,5139,2003-07-31,2023-12-28,20.41,2758726.9997119904,9749124.464416506,5,
NTIC,7998,1992-03-27,2023-12-28,31.75,82075.00038146973,22065.00036716461,7,
NTIP,5058,2003-11-24,2023-12-28,20.09,11876.000154018402,19137.500631809235,5,
NTLA,1925,2016-05-06,2023-12-28,7.64,36558287.98828125,18853815.837097168,4,
NTN,7039,1991-08-29,2020-07-02,28.84,9269.99990940094,75050.0,8,
NTNX,936,2016-09-30,2020-06-19,3.72,75205720.5127716,83952096.53778076,4,
NTP,7436,1990-11-26,2020-07-02,29.6,144471.99544906616,561439.2780303955,7,
NTR,1540,2007-07-12,2023-12-28,16.46,124131751.19400024,94509165.28396606,1251,
NTRA,2139,2015-07-01,2023-12-28,8.49,52722605.12752533,20464170.60165405,4,
NTRP,871,2017-01-17,2020-07-02,3.46,342157.9961657524,245495.99332809448,4,
NTRS,11040,1980-03-17,2023-12-28,43.78,88594309.7480774,40300321.70524597,7,
NTRSO,169,2019-10-30,2020-07-02,0.67,1697727.9851913452,1697727.9851913452,4,
NTSX,1361,2018-08-02,2023-12-28,5.4,2482109.4581604004,1723409.9250793457,4,
NTUS,4746,2001-07-31,2020-06-19,18.89,5184115.935325623,2937361.0064029694,7,
NTWK,6356,1998-09-25,2023-12-28,25.26,16189.499688148499,112149.99895095825,7,
NTZ,7713,1993-05-13,2023-12-28,30.63,14179.500150680542,100800.00305175781,7,
NUAG,943,2016-09-15,2020-07-02,3.79,298011.0013961792,230859.9925994873,6,
NUAN,1,2020-07-02,2020-07-02,0.0,46455268.44691658,46455268.44691658,0,
NUBD,667,2017-10-03,2020-07-02,2.75,642705.009841919,267178.992652893,7,
NUDM,1649,2017-06-12,2023-12-28,6.54,1147575.008392334,354312.00256347656,4,
NUE,11040,1980-03-17,2023-12-28,43.78,221412874.89852905,30507300.114822388,7,
NUEM,750,2017-06-13,2020-07-02,3.05,102540.75193405151,61646.64945602417,8,
NUGT,3286,2010-12-08,2023-12-28,13.05,81616255.99060059,152134507.979393,5,
NUHY,171,2019-09-26,2020-07-02,0.77,78800.69904327394,78800.69904327394,16,
NULC,184,2019-06-04,2020-07-02,1.08,12121.40007019043,12121.40007019043,25,
NULG,1765,2016-12-22,2023-12-28,7.01,3484934.0785980225,1629959.9533081055,4,
NULV,1754,2017-01-10,2023-12-28,6.96,4668619.918823242,1833470.013999939,4,
NUM,7225,1991-10-17,2020-07-02,28.71,333528.0023574829,162060.00556945804,7,
NUMG,1767,2016-12-20,2023-12-28,7.02,1203387.4813079834,694199.981689453,4,
NUMV,1767,2016-12-20,2023-12-28,7.02,1126749.0120887756,537652.4925231932,4,
NUO,7193,1991-10-17,2020-06-19,28.67,341210.0016593933,147664.00604248047,7,
NURE,736,2016-12-20,2020-06-19,3.5,169540.00549316406,83309.85059738159,9,
NUS,6819,1996-11-22,2023-12-28,27.1,13247635.58549881,11862707.469177246,7,
NUSA,1490,2011-09-09,2020-07-02,8.81,42271.35076522827,2139125.4601232708,739,
NUSI,1012,2019-12-20,2023-12-28,4.02,1287545.9941864014,2466336.078262329,4,
NUV,9207,1987-06-17,2023-12-28,36.53,3321728.57170105,2020420.9512710571,7,
NUVA,4063,2004-05-13,2020-07-02,16.14,36428936.15608215,16951194.081878662,5,
NUW,3737,2009-02-25,2023-12-28,14.84,475045.00131607056,460543.994140625,5,
NVAX,7065,1995-12-05,2023-12-28,28.06,44215670.119953156,2265759.9700927734,7,
NVCN,1039,2015-01-13,2020-07-02,5.47,266799.9942779541,552000.0,77,
NVCR,1187,2015-10-02,2020-06-19,4.71,59884882.73887634,17636940.352249146,4,
NVEC,7201,1995-05-23,2023-12-28,28.6,2484252.06451416,899909.9876403809,7,
NVFY,2084,2011-10-17,2020-06-19,8.67,36146.00030183792,70152.5011062622,16,
NVG,5361,2002-09-12,2023-12-28,21.29,6211204.479789734,949232.0175170898,5,
NVGS,4273,2007-01-09,2023-12-28,16.97,1722837.0479106903,803580.0270080568,5,
NVIV,3302,2010-11-15,2023-12-28,13.12,25732.000613212585,306897.9937553406,5,
NVMI,5967,2000-04-11,2023-12-28,23.71,11467296.84753418,443846.01211547846,7,
NVO,10757,1981-04-30,2023-12-28,42.66,242966438.47045898,2265499.95303154,7,
NVR,9688,1985-07-22,2023-12-28,38.43,117686989.2578125,21306595.280456543,7,
NVRO,2301,2014-11-06,2023-12-28,9.14,12236400.230884552,28325609.58480835,4,
NVS,6830,1996-11-07,2023-12-28,27.14,150162626.7414093,90072412.5585556,7,
NVST,1078,2019-09-18,2023-12-28,4.28,56199341.972351074,53818744.10934448,4,
NVT,1431,2018-04-24,2023-12-28,5.68,50546199.80659485,26645008.084106445,4,
NVTA,2235,2015-02-12,2023-12-28,8.87,8591892.426782846,13309724.807679653,4,
NVUS,1385,2015-01-02,2020-07-02,5.5,59584.00141298771,187561.00047826773,4,
NWBI,7337,1994-11-07,2023-12-28,29.14,6885198.011112213,3026016.0821914673,7,
NWE,4028,2007-12-28,2023-12-28,16.0,18059315.146636963,12460576.610565186,5,
NWFL,4194,1998-03-04,2020-06-19,22.29,176798.00453186035,42053.33309173584,18,
NWHM,1617,2014-01-31,2020-07-02,6.42,292100.50390958786,530100.0,4,
NWL,11040,1980-03-17,2023-12-28,43.78,47275017.354011536,27821439.895629883,7,
NWLI,12133,1975-11-17,2023-12-28,48.11,3407427.053833008,231000.0,7,
NWN,11930,1973-02-21,2020-06-19,47.32,10438583.246612549,893016.5230751038,7,
NWPX,7068,1995-11-30,2023-12-28,28.08,996812.4953269958,711586.9819641113,7,
NWS,2651,2013-06-19,2023-12-28,10.52,17353713.30471039,10550100.212097166,4,
NWSA,2651,2013-06-19,2023-12-28,10.52,46413872.58605957,40892226.9083023,4,
NXC,7940,1992-06-19,2023-12-28,31.52,129244.49744224548,103525.99830627441,7,
NXGN,8546,1982-12-01,2020-06-19,37.55,3706376.909351349,1628500.0,29,
NXJ,5361,2002-09-12,2023-12-28,21.29,798603.9814949036,258686.00482940674,5,
NXN,7940,1992-06-19,2023-12-28,31.52,63786.001014709465,54184.00101661682,7,
NXP,7117,1992-03-19,2020-06-19,28.25,516651.98192596436,257219.9993133545,7,
NXPI,2485,2010-08-06,2020-06-19,9.87,324251357.5016022,201446435.89782715,5,
NXQ,7082,1992-05-21,2020-07-02,28.11,391553.9985179901,280599.9973297119,7,
NXR,1,2020-07-02,2020-07-02,0.0,276011.13164138794,276011.13164138794,0,
NXRT,2211,2015-03-19,2023-12-28,8.78,4436162.432098389,3631679.9407958994,4,
NXST,5057,2003-11-25,2023-12-28,20.09,44849324.98092651,12513200.0,5,
NXTD,1721,2013-08-23,2020-07-02,6.86,75842.70029067992,181000.0,5,
NXTG,3236,2011-02-18,2023-12-28,12.86,856286.003112793,92400.0,5,
NYCB,7578,1993-11-23,2023-12-28,30.09,95393906.90026283,34568246.77219391,7,
NYF,1385,2015-01-02,2020-07-02,5.5,1303252.4829864502,883061.9728088379,4,
NYMT,4892,2004-07-26,2023-12-28,19.42,5328005.869913101,4171437.9989624023,5,
NYMTM,178,2019-10-18,2020-07-02,0.71,1299470.0086593628,1299470.0086593628,4,
NYMTN,1561,2017-10-13,2023-12-28,6.21,137636.9993209839,340179.01401519775,4,
NYMTO,1297,2015-05-06,2020-07-02,5.16,181351.9955635071,179653.9947509766,4,
NYMTP,1769,2013-06-04,2020-06-19,7.04,157315.4995918274,154350.0,4,
NYMX,5669,1997-12-22,2020-07-02,22.53,210844.00169849402,184574.0096092224,7,
NYT,11889,1973-05-03,2020-06-19,47.13,49700036.47956848,6648687.5,7,
NYV,2808,2009-04-28,2020-07-02,11.18,33654.50019836426,61087.50014305115,5,
NZF,5598,2001-10-03,2023-12-28,22.23,5579040.46421051,1277172.4744796753,5,
O,6473,1994-10-18,2020-07-02,25.71,140408558.0669403,16233759.411621092,7,
OAC,516,2014-07-14,2020-07-02,5.97,1985.9999656677244,0.0,1172,
OAS,2520,2010-06-17,2020-06-19,10.01,31201322.943001986,64996107.55176544,5,
OBAS,5282,1999-04-07,2020-04-01,20.99,2289.0000343322754,13731.500220298767,7,
OBCI,9893,1981-03-27,2020-06-19,39.23,43223.50066900253,2144.9999690055847,7,
OBLG,7183,1995-06-19,2023-12-28,28.53,102050.49833506346,50310.0,7,
OBLN,941,2016-10-06,2020-07-02,3.74,414526.0043978691,335519.98901367193,4,
OBNK,543,2018-05-08,2020-07-02,2.15,1399395.964050293,1578653.9154052734,4,
OBOR,1583,2017-09-14,2023-12-28,6.29,4705.799865722656,28096.200370788574,4,
OBSV,865,2017-01-26,2020-07-02,3.43,1240348.5152363777,447700.0,4,
OC,4318,2006-11-01,2023-12-28,17.16,91534547.6890564,56499330.19981384,5,
OCC,6095,1996-04-02,2020-06-19,24.21,10289.999866485596,45725.000739097595,7,
OCCI,3050,2004-04-12,2023-12-28,19.71,708932.0093154907,1692.400001525879,462,
OCCIP,322,2019-03-20,2020-07-02,1.29,20191.200160980225,30153.500843048096,4,
OCFC,6919,1996-07-03,2023-12-28,27.49,4251346.487188339,759440.0100708008,7,
OCFCP,920,2020-05-05,2023-12-28,3.65,78093.49899291992,63530.99927902222,4,
OCFT,1017,2019-12-13,2023-12-28,4.04,143653.000497818,2981889.1233062744,4,
OCGN,2283,2014-12-03,2023-12-28,9.07,3092226.992058754,1221732.297885418,4,
OCIO,1636,2017-06-29,2023-12-28,6.5,8736.149883270264,5862.199974060059,4,
OCN,6861,1996-09-25,2023-12-28,27.26,647035.9912872314,2311829.006767273,7,
OCSI,1757,2013-07-12,2020-07-02,6.97,340396.0010766983,632960.998249054,4,
OCSL,3914,2008-06-12,2023-12-28,15.54,9085079.259490967,5119879.999637604,5,
OCUL,2374,2014-07-25,2023-12-28,9.43,3260995.104432106,3061352.067756653,4,
OCX,2013,2015-12-30,2023-12-28,7.99,53282.0001244545,199280.00717163086,4,
ODC,11038,1980-03-19,2023-12-28,43.78,937902.0149230957,93303.00047397614,7,
ODFL,8106,1991-10-24,2023-12-28,32.18,244980529.76989746,,7,
ODP,8965,1988-06-01,2023-12-28,35.57,14001141.175842285,19525709.758949284,7,
ODT,646,2017-12-07,2020-07-02,2.57,2648364.9940490723,1440565.0004386902,4,
OEC,2374,2014-07-25,2023-12-28,9.43,7570695.037937164,5312272.925376892,4,
OEG,1701,2005-04-08,2020-07-02,15.23,1699.7100303769112,4200.000062584877,809,
OESX,4034,2007-12-19,2023-12-28,16.02,55111.50088310242,191884.49788689613,5,
OEUR,2105,2015-08-19,2023-12-28,8.36,94296.44985198975,120507.99713134767,4,
OFC,7181,1991-12-31,2020-07-02,28.5,17862560.552215576,7054639.979362487,7,
OFED,3259,2011-01-14,2023-12-28,12.95,6490.000009536743,6719.999885559084,5,
OFG,9264,1987-03-26,2023-12-28,36.76,5580040.533828735,1301993.9866542816,7,
OFIX,7979,1992-04-24,2023-12-28,31.68,5033110.976314545,2305079.9942016597,7,
OFLX,4635,2005-08-01,2023-12-28,18.41,1171339.9810791016,168832.99388885495,5,
OFS,1916,2012-11-08,2020-06-19,7.61,439446.0065841675,385359.504032135,4,
OFSSI,170,2019-10-17,2020-07-02,0.71,103267.00096130371,103267.00096130371,5,
OFSSZ,408,2018-10-25,2020-07-01,1.68,20336.000061035156,26806.999874114994,8,
OGCP,2574,2013-10-08,2023-12-28,10.22,866.9999599456787,7021.999979019165,4,
OGE,12826,1973-02-21,2023-12-28,50.85,40835429.715156555,3768995.062637329,7,
OGEN,4996,2004-02-25,2023-12-28,19.84,32066.00046157837,20779.999554157257,5,
OGI,4318,2002-05-09,2023-12-28,21.64,549343.3005720377,,937,
OGIG,1402,2018-06-05,2023-12-28,5.56,498712.78572082525,1141353.964138031,4,
OGS,1618,2014-01-16,2020-06-19,6.42,20992692.74787903,13631524.21760559,4,
OHI,7906,1992-08-07,2023-12-28,31.39,55969995.49856186,8258041.965293884,7,
OI,8072,1991-12-11,2023-12-28,32.05,20389872.82705307,17505050.71773529,7,
OIA,8002,1988-09-19,2020-06-19,31.75,533139.0051841736,233078.12640666962,7,
OIH,4869,2001-02-26,2020-07-02,19.35,116767000.90370178,210148915.41748047,7,
OII,12144,1975-10-31,2023-12-28,48.16,16850766.48979187,2458806.25,7,
OIIM,4990,2000-08-31,2020-07-02,19.84,32583.999353647232,550997.9802846909,7,
OILK,1825,2016-09-28,2023-12-28,7.25,1451289.9948120117,741335.9710693359,4,
OILX,1038,2016-02-18,2020-04-01,4.12,4735.400009155273,3626.6500473022465,4,
OIS,4870,2001-02-09,2020-06-19,19.36,6574416.4623737335,20339382.16342926,7,
OKE,10902,1980-10-01,2023-12-28,43.24,172114495.49808502,5335171.359586716,7,
OKTA,1693,2017-04-07,2023-12-28,6.72,154941355.27572632,193321267.89093018,4,
OLD,992,2016-06-09,2020-06-19,4.03,241363.348197937,83682.99951553345,7,
OLED,6977,1996-04-11,2023-12-28,27.71,40550840.128326416,6026768.776702881,7,
OLEM,2315,2011-04-21,2020-07-02,9.2,7077.9998779296875,8437.999725341795,5,
OLLI,2129,2015-07-16,2023-12-28,8.45,56550269.7013855,51634084.06982422,4,
OLN,12826,1973-02-21,2023-12-28,50.85,65432999.72610474,4688712.42351532,7,
OLP,10256,1983-04-25,2023-12-28,40.68,1129606.016254425,,5,
OMAB,3412,2006-11-29,2020-06-19,13.56,2967535.974884033,1363090.0182724,5,
OMC,10153,1980-03-17,2020-06-19,40.26,132131914.99176025,45501844.59686279,7,
OMCL,4745,2001-08-09,2020-06-19,18.86,19384176.63116455,4004520.101165772,7,
OMER,3580,2009-10-08,2023-12-28,14.22,1545164.0192985535,4005898.026561737,5,
OMEX,6083,1999-10-26,2023-12-28,24.17,136345.50193548203,211463.99660110474,7,
OMF,2568,2013-10-16,2023-12-28,10.2,35097623.62689972,21453122.2322464,4,
OMFL,1543,2017-10-26,2023-12-28,6.17,23602287.49485016,2846210.0450515747,15,
OMFS,1543,2017-10-26,2023-12-28,6.17,1253506.5002441406,106589.9974822998,15,
OMI,11041,1980-03-17,2023-12-28,43.78,12033502.645397186,,6,
OMP,700,2017-09-21,2020-07-02,2.78,2213540.429651737,1447209.997367859,4,
ON,5953,2000-05-02,2023-12-28,23.66,481333028.2726288,57091214.190387726,7,
ONB,9962,1984-06-20,2023-12-28,39.52,26583709.81526375,,7,
ONCS,2324,2011-04-08,2020-07-02,9.23,169876.5011370182,294285.01024246216,5,
ONCT,5011,2004-02-03,2023-12-28,19.9,85681.5034046769,491588.9888763427,5,
ONCY,5596,2001-10-05,2023-12-28,22.23,536693.9936876297,196911.24954223633,5,
ONDK,1395,2014-12-17,2020-07-02,5.54,1471732.0501118898,2294244.059944153,4,
ONE,571,2018-03-28,2020-07-02,2.26,758893.9876556396,1007675.967502594,4,
ONEM,107,2020-01-31,2020-07-02,0.42,23839429.767608643,23839429.767608643,4,
ONEO,2031,2015-12-03,2023-12-28,8.07,28437.000274658203,96608.00170898438,4,
ONEV,2031,2015-12-03,2023-12-28,8.07,612494.5053100586,302049.0074157715,4,
ONEY,2031,2015-12-03,2023-12-28,8.07,1853575.5332946777,184662.49465942383,4,
ONLN,420,2018-10-18,2020-06-19,1.67,499179.99782562256,421613.9892578125,4,
ONTO,1050,2019-10-28,2023-12-28,4.17,30641226.789093018,17651952.98614502,4,
ONTX,2626,2013-07-25,2023-12-28,10.43,54192.999160289764,229814.99834060672,4,
ONVO,2110,2012-02-14,2020-07-02,8.38,197823.00358861682,1770741.0294651985,5,
OOMA,2127,2015-07-20,2023-12-28,8.44,784733.0206871033,927300.0,4,
OPB,1541,2014-04-16,2020-05-29,6.12,3380785.0224494934,3516799.940109254,4,
OPBK,3688,2005-08-08,2020-04-01,14.65,214707.5089454651,0.0,5,
OPCH,6889,1996-08-15,2023-12-28,27.37,48371240.604782104,1828079.9515724182,7,
OPES,546,2018-03-26,2020-07-02,2.27,7772.0502853393555,1981.0000419616697,14,
OPESU,528,2018-03-14,2020-06-29,2.29,0.0,0.0,69,
OPGN,2179,2015-05-05,2023-12-28,8.65,142636.4965558052,282265.61340689653,4,
OPHC,5166,2003-06-23,2023-12-28,20.51,10484.499979019165,455.9999942779541,5,
OPI,3668,2009-06-04,2023-12-28,14.57,6163981.432962418,8084643.775558472,5,
OPINI,1027,2016-06-06,2020-07-02,4.07,448832.00483322144,596400.0,4,
OPINL,885,2020-06-24,2023-12-28,3.51,259818.00079345703,347099.98512268066,4,
OPK,7087,1995-11-02,2023-12-28,28.15,3260790.993577242,1198162.5,7,
OPNT,2664,2009-12-02,2020-07-02,10.58,222004.00295257568,20399.999618530273,5,
OPOF,6283,1999-01-11,2023-12-28,24.96,52073.0016708374,22763.999176025387,7,
OPP,1825,2016-09-28,2023-12-28,7.25,940212.012720108,1041509.9658966064,4,
OPRA,1603,2015-08-10,2023-12-28,8.38,6916014.228391647,1065900.043487549,431,
OPRT,1072,2019-09-26,2023-12-28,4.25,1097089.4780874252,1322417.9675340652,4,
OPRX,4049,2007-11-28,2023-12-28,16.08,1532149.5065689087,22875.0,5,
OPTN,1562,2017-10-13,2023-12-28,6.21,304148.7416982651,990845.0274467468,4,
OPTT,4200,2007-04-25,2023-12-28,16.68,75282.00135827065,229459.99813079834,5,
OPY,10394,1982-10-06,2023-12-28,41.23,2083375.5001068115,181125.0,7,
OR,2036,2015-01-15,2023-12-28,8.95,10374561.050987244,,51,
ORA,4815,2004-11-11,2023-12-28,19.13,30420887.13684082,7297524.092102051,5,
ORAN,6591,1997-10-20,2023-12-28,26.19,4051264.4750595093,5623345.097064972,7,
ORBC,3437,2006-11-06,2020-07-02,13.65,2573118.011069298,1224383.9617729187,5,
ORC,2737,2013-02-14,2023-12-28,10.87,8410632.82623291,5076880.142402649,4,
ORCC,243,2019-07-18,2020-07-02,0.96,7006207.763671875,7006207.763671875,4,
ORCL,9527,1986-03-12,2023-12-28,37.8,739538881.0844421,480295200.95243454,7,
ORGO,1757,2017-01-05,2023-12-28,6.98,1960756.0285568237,836639.9738788605,4,
ORGS,3050,2010-07-28,2023-12-28,13.42,38125.498643517494,,332,
ORI,10153,1980-03-17,2020-06-19,40.26,34166275.08087158,7031426.695632934,7,
ORIC,927,2020-04-24,2023-12-28,3.68,1735249.9804973602,2373887.987136841,4,
ORLY,7727,1993-04-23,2023-12-28,30.68,334989806.9519043,40541637.7746582,7,
ORMP,4196,2007-05-01,2023-12-28,16.66,798152.5307893754,172012.49544620514,5,
ORN,3146,2007-12-20,2020-06-19,12.5,492188.0241394043,973599.9888658524,5,
ORRF,5311,1999-05-13,2020-06-19,21.1,299993.5089111328,54135.99948883057,7,
ORSNU,108,2019-08-02,2020-06-29,0.91,11142.180240631104,11142.180240631104,15,
ORTX,1298,2018-10-31,2023-12-28,5.16,262366.4950847626,1326528.0056762695,4,
OSB,1101,2016-02-19,2020-07-02,4.37,4598417.984390259,3162936.038589478,4,
OSBC,6696,1993-11-16,2020-06-19,26.59,889802.4899959564,186115.99949598312,7,
OSCV,1372,2018-07-18,2023-12-28,5.45,668509.0927124023,382082.15312957764,4,
OSG,2020,2015-09-22,2023-12-28,8.27,1277614.97849226,930445.0004518032,70,
OSIS,6603,1997-10-02,2023-12-28,26.24,9522299.922180176,5389920.120239258,7,
OSK,8751,1985-10-02,2020-06-19,34.71,44383596.69799805,6413299.792671204,7,
OSMT,429,2018-10-18,2020-07-02,1.71,722400.0,454116.0243988037,4,
OSN,2397,2010-12-21,2020-07-02,9.53,44750.99917650223,14963.999557495117,5,
OSPN,6444,1998-05-21,2023-12-28,25.6,2967768.542289734,2055039.9954795842,7,
OSS,1487,2018-02-01,2023-12-28,5.9,53130.9996843338,110690.99957942963,4,
OSTK,4556,2002-05-30,2020-07-02,18.09,29483265.15879631,4143136.5288734436,5,
OSUR,9353,1986-11-17,2023-12-28,37.11,3002623.5217809677,1553629.9905776978,7,
OSW,1540,2015-03-03,2023-12-28,8.82,5441743.500423431,3464784.9363327026,612,
OTEL,3860,2004-12-16,2020-07-02,15.54,31448.99969100952,249443.9980506897,6,
OTEX,7031,1996-01-24,2023-12-28,27.93,18260783.99333954,11364187.5,7,
OTIC,1483,2014-08-13,2020-07-02,5.89,199792.50000715256,1837619.9718475342,4,
OTIS,952,2020-03-19,2023-12-28,3.78,144338913.3178711,153182343.71452332,4,
OTLK,1899,2016-06-14,2023-12-28,7.54,921903.018334508,461812.0226383209,4,
OTTR,11923,1973-02-21,2020-06-19,47.32,4615178.5400390625,408262.5,7,
OTTW,4190,2007-05-09,2023-12-28,16.64,2023.9999771118164,0.0,5,
OUNZ,2422,2014-05-16,2023-12-28,9.62,20805841.08390808,1045022.0136642456,4,
OUSA,2131,2015-07-14,2023-12-28,8.46,1353742.4880981445,1712088.0096435547,4,
OUT,2456,2014-03-28,2023-12-28,9.75,29473811.561965942,23111272.975826263,4,
OVB,1069,2019-10-01,2023-12-28,4.24,100498.00148010254,206353.09753417966,4,
OVBC,7338,1994-11-04,2023-12-28,29.15,35990.00053405762,15000.0,7,
OVF,1069,2019-10-01,2023-12-28,4.24,38480.349922180176,20552.99949645996,4,
OVID,1674,2017-05-05,2023-12-28,6.65,323374.99783039093,549959.9990129471,4,
OVL,1092,2015-01-02,2023-12-28,8.99,201132.85789489746,266199.29542541504,1653,
OVLY,5086,2003-10-15,2023-12-28,20.2,423353.0041694641,16559.99984741211,5,
OVM,1069,2019-10-01,2023-12-28,4.24,26326.800441741943,31169.59991455078,4,
OXBR,2457,2014-03-27,2023-12-28,9.75,12447.500067949295,34199.99885559082,4,
OXLC,3256,2011-01-21,2023-12-28,12.93,6564779.96430397,2088611.0513687134,5,
OXLCM,1651,2017-06-08,2023-12-28,6.55,88054.30107116699,82439.99862670901,4,
OXLCO,2314,2013-07-01,2023-12-28,10.49,19525.4997253418,83803.4983634949,405,
OXM,10042,1980-03-17,2020-06-19,40.26,8472081.301689148,537743.75,8,
OXSQ,5058,2003-11-24,2023-12-28,20.09,619368.0019855499,1233448.0280518532,5,
OXSQL,1454,2018-03-15,2023-12-21,5.77,28653.000354766846,32779.49895858765,4,
OXSQZ,1193,2019-04-04,2023-12-28,4.73,16904.999732971195,24700.00076293945,4,
OXY,10587,1981-12-31,2023-12-28,41.99,607899644.2205429,52332008.460998535,7,
OYST,169,2019-10-31,2020-07-02,0.67,2154967.887878418,2154967.887878418,4,
OZK,6657,1997-07-17,2023-12-28,26.45,41902990.93132019,4052879.9285888686,7,
PAAC,168,2019-06-21,2020-06-16,0.99,92605.2002954483,92605.2002954483,11,
PAACU,134,2019-05-30,2020-06-16,1.05,41010.271100997925,41010.271100997925,23,
PAAS,7188,1995-06-12,2023-12-28,28.54,53734817.62533188,20785495.23038864,7,
PAC,3596,2006-02-27,2020-06-19,14.31,6764121.59614563,5111992.353439331,13,
PACA,124,2018-11-15,2020-06-26,1.61,2521.4500427246094,2521.4500427246094,76,
PACD,402,2016-06-07,2020-07-02,4.07,697924.496473372,537685.4976654053,453,
PACK,1460,2018-03-13,2023-12-28,5.79,1693063.023519516,1643862.5092983246,4,
PACQ,485,2018-05-29,2020-07-02,2.09,192185.99996566772,194203.99856567386,13,
PACQW,287,2018-05-30,2020-07-02,2.09,10646.999734640121,11614.999759197235,43,
PACW,5909,2000-06-05,2023-11-30,23.49,41631124.61164856,9973331.673431395,7,
PAE,2359,2006-10-09,2020-07-02,13.73,2170681.089401245,5835960.19191742,916,
PAGS,1493,2018-01-24,2023-12-28,5.92,32154918.027496338,58060562.19177246,4,
PAHC,2446,2014-04-11,2023-12-28,9.71,1307432.9961299896,2926866.0000801086,4,
PAI,10136,1980-03-17,2020-06-19,40.26,311264.4922733307,107218.00050735474,7,
PAK,2208,2015-02-05,2023-12-28,8.89,167708.99715423584,140509.80491638184,13,
PALC,1867,2015-01-02,2023-12-28,8.99,963263.9757156372,863456.0272216797,270,
PALL,3517,2010-01-08,2023-12-28,13.97,3461839.465713501,3838208.056640625,5,
PAM,3579,2009-10-09,2023-12-28,14.22,5906463.132476807,2695946.1349487305,5,
PAMC,884,2020-06-25,2023-12-28,3.51,93956.60247802734,117050.84781646729,4,
PANL,2523,2013-12-19,2023-12-28,10.02,1029109.5094919205,62964.0013217926,4,
PANW,2879,2012-07-20,2023-12-28,11.44,754099347.8271484,232196500.82702637,5,
PAPR,1196,2019-04-01,2023-12-28,4.74,1206334.5077514648,576646.0889816284,4,
PAR,10353,1982-12-03,2023-12-28,41.07,7690843.49899292,69305.00159263611,7,
PARR,2847,2012-09-05,2023-12-28,11.31,23485590.782165527,3614650.0,5,
PASG,966,2020-02-28,2023-12-28,3.83,143181.60173892975,1351068.5190200806,4,
PASS,394,2018-11-29,2020-07-02,1.59,88012.0491027832,44577.99987792969,7,
PATI,2244,2015-01-30,2023-12-28,8.91,22538.664638996124,24682.875641345978,4,
PATK,11040,1980-03-17,2023-12-28,43.78,9184930.15460968,70659.26091074944,7,
PAUG,1108,2019-08-06,2023-12-28,4.39,2167285.540294647,615296.7009544373,4,
PAVE,1715,2017-03-08,2023-12-28,6.81,19144981.292247772,3082739.8834228516,4,
PAVM,1869,2016-07-27,2023-12-28,7.42,168407.49372959137,310572.13846969604,4,
PAVMW,332,2016-08-01,2020-06-23,3.89,690.1999883353709,816.2999778985977,73,
PAWZ,1291,2018-11-09,2023-12-28,5.13,239262.00313568115,520235.9802246094,4,
PAYX,10168,1983-08-26,2023-12-28,40.34,194705146.86431885,64844797.19429016,7,
PB,5358,1998-11-12,2020-06-19,21.6,35983164.13459778,10714674.145889282,7,
PBB,1138,2015-12-21,2020-07-02,4.53,355896.4980125427,397740.49940109253,4,
PBC,380,2018-12-12,2020-06-19,1.52,174266.40186309814,226487.5,4,
PBCT,8061,1988-07-06,2020-07-02,31.99,51960872.857284546,5401342.67783165,7,
PBCTP,927,2016-10-25,2020-07-02,3.69,493842.49382019043,479060.0051879883,4,
PBDM,431,2017-09-25,2020-07-02,2.77,5050.399971008301,6815.999794006347,30,
PBE,4661,2005-06-23,2023-12-28,18.51,316338.50269317627,797124.9866485596,5,
PBEE,1,2020-07-02,2020-07-02,0.0,2681.22403717041,2681.22403717041,0,
PBF,2779,2012-12-13,2023-12-28,11.04,98278714.87960815,51803472.53265381,4,
PBFS,1121,2019-07-18,2023-12-28,4.45,94681.99872970581,125320.00198364258,4,
PBFX,1,2020-07-02,2020-07-02,0.0,3011213.510658264,3011213.510658264,0,
PBH,4753,2005-02-10,2023-12-28,18.88,13467141.358184814,8654715.750122072,5,
PBIP,3285,2005-03-30,2020-07-02,15.26,102294.4983959198,64230.93318939209,21,
PBJ,4661,2005-06-23,2023-12-28,18.51,1537845.546722412,468450.0102996826,5,
PBND,435,2017-10-11,2020-07-02,2.72,46043.9998626709,20560.000610351562,82,
PBP,4029,2007-12-27,2023-12-28,16.0,299267.99612045294,1043048.037147522,5,
PBPB,2576,2013-10-04,2023-12-28,10.23,1075225.5173921585,1652271.0050582888,4,
PBR-A,5092,2003-10-07,2023-12-28,20.22,91722918.97702217,108839393.95523071,5,
PBR,5883,2000-08-10,2023-12-28,23.38,244559659.21201703,232744746.49028778,7,
PBS,3779,2005-06-23,2020-07-02,15.03,151695.0002670288,388798.9942550659,5,
PBSM,333,2017-09-25,2020-07-02,2.77,7932.150077819824,5814.799880981445,27,
PBT,10885,1980-10-24,2023-12-28,43.18,2620721.019744873,436020.01934051514,7,
PBTP,1576,2017-09-25,2023-12-28,6.26,392279.1043281555,88028.99770736694,4,
PBTS,1195,2019-04-02,2023-12-28,4.74,475523.3859109879,375513.6062011719,4,
PBUS,1576,2017-09-25,2023-12-28,6.26,543501.5512466431,91544.35081481934,4,
PBW,3861,2005-03-03,2020-07-02,15.33,1553853.0544281006,1578459.9643707275,5,
PBY,513,2018-06-18,2020-07-02,2.04,115031.5526008606,169760.99891662598,5,
PBYI,2940,2012-04-24,2023-12-28,11.68,710206.0062885284,13823746.82879448,5,
PCB,1891,2006-12-21,2023-12-28,17.02,406387.4894142151,286751.9920349121,834,
PCEF,3489,2010-02-19,2023-12-28,13.85,1947389.9995803833,2467759.071350097,5,
PCF,9192,1987-07-09,2023-12-28,36.47,361490.00606536865,203506.25,7,
PCG,13006,1972-06-01,2023-12-28,51.57,241725590.7136917,21218400.0,7,
PCH,11040,1980-03-17,2023-12-28,43.78,17012397.409820557,4173616.4366722107,7,
PCI,1871,2013-01-29,2020-07-02,7.42,11264224.612617495,10462121.92955017,4,
PCK,5415,2002-06-26,2023-12-28,21.51,410099.9952554703,562650.0,5,
PCM,7639,1993-08-27,2023-12-28,30.34,197787.99486160278,231629.99439239502,7,
PCN,5544,2001-12-19,2023-12-28,22.02,1837575.0027656555,1387035.4852199554,5,
PCOM,2364,2011-02-10,2020-07-02,9.39,590449.9988555908,519144.9975967407,5,
PCPL,14,2020-06-15,2020-07-02,0.05,771602.4724483489,771602.4724483489,3,
PCQ,5662,2001-06-27,2023-12-28,22.5,526783.4981918335,453808.4867477417,7,
PCRX,3247,2011-02-03,2023-12-28,12.9,17441923.66962433,22352868.408584595,5,
PCSB,797,2017-04-21,2020-06-19,3.16,798520.5274581909,781696.0060119629,4,
PCTI,6134,1999-08-10,2023-12-22,24.37,190200.2013683319,393908.4032173157,7,
PCTY,2463,2014-03-19,2023-12-28,9.78,75770457.65075682,24447668.59130859,4,
PCY,3195,2007-10-11,2020-06-19,12.69,32466404.101371765,19928438.633728027,5,
PCYG,5010,1999-10-27,2020-07-02,20.68,176540.49997329712,44200.000619888306,17,
PCYO,7481,1994-04-13,2023-12-28,29.71,541166.0138130188,42876.00030899048,7,
PD,1188,2019-04-11,2023-12-28,4.71,28979262.159347534,30393717.91152954,4,
PDBC,2300,2014-11-07,2023-12-28,9.14,46288849.985694885,15856813.94367218,4,
PDCO,7849,1992-10-28,2023-12-28,31.16,21516240.064430237,20574450.0,7,
PDD,1366,2018-07-26,2023-12-28,5.42,719383172.3052979,496024532.46040344,4,
PDEC,1026,2019-12-02,2023-12-28,4.07,1556860.1692199707,549556.0081481934,4,
PDEV,36,2019-07-24,2020-07-02,0.94,15364.99996185303,15364.99996185303,44,
PDEX,9424,1986-08-07,2023-12-28,37.39,38768.000507354736,17212.5,7,
PDFS,5639,2001-07-31,2023-12-28,22.41,5972964.48135376,1393167.0344352722,7,
PDI,2917,2012-05-25,2023-12-28,11.59,21362390.13338089,6813780.06362915,5,
PDLB,1571,2017-10-02,2023-12-28,6.24,559181.9898843765,201494.9949264526,4,
PDLI,7161,1992-01-29,2020-07-02,28.42,3098042.448234558,10863967.459869385,7,
PDM,3495,2010-02-10,2023-12-28,13.88,8399820.922398567,13561927.946472166,5,
PDN,4091,2007-09-28,2023-12-28,16.25,779273.0018615723,396099.9870300293,5,
PDP,3351,2007-03-01,2020-06-19,13.3,6533906.071853638,4410913.033294678,5,
PDS,6824,1996-11-15,2023-12-28,27.12,3602045.976257324,8294815.927886963,7,
PDT,8574,1989-12-15,2023-12-28,34.03,1396647.0383167267,547718.75,7,
PE,1385,2015-01-02,2020-07-02,5.5,89346205.0169468,89397646.24404907,4,
PEAK,9728,1985-05-23,2023-12-28,38.6,88486368.99280548,9954805.839443207,7,
PEB,2650,2009-12-09,2020-06-19,10.53,28696783.83331299,15717820.759105682,5,
PEBK,9628,1985-10-16,2023-12-28,38.2,157425.0002861023,9119.340205192566,7,
PEBO,7777,1993-02-10,2023-12-28,30.88,2863570.975589752,390864.5341873169,7,
PECK,639,2016-04-26,2020-07-02,4.18,42545.399022102356,29760.00044345856,56,
PED,5201,2003-05-02,2023-12-28,20.66,86754.99856472015,22041.599609375,5,
PEG,11092,1980-01-02,2023-12-28,43.99,140400597.91183472,30397439.921474457,7,
PEGA,6908,1996-07-19,2023-12-28,27.44,11524927.584838867,3608917.4936771393,7,
PEI,11013,1973-05-03,2020-07-02,47.16,6081047.968196869,415362.5,13,
PEIX,3836,2005-03-24,2020-07-02,15.27,226605.99347949028,1933027.9919624329,5,
PEJ,4661,2005-06-23,2023-12-28,18.51,2300882.4995040894,607655.9692382812,5,
PEN,2084,2015-09-18,2023-12-28,8.28,86160258.76159668,41028380.014038086,4,
PENN,7451,1994-05-26,2023-12-28,29.59,77617093.96362305,17830124.45716858,7,
PEO,11040,1980-03-17,2023-12-28,43.78,1118843.9834594727,595537.5044822693,7,
PEP,13006,1972-06-01,2023-12-28,51.57,806165150.4890442,121990875.0,7,
PER,2238,2011-08-11,2020-07-02,8.89,181729.00065779686,1074057.4857831001,5,
PERI,3609,2006-01-31,2020-06-19,14.38,1371509.0549945831,227501.99546813965,5,
PESI,7821,1992-12-08,2023-12-28,31.05,478383.00375938416,81940.00229835512,7,
PETQ,1621,2017-07-21,2023-12-28,6.44,3484568.9249038706,7429279.891967773,4,
PETS,5218,1999-04-26,2020-06-19,21.15,13733995.757102966,2861261.4478588104,7,
PETZ,1578,2017-09-21,2023-12-28,6.27,19663.199591636658,89007.502784729,4,
PEX,2728,2013-02-28,2023-12-28,10.83,22683.999633789062,33522.50061035156,4,
PEXL,279,2018-09-14,2020-07-02,1.8,7281.000137329102,7199.100065231324,32,
PEY,4796,2004-12-09,2023-12-28,19.05,7716135.483837128,2084373.9581346512,5,
PEZ,4332,2006-10-12,2023-12-28,17.21,41216.99981689453,149607.49626159668,5,
PFBC,6130,1999-08-19,2023-12-28,24.36,4924898.476028442,636526.9962310791,7,
PFBI,5783,1996-05-17,2020-07-02,24.13,338656.9935798645,60017.46597290039,8,
PFC,7667,1993-07-20,2023-12-28,30.44,2593062.533378601,206711.99340820312,7,
PFD,7407,1991-01-25,2020-06-19,29.4,381802.5005340576,266540.99311828613,7,
PFE,13006,1972-06-01,2023-12-28,51.57,874167873.9367485,246799425.0,7,
PFEB,105,2020-02-03,2020-07-02,0.41,397833.8985443115,397833.8985443115,4,
PFF,4217,2007-03-30,2023-12-28,16.75,110705232.9738617,76370045.51086426,5,
PFFD,1583,2017-09-14,2023-12-28,6.29,11974690.140533447,8058970.227241516,4,
PFFL,1323,2018-09-26,2023-12-28,5.25,30292.999839782715,78285.00194549562,4,
PFFR,1734,2017-02-08,2023-12-28,6.88,237256.50157928467,221456.6535949707,4,
PFG,5584,2001-10-23,2023-12-28,22.18,87739900.36430359,62817050.997543335,5,
PFGC,1188,2015-10-01,2020-06-19,4.72,34424063.455581665,17539645.080566406,4,
PFHD,259,2017-03-15,2020-07-02,3.3,72750.00095367432,68448.00052642822,84,
PFI,4332,2006-10-12,2023-12-28,17.21,52519.999504089355,114117.50221252441,5,
PFIE,3476,2010-03-10,2023-12-28,13.8,133115.00304937363,72250.99955201149,5,
PFIG,3092,2011-09-15,2023-12-28,12.28,143037.50286102295,177449.99504089355,5,
PFIN,9736,1983-06-24,2023-12-28,40.51,10463.544892072678,9750.0,21,
PFIS,2959,2002-06-11,2020-06-19,18.02,311973.99559020996,111290.00473022461,53,
PFL,5120,2003-08-27,2023-12-28,20.34,774360.9850883484,1036314.015007019,5,
PFLD,153,2019-11-20,2020-07-02,0.62,12099.632316589355,12099.632316589355,4,
PFLT,3202,2011-04-08,2023-12-28,12.72,3935927.0197868347,1444035.485982895,5,
PFM,4603,2005-09-15,2023-12-28,18.28,1019728.4936904906,674969.9886322024,5,
PFMT,1970,2012-08-10,2020-06-19,7.86,11466.499722003937,139386.49530410767,5,
PFN,3939,2004-10-27,2020-06-19,15.64,2085897.4883556366,1988560.071563721,5,
PFNX,1497,2014-07-24,2020-07-02,5.94,2288185.5085611343,644582.9835891724,4,
PFO,7145,1992-02-06,2020-06-19,28.37,210816.49842262268,212930.9952735901,7,
PFS,5274,2003-01-16,2023-12-28,20.95,7964965.071296692,4123314.4584178925,5,
PFSI,2679,2013-05-09,2023-12-28,10.64,18561803.581619263,4464155.098152161,4,
PFSW,5158,1999-12-02,2020-06-19,20.55,118060.5004787445,186475.5532503128,7,
PFXF,2880,2012-07-19,2023-12-28,11.44,5876111.108207703,2600181.4571380615,5,
PG,12731,1970-01-02,2020-06-19,50.46,860648109.7564697,67915775.0,7,
PGAL,2548,2013-11-13,2023-12-28,10.12,14392.00029373169,72175.99849700928,4,
PGC,6210,1999-04-27,2023-12-28,24.67,1617693.0114746094,236836.95392608643,7,
PGEN,2616,2013-08-08,2023-12-28,10.39,1458899.4662880898,10616911.150574684,4,
PGHY,2649,2013-06-21,2023-12-28,10.52,1033353.9922714233,762090.0152206421,4,
PGJ,4796,2004-12-09,2023-12-28,19.05,1215729.4818878174,1445038.9887809753,5,
PGM,760,2015-01-06,2020-07-02,5.49,8331.999969482422,9497.700214385986,95,
PGNY,1051,2019-10-25,2023-12-28,4.18,25017160.722732544,26091321.195983887,4,
PGP,4680,2005-05-26,2023-12-28,18.59,235485.99965572357,722420.9957122804,5,
PGR,11040,1980-03-17,2023-12-28,43.78,315769481.161499,39838801.63497925,7,
PGRE,2292,2014-11-19,2023-12-28,9.11,6439887.837910652,14812756.347846985,4,
PGX,4006,2008-01-31,2023-12-28,15.91,50857018.33295822,19258853.100013733,5,
PGZ,2646,2013-06-26,2023-12-28,10.51,204490.0016784668,362245.011138916,4,
PH,11040,1980-03-17,2023-12-28,43.78,255228993.19610596,26871440.89012146,7,
PHAS,429,2018-10-18,2020-07-02,1.71,1026249.9746322632,880256.0159683228,4,
PHAT,1051,2019-10-25,2023-12-28,4.18,3187660.0006580353,2409480.07106781,4,
PHB,4057,2007-11-15,2023-12-28,16.12,1727285.9811782837,4454321.875190735,5,
PHCF,329,2019-01-02,2020-07-02,1.5,4057.9999923706055,5478.000020980835,12,
PHD,4786,2004-12-23,2023-12-28,19.01,560801.5100002289,924125.0162124634,5,
PHDG,2784,2012-12-06,2023-12-28,11.06,698717.9824829102,774213.5087966919,4,
PHGE,1209,2019-03-13,2023-12-28,4.79,29381.90036714077,48400.599616765976,4,
PHI,12776,1973-05-03,2023-12-28,50.65,1221026.0200500488,1649661.4645004272,7,
PHIO,2928,2012-05-10,2023-12-28,11.63,60940.19884765148,204902.49786376953,5,
PHK,5206,2003-04-25,2023-12-28,20.68,1914195.4893827438,4529573.099660873,5,
PHM,11040,1980-03-17,2023-12-28,43.78,167596205.54733276,23801785.62850952,7,
PHO,4546,2005-12-06,2023-12-28,18.06,3575991.537094116,3213434.4858169556,5,
PHUN,1803,2016-10-28,2023-12-28,7.16,489657.28783905494,652848.0162620544,4,
PHX,8036,1992-02-03,2023-12-28,31.9,238557.00316429138,166711.5016222,7,
PHYL,307,2018-09-27,2020-07-02,1.76,25650.499534606934,20569.99969482422,33,
PHYS,3484,2010-02-26,2023-12-28,13.83,21880560.00137329,10378900.344848633,5,
PI,1873,2016-07-21,2023-12-28,7.44,41217746.447753906,13545735.25314331,4,
PIC,1457,2010-04-01,2020-07-02,10.25,1467967.5,777579.2578125,159,
PICB,1385,2015-01-02,2020-07-02,5.5,208274.4999885559,480000.0,4,
PICK,2996,2012-02-02,2023-12-28,11.9,7958114.7621154785,2371645.559120178,5,
PICO,7095,1991-03-21,2020-07-02,29.28,505804.4988155365,661248.0102539062,18,
PID,4603,2005-09-15,2023-12-28,18.28,3388526.979446411,2479841.042804718,5,
PIH,1539,2014-04-01,2020-07-02,6.25,14316.000175476074,44159.99984741211,5,
PII,8257,1987-09-16,2020-06-19,32.76,61837833.12225342,11506364.780807499,7,
PIN,3983,2008-03-05,2023-12-28,15.81,587007.0104598999,3630923.952484131,5,
PINC,2582,2013-09-26,2023-12-28,10.25,17893978.32584381,15389544.003295898,4,
PINE,1031,2019-11-22,2023-12-28,4.1,1163031.9421768188,892649.974822998,4,
PING,199,2019-09-19,2020-07-02,0.79,15409439.66217041,15409439.66217041,4,
PINS,1183,2019-04-18,2023-12-28,4.7,261279244.25086975,303081552.2232055,4,
PIO,4166,2007-06-13,2023-12-28,16.54,251568.00384521484,589433.9904785156,5,
PIPR,4145,2004-01-02,2020-06-19,16.46,6216606.1725616455,6120400.0816345215,5,
PIRS,2263,2015-01-02,2023-12-28,8.99,208583.0014884472,895706.0031175613,4,
PIXY,1635,2017-06-30,2023-12-28,6.49,301349.1569709778,569030.3869628906,4,
PIZ,4023,2008-01-07,2023-12-28,15.97,343947.5016593933,764221.993637085,5,
PJAN,366,2019-01-03,2020-07-02,1.49,547157.7474594116,370875.2523422241,5,
PJH,1902,2012-12-12,2020-07-02,7.55,557278.4901618958,867912.5049591064,4,
PJP,4661,2005-06-23,2023-12-28,18.51,503750.0,1433024.969100952,5,
PJT,3209,2000-10-03,2023-12-28,23.23,13705344.091796875,5870403.983306884,113,
PJUL,468,2018-08-09,2020-07-02,1.9,493143.99919509894,332517.4970626831,5,
PJUN,228,2019-06-03,2020-07-02,1.08,109299.25012588501,109299.25012588501,8,
PKB,4574,2005-10-26,2023-12-28,18.17,801941.9843673706,455799.4902610779,5,
PKBK,3945,2003-06-23,2020-06-19,16.99,330807.00759887695,40218.18084716797,9,
PKE,11040,1980-03-17,2023-12-28,43.78,922697.4872112274,815903.9957046509,7,
PKO,3168,2007-11-29,2020-07-02,12.59,1845361.0004425049,1300580.0275802612,5,
PKOH,12826,1973-02-21,2023-12-28,50.85,658670.9976196289,212825.0,7,
PKW,4284,2006-12-20,2023-12-28,17.02,3045270.906829834,2824152.537345886,5,
PKX,7353,1994-10-14,2023-12-28,29.2,14647496.280670166,13620809.465026855,7,
PLAB,9276,1987-03-10,2023-12-28,36.8,9917080.34620285,3590569.5264816284,7,
PLAG,2560,2002-06-06,2020-07-02,18.07,38589.99944925308,40500.0,2534,
PLAN,433,2018-10-12,2020-07-02,1.72,108185377.93579102,82970533.06007387,4,
PLAY,2320,2014-10-10,2023-12-28,9.22,36212259.8613739,36540537.22038269,4,
PLBC,5298,2002-12-11,2023-12-28,21.05,305578.49712371826,18000.0,5,
PLC,1393,2000-01-28,2020-06-29,20.42,1768955.0159573555,1757875.0,669,
PLCE,6612,1997-09-19,2023-12-28,26.27,14681710.2912426,21470512.79296875,7,
PLCY,679,2017-10-17,2020-07-02,2.71,82339.7500038147,98888.00430297852,4,
PLD,6567,1997-11-21,2023-12-28,26.1,338360889.34936523,67452513.99536133,7,
PLG,4563,2005-11-10,2023-12-28,18.13,203526.00739002228,198990.00351428986,5,
PLIN,244,2015-01-22,2020-07-02,5.44,318128.9896309376,318128.9896309376,783,
PLL,1508,2018-01-02,2023-12-28,5.98,16486304.653167725,9845058.835601807,4,
PLM,4785,2000-10-12,2020-07-02,19.72,103697.50204980373,164080.00244498253,8,
PLMR,1184,2019-04-17,2023-12-28,4.7,6719451.084136963,9458798.965454102,4,
PLNT,1227,2015-08-06,2020-06-19,4.87,92937927.47859955,33286175.175476074,4,
PLOW,3437,2010-05-05,2023-12-28,13.65,2615112.4351501465,2373462.0964050293,5,
PLPC,6209,1999-04-28,2023-12-28,24.67,1939155.9692382812,204474.00970458984,7,
PLRX,900,2020-06-03,2023-12-28,3.57,10629033.713531494,4059516.522216798,4,
PLSE,1917,2016-05-18,2023-12-28,7.61,545494.5071816444,762420.0224876404,4,
PLT,6655,1994-01-20,2020-07-02,26.45,13683707.55519867,7877141.858482361,7,
PLTM,2917,2010-03-31,2023-12-28,13.74,288274.499130249,142375.9983062744,780,
PLUG,6080,1999-10-29,2023-12-28,24.16,190089499.4011402,3950450.0304460526,7,
PLUS,6824,1996-11-15,2023-12-28,27.12,5165120.950508118,465632.7461242676,7,
PLW,3204,2007-10-11,2020-07-02,12.73,1957429.9833297727,534538.9978408813,5,
PLX,6448,1998-05-15,2023-12-28,25.62,1252492.4998164177,180539.99643325806,7,
PLXP,1582,2014-03-13,2020-07-02,6.31,22624.000000953674,88245.00298500061,5,
PLXS,8624,1986-02-05,2020-07-02,34.4,9773075.909233093,4829086.440372467,7,
PLYA,1008,2015-11-10,2020-07-02,4.64,1875335.7321500778,1695597.508072853,27,
PM,3097,2008-03-17,2020-07-02,12.29,406442285.18447876,408632321.6094971,5,
PMAR,87,2020-03-02,2020-07-02,0.33,411161.98539733887,411161.98539733887,4,
PMBC,5080,2000-01-26,2020-06-19,20.4,189825.49772262573,100754.99947071075,7,
PMD,8198,1987-01-22,2020-07-02,33.44,143334.4981431961,88349.75814819336,10,
PME,1868,2011-08-02,2020-07-02,8.92,22405.499678850174,62087.50091791153,58,
PMF,5662,2001-06-27,2023-12-28,22.5,607946.5018749237,651810.010766983,7,
PML,5415,2002-06-26,2023-12-28,21.51,1566465.983247757,1460820.0191497803,5,
PMM,8783,1989-02-17,2023-12-28,34.86,705769.0125703812,608231.0060501099,7,
PMO,7706,1993-05-24,2023-12-28,30.6,893913.0103111267,525789.991569519,7,
PMOM,304,2017-10-19,2020-07-01,2.7,13875.0,11450.200271606445,48,
PMX,5328,2002-10-29,2023-12-28,21.16,737332.5239658356,748306.5257549286,5,
PNF,5662,2001-06-27,2023-12-28,22.5,91500.99909305573,151293.00303459167,7,
PNFP,5875,2000-08-22,2023-12-28,23.35,33553371.95968628,3651295.958709717,7,
PNI,5415,2002-06-26,2023-12-28,21.51,179458.5018634796,201500.0,5,
PNM,12826,1973-02-21,2023-12-28,50.85,23402829.779815674,3199083.3081245422,7,
PNNT,4204,2007-04-19,2023-12-28,16.69,1902995.0200080872,2282939.480495453,5,
PNNTG,177,2019-10-08,2020-07-02,0.73,92106.00032806396,92106.00032806396,6,
PNQI,2957,2008-06-13,2020-06-19,12.02,2586914.971923828,1207479.0222167969,13,
PNR,12776,1973-05-03,2023-12-28,50.65,73310654.18548584,3798396.48103714,7,
PNRG,6654,1980-03-17,2020-06-19,40.26,156804.9976348877,16336.499977111816,38,
PNTG,1069,2019-10-01,2023-12-28,4.24,1496587.5095367432,2611761.112976074,4,
PNW,12826,1973-02-21,2023-12-28,50.85,60670732.96356201,8961765.98110199,7,
POAI,3439,2010-05-03,2023-12-28,13.65,129863.9983177185,83000.0,5,
POCT,442,2018-10-01,2020-07-02,1.75,1156454.0088653564,856112.5140190125,4,
PODD,4186,2007-05-15,2023-12-28,16.62,165047818.77441403,17427545.64857483,5,
POL,6095,1999-09-13,2023-12-28,24.29,227416.29850029945,5209860.0,29,
POLA,1776,2016-12-07,2023-12-28,7.06,33519.49939131737,135576.00296735764,4,
POOL,7101,1995-10-13,2023-12-28,28.21,124962979.73327637,9888506.806182861,7,
POR,4467,2006-03-31,2023-12-28,17.74,37554889.64767456,19845280.65261841,5,
POST,3000,2012-01-27,2023-12-28,11.92,39162069.35501099,39093953.55567932,5,
POTX,1071,2019-09-27,2023-12-28,4.25,171332.00254440308,430803.00483703613,4,
POWI,6553,1997-12-12,2023-12-28,26.04,27218375.604248047,9365124.626159668,7,
POWL,11040,1980-03-17,2023-12-28,43.78,5212642.663192749,329968.75,7,
PPA,4574,2005-10-26,2023-12-28,18.17,8609466.031265259,1583793.033027649,5,
PPC,9071,1987-12-30,2023-12-28,35.99,18337885.634994507,2827434.0203762054,7,
PPD,103,2020-02-06,2020-07-02,0.4,25034099.300384525,25034099.300384525,4,
PPDM,270,2018-02-15,2020-07-02,2.38,3471.4000701904297,4335.6000900268555,35,
PPEM,607,2018-02-15,2023-12-28,5.86,16202.399444580078,11457.600402832031,932,
PPG,10153,1980-03-17,2020-06-19,40.26,155979414.84527588,25617150.0,7,
PPH,6016,2000-02-01,2023-12-28,23.9,7526942.458343506,11011110.108947754,7,
PPHI,1196,2019-04-01,2023-12-28,4.74,0.0,0.0,4,
PPIH,6777,1989-12-15,2020-07-02,30.55,69288.49935531616,44550.0,15,
PPL,10153,1980-03-17,2020-06-19,40.26,144678937.3456955,15451998.317527771,7,
PPLC,1100,2015-01-09,2020-07-02,5.48,198165.0966644287,86653.59783172607,27,
PPLT,3517,2010-01-08,2023-12-28,13.97,8084745.107650757,6535984.028625488,5,
PPMC,292,2018-02-15,2020-07-02,2.38,2768.75,5358.399963378906,28,
PPR,7134,1992-03-09,2020-07-02,28.31,1890967.5821304321,2174082.7798604965,7,
PPSI,1439,2013-05-03,2020-06-19,7.13,10402.99973487854,17825.000286102295,43,
PPT,9036,1988-02-19,2023-12-28,35.85,629341.0026311874,1644033.015346527,7,
PPTY,1450,2018-03-27,2023-12-28,5.75,166628.5014152527,244103.74813079834,4,
PPX,1833,2013-03-18,2020-07-02,7.29,473242.50001907354,468585.0133895874,9,
PQDI,890,2020-06-17,2023-12-28,3.53,1772.5000381469727,2110.7500076293945,4,
PQIN,62,2018-12-10,2020-07-02,1.56,4982.250022888184,4982.250022888184,90,
PQLC,94,2018-10-18,2020-07-02,1.71,5312.5,5312.5,46,
PQSG,106,2018-11-15,2020-07-02,1.63,4995.4999923706055,4995.4999923706055,61,
PQSV,69,2018-11-15,2020-07-02,1.63,4879.999923706055,4879.999923706055,106,
PRA,8141,1991-09-04,2023-12-28,32.31,4456078.488826752,4650232.04650879,7,
PRAA,5320,2002-11-08,2023-12-28,21.14,6570940.928792954,8128347.145843506,5,
PRAH,1385,2015-01-02,2020-07-02,5.5,41051470.57952881,30153539.500427246,4,
PRCP,6942,1992-08-21,2020-07-02,27.86,92548.00267219543,125563.49930763245,7,
PRDO,6522,1998-01-29,2023-12-28,25.91,5130844.416618347,7467187.5244140625,7,
PREF,1632,2017-07-06,2023-12-28,6.48,2829840.6350135803,1121410.5086326597,4,
PRF,4536,2005-12-20,2023-12-28,18.02,10258521.717453003,8775538.269805908,5,
PRFT,6145,1999-07-29,2023-12-28,24.42,12654925.214385986,1933578.0670166016,7,
PRFZ,4350,2006-09-18,2023-12-28,17.28,3417382.9025268555,2875292.887878418,5,
PRGS,8166,1991-07-30,2023-12-28,32.41,15245989.758491516,5541883.640861511,7,
PRGX,6094,1996-03-27,2020-07-02,24.27,203423.0076789856,629861.9911193848,7,
PRH,2167,2013-03-27,2023-12-28,10.75,836568.5013771058,1108232.9629898071,781,
PRI,3460,2010-04-01,2023-12-28,13.74,24609436.660003662,15949078.924942017,5,
PRIM,3876,2008-08-06,2023-12-28,15.39,8234107.000541687,4193499.969482422,5,
PRK,8395,1990-08-31,2023-12-28,33.33,4340961.101531982,1437000.0,7,
PRLB,2981,2012-02-24,2023-12-28,11.84,4980848.433303833,15539169.79751587,5,
PRMW,7943,1992-06-16,2023-12-28,31.53,11487302.877044678,2890026.9323349,7,
PRNB,453,2018-09-14,2020-07-02,1.8,12775992.975616455,4532379.89807129,4,
PRNT,1874,2016-07-20,2023-12-28,7.44,297041.25604629517,340230.0018310547,4,
PRO,4136,2007-07-26,2023-12-28,16.42,8541311.815452576,3575572.040939331,5,
PROG,10,2020-06-19,2020-07-02,0.04,3746685.0717544556,3746685.0717544556,3,
PROS,238,2019-07-25,2020-07-02,0.94,927392.5206184387,927392.5206184387,4,
PROV,6922,1996-06-28,2023-12-28,27.5,46772.000217437744,146223.99768829346,7,
PRPH,7488,1994-04-04,2023-12-28,29.73,240324.00379180908,35017.49935746193,7,
PRPL,2055,2015-10-29,2023-12-28,8.16,2025178.5148501396,1154000.0,4,
PRPO,1635,2017-06-30,2023-12-28,6.49,36899.250745773315,227550.00352859497,4,
PRQR,2336,2014-09-18,2023-12-28,9.28,567775.0,803929.5121192934,4,
PRS,1347,2018-08-22,2023-12-28,5.35,600286.9895935059,913414.9837493896,4,
PRSC,4236,2003-08-20,2020-06-19,16.83,4329074.424171448,2099208.4926605225,5,
PRSP,526,2018-06-01,2020-07-02,2.09,19549936.464309696,19412628.122901917,4,
PRT,4705,2000-11-20,2023-12-28,23.1,279697.50344753265,83089.76138210297,313,
PRTA,2773,2012-12-21,2023-12-28,11.02,22930618.642044067,9933000.33569336,4,
PRTH,1777,2016-12-06,2023-12-28,7.06,63727.49961614609,65159.99827384949,4,
PRTK,2858,2009-02-03,2020-07-02,11.41,1905759.9828124046,975984.0072631836,6,
PRTS,4251,2007-02-09,2023-12-28,16.88,2691884.0366601944,263459.00325775146,5,
PRTY,1314,2015-04-16,2020-07-02,5.21,7839634.361720083,7873909.947109222,4,
PRU,5548,2001-12-13,2023-12-28,22.04,151810039.7453308,173674917.06371307,5,
PRVL,262,2019-06-20,2020-07-02,1.03,1300939.0052318573,1367416.0186767578,4,
PS,2733,2005-12-06,2020-07-02,14.57,27200988.330173492,41760420.53818703,1148,
PSA,10869,1980-11-18,2023-12-28,43.11,227493109.46655273,7573414.819717407,7,
PSB,7341,1991-03-27,2020-07-02,29.27,16446400.55847168,2859276.946258545,7,
PSCC,3457,2010-04-07,2023-12-28,13.72,385669.51065063477,202035.99433898926,5,
PSCD,3457,2010-04-07,2023-12-28,13.72,69055.99975585938,202703.9943695068,5,
PSCE,3457,2010-04-07,2023-12-28,13.72,1320833.5036468506,496620.0141906738,5,
PSCF,3457,2010-04-07,2023-12-28,13.72,56835.499572753906,228244.00787353516,5,
PSCH,2569,2010-04-07,2020-06-19,10.2,2029286.4860534668,1012203.9855957031,5,
PSCI,3457,2010-04-07,2023-12-28,13.72,258842.0021057129,184890.99674224854,5,
PSCM,3457,2010-04-07,2023-12-28,13.72,55093.49899291992,58938.99688720703,5,
PSCU,2537,2010-04-07,2020-06-19,10.2,148114.00413513184,132250.00381469727,8,
PSEP,187,2019-09-06,2020-07-02,0.82,97679.3981552124,97679.3981552124,6,
PSET,1957,2016-03-22,2023-12-28,7.77,89354.99992370605,31091.99981689453,4,
PSF,3294,2010-11-26,2023-12-28,13.09,539234.9870681763,738231.9993019103,5,
PSHG,3269,2011-01-03,2023-12-28,12.98,293323.4952569008,97073.09568786621,5,
PSI,4661,2005-06-23,2023-12-28,18.51,2303828.9909362793,1016417.992401123,5,
PSJ,1384,2015-01-02,2020-07-02,5.5,3955205.527496338,692215.9969329834,4,
PSK,2695,2009-10-06,2020-06-19,10.7,6363257.044219971,2125529.9320220943,5,
PSL,4332,2006-10-12,2023-12-28,17.21,225134.00039672852,209157.9972267151,5,
PSLV,2426,2010-10-29,2020-06-19,9.64,5931286.482048035,4002011.534547806,5,
PSM,1009,2001-07-10,2020-07-01,18.98,7455.9499044418335,5663.0,517,
PSMB,664,2017-02-28,2020-07-02,3.34,21807.600116729736,10744.400024414062,27,
PSMC,590,2017-02-28,2020-07-02,3.34,18104.69961166382,10478.000259399414,97,
PSMG,780,2017-02-27,2020-07-02,3.34,16902.049589157104,9548.000240325928,7,
PSMM,592,2017-02-27,2020-07-02,3.34,16350.0,11198.250102996826,58,
PSMT,6625,1997-09-02,2023-12-28,26.32,9182354.556655884,3770855.0479888916,7,
PSN,1175,2015-02-19,2023-12-28,8.85,22993758.289527893,13874484.059906006,1449,
PSNL,1140,2019-06-20,2023-12-28,4.52,522125.0028908253,3376089.963853359,4,
PSO,6823,1996-11-18,2023-12-28,27.11,2936553.976726532,2016362.9741668701,7,
PSQ,4411,2006-06-21,2023-12-28,17.52,347613658.2441807,23758280.48400879,5,
PSR,3800,2008-11-21,2023-12-28,15.1,486789.5008087158,147397.0027923584,5,
PSTG,2072,2015-10-06,2023-12-28,8.23,109165980.69992065,58291814.962005615,4,
PSTI,3693,2003-07-15,2020-07-02,16.97,520079.99897003174,226600.004196167,77,
PSTL,1165,2019-05-15,2023-12-28,4.62,1396909.4860076904,1140000.0,4,
PSTV,5653,2001-07-11,2023-12-28,22.46,83780.0989638567,289616.25,7,
PSV,1525,2014-06-12,2020-07-02,6.06,35375.248646736145,224400.0,4,
PSX,2948,2012-04-12,2023-12-28,11.71,312959924.18174744,240527320.37582397,5,
PSXP,1385,2015-01-02,2020-07-02,5.5,23620193.251991272,15200166.178894043,4,
PT,1302,2018-10-25,2023-12-28,5.17,84388.5005235672,140096.5028077364,4,
PTAC,72,2020-01-13,2020-07-02,0.47,173182.49473571777,173182.49473571777,13,
PTACU,92,2019-11-22,2020-07-02,0.61,17610.000038146973,17610.000038146973,9,
PTBD,175,2019-10-23,2020-07-02,0.69,967928.5287857056,967928.5287857056,4,
PTC,7692,1989-12-08,2020-06-19,30.53,61656781.85043335,23354688.836669922,7,
PTCT,2650,2013-06-20,2023-12-28,10.52,28033865.805530548,19845745.085525513,4,
PTE,4071,2000-08-18,2020-07-02,19.87,687358.9980393648,183960.005569458,293,
PTEN,6650,1993-11-02,2020-06-19,26.63,31832125.5753994,49605336.51008606,7,
PTEU,1130,2015-12-17,2020-07-02,4.54,611311.0111236572,505911.5043640137,13,
PTF,4332,2006-10-12,2023-12-28,17.21,698287.9968643188,385074.50680732727,5,
PTGX,1858,2016-08-11,2023-12-28,7.38,14219890.853214264,4110822.0800876617,4,
PTH,4332,2006-10-12,2023-12-28,17.21,397815.0037765503,546280.0090789795,5,
PTI,2190,2007-12-13,2020-07-02,12.55,999908.0039024353,247629.3421382904,345,
PTIN,294,2019-05-06,2020-07-02,1.16,588838.0045890808,581094.8933601379,4,
PTLA,1791,2013-05-22,2020-07-01,7.11,20117385.341644287,20150070.35179138,4,
PTLC,2152,2015-06-12,2023-12-28,8.54,5521317.099380493,5039625.972366333,4,
PTMN,4290,2006-12-12,2023-12-28,17.04,377120.9921836853,660809.9896240234,5,
PTNQ,1274,2015-06-12,2020-07-02,5.06,3372480.060195923,1114904.996395111,4,
PTNR,5178,1999-10-27,2020-07-02,20.68,10872.00002670288,411801.9968986511,7,
PTON,1072,2019-09-26,2023-12-28,4.25,72598316.13960266,228518575.0,4,
PTR,5090,2000-04-06,2020-07-02,20.24,4832610.506248474,15246442.326545715,7,
PTSI,8007,1986-09-10,2020-06-19,33.77,228377.49938964844,97350.00419616699,19,
PTVCA,3551,1980-03-17,2020-07-02,40.29,9528.00006866455,13725.000381469727,152,
PTVCB,7460,1986-05-13,2020-07-02,34.14,299099.9900817871,214358.00199508667,20,
PTY,5288,2002-12-26,2023-12-28,21.0,6156112.710571289,3899622.8326797485,5,
PUI,3676,2005-10-26,2020-06-19,14.65,875815.4939651489,202863.00296783447,5,
PUK-P,3676,2005-11-21,2020-07-02,14.61,361060.00356674194,257045.99075317383,5,
PUK,5912,2000-06-29,2023-12-28,23.5,13005874.826431274,4552282.545661926,7,
PULS,1441,2018-04-10,2023-12-28,5.72,40756943.99719238,9893113.727951048,4,
PUMP,1708,2017-03-17,2023-12-28,6.78,11083834.626436234,12827741.145706177,4,
PUTW,1975,2016-02-25,2023-12-28,7.84,311726.5015602112,469741.98760986334,4,
PVAC,909,2016-11-15,2020-07-02,3.63,5524887.949371338,5103447.940826416,5,
PVAL,947,2017-10-19,2023-12-28,6.19,710940.456199646,124550.0,329,
PVBC,2129,2015-07-16,2023-12-28,8.45,500434.5000267029,225575.99172592163,4,
PVG,2350,2011-03-03,2020-07-02,9.33,17440047.209215164,5612752.029371262,5,
PVH,11040,1980-03-17,2023-12-28,43.78,68513068.74160767,1999817.4798011784,7,
PVI,4057,2007-11-15,2023-12-28,16.12,147293.4952735901,380152.00347900396,5,
PVL,3057,2011-11-03,2023-12-28,12.15,271693.001973629,296020.9985733033,5,
PW,12826,1973-02-21,2023-12-28,50.85,25364.99915421009,5866.499948501587,7,
PWB,3852,2005-03-03,2020-06-19,15.3,1611231.0125350952,1050596.0012435913,5,
PWC,4254,2003-05-01,2020-07-02,17.17,178733.00170898438,455747.99880981445,81,
PWFL,6165,1999-06-30,2023-12-28,24.5,172922.99708127975,147840.9950256348,7,
PWR,6512,1998-02-12,2023-12-28,25.87,139615871.28982544,40075598.093891144,7,
PWS,1538,2014-11-03,2023-12-28,9.15,82625.94804763794,181767.99812316895,1096,
PWV,4739,2005-03-03,2023-12-28,18.82,1265022.4981307983,1990754.9715042114,5,
PWZ,4077,2007-10-18,2023-12-28,16.19,2515208.491230011,553110.0078582764,5,
PXD,6641,1997-08-08,2023-12-28,26.39,420222562.5518799,117581126.99356079,7,
PXE,3687,2005-10-26,2020-06-19,14.65,171123.4962463379,488146.9863891602,5,
PXF,4158,2007-06-25,2023-12-28,16.51,2456429.906845093,1824520.0052261353,5,
PXH,4091,2007-09-28,2023-12-28,16.25,3338163.414478302,2622048.0285644536,5,
PXI,4332,2006-10-12,2023-12-28,17.21,538172.0001220703,586280.9947013855,5,
PXJ,4574,2005-10-26,2023-12-28,18.17,1174028.508090973,618028.9896392822,5,
PXLW,5940,2000-05-19,2023-12-28,23.61,229424.50450658798,952106.9959998131,7,
PXQ,3707,2005-06-23,2020-07-02,15.03,139126.99947357178,167408.99848937988,7,
PXS,2051,2015-11-04,2023-12-28,8.15,228858.4998369217,101470.00265121461,4,
PY,577,2016-03-22,2020-06-18,4.24,31309.74998474121,20016.000366210938,60,
PYN,5328,2002-10-29,2023-12-28,21.16,63731.501507759094,98789.9995803833,5,
PYPD,883,2020-06-26,2023-12-28,3.5,25002.599653720856,120555.0,4,
PYPE,202,2018-08-30,2020-07-02,1.84,4394.000053405762,4394.000053405762,44,
PYS,3070,2007-12-27,2020-06-30,12.51,43477.499866485596,76509.9983215332,6,
PYT,3179,2004-07-27,2020-06-30,15.93,20075.000762939453,32340.000534057617,18,
PYX,6345,1995-04-03,2020-06-18,25.21,2958066.0888671875,905350.0289916991,7,
PYZ,3428,2006-10-12,2020-06-19,13.69,99091.50276184082,248914.994430542,6,
PZA,4077,2007-10-18,2023-12-28,16.19,13067940.648555754,5487285.803031921,5,
PZC,5328,2002-10-29,2023-12-28,21.16,314572.4992752075,457466.48645401,5,
PZD,3434,2006-10-24,2020-06-19,13.65,416998.0049133301,259510.0064277649,5,
PZG,4412,2006-05-08,2023-12-28,17.64,27762.700064480305,133767.99698770046,28,
PZN,3194,2007-10-25,2020-07-02,12.69,371660.00356674194,329989.50991630554,5,
PZT,1384,2015-01-02,2020-07-02,5.5,239420.00246047974,155641.00313186646,4,
PZZA,7696,1993-06-08,2023-12-28,30.55,44500821.34246826,8374714.377975464,7,
QABA,3649,2009-07-01,2023-12-28,14.49,691471.5257644653,539240.0207519531,5,
QADA,2402,2010-12-16,2020-07-02,9.54,2165426.4629364014,666832.5163841248,5,
QAI,3717,2009-03-25,2023-12-28,14.76,2107575.03490448,2557529.964065552,5,
QARP,1444,2018-04-05,2023-12-28,5.73,48875.39978027344,112551.99966430667,4,
QAT,2433,2014-05-01,2023-12-28,9.66,77283.50200653076,100484.99965667723,4,
QCLN,4248,2007-02-14,2023-12-28,16.87,6403833.961868286,357271.4967727661,5,
QCOM,8070,1991-12-13,2023-12-28,32.04,865973024.4216919,604252921.6047287,7,
QCRH,7612,1993-10-06,2023-12-28,30.23,2596665.535736084,37729.9991607666,7,
QD,1559,2017-10-18,2023-12-28,6.19,1203031.5097749233,5296099.979877472,4,
QDEF,2775,2012-12-19,2023-12-28,11.02,369557.00664520264,570354.9985885619,4,
QDEL,8289,1991-02-01,2023-12-28,32.9,32813758.16345215,2260181.0079574585,7,
QDF,1887,2012-12-19,2020-06-19,7.5,3630777.968788147,2365123.096847534,5,
QDYN,1606,2012-12-19,2020-07-02,7.53,42146.50058746338,64559.49878692627,10,
QED,631,2015-03-24,2020-07-02,5.28,12789.899826049805,10659.99984741211,51,
QEFA,2409,2014-06-05,2023-12-28,9.56,3743372.3766326904,1217282.9635620117,4,
QEMM,2409,2014-06-05,2023-12-28,9.56,98407.00073242188,197489.9955749512,4,
QEP,2521,2010-06-16,2020-06-19,10.01,20315478.89418602,48220297.981262214,5,
QES,602,2018-02-09,2020-07-02,2.39,37268.49909424782,59123.4992980957,4,
QFIN,1268,2018-12-14,2023-12-28,5.04,13406348.85931015,12089135.054969788,4,
QGEN,6922,1996-06-28,2023-12-28,27.5,42103250.704193115,14357131.192016602,7,
QGRO,1333,2018-09-12,2023-12-28,5.29,1999920.4710006714,480122.0245361328,4,
QGTA,781,2015-09-30,2020-07-02,4.76,14116.200256347654,21575.000762939453,69,
QID,4396,2006-07-13,2023-12-28,17.46,217862086.0923767,157885870.6539631,5,
QINT,1329,2018-09-18,2023-12-28,5.28,370450.99925994873,249992.9935455322,4,
QIWI,2683,2013-05-03,2023-12-28,10.65,0.0,4053007.9498291016,4,
QK,147,2019-11-05,2020-07-02,0.66,15967.500686645508,15967.500686645508,7,
QLC,2080,2015-09-24,2023-12-28,8.26,248114.00470733643,137392.83733558655,4,
QLD,4411,2006-06-21,2023-12-28,17.52,224448030.50727844,193809254.14123535,5,
QLS,509,2015-03-24,2020-07-02,5.28,16179.44974899292,14016.000366210936,123,
QLTA,2986,2012-02-16,2023-12-28,11.86,3944444.397544861,1232646.005821228,5,
QLV,1123,2019-07-16,2023-12-28,4.45,367132.6015472412,221264.39666748047,4,
QLVD,1123,2019-07-16,2023-12-28,4.45,22988.25044631958,14279.999732971191,4,
QLVE,1123,2019-07-16,2023-12-28,4.45,6731.25,4938.000106811523,4,
QLYS,2830,2012-09-28,2023-12-28,11.25,40443513.79699707,20646938.075065613,5,
QMCO,6143,1999-08-02,2023-12-28,24.41,152330.50245195627,1722120.0532913208,7,
QMJ,94,2020-02-11,2020-07-02,0.39,57290.14911651611,57290.14911651611,7,
QMN,1681,2012-10-04,2020-07-02,7.74,21072.000122070312,32656.001091003418,13,
QMOM,2032,2015-12-02,2023-12-28,8.07,470548.30436706543,187153.60107421875,4,
QNST,3494,2010-02-11,2023-12-28,13.88,3825720.5263137817,2461715.989780426,5,
QQEW,4446,2006-05-02,2023-12-28,17.66,11931380.252838135,1685340.4977798462,5,
QQH,1062,2019-10-10,2023-12-28,4.22,901224.4207382202,725472.4807739258,4,
QQQ,6243,1999-03-10,2023-12-28,24.8,17430939214.27002,3754795327.4707794,7,
QQQE,2963,2012-03-21,2023-12-28,11.77,8826198.8986969,1115100.0,5,
QQQX,4257,2007-02-01,2023-12-28,16.9,2585651.0434150696,1587563.9808654785,5,
QQXT,4192,2007-05-07,2023-12-28,16.64,661203.003692627,228146.99478149414,5,
QRFT,1161,2019-05-21,2023-12-28,4.61,12569.700050354004,30400.699043273926,4,
QRHC,3520,2010-01-05,2023-12-28,13.98,189219.9993610382,30401.999497413635,5,
QRTEA,4440,2006-05-10,2023-12-28,17.63,5949879.006797075,47504026.633644104,5,
QRVO,2263,2015-01-02,2023-12-28,8.99,110850658.59069824,114207193.17474365,4,
QSR,2277,2014-12-11,2023-12-28,9.05,77768600.12435913,73366447.56774904,4,
QSY,3136,2007-02-23,2020-07-02,13.36,188637.5026702881,94325.0,7,
QTEC,3548,2006-05-03,2020-06-19,14.13,15196864.738464355,1647189.9599075317,5,
QTNT,1559,2014-04-25,2020-07-02,6.19,3076944.0996408463,716821.9981193542,4,
QTRX,1524,2017-12-07,2023-12-28,6.06,5922489.923095703,4720444.544124604,4,
QTS,1695,2013-10-09,2020-07-02,6.73,29067422.41897583,15172553.155136108,4,
QTT,453,2018-09-14,2020-07-02,1.8,4121961.43553257,5976068.815326691,4,
QTUM,1338,2018-09-05,2023-12-28,5.31,975001.9920349121,482365.9984588623,4,
QTWO,2462,2014-03-20,2023-12-28,9.77,15684695.570755005,14353239.025115967,4,
QUAD,3395,2010-07-06,2023-12-28,13.48,613325.9821653366,2618880.039024353,5,
QUAL,2631,2013-07-18,2023-12-28,10.44,142364271.04797363,52148276.77230834,4,
QUIK,6089,1999-10-18,2023-12-28,24.19,190731.0023546219,343909.9922180176,7,
QUMU,6965,1992-11-05,2020-07-02,27.66,77074.00147914886,149499.9987602234,7,
QUOT,1584,2014-03-07,2020-06-19,6.29,4273845.4436302185,4952185.865116119,4,
QUS,2449,2007-06-05,2023-12-28,16.56,2521225.5073547363,1201476.2008666992,1380,
QVAL,2312,2014-10-22,2023-12-28,9.18,574345.5011367798,325395.30115127563,4,
QVCD,1329,2018-09-18,2023-12-28,5.28,262696.0095882416,415064.9923324586,4,
QVM,577,2015-02-27,2020-06-29,5.34,5302.500152587891,10572.999954223633,61,
QWLD,999,2014-06-05,2020-06-19,6.04,75753.05099487305,43432.80029296875,30,
QYLD,2528,2013-12-12,2023-12-28,10.04,62842482.27996826,3954030.947113037,4,
R,10214,1980-01-02,2020-07-02,40.5,29597538.792800903,10278859.375,7,
RACE,1183,2015-10-21,2020-07-02,4.7,53115641.860961914,44431792.87033081,4,
RAD,10162,1980-03-17,2020-07-02,40.29,36501055.36007881,8563079.831695557,7,
RADA,7896,1985-06-24,2020-07-02,35.02,885612.0090723038,44011.00115776062,14,
RAFE,106,2019-12-19,2020-07-02,0.54,12298.150062561033,12298.150062561033,8,
RAIL,3829,2005-04-06,2020-06-19,15.2,215968.50581169128,2309951.9805908203,5,
RALS,2252,2010-12-09,2020-07-02,9.56,13527.999877929688,128464.50119018555,13,
RAMP,10092,1983-12-14,2023-12-28,40.04,11174020.028686523,6708245.4533576965,7,
RAND,11040,1980-03-17,2023-12-28,43.78,4040.999937057495,2620.4000282287598,7,
RAPT,1047,2019-10-31,2023-12-28,4.16,6555381.275939941,5096849.899291993,4,
RARE,2495,2014-01-31,2023-12-28,9.91,25625235.38131714,28509570.167541504,4,
RAVN,9537,1980-03-17,2020-06-19,40.26,3638268.927192688,226866.67194366455,16,
RBA,6495,1998-03-10,2023-12-28,25.8,73204606.74972534,7634119.846343994,7,
RBB,1618,2017-07-26,2023-12-28,6.42,475933.505821228,671378.5028457642,4,
RBBN,5936,2000-05-25,2023-12-28,23.59,1218704.9701809883,4942550.9563446045,7,
RBC,9917,1980-03-17,2020-06-19,40.26,18577294.702148438,843350.0,10,
RBCAA,6402,1998-07-22,2023-12-28,25.43,730000.0,480221.7575073242,7,
RBCN,4056,2007-11-16,2023-12-28,16.11,1056.9999933242798,243740.99678993225,5,
RBIN,317,2017-09-22,2020-07-01,2.77,7369.49987411499,7485.000228881836,41,
RBKB,1246,2019-01-17,2023-12-28,4.94,12834.500217437744,19618.9998626709,4,
RBNC,1359,2012-10-10,2020-07-02,7.73,330534.98792648315,131070.00389099121,32,
RBS,3199,2007-10-18,2020-07-02,12.71,7184720.009422302,5916442.885351181,5,
RBUS,286,2017-09-22,2020-06-30,2.77,11363.800048828125,11015.399932861328,42,
RC,1854,2013-02-08,2020-06-19,7.36,3390649.4328975677,789667.479610443,4,
RCB,4718,2002-04-05,2023-12-28,21.73,35527.50062942505,2025590.2437076569,48,
RCD,3401,2006-11-07,2020-07-02,13.65,361232.4928283692,336815.0047302246,5,
RCEL,2926,2012-05-14,2023-12-28,11.62,1797095.9510803223,65949.50263977052,5,
RCG,6964,1996-04-30,2023-12-28,27.66,5963.500022888184,16339.999604225159,7,
RCI,7040,1996-01-11,2023-12-28,27.96,13393159.331130981,10027854.896736145,7,
RCII,6399,1995-01-25,2020-07-02,25.43,15149719.534111023,12671200.286865234,7,
RCKT,2232,2015-02-18,2023-12-28,8.86,13631707.54480362,5430888.483142853,4,
RCKY,7782,1993-02-03,2023-12-28,30.9,707074.0003585815,262948.4375,7,
RCL,7724,1993-04-28,2023-12-28,30.67,261706017.93518066,61896466.45050049,7,
RCM,1709,2017-03-16,2023-12-28,6.78,33199756.547164917,14180840.272521973,4,
RCMT,10158,1983-09-12,2023-12-28,40.29,860641.4926528931,62195.93691825867,7,
RCON,3629,2009-07-30,2023-12-28,14.41,52131.00011050701,74549.99899864197,5,
RCP,3715,1999-07-26,2020-07-02,20.94,73513.79899978638,17814.29958343506,536,
RCS,7498,1994-03-18,2023-12-28,29.78,542633.001613617,861337.0085716248,7,
RCUS,1458,2018-03-15,2023-12-28,5.79,14411814.31722641,11043605.855941772,4,
RDCM,6608,1997-09-25,2023-12-28,26.26,70114.99972343445,72559.99825000763,7,
RDFN,1616,2017-07-28,2023-12-28,6.42,26613630.977225304,29253226.2032032,4,
RDHL,2764,2013-01-07,2023-12-28,10.97,286293.7439069152,458629.50668334955,4,
RDI,10093,1983-12-13,2023-12-28,40.04,39744.000852108,75649.99675750732,7,
RDIB,4816,2000-01-05,2023-12-28,23.98,41298.75,0.0,27,
RDIV,2579,2013-10-01,2023-12-28,10.24,2679995.4822540283,2307375.894165039,4,
RDN,7847,1992-10-30,2023-12-28,31.16,29059627.455711365,22104550.53806305,7,
RDNT,6792,1997-01-03,2023-12-28,26.98,10684297.051620483,378110.49489974976,7,
RDOG,3928,2008-05-22,2023-12-28,15.6,18240.00072479248,117871.00257873535,5,
RDS-A,3764,2005-07-21,2020-07-02,14.95,184156811.31477356,148265892.63210297,5,
RDUS,7583,1993-11-16,2023-12-28,30.11,5241980.530452728,8953463.033866882,7,
RDVT,1450,2018-03-27,2023-12-28,5.75,291147.5088119507,572289.0075683594,4,
RDVY,2512,2014-01-07,2023-12-28,9.97,30235044.946289062,3739548.0187416077,4,
RDWR,6101,1999-09-30,2023-12-28,24.24,2267867.5508499146,3164804.99124527,7,
RDY,5715,2001-04-11,2023-12-28,22.71,13732711.423110962,7229707.842254639,7,
RE,6231,1995-10-03,2020-07-02,24.75,71347098.42529297,33731050.33874512,7,
REAL,1134,2019-06-28,2023-12-28,4.5,5113452.892768383,19839078.307175636,4,
RECS,1073,2019-09-25,2023-12-28,4.26,974971.0144042969,36196.50077819824,4,
REDU,679,2017-10-20,2020-07-02,2.7,137571.9969034195,497146.9873428345,4,
REED,3303,2007-05-01,2020-06-19,13.14,183183.00080299377,100799.99732971191,5,
REG,7595,1993-10-29,2023-12-28,30.16,54691888.0613327,24365741.889953613,7,
REGI,2128,2012-01-19,2020-07-02,8.45,14224086.05747223,4606905.093955994,5,
REGN,8249,1991-04-02,2023-12-28,32.74,383562316.8487549,10239750.0,7,
REI,4211,2007-04-10,2023-12-28,16.72,3852483.0095350742,964719.9703216552,5,
REK,3470,2010-03-18,2023-12-28,13.78,851849.4836807251,189923.99978637695,5,
REKR,1594,2017-08-29,2023-12-28,6.33,1282292.981147766,551361.9874715805,4,
RELV,7584,1993-03-15,2023-12-28,30.79,0.0,19670.87860107422,7,
REM,4193,2007-05-04,2023-12-28,16.65,8860546.972274778,9006816.366577148,5,
REMX,3314,2010-10-28,2023-12-28,13.17,6307489.588165283,1672185.9832305904,5,
RENN,2307,2011-05-04,2020-07-02,9.16,62952.031767368324,1746600.0270843506,5,
REPH,1592,2014-03-07,2020-07-02,6.32,2645366.994714737,780030.5101394653,4,
REPL,1370,2018-07-20,2023-12-28,5.44,9925898.271846771,4900448.992729186,4,
RESD,1005,2020-01-02,2023-12-28,3.99,38129.00085449219,23676.800537109375,4,
RESE,954,2020-03-17,2023-12-28,3.78,21977.60009765625,43451.19934082031,4,
RESI,2378,2012-12-24,2023-12-13,10.97,3684.388147830963,3797264.9400234222,551,
RESN,1534,2014-05-29,2020-07-02,6.09,586863.9945268631,327947.99914360046,4,
RESP,4242,2007-02-23,2023-12-28,16.84,40131.0001373291,95578.50122451782,5,
RETA,1033,2016-05-26,2020-07-02,4.1,50653230.615997314,9501964.921951294,4,
RETO,1530,2017-11-29,2023-12-28,6.08,64277.00086581707,70420.49907445908,4,
REV,1385,2015-01-02,2020-07-02,5.5,1486630.4727554321,1912024.069404602,4,
REVG,1742,2017-01-27,2023-12-28,6.92,1958306.4808368683,3182625.53896904,4,
REVS,1073,2019-09-25,2023-12-28,4.26,38811.3000869751,38690.60115814209,4,
REW,4256,2007-02-02,2023-12-28,16.9,209489.99433517456,230386.50002479553,5,
REX,9944,1984-07-17,2023-12-28,39.45,2383162.504386902,540975.0042915344,7,
REXN,1385,2015-01-02,2020-07-02,5.5,46589.99984264374,204600.004196167,4,
REYN,985,2020-01-31,2023-12-28,3.91,7608670.580673218,10936711.819458008,4,
REZ,4193,2007-05-04,2023-12-28,16.65,2648954.032897949,1772612.9837036133,5,
REZI,1300,2018-10-29,2023-12-28,5.16,9572078.873968124,14132699.707603455,4,
RF,11040,1980-03-17,2023-12-28,43.78,150478324.7718811,17509952.64606476,7,
RFCI,1896,2016-06-17,2023-12-28,7.53,34678.500843048096,141947.99909591675,4,
RFDA,1825,2016-09-28,2023-12-28,7.25,94164.14699554443,190163.99631500244,4,
RFDI,1941,2016-04-14,2023-12-28,7.7,211904.9970626831,577440.9881591798,4,
RFEU,1941,2016-04-14,2023-12-28,7.7,6263.000106811523,92990.00129699707,4,
RFFC,1889,2016-06-28,2023-12-28,7.5,35200.39978027344,165714.5004272461,4,
RFG,3517,2006-03-07,2020-06-19,14.29,957636.0397338867,1526130.0212860107,11,
RFI,7522,1994-02-11,2023-12-28,29.88,743870.0022220612,314802.245426178,7,
RFIL,7486,1994-04-06,2023-12-28,29.73,21934.000384807587,30630.000400543213,7,
RFP,2406,2010-12-10,2020-07-02,9.56,1089580.0306081772,3128962.920856476,5,
RFUN,987,2016-06-16,2020-07-02,4.04,25342.49973297119,52400.0015258789,5,
RFV,3556,2006-03-07,2020-06-19,14.29,388816.50390625,280384.0003967285,7,
RGA,3850,2008-09-12,2023-12-28,15.29,50585126.88827515,33170171.08154297,5,
RGCO,7530,1994-02-01,2023-12-28,29.9,383936.00025177,29584.66796875,7,
RGEN,9494,1986-04-29,2023-12-28,37.66,83019012.11853027,490375.5007505417,7,
RGI,1384,2015-01-02,2020-07-02,5.5,996792.5201416016,877643.0099487305,4,
RGLD,10730,1981-06-09,2023-12-28,42.55,44673475.45623779,2541066.578912735,7,
RGLS,2823,2012-10-09,2023-12-28,11.22,30059.999918937683,491904.0195465088,5,
RGNX,1207,2015-09-17,2020-07-02,4.79,18366138.24615478,11007044.550323484,4,
RGP,5794,2000-12-15,2023-12-28,23.03,2543718.527507782,3008564.93062973,7,
RGR,12776,1973-05-03,2023-12-28,50.65,5384387.938308716,529108.1207752228,7,
RGS,8192,1991-06-21,2023-12-28,32.52,149681.0028886795,4107518.1579589844,7,
RGT,2573,2013-10-09,2023-12-28,10.22,74670.50223350525,179171.99864387512,4,
RH,2807,2012-11-02,2023-12-28,11.15,191785647.706604,106622060.44921875,4,
RHE,1886,2016-02-16,2023-12-28,7.86,14709.400224685669,61557.11266708374,22,
RHI,11040,1980-03-17,2023-12-28,43.78,59327342.08946228,15291012.707901001,7,
RHP,8105,1991-10-24,2023-12-28,32.18,35602591.42417908,9497469.129943848,7,
RHS,3207,2006-11-07,2020-07-02,13.65,2418343.9849853516,882783.9965820312,14,
RIBT,5096,2003-10-01,2023-12-28,20.24,18267.4998447299,68910.0,5,
RICK,7101,1995-10-13,2023-12-28,28.21,3296821.947860718,321504.0033817291,7,
RIF,1385,2015-01-02,2020-07-02,5.5,609158.4864616394,507551.9905090333,4,
RIG,7702,1993-05-28,2023-12-28,30.58,108299141.99085236,114883634.09739113,7,
RIGL,5806,2000-11-29,2023-12-28,23.08,1804477.5434732437,2342876.0252952576,7,
RIGS,1385,2015-01-02,2020-07-02,5.5,674279.9989700317,856799.9839782715,4,
RILYG,1160,2017-12-14,2023-12-28,6.04,242967.00477600098,247250.00381469727,522,
RILYH,534,2018-05-21,2020-07-02,2.12,221099.99971389773,207042.99659729007,4,
RILYI,449,2018-09-12,2020-07-02,1.8,84116.99924468994,110294.9983596802,4,
RILYM,976,2020-02-13,2023-12-28,3.87,262696.0021972656,237228.2473564148,4,
RILYN,1074,2019-09-24,2023-12-28,4.26,386910.00394821167,316553.5017967224,4,
RILYO,1170,2019-05-08,2023-12-28,4.64,353725.0082015991,229571.50478363037,4,
RILYP,1066,2019-10-04,2023-12-28,4.23,137077.4974822998,148120.001411438,4,
RILYZ,1353,2017-07-05,2023-12-28,6.48,597675.5013465881,395009.9941253663,403,
RINF,3010,2012-01-12,2023-12-28,11.96,260532.99446105957,67050.50020217896,5,
RING,2996,2012-02-02,2023-12-28,11.9,1706840.036392212,1895186.9524002075,5,
RIO,8440,1990-06-28,2023-12-28,33.5,193503522.47047424,72103455.68256378,7,
RIOT,1060,2016-03-31,2020-06-19,4.22,1332587.7907723188,1040201.997846365,4,
RISE,893,2015-02-20,2020-07-02,5.36,11800.000190734863,29665.200805664062,31,
RIV,2007,2016-01-08,2023-12-28,7.97,823510.4871273041,852416.9972419739,4,
RIVE,1417,2009-11-02,2020-07-02,10.66,43084.99979972839,12150.0,31,
RJF,10207,1983-07-01,2023-12-28,40.49,98263587.65106201,6511012.184524536,7,
RJI,1385,2015-01-02,2020-07-02,5.5,341495.00489234924,734905.0136089325,4,
RJN,3126,2007-10-19,2020-07-02,12.7,5034.500062465668,129070.49691677094,6,
RJZ,2914,2007-10-18,2020-07-01,12.7,2911.0000371932983,74873.99940490723,10,
RL,6681,1997-06-12,2023-12-28,26.54,93973240.1561737,75319667.05932617,7,
RLGT,4318,2006-11-01,2023-12-28,17.16,740162.9922151566,269743.50385665894,5,
RLGY,1385,2015-01-02,2020-07-02,5.5,18476118.078160286,35231326.80358887,4,
RLH,5497,1998-04-03,2020-07-02,22.25,490637.9885673523,185500.0,7,
RLI,11040,1980-03-17,2023-12-28,43.78,22893680.990600586,1173320.009613037,7,
RLJ,3180,2011-05-11,2023-12-28,12.63,16593704.181098938,18352058.57038498,5,
RLMD,2398,2014-06-20,2023-12-28,9.52,414224.4976401329,119281.79969787598,4,
RLY,2938,2012-04-26,2023-12-28,11.67,2797955.9772491455,482960.49098968506,5,
RM,2958,2012-03-28,2023-12-28,11.75,703900.4942893982,1287573.0234146118,5,
RMAX,2578,2013-10-02,2023-12-28,10.24,2073295.038986206,3428155.97820282,4,
RMBI,1132,2019-07-02,2023-12-28,4.49,110419.99979019165,190318.49212646484,4,
RMBL,1742,2016-01-22,2023-12-28,7.93,1335199.4785308838,950742.0177698135,353,
RMBS,6701,1997-05-14,2023-12-28,26.62,62011816.85848236,17800033.17604065,7,
RMCF,9547,1986-02-11,2023-12-28,37.88,42292.498898506165,43004.99820709228,7,
RMD,7194,1995-06-02,2023-12-28,28.57,149772367.54684448,26733009.242916107,7,
RMED,1,2020-07-02,2020-07-02,0.0,546306.8519907295,546306.8519907295,0,
RMG,2886,1999-07-26,2020-07-02,20.94,11945.999908447266,1500.0900596082206,784,
RMI,1301,2018-10-26,2023-12-28,5.17,233977.50549316406,277900.00200271606,4,
RMM,1123,2015-01-06,2023-12-28,8.97,723448.5094070433,883525.0,1145,
RMNI,2098,2015-08-28,2023-12-28,8.33,1047071.4873552322,378484.5095872879,4,
RMR,2024,2015-12-14,2023-12-28,8.04,1708110.4594230652,2158700.0164031982,4,
RMT,7563,1993-12-15,2023-12-28,30.03,891553.9926528931,589500.0,7,
RMTI,6524,1998-01-27,2023-12-28,25.92,491478.99850606924,296433.6112174988,7,
RNA,893,2020-06-12,2023-12-28,3.54,9327686.236000061,5511161.981582641,4,
RNDB,958,2016-07-01,2020-07-02,4.0,91399.29957389832,69883.99848937988,5,
RNDV,604,2017-06-26,2020-07-02,3.02,14684.800052642822,23066.50037765503,8,
RNEM,1630,2017-07-10,2023-12-28,6.47,49036.4990234375,25716.000366210938,4,
RNET,1385,2015-01-02,2020-07-02,5.5,266447.9964494705,771900.0158309937,4,
RNG,2581,2013-09-27,2023-12-28,10.25,44087849.10202026,44863306.70471192,4,
RNGR,1606,2017-08-11,2023-12-28,6.38,1065033.4964752197,120064.00299072263,4,
RNLC,1641,2017-06-22,2023-12-28,6.52,12823.799896240236,36052.499771118164,4,
RNMC,1641,2017-06-22,2023-12-28,6.52,24128.699684143066,35164.49909210205,4,
RNR,6266,1995-07-27,2020-06-19,24.9,52288455.68847656,21880596.898269653,7,
RNSC,1639,2017-06-26,2023-12-28,6.51,62767.55037307739,33204.000091552734,4,
RNWK,5688,1997-11-21,2020-07-02,22.61,55508.00053477287,2097192.029476166,7,
ROAM,2225,2015-02-27,2023-12-28,8.83,25524.000549316406,61149.99771118164,4,
ROBO,2564,2013-10-22,2023-12-28,10.18,3977230.5070877075,4301324.514770508,4,
ROBT,1466,2018-03-05,2023-12-28,5.82,2411421.487426758,726932.8954696655,4,
ROCHU,35,2020-05-05,2020-07-02,0.16,26130.000495910645,26130.000495910645,4,
RODE,1670,2017-05-11,2023-12-28,6.63,2590.1000022888184,2776.349925994873,4,
RODI,80,2015-01-30,2020-06-19,5.39,10118.000030517578,10118.000030517578,494,
RODM,2225,2015-02-27,2023-12-28,8.83,3250044.45810318,4554137.913322449,4,
ROG,11040,1980-03-17,2023-12-28,43.78,20849750.13809204,1009191.2622451782,7,
ROIC,3562,2009-11-03,2023-12-28,14.15,13487089.464378357,10601086.397457123,5,
ROK,10587,1981-12-31,2023-12-28,41.99,206456429.5639038,31931535.426330566,7,
ROKT,1304,2018-10-23,2023-12-28,5.18,26118.000411987305,61068.49842071533,4,
ROKU,1573,2017-09-28,2023-12-28,6.25,417361404.7527313,710165105.8639526,4,
ROL,11040,1980-03-17,2023-12-28,43.78,56536602.14176178,1532953.2983779907,7,
ROLL,3750,2005-08-10,2020-07-02,14.89,15411545.513916016,5075504.814529418,5,
ROM,4257,2007-02-01,2023-12-28,16.9,2894566.422176361,3503922.0848083496,5,
ROMO,1045,2019-11-04,2023-12-28,4.15,86276.69906616211,78559.99755859375,4,
ROOF,3157,2011-06-14,2023-12-28,12.54,38151.999855041504,194610.99891662598,5,
ROP,8028,1992-02-13,2023-12-28,31.87,201298899.64752197,26039163.863945007,7,
RORE,804,2016-10-07,2020-07-02,3.73,13323.200225830078,15647.500038146973,11,
ROSC,2208,2015-03-24,2023-12-28,8.76,31150.4487991333,28661.251163482666,4,
ROSE,3666,2006-02-13,2023-12-28,17.87,18639.85015106201,3744582.9130921364,522,
ROSEU,892,2016-03-11,2023-12-28,7.8,0.0,1247.374987602234,469,
ROST,9675,1985-08-08,2023-12-28,38.39,232283294.6460724,37526925.0,7,
ROUS,2225,2015-02-27,2023-12-28,8.83,626827.4917602539,429522.00622558594,4,
ROYT,1385,2015-01-02,2020-07-02,5.5,238367.9988861084,267020.0090408325,4,
RP,2490,2010-08-12,2020-07-02,9.89,33628520.535469055,8350729.921054842,5,
RPAI,2073,2012-04-09,2020-07-02,8.23,18047589.890813828,16342950.60634613,5,
RPAR,1017,2019-12-13,2023-12-28,4.04,1508762.4969482422,2757072.052001953,4,
RPAY,1373,2018-07-17,2023-12-28,5.45,4572607.107448578,6768370.097064972,4,
RPD,2128,2015-07-17,2023-12-28,8.45,37971045.0050354,23538174.815750122,4,
RPG,4485,2006-03-07,2023-12-28,17.81,7088699.5688438425,5574464.013671875,5,
RPLA,207,2015-12-08,2020-07-02,4.57,84968.0009841919,84968.0009841919,829,
RPM,11040,1980-03-17,2023-12-28,43.78,49342698.945617676,5332553.125,7,
RPRX,891,2020-06-16,2023-12-28,3.53,60118216.91322327,63828050.0,4,
RPT,8819,1988-12-28,2023-12-28,35.0,5091586.054420471,1446660.025548935,7,
RPTX,888,2020-06-19,2023-12-28,3.52,1148541.963481903,2108400.008392334,4,
RQI,5499,2002-02-26,2023-12-28,21.83,4096964.0776634216,2679336.0637664795,5,
RRBI,1173,2019-05-03,2023-12-28,4.65,270458.5079193115,301103.9916992188,4,
RRC,10974,1980-06-19,2023-12-28,43.52,91045733.75711441,1796080.7374477386,7,
RRD,10153,1980-03-17,2020-06-19,40.26,2023353.015112877,8341500.0,7,
RRGB,4512,2002-07-19,2020-06-19,17.92,7677486.679840088,8581314.480781555,5,
RRR,1932,2016-04-27,2023-12-28,7.67,17990981.987953186,17839392.187786102,4,
RS,7373,1994-09-16,2023-12-28,29.28,78674454.00772095,27048055.766296387,7,
RSF,1145,2019-06-13,2023-12-28,4.54,110133.60052108765,173360.0067138672,4,
RSG,6416,1998-07-01,2023-12-28,25.49,158975274.65057373,50514256.11190796,7,
RSP,5202,2003-05-01,2023-12-28,20.66,638176540.1733398,44341839.794540405,5,
RSSS,3302,2010-11-15,2023-12-28,13.12,28291.499936580658,7078.0001401901245,5,
RST,2815,2009-04-16,2020-06-19,11.18,2707592.9383277893,1456760.0421905518,5,
RSX,1385,2015-01-02,2020-07-02,5.5,128658925.20332336,163731496.75655365,4,
RSXJ,1379,2015-01-02,2020-07-02,5.5,73307.00206756592,292657.9887390137,4,
RTH,5690,2001-05-17,2023-12-28,22.61,510719.9951171875,5721889.680862427,7,
RTIX,4994,2000-08-10,2020-07-02,19.89,680915.9973144531,775033.5037708282,19,
RTL,469,2018-05-16,2020-05-21,2.02,3171.424599647522,5260.992935180664,6,
RTM,3334,2006-11-07,2020-07-02,13.65,440514.9971008301,317591.4957046509,7,
RTRX,1889,2012-11-14,2020-07-02,7.63,5912864.453125,5947750.0,16,
RTX,12729,1970-01-02,2020-06-19,50.46,479131593.08776855,30493936.206054688,7,
RUBI,1575,2014-04-02,2020-07-02,6.25,10986663.642573357,3851231.904602051,4,
RUBY,1908,2015-01-02,2023-12-28,8.99,1396.7608233056949,994606.2425737381,173,
RUHN,316,2019-04-03,2020-07-02,1.25,954801.0120153427,977696.5026974678,4,
RUN,2182,2014-07-29,2023-12-28,9.42,154704640.38181305,27583398.11024666,48,
RUSHA,5092,2003-10-07,2023-12-28,20.22,9577140.676689148,3435962.0158195496,5,
RUSL,2252,2011-05-27,2020-07-02,9.1,3376296.9760894775,5367734.470748901,38,
RUTH,3751,2005-08-09,2020-07-02,14.9,6705295.040607452,2838314.94998932,5,
RVI,508,2018-06-26,2020-07-02,2.02,2156609.017181397,2288467.4100875854,4,
RVLV,1149,2019-06-07,2023-12-28,4.56,22247772.520637512,29770235.61859131,4,
RVMD,976,2020-02-13,2023-12-28,3.87,24710569.897174835,14986140.593910217,4,
RVNC,2491,2014-02-06,2023-12-28,9.89,27552469.288635254,7145951.966094971,4,
RVNU,1678,2013-06-04,2020-06-19,7.04,263814.9995803833,126742.00191497803,7,
RVP,5699,2001-05-04,2023-12-28,22.65,57720.99978923797,38639.999198913574,7,
RVRS,664,2017-11-02,2020-07-02,2.66,42958.8002204895,54748.74973297119,4,
RVSB,5799,1993-10-25,2020-06-19,26.65,308068.5016155243,59346.001982688904,54,
RVT,9351,1986-11-19,2023-12-28,37.11,3049726.4807224274,1477013.9963150024,7,
RWCD,317,2019-01-16,2020-07-02,1.46,47934.30099487305,57879.89730834961,13,
RWDC,253,2019-01-16,2020-07-02,1.46,30484.499359130863,30589.199066162113,21,
RWED,221,2019-01-16,2020-07-02,1.46,33367.7993774414,33367.7993774414,44,
RWGV,365,2019-01-16,2020-07-02,1.46,351479.6974182129,581835.0120544434,5,
RWIU,229,2019-01-16,2020-07-02,1.46,26457.500457763672,26457.500457763672,20,
RWJ,3991,2008-02-22,2023-12-28,15.85,6519884.914398193,1102329.0267944334,5,
RWK,3981,2008-03-07,2023-12-28,15.81,1952866.0354614258,650844.0246582031,5,
RWL,3981,2008-03-07,2023-12-28,15.81,5773119.211578369,1392092.0150756836,5,
RWLK,2340,2014-09-12,2023-12-28,9.29,85487.39815950394,364650.0,4,
RWLS,241,2019-01-16,2020-07-02,1.46,40248.60076904297,40248.60076904297,25,
RWM,4262,2007-01-25,2023-12-28,16.92,40537921.66557312,23449758.610343933,5,
RWO,3928,2008-05-22,2023-12-28,15.6,3812183.0646514893,5231481.926727295,5,
RWR,5620,2001-08-27,2023-12-28,22.34,19346512.38632202,13080773.78540039,7,
RWSL,296,2019-01-16,2020-07-02,1.46,27151.000022888184,40539.999771118164,8,
RWUI,262,2019-01-16,2020-07-02,1.46,37781.69937133789,39193.65062713623,14,
RWVG,351,2019-01-16,2020-07-02,1.46,188702.59914398193,430920.00617980957,5,
RWX,4285,2006-12-19,2023-12-28,17.02,1891592.0120239258,11545520.45288086,5,
RXD,4257,2007-02-01,2023-12-28,16.9,33883.000469207764,40481.999206542976,5,
RXI,3429,2006-09-21,2020-06-19,13.74,769506.0153961182,656707.9933166504,5,
RXL,4257,2007-02-01,2023-12-28,16.9,154303.4999847412,578500.9788513182,5,
RXN,2079,2012-03-29,2020-07-02,8.26,22456787.814331055,12901197.22480774,5,
RY,7100,1995-10-16,2023-12-28,28.2,70798711.94190979,29727285.04219055,7,
RYAAY,5804,1997-05-29,2020-06-19,23.06,35340349.712371826,15149890.397357943,7,
RYAM,2402,2014-06-16,2023-12-28,9.53,3181220.0093388557,4710613.633179665,4,
RYB,696,2017-09-27,2020-07-02,2.76,68452.50152349472,730625.5024671555,4,
RYE,3387,2006-11-07,2020-07-02,13.65,1064513.9917373657,691300.0,6,
RYH,3384,2006-11-07,2020-07-02,13.65,2491359.565734863,1463712.4652862549,9,
RYJ,3546,2006-05-19,2020-06-19,14.09,209937.0038986206,343975.4913330078,5,
RYLD,1182,2019-04-22,2023-12-28,4.68,14050699.775028229,7381949.671649933,4,
RYN,6640,1994-02-17,2020-07-02,26.37,15083436.770915985,12887933.864068985,7,
RYT,3375,2006-11-07,2020-07-02,13.65,6702760.013580322,2344383.0848693848,7,
RYTM,1568,2017-10-05,2023-12-28,6.23,12455610.050582886,4915817.812347412,4,
RYU,3273,2006-11-07,2020-07-02,13.65,2499926.0486602783,489870.00274658203,12,
RYZZ,297,2019-03-19,2020-05-28,1.19,2266.8325748443613,3024.9178791046143,4,
RZA,1967,2012-08-24,2020-06-19,7.82,785779.9880981445,647946.0124969482,5,
RZB,1900,2016-06-13,2023-12-28,7.54,511382.98511505127,593598.0013847351,4,
RZG,4485,2006-03-07,2023-12-28,17.81,121827.0004272461,348842.9962158203,5,
RZV,4485,2006-03-07,2023-12-28,17.81,817270.5146789551,654874.0188598633,5,
SA,4079,2004-04-20,2020-07-02,16.2,5926590.040969849,4555460.93044281,5,
SAA,3161,2007-01-25,2020-06-19,13.4,72148.00186157225,268469.9935913086,8,
SABR,1385,2015-01-02,2020-07-02,5.5,38315045.717430115,46268262.49961853,4,
SACC,151,2019-11-12,2020-06-19,0.6,130324.00283813477,130324.00283813477,4,
SAEX,1012,2013-05-28,2020-06-19,7.06,174094.99868154526,273693.9943790436,943,
SAF,446,2018-08-29,2020-06-19,1.81,81118.99929046631,91389.00260925293,4,
SAFE,763,2017-06-22,2020-07-02,3.03,7334347.459983826,1813926.0818481445,4,
SAFM,1,2020-07-02,2020-07-02,0.0,48288308.5,48288308.5,0,
SAFT,4432,2002-11-22,2020-07-02,17.61,4435043.870544434,2448230.0146102905,5,
SAGE,1385,2015-01-02,2020-07-02,5.5,48141939.95513916,34939645.17364502,4,
SAH,5694,1997-11-12,2020-07-02,22.64,8959973.860836029,5370216.999053955,7,
SAIA,4484,2002-09-11,2020-07-02,17.81,23510122.299194336,3561196.289873123,5,
SAL,4076,1998-08-25,2020-07-02,21.85,91371.00219726562,28574.999618530273,20,
SALM,5261,1999-07-01,2020-07-02,21.0,90536.50159835815,263955.99060058594,7,
SALT,1650,2013-12-12,2020-07-02,6.55,2655269.072341919,2960418.127822876,4,
SAMAU,184,2018-12-11,2020-06-18,1.52,30929.00104522705,30929.00104522705,31,
SAMG,1385,2015-01-02,2020-07-02,5.5,173948.99954795837,158831.99615478516,4,
SAND,2589,2010-02-22,2020-07-02,10.36,13430245.241689682,3684799.93724823,6,
SANM,6854,1993-04-14,2020-07-02,27.22,11224847.065734863,14307799.996185303,7,
SANW,2515,2010-06-14,2020-06-19,10.02,31704.000854492188,134280.0006866455,5,
SAP,6218,1995-09-18,2020-06-19,24.75,83829281.83898926,58749591.68319702,7,
SAQN,82,2020-01-08,2020-07-02,0.48,130733.99896621704,130733.99896621704,9,
SAQNU,73,2019-11-20,2020-06-30,0.61,67275.00247955324,67275.00247955324,26,
SAR,3315,2007-03-27,2020-07-02,13.27,1656854.9974441528,180665.0004386902,5,
SASR,6142,1994-04-07,2020-07-02,26.24,4982037.475776672,764573.998260498,49,
SATS,3148,2008-01-02,2020-07-02,12.5,13569615.889072418,6518015.7247543335,5,
SAVA,5139,2000-01-11,2020-07-02,20.47,2548632.0070147514,726180.0086975098,7,
SAVE,2291,2011-05-26,2020-07-02,9.1,52937472.891807556,43170267.92907715,5,
SB,3045,2008-05-30,2020-07-02,12.09,402628.0062496662,878237.9539489746,5,
SBAC,5287,1999-06-16,2020-06-19,21.01,174726216.5863037,47176732.33909607,7,
SBB,3061,2007-01-25,2020-07-02,13.43,69287.99934387207,226499.99618530273,18,
SBBA,20,2020-06-05,2020-07-02,0.07,256350.00038146976,256350.00038146976,3,
SBBX,3910,1998-02-20,2020-07-02,22.36,366389.5052909851,20802.551341056824,27,
SBCF,8630,1984-02-02,2020-07-02,36.41,5197549.89862442,263201.52282714844,12,
SBFG,1332,2015-01-05,2020-07-02,5.49,107919.99559402466,60384.99832153321,6,
SBGI,6313,1995-06-07,2020-07-02,25.07,36651365.76843262,5522898.088645935,7,
SBH,3419,2006-11-17,2020-06-19,13.59,23502587.82992363,23473459.399032593,5,
SBI,7076,1992-02-05,2020-07-02,28.41,239000.00100135803,149684.99717712402,23,
SBIO,1386,2014-12-31,2020-07-02,5.5,1344360.4795455933,1396320.004749298,4,
SBLK,3168,2007-12-03,2020-07-02,12.58,4925239.476013184,1497916.0765647888,5,
SBLKZ,624,2017-11-13,2020-06-19,2.6,71161.99989318848,86275.0,5,
SBM,1641,2010-03-18,2020-07-02,10.29,7889.999771118165,35689.998626708984,36,
SBNY,4099,2004-03-23,2020-07-02,16.28,46667287.34321594,17476830.47103882,5,
SBOW,872,2017-01-03,2020-07-02,3.49,426906.0010433197,501664.00463581085,7,
SBPH,1046,2016-05-06,2020-07-02,4.16,138892.50028133392,206922.49541282654,4,
SBRA,4508,2002-04-02,2020-07-02,18.25,31977945.51486969,5363317.492008209,11,
SBS,1385,2015-01-02,2020-07-02,5.5,16487222.545909882,15030899.608612059,4,
SBSI,1385,2015-01-02,2020-07-02,5.5,3434418.366622925,3105277.027130127,4,
SBSW,1853,2013-02-11,2020-06-19,7.35,25458000.191116333,11459490.35949707,4,
SBT,1152,2015-01-05,2020-07-02,5.49,352702.9957294464,775995.0069904329,14,
SBUX,1385,2015-01-02,2020-07-02,5.5,645245822.0672607,508475633.9481353,4,
SC,1623,2014-01-23,2020-07-02,6.44,21148388.3685112,25166952.593994137,4,
SCCB,249,2019-06-28,2020-07-02,1.01,59604.99801635743,59604.99801635743,4,
SCCO,1385,2015-01-02,2020-07-02,5.5,27262637.907218933,34808084.043502815,4,
SCD,4118,2004-02-25,2020-07-02,16.35,814975.9892463684,846369.0230369568,5,
SCHA,1385,2015-01-02,2020-07-02,5.5,26976824.52735901,22571026.25808716,4,
SCHB,2684,2009-11-03,2020-07-02,10.66,59320085.25047302,20978247.612571716,5,
SCHC,2635,2010-01-14,2020-07-02,10.46,8929154.381370544,2842039.9307250977,5,
SCHE,1385,2015-01-02,2020-07-02,5.5,39815795.06816864,20622843.501281735,4,
SCHF,1385,2015-01-02,2020-07-02,5.5,106882006.57424925,55634261.53678894,4,
SCHH,1385,2015-01-02,2020-07-02,5.5,33827117.248535156,21735953.73802185,4,
SCHI,183,2019-10-11,2020-07-02,0.73,640895.99609375,640895.99609375,4,
SCHJ,183,2019-10-11,2020-07-02,0.73,571404.6146392822,571404.6146392822,4,
SCHL,7133,1992-02-25,2020-06-19,28.31,4932800.109100342,5203625.0,7,
SCHM,2383,2011-01-13,2020-07-02,9.47,19744184.603881836,8005880.142211914,5,
SCHN,1385,2015-01-02,2020-07-02,5.5,3894449.8531341553,6764635.156631468,4,
SCHO,1385,2015-01-02,2020-07-02,5.5,45344511.68117523,14699636.314773558,4,
SCHP,2495,2010-08-05,2020-07-02,9.91,33677467.556762695,4762257.971954346,5,
SCHQ,182,2019-10-11,2020-07-02,0.73,660550.8443832397,660550.8443832397,4,
SCHR,1385,2015-01-02,2020-07-02,5.5,24156285.875701904,7139440.040588379,4,
SCHV,2655,2009-12-15,2020-07-02,10.55,29590843.645477295,6083027.737426758,5,
SCHW,1385,2015-01-02,2020-07-02,5.5,379488362.98332214,290545990.2618408,4,
SCHZ,1385,2015-01-02,2020-07-02,5.5,31041925.854682922,18859998.21472168,4,
SCI,10157,1980-03-17,2020-07-02,40.29,39118865.597724915,5709093.75,7,
SCID,961,2015-05-20,2020-07-02,5.12,10405.999755859375,17898.999786376953,25,
SCIJ,809,2015-05-21,2020-07-02,5.12,5585.900115966797,10883.599853515625,71,
SCIU,1196,2015-05-13,2020-07-02,5.14,112209.34448242189,147379.74796295166,13,
SCIX,817,2015-05-19,2020-07-01,5.12,5636.250114440918,10040.000152587892,27,
SCKT,1356,2015-01-02,2020-07-02,5.5,13690.999627113342,24234.000635147095,6,
SCL,11052,1973-02-21,2020-07-02,47.36,7901835.962295532,94899.49913024902,9,
SCM,1385,2015-01-02,2020-07-02,5.5,1275476.4907360077,916530.0078392029,4,
SCON,1368,2015-01-06,2020-07-02,5.49,155639.49659019706,108525.4998259246,5,
SCOR,3276,2007-06-28,2020-07-02,13.01,1832918.4870123863,3729220.0254440308,5,
SCPE,117,2019-09-05,2020-07-02,0.82,40850.0,40850.0,14,
SCPH,659,2017-11-17,2020-07-02,2.62,303055.99467754364,243047.99695014954,4,
SCPL,295,2019-05-03,2020-07-02,1.17,2978965.0548934937,3403750.0,4,
SCS,1385,2015-01-02,2020-07-02,5.5,10556892.999219894,8961629.73499298,4,
SCSC,1385,2015-01-02,2020-07-02,5.5,3417955.951499939,3838295.8282470703,4,
SCVL,6872,1993-03-16,2020-07-02,27.3,5862539.422798157,1030634.3338012695,7,
SCVX,51,2020-03-20,2020-07-02,0.28,47199.997901916504,47199.997901916504,19,
SCWX,1057,2016-04-22,2020-07-02,4.19,1659292.9700374603,1285070.0244903564,4,
SCX,1385,2015-01-02,2020-07-02,5.5,74419.99950408936,85689.99843597412,4,
SCYX,1376,2015-01-02,2020-07-02,5.5,485333.49502682686,364754.29296791553,6,
SCZ,3161,2007-12-12,2020-07-02,12.56,61922088.50440979,21066360.74066162,5,
SD,943,2016-10-04,2020-07-02,3.74,907672.5247979164,2500640.920257569,4,
SDC,204,2019-09-12,2020-07-02,0.8,53347367.11707116,53347367.11707116,4,
SDD,3048,2007-01-25,2020-07-02,13.43,44365.000438690186,216658.00457000732,12,
SDEM,1288,2015-03-17,2020-07-02,5.3,116706.0022354126,73928.19900512695,6,
SDG,1057,2015-01-05,2020-07-02,5.49,337418.49822998047,160137.00370788577,67,
SDGR,103,2020-02-06,2020-07-02,0.4,46701650.53710938,46701650.53710938,4,
SDI,562,2018-03-07,2020-07-02,2.32,97919.70083713531,97661.70129776001,7,
SDIV,1385,2015-01-02,2020-07-02,5.5,5460013.583850861,4384475.0,4,
SDOG,1385,2015-01-02,2020-07-02,5.5,4980490.985679626,6082260.1833343515,4,
SDOW,2601,2010-02-18,2020-06-19,10.33,79607844.06852722,22808703.857421875,5,
SDP,1342,2015-01-02,2020-07-02,5.5,102522.9991912842,91433.49971771242,6,
SDRL,1385,2015-01-02,2020-07-02,5.5,1440458.004784584,7102448.905706406,4,
SDS,1385,2015-01-02,2020-07-02,5.5,221634298.6603737,168050915.2381897,4,
SDVY,562,2017-11-03,2020-07-02,2.66,47892.49887466431,29042.251110076904,9,
SDY,1385,2015-01-02,2020-07-02,5.5,54442683.69522095,50685192.92297363,4,
SDYL,1239,2015-01-02,2020-07-02,5.5,119965.00015258789,83520.00274658202,9,
SE,679,2017-10-20,2020-07-02,2.7,153054748.74286652,56325418.15567017,4,
SEAC,1385,2015-01-02,2020-07-02,5.5,1057485.5252027512,456399.99866485596,4,
SEAS,1806,2013-04-19,2020-06-19,7.17,36956759.98020172,27011019.670009613,4,
SEB,1384,2015-01-02,2020-07-02,5.5,2032684.521484375,1490000.0,4,
SECO,699,2017-09-22,2020-07-02,2.78,265528.9971113205,760022.9869842529,4,
SEED,1385,2015-01-02,2020-07-02,5.5,64160.49966812134,106399.99866485596,4,
SEF,1384,2015-01-02,2020-07-02,5.5,384510.49785614014,215196.9961166382,4,
SEIC,1385,2015-01-02,2020-07-02,5.5,32248257.08694458,31752599.14398193,4,
SEIX,133,2019-04-25,2020-07-02,1.19,2492.0000076293945,2492.0000076293945,74,
SELB,1015,2016-06-22,2020-07-02,4.03,839932.0054531097,989786.0130310059,4,
SELF,1374,2015-01-02,2020-07-02,5.5,65956.49712085724,48324.99976158142,5,
SENEA,1385,2015-01-02,2020-07-02,5.5,788540.0009155273,603536.0122680664,4,
SENEB,494,2015-01-02,2020-06-29,5.49,5888.0001068115225,9600.0,35,
SENS,1100,2015-12-22,2020-07-02,4.53,1363644.5553272963,1321616.9934988022,26,
SERV,1385,2015-01-02,2020-07-02,5.5,47273215.49720764,36106365.1096344,4,
SF,1385,2015-01-02,2020-07-02,5.5,20840121.474838257,20906539.340209957,4,
SFBC,1106,2015-01-05,2020-07-01,5.49,33461.99989318848,36610.00032424927,12,
SFBS,1385,2015-01-02,2020-07-02,5.5,4951998.021125793,4293850.080490112,4,
SFET,441,2018-08-17,2020-07-02,1.88,567720.0016021729,474472.00775146484,14,
SFHY,677,2016-04-27,2020-07-02,4.18,86220.60070037842,55240.901947021484,41,
SFIG,542,2016-04-27,2020-07-02,4.18,78556.99996948242,30435.000228881836,54,
SFIX,660,2017-10-26,2020-07-02,2.68,48657259.416770935,40536909.30604935,22,
SFL,1385,2015-01-02,2020-07-02,5.5,7724666.57128334,9187268.95427704,4,
SFM,1385,2015-01-02,2020-07-02,5.5,34361168.04199219,40746274.96261596,4,
SFNC,1385,2015-01-02,2020-07-02,5.5,11639327.232933044,7974750.0,4,
SFTW,114,2019-12-20,2020-07-02,0.53,95687.50047683716,95687.50047683716,9,
SFUN,1385,2015-01-02,2020-07-02,5.5,257370.00131607056,8166400.0,4,
SFYF,266,2019-05-08,2020-07-02,1.15,9868.750095367432,10316.150283813477,8,
SFYX,310,2019-04-11,2020-07-02,1.23,63797.39990234375,63214.39952850341,4,
SG,473,2015-01-21,2020-07-02,5.45,22724.999904632572,23520.000457763676,251,
SGA,1383,2015-01-02,2020-07-02,5.5,188784.50469970703,169420.0065612793,4,
SGBX,748,2017-06-22,2020-07-02,3.03,981347.4689245225,124085.49936413765,7,
SGC,1385,2015-01-02,2020-07-02,5.5,274859.5031738281,317855.99899291986,4,
SGDJ,1325,2015-03-31,2020-07-02,5.26,689765.00415802,498616.98894500727,4,
SGDM,1385,2015-01-02,2020-07-02,5.5,1052710.5251312256,858996.01020813,4,
SGG,1369,2015-01-02,2020-07-02,5.5,112002.6496887207,799862.0132446289,7,
SGH,783,2017-05-24,2020-07-02,3.11,6536413.010978699,8952595.83129883,4,
SGMA,1376,2015-01-02,2020-07-02,5.5,28162.999629974365,44802.99949645996,5,
SGMO,1385,2015-01-02,2020-07-02,5.5,14041185.494804384,11545850.0,4,
SGOC,1331,2015-01-02,2020-07-02,5.5,3511.0000610351562,14235.000371932985,7,
SGOL,1385,2015-01-02,2020-07-02,5.5,8052822.819805145,3353774.888992309,4,
SGRP,1315,2015-01-02,2020-07-02,5.5,31067.999374866486,10500.000417232513,12,
SGRY,1197,2015-10-01,2020-07-02,4.75,4540126.4983177185,3612800.0,4,
SGU,1385,2015-01-02,2020-07-02,5.5,567319.9944019318,471164.9961471559,4,
SH,1385,2015-01-02,2020-07-02,5.5,159854561.37800217,92812459.03396606,4,
SHAK,1366,2015-01-30,2020-07-02,5.42,78008871.49486542,31909003.917694084,4,
SHE,1066,2015-01-27,2020-07-02,5.43,576161.4109039307,360037.51525878906,406,
SHEN,1385,2015-01-02,2020-07-02,5.5,7398383.748245239,4885499.954223633,4,
SHG,1385,2015-01-02,2020-07-02,5.5,3165219.0521240234,2980905.0750732427,4,
SHLL,211,2019-04-22,2020-07-02,1.2,105469.99797821045,105469.99797821045,8,
SHLO,1385,2015-01-02,2020-07-02,5.5,137536.0005825758,375274.9967575073,4,
SHM,1385,2015-01-02,2020-07-02,5.5,14132579.372978212,14090552.264404297,4,
SHO,1385,2015-01-02,2020-07-02,5.5,27006718.83292198,28281599.250793453,4,
SHOO,1385,2015-01-02,2020-07-02,5.5,20936161.01732254,19081400.443840027,4,
SHOP,1289,2015-05-21,2020-07-02,5.12,976362707.180786,162549750.0,4,
SHSP,1378,2015-01-02,2020-07-02,5.5,610642.5082921982,134963.99898529053,5,
SHV,1385,2015-01-02,2020-07-02,5.5,220484660.56747437,97293376.53808594,4,
SHW,1385,2015-01-02,2020-07-02,5.5,271365771.7224121,218567541.66564947,4,
SHY,1385,2015-01-02,2020-07-02,5.5,206078588.06228638,120791165.46020508,4,
SHYD,1385,2015-01-02,2020-07-02,5.5,1496582.9818725586,658511.9876861572,4,
SHYF,46,2019-12-02,2020-07-02,0.58,4256105.966949463,4256105.966949463,151,
SHYG,1385,2015-01-02,2020-07-02,5.5,34876902.882003784,16298238.585281372,4,
SHYL,606,2018-01-10,2020-07-02,2.48,81543.49842071533,147300.00114440918,6,
SIBN,430,2018-10-17,2020-07-02,1.71,2550041.9640541077,2072313.020992279,4,
SIC,470,2018-08-16,2020-07-02,1.88,857753.9873361588,778366.9881820679,5,
SID,1385,2015-01-02,2020-07-02,5.5,9076512.851876022,5704320.226669312,4,
SIEB,1248,2015-01-02,2020-07-02,5.5,84191.00003242493,59999.999380111694,14,
SIF,1274,2015-01-02,2020-07-02,5.5,8289.99992609024,16632.50024318695,7,
SIFY,1385,2015-01-02,2020-07-02,5.5,39065.50025343895,49852.00157165528,4,
SIG,1385,2015-01-02,2020-07-02,5.5,33632914.80674743,74862525.83389284,4,
SIGA,1377,2015-01-02,2020-07-02,5.5,916931.990146637,219564.00260925293,12,
SIGI,1385,2015-01-02,2020-07-02,5.5,16788058.64906311,9344519.76470947,4,
SII,1382,2015-01-02,2020-07-02,5.5,762475.0077247621,139900.0,4,
SIJ,1158,2015-01-02,2020-07-02,5.5,81266.99800491333,41627.99835205078,11,
SIL,1385,2015-01-02,2020-07-02,5.5,8746040.344905853,3512258.9727401733,4,
SILC,1385,2015-01-02,2020-07-02,5.5,639478.5043716431,1089103.9947509766,4,
SILJ,1381,2015-01-02,2020-07-02,5.5,4692181.086063385,695148.0194091796,5,
SILK,1050,2015-01-02,2020-07-02,5.5,11276904.050445557,4289702.539354563,429,
SILV,587,2018-03-06,2020-07-02,2.32,3064644.9661254883,326651.99904441833,4,
SIM,1319,2015-01-02,2020-07-01,5.49,7547.999954223632,24336.00082397461,9,
SIMO,1385,2015-01-02,2020-07-02,5.5,10976364.53781128,15557543.714904785,4,
SIMS,555,2017-12-27,2020-07-02,2.51,25944.900512695316,24544.000244140625,7,
SINA,1385,2015-01-02,2020-07-02,5.5,26379457.29351044,46982167.55332947,4,
SINO,1371,2015-01-02,2020-07-02,5.5,19189.99952673912,46269.999212026596,5,
SIRI,1385,2015-01-02,2020-07-02,5.5,130200666.46823883,120722268.71910095,4,
SITC,1385,2015-01-02,2020-07-02,5.5,15153176.74579668,33233336.348487854,4,
SITE,1043,2016-05-12,2020-07-02,4.14,26714521.20437622,21241440.545654293,4,
SITM,155,2019-11-20,2020-07-02,0.62,2049404.927444458,2049404.927444458,4,
SIVBP,138,2019-12-13,2020-07-02,0.55,1024947.504901886,1024947.504901886,4,
SIVR,1385,2015-01-02,2020-07-02,5.5,3686339.918136596,1563079.978942871,4,
SIXH,38,2016-01-27,2020-07-02,4.43,219738.14563751224,219738.14563751224,1046,
SIXL,33,2020-05-11,2020-07-02,0.14,97029.20150756837,97029.20150756837,4,
SIXS,36,2020-05-11,2020-07-02,0.14,96597.2984313965,96597.2984313965,4,
SIZE,1332,2015-01-02,2020-07-02,5.5,6615836.904144287,346423.9990234375,6,
SJ,59,2019-11-12,2020-07-02,0.64,98358.00333023071,98358.00333023071,63,
SJB,1385,2015-01-02,2020-07-02,5.5,1510517.0104980469,1350586.9804382324,4,
SJI,1385,2015-01-02,2020-07-02,5.5,18240580.059432983,12411981.9190979,4,
SJIJ,200,2019-09-18,2020-07-02,0.79,549657.3902130127,549657.3902130127,4,
SJM,1385,2015-01-02,2020-07-02,5.5,98339624.60975647,104340432.98950195,4,
SJNK,1385,2015-01-02,2020-07-02,5.5,66574540.11240005,43373528.985595696,4,
SJT,1385,2015-01-02,2020-07-02,5.5,279436.49604320526,794187.9776000975,4,
SKM,1385,2015-01-02,2020-07-02,5.5,7186955.273246765,10693160.172843935,4,
SKOR,1244,2015-01-02,2020-07-02,5.5,212662.0008468628,114459.50298309325,7,
SKYS,1368,2015-01-02,2020-07-02,5.5,47367.99956560135,52025.25050640106,5,
SKYY,1385,2015-01-02,2020-07-02,5.5,16213146.041488647,5830535.941314697,4,
SLAB,1385,2015-01-02,2020-07-02,5.5,29165168.394470215,18735779.205322266,4,
SLB,1385,2015-01-02,2020-07-02,5.5,365679062.7813339,481581005.5503844,4,
SLCA,1385,2015-01-02,2020-07-02,5.5,9455760.06513834,45911554.330253616,4,
SLCT,1343,2015-01-02,2020-07-02,5.5,239050.99983215332,105655.99784851074,5,
SLDB,613,2018-01-26,2020-07-02,2.43,1995577.5118470192,3501057.8853607173,4,
SLF,1385,2015-01-02,2020-07-02,5.5,21250448.35510254,15859584.228515625,4,
SLGL,607,2018-02-01,2020-07-02,2.41,128153.99494171143,101573.99826049805,4,
SLGN,1385,2015-01-02,2020-07-02,5.5,14086014.679527283,12326183.752441408,4,
SLM,1385,2015-01-02,2020-07-02,5.5,31982405.904412262,28222493.060112,4,
SLMBP,1244,2015-01-02,2020-07-02,5.5,292909.0003967285,188629.99458312988,8,
SLNO,1384,2015-01-02,2020-07-02,5.5,220711.99926137924,71164.14860486984,4,
SLP,1385,2015-01-02,2020-07-02,5.5,4605666.021347046,690850.0156402588,4,
SLQD,1385,2015-01-02,2020-07-02,5.5,8706639.945983887,3227415.9408569336,4,
SLRC,1385,2015-01-02,2020-07-02,5.5,2184053.559064865,2132390.093231201,4,
SLS,1195,2015-01-07,2020-07-02,5.48,1310451.9772410393,1044000.0,36,
SLT,485,2018-05-16,2020-07-02,2.13,27993.55039596558,27927.199935913097,7,
SLV,1376,2015-01-02,2020-06-19,5.46,273310263.1249428,118463127.08497047,4,
SLVO,1385,2015-01-02,2020-07-02,5.5,72555.50079345703,137130.00440597534,4,
SLVP,1385,2015-01-02,2020-07-02,5.5,1060904.9663543701,390411.9839668274,4,
SLX,1385,2015-01-02,2020-07-02,5.5,383949.0022659302,866580.0308227539,4,
SLY,1385,2015-01-02,2020-07-02,5.5,3796373.817443847,2527433.9111328125,4,
SLYG,1385,2015-01-02,2020-07-02,5.5,7671778.8734436035,5381719.696044921,4,
SLYV,1385,2015-01-02,2020-07-02,5.5,11572980.180740356,6236418.34716797,4,
SM,1385,2015-01-02,2020-07-02,5.5,29027147.08595276,61235588.96179199,4,
SMAR,550,2018-04-27,2020-07-02,2.18,68285461.42654419,44964457.318115234,4,
SMB,1385,2015-01-02,2020-07-02,5.5,624975.4972457886,709529.984664917,4,
SMBC,1353,2015-01-02,2020-07-02,5.5,450730.0048828125,318078.0075073242,5,
SMCI,1385,2015-01-02,2020-07-02,5.5,3983722.8836059575,8317890.259552001,4,
SMDD,1316,2015-01-02,2020-07-02,5.5,251469.99530792236,111793.99909973145,8,
SMDV,1315,2015-02-05,2020-07-02,5.4,2990940.9801483154,1951939.9948120117,7,
SMDY,27,2020-01-17,2020-06-24,0.44,2914.900016784668,2914.900016784668,49,
SMED,1381,2015-01-02,2020-07-02,5.5,255027.00612545013,93632.99932479858,5,
SMEZ,1325,2015-01-02,2020-07-02,5.5,47250.400161743164,99489.59960937501,5,
SMFG,1385,2015-01-02,2020-07-02,5.5,8640217.448353767,8285535.879516602,4,
SMG,1385,2015-01-02,2020-07-02,5.5,45792772.009277344,33211315.043640133,4,
SMH,1385,2015-01-02,2020-07-02,5.5,556259819.3786621,330720595.8709717,4,
SMHB,402,2018-11-09,2020-07-02,1.65,523202.0118713379,654375.0062942505,11,
SMHI,768,2017-06-02,2020-06-19,3.05,337582.9963684082,661106.0085773468,4,
SMIN,1385,2015-01-02,2020-07-02,5.5,1580949.0039825442,1186415.9706115723,4,
SMIT,1204,2015-01-02,2020-07-02,5.5,27522.000610828396,20450.499486923218,14,
SMLF,1186,2015-04-30,2020-07-02,5.17,1714380.0476074219,608761.5718841553,18,
SMLV,1381,2015-01-02,2020-07-02,5.5,1452982.502746582,728838.0271911621,5,
SMM,1385,2015-01-02,2020-07-02,5.5,727087.9930257797,963599.986076355,4,
SMMC,140,2019-08-06,2020-07-02,0.91,145041.50195121765,145041.50195121765,21,
SMMCU,192,2019-06-20,2020-07-01,1.03,33078.000354766846,33078.000354766846,10,
SMMD,692,2017-07-14,2020-07-02,2.97,334708.2986831665,127995.9451675415,6,
SMMF,1379,2015-01-02,2020-07-02,5.5,304239.001083374,259700.0,5,
SMMT,1315,2015-03-05,2020-07-02,5.33,70785.00202894211,107300.00138282776,6,
SMMV,948,2016-09-09,2020-07-02,3.81,3826852.5163650513,303720.00284194946,6,
SMN,1374,2015-01-02,2020-07-02,5.5,113647.00212478638,146410.00242233276,6,
SMOG,1373,2015-01-02,2020-07-02,5.5,258059.00802612305,200460.0059509277,18,
SMP,1385,2015-01-02,2020-07-02,5.5,4212330.017852783,3620229.850769043,4,
SMPL,752,2017-07-10,2020-07-02,2.98,21733294.955444336,9118213.574409485,4,
SMRT,1,2020-07-02,2020-07-02,0.0,454912.25698125357,454912.25698125357,0,
SMSI,1385,2015-01-02,2020-07-02,5.5,2689892.0421123505,155713.9993429184,4,
SMTC,1385,2015-01-02,2020-07-02,5.5,20253896.468925476,15341309.616088869,4,
SMTS,1060,2015-01-05,2020-07-02,5.49,20618.150186538696,20300.24929046631,16,
SNA,1385,2015-01-02,2020-07-02,5.5,67555631.64367676,73404865.13519287,4,
SNBR,1385,2015-01-02,2020-07-02,5.5,16745975.173950195,17010504.383468628,4,
SNCR,1384,2015-01-02,2020-07-02,5.5,1905988.4653568265,7765883.234977722,4,
SND,920,2016-11-04,2020-07-02,3.66,473433.0111503601,2373306.8264961243,4,
SNDE,910,2016-09-07,2020-07-02,3.82,186762.0007634163,78361.00039482117,9,
SNDL,233,2019-08-01,2020-07-02,0.92,2045720.009803772,2045720.009803772,4,
SNDR,816,2017-04-06,2020-07-02,3.24,12678015.51246643,13533275.936508179,4,
SNDX,1092,2016-03-03,2020-07-02,4.33,1358460.5014324188,1232282.0111751556,4,
SNE,1385,2015-01-02,2020-07-02,5.5,69118325.14533997,40943313.10119629,4,
SNES,896,2016-12-08,2020-07-02,3.56,528622.0051765442,180730.0033569336,4,
SNFCA,1379,2015-01-02,2020-07-02,5.5,46237.498354911804,46222.22146987915,5,
SNGXW,1,2020-07-01,2020-07-01,0.0,11.0,11.0,0,
SNLN,1385,2015-01-02,2020-07-02,5.5,1243350.9704589844,1696409.9292755127,4,
SNMP,1379,2015-01-02,2020-07-02,5.5,43277.50024199486,196560.0034713745,5,
SNN,1385,2015-01-02,2020-07-02,5.5,24155544.94934082,16192836.799621582,4,
SNOA,1383,2015-01-02,2020-07-02,5.5,45852.00073719025,109836.00082397461,5,
SNP,1385,2015-01-02,2020-07-02,5.5,10537641.878509521,10433084.213256838,4,
SNPE,256,2019-06-26,2020-07-02,1.02,343170.54901123047,330106.79416656494,4,
SNPS,1385,2015-01-02,2020-07-02,5.5,141209690.93093872,71257375.0,4,
SNR,1385,2015-01-02,2020-07-02,5.5,2493841.9332504277,4543559.793663024,4,
SNSR,955,2016-09-16,2020-07-02,3.79,1015651.4739990234,562807.0175170897,4,
SNUG,72,2020-02-25,2020-07-02,0.35,50774.10144805908,50774.10144805908,5,
SNV,1385,2015-01-02,2020-07-02,5.5,42084609.87701416,36784656.60095215,4,
SNX,1385,2015-01-02,2020-07-02,5.5,36402913.47732544,24438880.279541016,4,
SO,1385,2015-01-02,2020-07-02,5.5,269956836.1600876,242465283.98246765,4,
SOAC,5,2020-06-26,2020-07-02,0.02,215715.00835418704,215715.00835418704,3,
SOHO,1385,2015-01-02,2020-07-02,5.5,243556.00669384009,218861.99855804443,4,
SOHOB,899,2016-09-07,2020-07-02,3.82,63637.50066757202,51365.99807739258,7,
SOHON,306,2019-04-12,2020-07-02,1.22,76787.2010231018,94313.55104446411,4,
SOHOO,648,2017-10-10,2020-07-02,2.73,74945.50108909607,66946.4997291565,6,
SOHU,5025,2000-07-12,2020-07-02,19.97,3763694.9343681335,19398720.420455933,7,
SOI,791,2017-05-12,2020-07-02,3.14,4447402.043581009,5276811.130428315,4,
SOIL,1335,2015-01-02,2020-07-02,5.5,21907.49945640564,26649.999618530273,5,
SOJA,1191,2015-10-09,2020-07-02,4.73,1608538.516330719,1669259.9458694458,4,
SOJB,951,2016-09-22,2020-07-02,3.78,1157439.0125274656,1586034.056854248,4,
SOJC,653,2017-11-28,2020-07-02,2.59,734374.896812439,1089772.0275878904,4,
SOJD,119,2020-01-14,2020-07-02,0.47,4227567.115974426,4227567.115974426,4,
SOLO,478,2018-08-09,2020-07-02,1.9,450692.99035072327,424168.99963617325,4,
SOLY,347,2019-02-19,2020-07-02,1.37,2148609.056043625,2195639.960861206,4,
SON,1,2020-07-02,2020-07-02,0.0,14074070.977798462,14074070.977798462,0,
SONA,1382,2015-01-05,2020-07-02,5.49,740401.0259151459,507277.99072265625,4,
SONM,2202,1995-08-10,2020-07-02,24.9,393278.5045385361,1622.5000023841853,2886,
SONN,1349,2015-01-07,2020-07-02,5.48,277355.27534484863,63440.00244140625,6,
SONO,483,2018-08-02,2020-07-02,1.92,17468024.93495941,14560845.416069033,4,
SOVB,1053,2016-02-23,2020-07-02,4.36,29814.00032043457,41699.99885559083,6,
SOXS,1385,2015-01-02,2020-07-02,5.5,88477998.02360535,11363729.830169678,4,
SOXX,1385,2015-01-02,2020-07-02,5.5,141453684.75646976,72615148.63586426,4,
SOYB,1385,2015-01-02,2020-07-02,5.5,507239.99605178833,392313.00287246704,4,
SPAQ,363,2018-10-02,2020-07-02,1.75,320656.00776672363,255015.99617004395,12,
SPAR,9021,1984-06-19,2020-06-18,36.0,3713947.8689985266,409149.0138530731,14,
SPB,1385,2015-01-02,2020-07-02,5.5,22387125.24242401,17210803.508377075,4,
SPBO,3203,2011-04-07,2023-12-28,12.73,5185142.416477203,196291.99905395508,5,
SPCB,4748,2005-02-17,2023-12-28,18.86,64913.49919438362,38538.37445163727,5,
SPCE,1572,2017-09-29,2023-12-28,6.25,35816858.57028961,41009365.8169508,4,
SPDN,1901,2016-06-10,2023-12-28,7.55,64775526.78852081,2300048.861694336,4,
SPDV,1530,2017-11-29,2023-12-28,6.08,168045.85361480713,147047.99938201904,4,
SPDW,4199,2007-04-26,2023-12-28,16.67,87940917.29516983,2582979.0075302124,5,
SPE,6802,1993-05-28,2020-06-19,27.06,214127.50010490417,295032.00063705444,7,
SPEM,4222,2007-03-23,2023-12-28,16.77,51574124.38278198,1708506.566619873,5,
SPEU,5334,2002-10-21,2023-12-28,21.19,1167479.9867630005,572215.4981613159,5,
SPFF,2880,2012-07-19,2023-12-28,11.44,615688.5021686554,824618.9811229706,5,
SPFI,1908,2004-06-21,2023-12-28,19.52,707264.9962425232,244314.00203704834,736,
SPGI,1385,2015-01-02,2020-07-02,5.5,333347096.2890625,174579170.1828003,4,
SPGP,2166,2011-06-16,2020-07-02,9.05,2931729.981994629,235851.50756835938,7,
SPH,7006,1996-02-29,2023-12-28,27.83,2840989.5602703094,3336002.013015747,7,
SPHB,3184,2011-05-05,2023-12-28,12.65,34246845.57723999,4432545.056915283,5,
SPHQ,4546,2005-12-06,2023-12-28,18.06,27966655.216407776,2447334.5162391663,5,
SPHY,2901,2012-06-19,2023-12-28,11.52,18294242.961978912,450641.983795166,5,
SPI,2000,2016-01-20,2023-12-28,7.94,75421.50265574455,153480.4993748665,4,
SPIB,3740,2009-02-20,2023-12-28,14.85,157014926.97429657,7643777.188491821,5,
SPIP,4176,2007-05-30,2023-12-28,16.58,10464611.371612549,2989545.5375671387,5,
SPKE,1385,2015-01-02,2020-07-02,5.5,944733.996295929,1330150.0,4,
SPKEP,1,2020-07-02,2020-07-02,0.0,90972.3516254425,90972.3516254425,0,
SPLG,4560,2005-11-15,2023-12-28,18.12,175753244.61231232,300834.0030670166,5,
SPLK,2943,2012-04-19,2023-12-28,11.69,164979996.1277008,142122886.90185547,5,
SPLP,2950,2012-04-10,2023-12-28,11.72,31220.00026702881,106095.99685668945,5,
SPLV,2297,2011-05-05,2020-06-19,9.13,203917947.78556824,55766402.940750115,5,
SPMB,3754,2009-01-30,2023-12-28,14.91,18297538.883399963,514395.9995269776,5,
SPMD,2638,2013-07-09,2023-12-28,10.47,28377440.301132202,7306790.0899887085,4,
SPMO,2068,2015-10-12,2023-12-28,8.21,1590131.995010376,289808.99772644043,4,
SPMV,1626,2017-07-14,2023-12-28,6.46,11190.60001373291,3784.84992980957,4,
SPN,131,2019-12-26,2020-07-02,0.52,421176.01289749146,421176.01289749146,4,
SPNE,1266,2015-06-17,2020-07-02,5.04,1177071.4849472046,613933.9974403381,5,
SPNS,6498,1998-03-05,2023-12-28,25.82,2868515.5497550964,208550.99601745605,7,
SPOK,4811,2004-11-17,2023-12-28,19.11,2247914.9315834045,1594943.9666748047,5,
SPOT,1446,2018-04-03,2023-12-28,5.74,217416266.64352417,235967880.44128418,4,
SPPI,5965,1996-09-26,2020-07-02,23.76,4823671.912252903,1744846.0103034973,7,
SPPP,2775,2012-12-19,2023-12-28,11.02,512039.99519348145,548135.9823226929,4,
SPR,4300,2006-11-28,2023-12-28,17.08,59431872.92146683,45185655.15022278,5,
SPRO,1548,2017-11-02,2023-12-28,6.15,398808.50056409836,850377.0332336426,4,
SPRT,5021,2000-07-19,2020-07-02,19.95,85308.99884700775,481800.0,7,
SPSC,3446,2010-04-22,2023-12-28,13.68,22855858.95614624,6973206.038665773,5,
SPSK,1006,2019-12-31,2023-12-28,3.99,1061961.9747161865,306605.4964065552,4,
SPSM,2638,2013-07-09,2023-12-28,10.47,37930669.5022583,6618573.125267029,4,
SPT,2918,2006-07-14,2023-12-28,17.46,32947021.13494873,31360.249706983566,819,
SPTI,4176,2007-05-30,2023-12-28,16.58,95335888.98296356,1904532.0013046265,5,
SPTL,3243,2007-05-30,2020-06-19,13.06,26274868.04599762,1495004.0130615234,14,
SPTM,5841,2000-10-10,2023-12-28,23.21,22990794.68975067,853247.995376587,7,
SPTN,5889,2000-08-02,2023-12-28,23.4,5149715.005111695,2890283.0259323125,7,
SPTS,3038,2011-12-01,2023-12-28,12.07,66398618.47610474,2491053.00321579,5,
SPUU,2415,2014-05-28,2023-12-28,9.59,1681044.4877624512,567486.0137939454,4,
SPWR,4558,2005-11-17,2023-12-28,18.11,47017788.57584,40904211.34252548,5,
SPXC,11040,1980-03-17,2023-12-28,43.78,13814288.174438477,7077692.337846756,7,
SPXE,2080,2015-09-24,2023-12-28,8.26,32376.20086669922,24981.099700927734,4,
SPXL,3812,2008-11-05,2023-12-28,15.14,860504224.4018555,168703926.383543,5,
SPXN,436,2015-09-24,2020-07-02,4.77,17704.94956970215,13295.899963378906,63,
SPXS,2915,2008-11-19,2020-06-19,11.58,145097242.77920723,73986592.97180177,5,
SPXV,2080,2015-09-24,2023-12-28,8.26,9487.45002746582,6499.599838256836,4,
SPY,7785,1993-01-29,2023-12-28,30.91,33248591428.260803,13739778949.694824,7,
SPYD,1182,2015-10-22,2020-07-02,4.7,22574913.56868744,4654851.027870178,4,
SQ,1162,2015-11-19,2020-07-02,4.62,645368702.4478912,401649780.00774384,4,
SQBG,2589,2004-09-22,2020-06-19,15.74,47127.50038802624,113725.99892616272,159,
SQEW,36,2020-05-12,2020-07-02,0.14,66879.64820861816,66879.64820861816,4,
SQM,6702,1993-09-21,2020-07-02,26.78,20412364.589309692,5534281.120347978,7,
SQNS,1385,2015-01-02,2020-07-02,5.5,695940.0128126146,267720.00789642334,4,
SQQQ,2615,2010-02-11,2020-07-02,10.39,483392579.5658111,108450812.79296875,5,
SR,1385,2015-01-02,2020-07-02,5.5,18486493.70498657,14421029.342651367,4,
SRAC,59,2020-01-02,2020-07-02,0.5,473785.0183486939,473785.0183486939,14,
SRACU,91,2019-11-08,2020-07-02,0.65,14675.92038345337,14675.92038345337,29,
SRAX,1220,2015-01-05,2020-07-02,5.49,147060.00014543533,131366.00065231323,22,
SRC,1958,2012-09-20,2020-07-02,7.78,38294631.36806488,41174830.99975586,5,
SRCL,5991,1996-08-23,2020-07-02,23.86,35224326.49555206,25879729.58908081,7,
SRDX,5621,1998-03-04,2020-07-02,22.33,3062644.5974349976,2116943.911743164,7,
SRE,5540,1998-06-29,2020-07-02,22.01,192215365.91758728,67882969.83833313,7,
SREA,257,2019-06-27,2020-07-02,1.02,2430775.43964386,2476800.0,4,
SRET,1326,2015-03-17,2020-07-02,5.3,4173122.0450401306,485734.99393463135,5,
SREV,1385,2015-01-02,2020-07-02,5.5,244742.4935400486,783489.9682044983,4,
SRI,5718,1997-10-10,2020-07-02,22.73,5075218.547916412,738339.0111446381,7,
SRL,1382,2015-01-02,2020-07-02,5.5,43019.9990272522,77272.50118255615,4,
SRLN,1826,2013-04-04,2020-07-02,7.24,19005580.62324524,8485369.136810303,4,
SRLP,1385,2015-01-02,2020-07-02,5.5,528359.5024108887,606114.9908065797,4,
SRNE,1385,2015-01-02,2020-07-02,5.5,9347410.417377949,3391793.974328041,4,
SRPT,1385,2015-01-02,2020-07-02,5.5,114417704.51278687,80732755.74188234,4,
SRS,1385,2015-01-02,2020-07-02,5.5,621884.9773406982,1520212.0712280273,4,
SRT,5783,1997-06-19,2020-07-02,23.04,279419.99158859253,343968.9937591553,7,
SRTS,951,2016-07-26,2020-07-02,3.93,72113.50026130676,59471.99935913087,6,
SRTY,2615,2010-02-11,2020-07-02,10.39,16699034.443187712,16778879.736328125,5,
SRV,42,2015-01-23,2020-07-02,5.44,2725887.98828125,2725887.98828125,1342,
SRVR,536,2018-05-16,2020-07-02,2.13,3479599.1020202637,797084.997177124,4,
SSB,1385,2015-01-02,2020-07-02,5.5,12864024.77645874,8550989.84298706,4,
SSBI,3143,2006-07-14,2020-07-02,13.97,32744.99979019165,29760.001182556152,13,
SSD,6496,1994-05-26,2020-07-02,26.1,18522864.715576172,4511408.043670654,7,
SSKN,1385,2015-01-02,2020-07-02,5.5,52730.49976825714,52938.00058364868,4,
SSL,8497,1982-04-26,2020-07-02,38.18,5200058.121776581,761015.9729003906,16,
SSLY,18,2020-05-29,2020-07-02,0.09,4713.349914550783,4713.349914550783,5,
SSNC,2583,2010-03-31,2020-07-02,10.26,86564345.58105469,19361939.760971073,5,
SSNT,1567,2012-04-17,2020-07-02,8.21,22009.99983549118,4800.000190734864,21,
SSO,3533,2006-06-21,2020-07-02,14.03,243725980.72357178,354517975.7270813,5,
SSP,1384,2015-01-02,2020-07-02,5.5,3726312.0102882385,6404090.84186554,4,
SSPKU,119,2019-08-08,2020-07-02,0.9,54118.04896259308,54118.04896259308,22,
SSPY,353,2019-01-04,2020-07-02,1.49,60455.05199432373,64922.20153808594,7,
SSRM,6021,1996-08-01,2020-07-02,23.92,21452270.217895508,8949285.088062286,7,
SSSS,1382,2015-01-02,2020-07-02,5.5,610893.0022716522,582812.5041723251,6,
SSTI,774,2017-06-07,2020-07-02,3.07,3292702.0137786865,3570424.007797241,4,
SSTK,1943,2012-10-11,2020-07-02,7.72,6934846.264076233,10612861.60545349,5,
SSUS,116,2020-01-17,2020-07-02,0.46,257124.49522018433,257124.49522018433,4,
SSY,8852,1980-03-18,2020-07-02,40.29,8830.000093579292,10939.500218629837,19,
SSYS,6464,1994-10-21,2020-07-02,25.7,11876905.498886108,3808053.9226531982,7,
STAA,7143,1992-02-24,2020-07-02,28.35,12328094.187736511,630496.0083007812,7,
STAG,1385,2015-01-02,2020-07-02,5.5,30629742.91229248,15914573.835754395,4,
STAR,1385,2015-01-02,2020-07-02,5.5,8057483.269309998,5765120.085906982,4,
STAY,1670,2013-11-13,2020-07-02,6.63,26278276.782989502,18603003.825569153,4,
STBA,1385,2015-01-02,2020-07-02,5.5,4476122.940826416,2890052.988052368,4,
STC,11420,1973-02-21,2020-07-02,47.36,5226595.562648773,386028.0089378357,10,
STE,1385,2015-01-02,2020-07-02,5.5,77862683.34579468,40737311.64550781,4,
STG,570,2018-03-23,2020-07-02,2.28,27418.500828742985,134317.50071048737,4,
STIM,507,2018-06-28,2020-07-02,2.01,550370.7453489304,991074.0192890167,4,
STK,1385,2015-01-02,2020-07-02,5.5,1409959.0450286865,1282842.0055389404,4,
STKL,1385,2015-01-02,2020-07-02,5.5,839688.0121350288,1991845.939636231,4,
STKS,1326,2015-01-02,2020-07-02,5.5,133252.5015771389,39340.49981832504,11,
STL,1385,2015-01-02,2020-07-02,5.5,25730520.35598755,23766854.213333134,4,
STLC,86,2017-11-09,2020-06-30,2.64,271293.8188076019,271293.8188076019,807,
STLG,78,2020-01-16,2020-07-02,0.46,2551.5000343322754,2551.5000343322754,17,
STLV,75,2020-01-16,2020-07-02,0.46,2523.500061035156,2523.500061035156,7,
STM,1385,2015-01-02,2020-07-02,5.5,46714123.32420349,39610860.323143005,4,
STMB,33,2020-04-16,2020-06-30,0.21,2888.1999969482426,2888.1999969482426,12,
STN,1385,2015-01-02,2020-07-02,5.5,1596584.0123176575,413839.99252319336,4,
STND,1102,2015-01-02,2020-07-02,5.5,64662.00113296509,38450.0,13,
STNG,1385,2015-01-02,2020-07-02,5.5,31565668.346405033,14058329.831886295,4,
STOK,264,2018-10-25,2020-07-02,1.69,3426275.9227752686,3507325.433826447,237,
STOR,1385,2015-01-02,2020-07-02,5.5,65894621.204566956,37026041.32080078,4,
STOT,1012,2016-04-14,2020-07-02,4.22,571541.986846924,310583.510017395,5,
STPP,790,2015-01-02,2020-06-29,5.49,10034.000015258789,36229.000091552734,25,
STPZ,1385,2015-01-02,2020-07-02,5.5,1412023.9631652832,2757447.05543518,4,
STRA,1385,2015-01-02,2020-07-02,5.5,20937880.987548828,8292014.717102051,4,
STRL,1385,2015-01-02,2020-07-02,5.5,1979639.0180587766,1457496.0468292236,4,
STRM,1384,2015-01-02,2020-07-02,5.5,41714.000606536865,36243.99899840355,4,
STRO,444,2018-09-27,2020-07-02,1.76,446974.01337623596,374510.00785827637,4,
STRS,1332,2015-01-02,2020-07-02,5.5,176523.0019569397,149487.49885559082,11,
STSA,203,2019-09-13,2020-07-02,0.8,960231.0075759889,960231.0075759889,4,
STSB,30,2015-01-06,2015-03-04,0.16,2602.7499958872795,2602.7499958872795,7,
STT,1385,2015-01-02,2020-07-02,5.5,162564868.44539642,165183849.01885986,4,
STWD,1385,2015-01-02,2020-07-02,5.5,38519241.10212326,39735512.2385025,4,
STXB,545,2018-05-04,2020-07-02,2.16,722800.0045776367,558416.0186767578,4,
STXS,1377,2015-01-02,2020-07-02,5.5,673084.5015764236,55126.000916957855,5,
STZ-B,796,2015-01-02,2020-07-01,5.49,74150.0,68008.00018310547,17,
STZ,1385,2015-01-02,2020-07-02,5.5,206802887.6953125,222227331.5811157,4,
SU,11040,1980-03-17,2023-12-28,43.78,133636443.11141968,3666990.000152588,7,
SUB,3802,2008-11-19,2023-12-28,15.1,58234748.081970215,5742155.966949463,5,
SUI,7567,1993-12-09,2023-12-28,30.05,83934429.27322388,3636009.8934173584,7,
SUM,2231,2015-01-05,2023-12-28,8.98,22622432.266807556,22553387.814331055,21,
SUMR,1377,2015-01-02,2020-07-02,5.5,30060.01455783844,40823.99978637696,5,
SUN,2836,2012-09-20,2023-12-28,11.27,8720788.617134094,9042242.942619324,5,
SUNS,1385,2015-01-02,2020-07-02,5.5,613482.001876831,556764.0151977539,4,
SUNW,3476,2010-03-10,2023-12-28,13.8,921272.0013201237,213261.99917793274,5,
SUP,11040,1980-03-17,2023-12-28,43.78,200904.99682426453,1501323.994255066,7,
SUPN,2935,2012-05-01,2023-12-28,11.66,11629446.985149384,10734291.542053223,5,
SUPV,1916,2016-05-19,2023-12-28,7.61,1116045.9992408752,1724111.9514465332,4,
SURF,556,2018-04-19,2020-07-02,2.2,170587.00478076935,334156.99694752693,4,
SUSA,4762,2005-01-28,2023-12-28,18.91,8253167.029953003,853739.005279541,5,
SUSB,1630,2017-07-05,2023-12-28,6.48,3079731.6862106323,2255192.9895401,6,
SVBI,1319,2015-01-02,2020-07-02,5.5,56072.50046730042,35035.00146865845,5,
SVM,1668,2017-05-15,2023-12-28,6.62,3393389.94461298,3313256.0039401054,4,
SVMK,445,2018-09-26,2020-07-02,1.77,17595845.23334503,15744999.045467377,4,
SVRA,1679,2017-04-28,2023-12-28,6.67,1031669.9892520905,702440.0197029113,4,
SVT,12776,1973-05-03,2023-12-28,50.65,14648.50001335144,1949.8535583019257,7,
SVVC,3189,2011-04-28,2023-12-28,12.67,5148.000168800354,157057.99446105957,5,
SWAN,1294,2018-11-06,2023-12-28,5.14,548076.0019302368,1957922.97706604,4,
SWCH,689,2017-10-06,2020-07-02,2.74,18686455.628967285,12204830.227851868,4,
SWI,1306,2018-10-19,2023-12-28,5.19,3600590.118265152,7119854.052448272,4,
SWIR,1385,2015-01-02,2020-07-02,5.5,2021616.054534912,4401859.913444521,4,
SWK,11040,1980-03-17,2023-12-28,43.78,125198684.40628052,13204671.933555603,7,
SWKH,6106,1999-09-23,2023-12-28,24.26,100250.50296783447,74779.0010547638,7,
SWKS,9907,1984-09-07,2023-12-28,39.3,172095162.42790222,24803309.406995773,7,
SWM,1385,2015-01-02,2020-07-02,5.5,6082123.980998993,5775750.0,4,
SWN,11040,1980-03-17,2023-12-28,43.78,116833901.52015686,1330150.0,7,
SWT,163,2019-11-08,2020-07-02,0.65,5677875.0,5677875.0,4,
SWTX,1081,2019-09-13,2023-12-28,4.29,15567414.447498322,15999851.43814087,4,
SWX,12826,1973-02-21,2023-12-28,50.85,26374715.34843445,1008423.7688064575,7,
SWZ,9163,1987-08-19,2023-12-28,36.36,114450.49810409546,329391.9906616211,7,
SXC,3131,2011-07-21,2023-12-28,12.44,4982359.26861763,5680724.050474167,5,
SXTC,1255,2019-01-04,2023-12-28,4.98,126751.00207328798,239939.0,4,
SY,1176,2016-01-27,2023-12-28,7.92,274573.4986901283,1910393.0317878723,757,
SYBX,2076,2015-09-30,2023-12-28,8.24,77826.60241425037,281214.991158247,4,
SYE,1107,2015-01-07,2020-07-02,5.48,161627.0004272461,101270.00198364258,14,
SYG,1289,2015-01-02,2020-07-02,5.5,97343.99871826172,87597.9995727539,10,
SYK,11040,1980-03-17,2023-12-28,43.78,330416590.3808594,32881342.350769043,7,
SYKE,1385,2015-01-02,2020-07-02,5.5,5265797.641277313,4318128.034973145,4,
SYN,1385,2015-01-02,2020-07-02,5.5,54006.49998486042,437710.01129150385,4,
SYNA,5518,2002-01-29,2023-12-28,21.91,43651560.93444824,26541945.124816895,5,
SYNC,1385,2015-01-02,2020-07-02,5.5,94959.99775528908,149930.00493049622,4,
SYNH,1385,2015-01-02,2020-07-02,5.5,23649911.461639404,24387480.706787106,4,
SYNL,1385,2015-01-02,2020-07-02,5.5,178236.99645996094,170939.9995803833,4,
SYPR,7457,1994-05-18,2023-12-28,29.61,23918.50017309189,50596.00145816805,7,
SYV,1017,2015-01-05,2020-07-02,5.49,100313.49964141846,77051.00059509277,20,
SYX,1385,2015-01-02,2020-07-02,5.5,1161946.9932556152,913184.986114502,4,
SYY,12773,1973-05-08,2023-12-28,50.64,164392071.28334045,17605500.0,7,
SZC,1338,2015-01-02,2020-07-02,5.5,953383.9981079102,504064.013671875,7,
SZK,4257,2007-02-01,2023-12-28,16.9,44559.000396728516,32135.840454101562,5,
SZNE,427,2018-08-02,2020-07-02,1.92,511342.1905517578,275765.9988403321,7,
T,10108,1983-11-21,2023-12-28,40.1,553453665.0300503,270409193.79955673,7,
TAAG,39,2020-05-08,2020-07-02,0.15,39532.80029296875,39532.80029296875,4,
TAC,5639,2001-07-31,2023-12-28,22.41,2867252.9941082,760709.0188026428,7,
TACO,1362,2015-01-08,2020-07-02,5.48,3254000.859260559,3113050.0,10,
TADS,38,2020-05-08,2020-07-02,0.15,186232.29808807373,186232.29808807373,4,
TAEQ,38,2020-05-08,2020-07-02,0.15,149490.90242385864,149490.90242385864,4,
TAGS,2958,2012-03-28,2023-12-28,11.75,99825.0,5354.000091552734,5,
TAIL,1694,2017-04-06,2023-12-28,6.73,743832.9835414886,1163593.2647705078,4,
TAIT,7225,1995-04-19,2023-12-28,28.69,29464.99960422516,7667.000019550325,7,
TALO,1419,2018-05-10,2023-12-28,5.63,21282619.409561157,8996028.023529053,4,
TAN,3955,2008-04-15,2023-12-28,15.7,47837634.81941223,5261951.929321289,5,
TANH,2208,2015-03-24,2023-12-28,8.76,51729.00061607361,298144.11412119865,4,
TANNL,1384,2015-01-02,2020-07-02,5.5,196115.00215530398,233100.50134658813,4,
TANNZ,1183,2015-10-09,2020-07-02,4.73,138365.99979400635,185566.0005569458,4,
TAOP,4346,2006-09-22,2023-12-28,17.26,35624.00093078613,142522.99958467484,5,
TARA,2312,2014-10-22,2023-12-28,9.18,55268.000650405884,177320.00215053558,4,
TARO,10410,1982-09-14,2023-12-28,41.29,753366.019821167,362538.50173950195,7,
TAST,4287,2006-12-15,2023-12-28,17.03,2575768.4290647507,1230369.980764389,5,
TAT,1385,2015-01-02,2020-07-02,5.5,29923.00003543496,66699.99808073045,4,
TATT,9261,1987-03-31,2023-12-28,36.74,25039.99915122986,16991.99981689453,7,
TAWK,368,2019-01-14,2020-07-02,1.46,263902.2882461548,239791.5023803711,4,
TAXF,1333,2018-09-12,2023-12-28,5.29,1143439.4737243652,579226.9870758057,4,
TAYD,10878,1980-11-05,2023-12-28,43.14,156206.9974899292,9000.0,7,
TBB,1546,2016-05-13,2023-12-28,7.62,1427419.9871063232,2160791.0000801086,543,
TBBK,5011,2004-02-03,2023-12-28,19.9,10249903.716087341,1264119.9536323547,5,
TBF,3614,2009-08-20,2023-12-28,14.35,15805692.969989777,13647892.7318573,5,
TBIO,1144,2018-06-28,2023-12-28,5.5,59513.49861621857,725062.5207424164,351,
TBK,1385,2015-01-02,2020-07-02,5.5,4190537.899208069,2363759.9182128906,4,
TBLT,1276,2018-12-03,2023-12-28,5.07,218574.49193894863,984245.0279712678,4,
TBLTW,306,2018-12-03,2020-07-02,1.58,579.0500096976753,618.1999951601022,25,
TBLU,810,2017-02-15,2020-07-02,3.38,84199.39880371094,20309.100341796875,5,
TBND,263,2019-06-18,2020-07-02,1.04,181010.80284118652,186031.99882507324,4,
TBNK,3642,2009-07-13,2023-12-28,14.46,267759.0079307556,424724.9927520752,5,
TBPH,2422,2014-05-16,2023-12-28,9.62,4417303.631877899,4951787.995147705,4,
TBT,3928,2008-05-22,2023-12-28,15.6,79160332.57694244,120384920.88575363,5,
TCBI,1385,2015-01-02,2020-07-02,5.5,25823147.998809814,29841653.469085693,4,
TCBIL,1341,2015-01-05,2020-07-02,5.49,60405.498123168945,78833.00094604492,5,
TCBK,7730,1993-04-20,2023-12-28,30.69,2770154.40864563,529794.0004348755,7,
TCCO,10154,1983-09-16,2023-12-28,40.28,97.00000286102296,12750.0,7,
TCDA,507,2018-06-28,2020-07-02,2.01,7320908.286380768,5951379.848480225,4,
TCF,1384,2015-01-02,2020-07-02,5.5,32364409.960842133,14938145.75996399,4,
TCFC,1212,2015-01-05,2020-07-02,5.49,174099.50037002563,125289.999294281,10,
TCFCP,114,2020-01-21,2020-07-02,0.45,292225.0001907349,292225.0001907349,4,
TCI,9782,1985-03-07,2023-12-28,38.81,126103.99980545044,20785.000610351562,7,
TCO,1385,2015-01-02,2020-07-02,5.5,30981439.58377838,30280320.922851562,4,
TCOM,5048,2003-12-09,2023-12-28,20.05,144554706.63909912,91961156.85024261,5,
TCON,2244,2015-01-30,2023-12-28,8.91,98692.49765574932,301877.49786376953,4,
TCPC,2953,2012-04-04,2023-12-28,11.73,2670214.039993286,2818107.0146560664,5,
TCRW,420,2018-10-09,2020-07-02,1.73,33488.000297546394,40680.00030517578,4,
TCS,2556,2013-11-01,2023-12-28,10.15,1009584.0269088745,2104525.445151329,4,
TCTL,822,2016-11-16,2020-07-02,3.62,77391.04738235474,49155.000591278076,6,
TCX,6964,1996-04-30,2023-12-28,27.66,1209558.535861969,239497.50178456306,7,
TD,6878,1996-08-30,2023-12-28,27.33,124235426.66854858,40392063.8835907,7,
TDA,1385,2015-01-02,2020-07-02,5.5,280702.9914855957,331376.0021209717,4,
TDAC,325,2018-06-13,2020-07-02,2.05,52294.00062561035,76206.00357055664,10,
TDACU,204,2018-05-30,2020-07-01,2.09,20626.00040435791,20626.00040435791,58,
TDC,4090,2007-10-01,2023-12-28,16.24,35292550.51689148,45625550.064086914,5,
TDE,1385,2015-01-02,2020-07-02,5.5,339042.5045967102,276210.00671386713,4,
TDF,7370,1994-09-21,2023-12-28,29.27,501675.51403045654,1355547.5311279297,7,
TDI,1375,2015-01-02,2020-07-02,5.5,98759.00011062624,86462.00103759766,5,
TDIV,2862,2012-08-14,2023-12-28,11.37,5074030.948448181,2762489.498901367,5,
TDJ,1385,2015-01-02,2020-07-02,5.5,407917.4894332886,343672.00202941895,4,
TDOC,2140,2015-06-30,2023-12-28,8.5,89579930.91020584,85789998.20194244,4,
TDTF,1385,2015-01-02,2020-07-02,5.5,1012926.9836425781,1477098.0329513547,4,
TDV,1042,2019-11-07,2023-12-28,4.14,1064530.9982299805,420528.0055999756,4,
TDW,11040,1980-03-17,2023-12-28,43.78,38217077.73590088,8693161.225891113,7,
TEAF,1199,2019-03-27,2023-12-28,4.76,353857.994222641,500445.01285552984,4,
TEAM,2027,2015-12-09,2023-12-28,8.05,274850114.94903564,187929998.4741211,4,
TECD,1382,2015-01-02,2020-06-29,5.49,58893147.595214844,30428052.12097168,4,
TECH,8789,1989-02-09,2023-12-28,34.88,65863122.98049927,8620259.813690186,7,
TECK,5400,2002-07-18,2023-12-28,21.45,133344263.6390686,61029857.58743286,5,
TECL,3775,2008-12-30,2023-12-28,14.99,109491253.46508026,29838743.45397949,5,
TECS,3775,2008-12-30,2023-12-28,14.99,48967172.96361923,6153239.91394043,5,
TEDU,2452,2014-04-03,2023-12-28,9.74,9683.99977684021,880533.0167770386,4,
TEL,1385,2015-01-02,2020-07-02,5.5,139865178.1982422,122494214.77661133,4,
TELA,1041,2019-11-08,2023-12-28,4.14,545581.9768190384,357568.0046081543,4,
TELL,8921,1988-08-03,2023-12-28,35.4,13643214.758968353,107738.71521091461,7,
TEN,1385,2015-01-02,2020-07-02,5.5,12013999.564695358,22744140.308761597,4,
TENB,1366,2018-07-26,2023-12-28,5.42,31278697.357177734,28259695.839691162,4,
TENX,7488,1994-04-04,2023-12-28,29.73,174624.49967861173,56360.0,7,
TER,12826,1973-02-21,2023-12-28,50.85,149587334.5855713,23499110.376739502,7,
TERM,803,2017-04-13,2020-07-02,3.22,61949.09830093384,126527.00309753417,5,
TERP,1385,2015-01-02,2020-07-02,5.5,14446698.642921448,11597728.641605377,4,
TESS,1385,2015-01-02,2020-07-02,5.5,514188.00525665283,301392.0086860657,4,
TEUM,1385,2015-01-02,2020-07-02,5.5,1631315.949869156,508543.9886331558,4,
TEVA,10556,1982-02-16,2023-12-28,41.86,77669501.68905258,65100312.48650551,7,
TFC,11039,1980-03-18,2023-12-28,43.78,315303919.8952674,29042771.169281006,7,
TFI,4102,2007-09-13,2023-12-28,16.29,31072301.358413696,8562413.491249084,5,
TFIV,321,2018-07-31,2020-07-02,1.92,9618.000030517578,7326.000022888184,11,
TFLO,2493,2014-02-04,2023-12-28,9.89,77006019.06776428,1302769.9802398682,4,
TFX,11040,1980-03-17,2023-12-28,43.78,59991648.947143555,4958159.999465942,7,
TGA,1385,2015-01-02,2020-07-02,5.5,134550.00034868717,187005.00457286838,4,
TGB,8000,1992-03-25,2023-12-28,31.76,1157471.4982390404,414342.49570965767,7,
TGC,1380,2015-01-02,2020-07-02,5.5,8942.499622702599,11132.999888062477,4,
TGEN,2420,2014-05-20,2023-12-28,9.61,1950.05002617836,18089.5001411438,4,
TGH,4083,2007-10-10,2023-12-28,16.22,8240154.863166809,3935892.06905365,5,
TGI,6839,1996-10-25,2023-12-28,27.17,9654860.61758995,8928094.36264038,7,
TGLS,2928,2012-05-10,2023-12-28,11.63,14215876.265335083,243150.0020980835,5,
TGNA,11040,1980-03-17,2023-12-28,43.78,29747188.261270523,28408482.401503086,7,
TGP,1385,2015-01-02,2020-07-02,5.5,3271989.4619464874,4307599.815368652,4,
TGS,7329,1994-11-17,2023-12-28,29.11,1986500.977420807,277550.01163482666,7,
TGT,12826,1973-02-21,2023-12-28,50.85,498846716.9254303,69909400.0,7,
TGTX,3439,2010-05-03,2023-12-28,13.65,62620874.295425415,7276161.76404953,5,
TH,1519,2015-01-05,2023-12-28,8.98,7376578.342103958,914875.0185966492,530,
THBR,128,2019-10-04,2020-07-02,0.74,328079.9907684326,328079.9907684326,12,
THBRU,138,2019-08-09,2020-07-01,0.9,76087.50143051147,76087.50143051147,18,
THC,11040,1980-03-17,2023-12-28,43.78,83559108.52546692,24790564.432907104,7,
THCA,133,2019-07-30,2020-07-01,0.92,256784.98888015747,256784.98888015747,15,
THCAU,120,2019-07-12,2020-06-26,0.96,95999.00016784668,95999.00016784668,22,
THCAW,1,2020-07-01,2020-07-01,0.0,10545.0,10545.0,0,
THCB,281,2019-03-27,2020-07-01,1.26,193450.00710487366,194045.00751495364,8,
THCBU,215,2019-03-05,2020-06-30,1.32,46375.99983215332,46375.99983215332,21,
THD,3965,2008-04-01,2023-12-28,15.74,4504989.57862854,11457862.086486816,5,
THG,7103,1995-10-11,2023-12-28,28.21,20065340.22140503,12679547.305297852,7,
THGA,1385,2015-01-02,2020-07-02,5.5,240683.49542617798,216289.9967193604,4,
THM,4196,2007-05-01,2023-12-28,16.66,31850.000575184822,107044.99784111977,5,
THMO,9215,1987-06-05,2023-12-28,36.56,58044.00053024292,95040.0,7,
THNQ,911,2020-05-18,2023-12-28,3.61,357011.48681640625,194797.80387878418,4,
THO,10075,1984-01-10,2023-12-28,39.96,48204729.74243164,5867100.0,7,
THRM,7694,1993-06-10,2023-12-28,30.55,8163844.079589844,1390400.5016803741,7,
THS,4658,2005-06-28,2023-12-28,18.5,14964186.85092926,15450811.575317383,5,
THTX,3744,2009-02-13,2023-12-28,14.87,54578.49948108196,90468.00208836794,5,
THW,2142,2015-06-26,2023-12-28,8.51,1288066.510105133,1619564.0544891357,4,
THWWW,1,2020-07-02,2020-07-02,0.0,287.02500499784924,287.02500499784924,0,
THY,892,2015-06-08,2023-12-28,8.56,145670.00274658203,147869.49996948242,1764,
TIF,1385,2015-01-02,2020-07-02,5.5,219802023.08006287,137446711.1091614,4,
TIGO,1252,2019-01-09,2023-12-28,4.97,1394027.533531189,1825199.987602234,4,
TIP,5050,2003-12-05,2023-12-28,20.06,304543510.496521,90835455.809021,5,
TIPT,3323,2010-10-15,2023-12-28,13.2,848455.5064201355,149758.00304412842,5,
TIPX,2665,2013-05-30,2023-12-28,10.58,4765248.038482666,461912.9945755005,4,
TISI,10898,1980-10-07,2023-12-28,43.22,103423.99597167969,113975.0,7,
TITN,4038,2007-12-13,2023-12-28,16.04,6140575.996589661,3171174.07374382,5,
TJX,9200,1987-06-26,2023-12-28,36.51,389696753.9134979,72120471.46368027,7,
TK,7161,1995-07-20,2023-12-28,28.44,3815022.0631599426,7868168.75,7,
TKAT,1009,2015-11-25,2020-07-02,4.6,4461.950080096722,6632.999968528748,14,
TKC,5905,2000-07-11,2023-12-28,23.46,1478180.014371872,3477472.198486328,7,
TKR,12826,1973-02-21,2023-12-28,50.85,40192529.5715332,3490883.1370067596,7,
TLC,383,2018-11-21,2020-07-02,1.61,6430.000114440918,8120.000267028808,6,
TLDH,836,2015-11-10,2020-07-02,4.64,11075.99983215332,16997.999954223633,12,
TLEH,980,2015-11-10,2020-07-02,4.64,7777.500057220459,36835.500049591064,13,
TLF,1346,2015-01-02,2020-07-02,5.5,38881.499552726746,36983.50112438202,5,
TLGT,56,2015-03-05,2020-07-02,5.33,29800000.0,29800000.0,923,
TLH,4271,2007-01-11,2023-12-28,16.96,66218820.48339844,4904014.044189453,5,
TLI,1385,2015-01-02,2020-07-02,5.5,282747.0000267029,297150.0,4,
TLK,7079,1995-11-14,2023-12-28,28.12,5028665.418720245,5859980.084037781,7,
TLND,989,2016-07-29,2020-07-02,3.93,8711509.173965454,8021650.0,4,
TLRD,1385,2015-01-02,2020-07-02,5.5,8680576.101207733,19104950.51383972,4,
TLSA,1284,2018-11-20,2023-12-28,5.1,38349.00063276291,62562.4981880188,4,
TLT,5392,2002-07-30,2023-12-28,21.41,2448428774.3019104,752193898.7335205,5,
TLTD,2828,2012-10-02,2023-12-28,11.24,636720.983505249,1288803.0155181885,5,
TLTE,2828,2012-10-02,2023-12-28,11.24,341885.000038147,830908.5071563721,5,
TLYS,2932,2012-05-04,2023-12-28,11.65,1075083.472108841,1566997.9620456696,5,
TM,11040,1980-03-17,2023-12-28,43.78,39239172.58224487,3323187.442779541,7,
TMBR,2737,2013-02-14,2023-12-28,10.87,80278.53986763954,165337.14887732267,4,
TMDI,1384,2015-01-02,2020-07-02,5.5,277554.4995874167,159345.00241279602,4,
TMDV,1042,2019-11-07,2023-12-28,4.14,14006.25,19631.400299072266,4,
TMDX,1174,2019-05-02,2023-12-28,4.66,34304390.22102356,6062964.102935791,4,
TME,1270,2018-12-12,2023-12-28,5.04,46791976.25088692,79567297.6457119,4,
TMFC,1489,2018-01-30,2023-12-28,5.91,1236288.0023956299,1213939.9543762205,4,
TMP,9471,1986-06-02,2023-12-28,37.57,2339363.0432128906,285192.70082473755,7,
TMQ,2939,2012-04-25,2023-12-28,11.67,64872.00056165457,152700.00606775284,5,
TMST,2399,2014-06-19,2023-12-28,9.52,5088215.833282472,5718074.908733368,4,
TMUS,4204,2007-04-19,2023-12-28,16.69,662632622.9270935,146077140.4203415,5,
TMUSR,1,2020-07-02,2020-07-02,0.0,2989768.906898409,2989768.906898409,0,
TMV,3702,2009-04-16,2023-12-28,14.7,44256641.71791077,19660033.893798828,5,
TNA,3802,2008-11-19,2023-12-28,15.1,408373174.264431,423677793.12524796,5,
TNAV,1385,2015-01-02,2020-07-02,5.5,1556844.0187454224,693261.9973659515,4,
TNDM,2547,2013-11-14,2023-12-28,10.12,33573270.8527565,30474750.0,4,
TNET,2457,2014-03-27,2023-12-28,9.75,28742488.609313965,15223988.597869873,4,
TNK,4038,2007-12-13,2023-12-28,16.04,15820862.754631042,3441762.5790872574,5,
TNP,5494,2002-03-05,2023-12-28,21.82,5339018.93362999,2336146.537399292,5,
TNXP,2928,2012-05-10,2023-12-28,11.63,428009.50114130974,730776.0,5,
TOK,4039,2007-12-12,2023-12-28,16.04,100544.00329589844,160000.0,5,
TOKE,1116,2019-07-25,2023-12-28,4.43,22203.100061416626,87866.75267219543,4,
TOL,9446,1986-07-08,2023-12-28,37.47,97934626.65710449,40100185.06717682,7,
TOLZ,2457,2014-03-27,2023-12-28,9.75,602815.0146484375,358422.99156188965,4,
TOPS,4887,2004-08-02,2023-12-28,19.4,349145.32393169403,0.0,5,
TORC,613,2018-01-26,2020-07-02,2.43,1467847.0091342926,1227150.046348572,4,
TOTA,183,2018-08-27,2020-06-22,1.82,30000.0,30000.0,19,
TOTL,2228,2015-02-24,2023-12-28,8.84,15840914.536857605,14457400.778388977,4,
TOUR,2427,2014-05-09,2023-12-28,9.64,250005.0036191941,920647.004032135,4,
TOWN,5066,1999-05-05,2020-06-19,21.13,3402164.946556092,529708.9974403381,13,
TPAY,314,2019-03-13,2020-07-02,1.31,40572.15051651001,39401.39923095703,4,
TPB,1922,2016-05-11,2023-12-28,7.63,2669879.00390625,3312913.5974884033,4,
TPC,12776,1973-05-03,2023-12-28,50.65,1847212.4859333038,121612.5,7,
TPCO,1385,2015-01-02,2020-07-02,5.5,967167.4837589264,1509515.0191307068,4,
TPH,2747,2013-01-31,2023-12-28,10.9,23687622.90430069,21275345.371437073,4,
TPHD,1175,2019-05-01,2023-12-28,4.66,553800.7895469664,416555.9959411621,4,
TPHS,2828,2012-10-02,2023-12-28,11.24,8254.519900679588,33225.499963760376,5,
TPIF,1025,2019-12-03,2023-12-28,4.07,236380.80196380615,181536.00139617923,4,
TPL,11040,1980-03-17,2023-12-28,43.78,57101633.044433594,191582.50200748444,7,
TPLC,1175,2019-05-01,2023-12-28,4.66,558718.3115005493,391543.2174682617,4,
TPR,5843,2000-10-06,2023-12-28,23.23,112728979.59194183,121905750.0,7,
TPSC,1025,2019-12-03,2023-12-28,4.07,270805.4962158203,115664.4058227539,4,
TPTX,306,2019-04-17,2020-07-02,1.21,14352391.222953796,12661822.756958008,4,
TPVG,2472,2014-03-06,2023-12-28,9.81,2277810.4420661926,1655372.5078105927,4,
TPVY,1,2020-07-02,2020-07-02,0.0,64895.50061225892,64895.50061225892,0,
TPX,5041,2003-12-18,2023-12-28,20.03,68409580.74111938,43172610.958099365,5,
TPYP,2140,2015-06-30,2023-12-28,8.5,905566.0081863403,822132.0034980774,4,
TPZ,3630,2009-07-29,2023-12-28,14.41,151680.0018310547,391395.5060005188,5,
TQQQ,3494,2010-02-11,2023-12-28,13.88,3701313761.596298,390193733.08238983,5,
TR,11040,1980-03-17,2023-12-28,43.78,4067849.9084472656,1528955.6426830292,7,
TRC,11040,1980-03-17,2023-12-28,43.78,605992.5049781799,437937.1269207001,7,
TRCH,1,2020-07-02,2020-07-02,0.0,188815.49121117592,188815.49121117592,0,
TREC,1385,2015-01-02,2020-07-02,5.5,282700.0012397766,416519.9821472168,4,
TREE,3872,2008-08-12,2023-12-28,15.38,5266627.484798432,8643269.690322876,5,
TREX,6223,1999-04-08,2023-12-28,24.72,53045970.41091919,6671027.904510498,7,
TRGP,3287,2010-12-07,2023-12-28,13.06,113670939.78652954,64354047.19924927,5,
TRHC,946,2016-09-29,2020-07-02,3.76,15848050.748443604,12151110.292625427,4,
TRI,5425,2002-06-12,2023-12-28,21.54,43753905.98373413,22909823.82659912,5,
TRIB,1385,2015-01-02,2020-07-02,5.5,126960.00323295593,368531.99701309204,4,
TRIP,3034,2011-12-07,2023-12-28,12.06,37602550.370025635,87196765.41976929,5,
TRMB,8425,1990-07-20,2023-12-28,33.44,56807916.6639328,15448455.76286316,7,
TRMD,1472,2018-02-23,2023-12-28,5.84,10119555.597019196,208534.00135040283,4,
TRMK,11040,1980-03-17,2023-12-28,43.78,6264564.086723328,1821921.875,7,
TRMT,696,2017-09-14,2020-07-02,2.8,195679.50353622437,156803.00042629242,5,
TRN,12776,1973-05-03,2023-12-28,50.65,8492947.342681885,4764214.218429565,7,
TRND,292,2019-05-06,2020-07-02,1.16,143479.34637069702,135273.25448989868,4,
TRNE,246,2019-05-03,2020-07-02,1.17,190554.99486923218,190554.99486923218,7,
TRNO,3495,2010-02-10,2023-12-28,13.88,28802025.802612305,6741790.140151978,5,
TRNS,11616,1977-12-05,2023-12-28,46.06,3749475.924682617,9000.0,7,
TROW,9513,1986-04-02,2023-12-28,37.74,143733548.71559143,37442561.53335571,7,
TROX,3291,2010-12-01,2023-12-28,13.07,14354216.854476929,13761828.38344574,5,
TRP,10406,1982-09-20,2023-12-28,41.27,76597901.67350769,2663683.966064453,7,
TRPX,826,2017-03-22,2020-07-01,3.28,126606.90115690233,141095.00212669373,4,
TRQ,1385,2015-01-02,2020-07-02,5.5,1393534.4989031553,6526443.015599251,4,
TRS,4183,2007-05-18,2023-12-28,16.61,2733755.9412002563,3288718.1648254395,5,
TRST,10258,1983-04-20,2023-12-28,40.69,2144687.045288086,1128770.0058364868,7,
TRT,7943,1992-06-16,2023-12-28,31.53,38093.5001373291,8859.999656677246,7,
TRTN,1385,2015-01-02,2020-07-02,5.5,11070782.624530792,10006554.036712646,4,
TRTX,1628,2017-07-05,2023-12-28,6.48,2474230.0337314606,3140476.5000343323,8,
TRTY,455,2018-09-12,2020-07-02,1.8,136982.99446105957,156031.99462890625,4,
TRU,2143,2015-06-25,2023-12-28,8.51,99487865.25726318,74898796.99707031,4,
TRUE,2422,2014-05-16,2023-12-28,9.62,477000.01413822174,4787979.003882408,4,
TRUP,2379,2014-07-18,2023-12-28,9.45,22208133.44554901,9048605.117607117,4,
TRV,12133,1975-11-17,2023-12-28,48.11,214507202.6977539,28933300.0,7,
TRVG,1769,2016-12-16,2023-12-28,7.03,381172.49510765076,1598963.946495056,4,
TRVI,1171,2019-05-07,2023-12-28,4.64,164053.99899482727,138724.9970436096,4,
TRVN,2495,2014-01-31,2023-12-28,9.91,96812.19778358936,1124583.034658432,4,
TRWH,319,2019-03-29,2020-07-02,1.26,4514382.061386108,4508700.0,4,
TRX,4690,2005-05-12,2023-12-28,18.63,125592.4977838993,505588.9949798584,5,
TRXC,4724,1991-08-07,2020-07-02,28.9,2628024.5138913393,509548.0155944825,116,
TS,5295,2002-12-16,2023-12-28,21.03,61415164.60790634,54121605.56602478,5,
TSBK,6533,1998-01-13,2023-12-28,25.95,513835.498046875,82411.0013961792,7,
TSC,1385,2015-01-02,2020-07-02,5.5,2184561.9577884674,1714103.963470459,4,
TSCAP,557,2018-03-16,2020-07-02,2.3,44200.0,51135.000801086426,5,
TSCBP,276,2019-05-31,2020-07-02,1.09,134534.94501113892,139997.09758758545,4,
TSCO,7518,1994-02-17,2023-12-28,29.86,245749606.199646,26551294.85206604,7,
TSE,2404,2014-06-12,2023-12-28,9.54,6057151.320409775,14847261.327171326,4,
TSEM,7345,1994-10-26,2023-12-28,29.17,23268532.436943054,857395.0071334838,7,
TSI,9284,1987-02-26,2023-12-28,36.84,380838.50622177124,406754.4895172119,7,
TSLA,3399,2010-06-29,2023-12-28,13.5,27968717819.21463,1647014713.12561,5,
TSLX,2461,2014-03-21,2023-12-28,9.77,6240022.371864319,4449528.841972351,4,
TSM,6598,1997-10-09,2023-12-28,26.22,864696709.5497131,150152065.22026062,7,
TSN,11040,1980-03-17,2023-12-28,43.78,141429505.59959412,13619406.259727478,7,
TSQ,1488,2014-07-24,2020-06-19,5.91,163698.50206375122,351161.99655532837,4,
TSU,5442,1998-11-16,2020-07-02,21.63,14044939.781808853,10546185.85267067,7,
TT,11040,1980-03-17,2023-12-28,43.78,225259461.0397339,9333604.844808102,7,
TTAC,1825,2016-09-28,2023-12-28,7.25,207361.30027770996,275125.0,4,
TTAI,1630,2017-07-10,2023-12-28,6.47,87807.4987411499,26658.50009918213,4,
TTC,11040,1980-03-17,2023-12-28,43.78,49683428.507232666,3375874.988937378,7,
TTD,943,2016-09-21,2020-06-19,3.74,399704207.9147339,105544488.92211914,4,
TTEC,6899,1996-08-01,2023-12-28,27.41,5201633.989334106,3365600.0,7,
TTEK,8068,1991-12-17,2023-12-28,32.03,40071376.304626465,7484396.441268921,7,
TTGT,4184,2007-05-17,2023-12-28,16.62,6764883.00819397,723890.5194759369,5,
TTI,8500,1990-04-03,2023-12-28,33.74,4938956.042587757,3033446.052336693,7,
TTM,3969,2004-09-27,2020-07-02,15.76,15831673.509526253,25493396.643447876,5,
TTMI,5852,2000-09-25,2023-12-28,23.26,6877972.477817535,5128725.348043442,7,
TTNP,7035,1996-01-18,2023-12-28,27.94,11332.500013709068,208619.99130249023,7,
TTOO,2365,2014-08-07,2023-12-28,9.39,1383567.0163154602,1241179.9793243408,4,
TTP,3062,2011-10-27,2023-12-28,12.17,137968.99995803833,646429.4942855835,5,
TTTN,405,2018-11-07,2020-07-02,1.65,46334.99937057495,43007.99865722656,5,
TTWO,6722,1997-04-15,2023-12-28,26.7,177123314.75219727,31522910.82057953,7,
TU,5112,1996-06-11,2020-06-19,24.02,14882854.126739502,4249356.938552856,126,
TUES,5335,1999-04-22,2020-07-02,21.2,240032.00305104256,1964638.0227565765,7,
TUFN,310,2019-04-11,2020-07-02,1.23,3380669.9608802795,3438056.010246277,4,
TUP,6958,1996-05-08,2023-12-28,27.64,2995698.4929680824,14438018.75,7,
TURN,10282,1983-03-16,2023-12-28,40.79,38020.49880027771,88586.37661933899,7,
TUSK,1813,2016-10-14,2023-12-28,7.2,565405.0184488297,863962.031173706,4,
TV,7564,1993-12-14,2023-12-28,30.04,8464405.917596817,26755163.854122162,7,
TVC,6343,1998-10-14,2023-12-28,25.2,295164.9969100952,391571.9955444336,7,
TVE,6194,1999-05-19,2023-12-28,24.61,261057.49769210818,324476.99728012085,7,
TVIX,1491,2014-01-24,2020-07-02,6.44,2044861568.8095093,210184000.0,45,
TVTY,7258,1991-08-13,2020-07-02,28.89,10775434.302520752,3008228.965806961,7,
TW,1193,2019-04-04,2023-12-28,4.73,59151614.57519531,45457930.14907837,4,
TWI,7708,1993-05-20,2023-12-28,30.61,4138943.5225486755,2379888.932466507,7,
TWIN,9430,1980-03-17,2020-06-19,40.26,340485.4967594147,82694.5008277893,10,
TWLO,2721,2003-10-10,2023-12-28,20.22,187936588.67645264,157039401.47399902,1575,
TWMC,7787,1986-07-24,2020-07-02,33.94,111366.50187969208,157320.00274658203,12,
TWN,9333,1986-12-16,2023-12-28,37.03,226427.99978256226,459577.9872894287,7,
TWNK,1077,2015-12-15,2020-07-02,4.55,14389365.553092955,11369267.918014526,22,
TWNKW,1037,2015-11-25,2020-07-02,4.6,45500.99908709526,86848.00157546996,40,
TWO,3564,2009-10-30,2023-12-28,14.16,13065410.199022293,23181971.58150673,5,
TWOU,2456,2014-03-28,2023-12-28,9.75,4041183.0251932144,17960260.55202484,4,
TWST,1298,2018-10-31,2023-12-28,5.16,20905342.250347137,25837889.735794067,4,
TWTR,1385,2015-01-02,2020-07-02,5.5,499519552.83145905,481810983.552742,4,
TX,4508,2006-02-01,2023-12-28,17.9,7281013.691711425,8714322.032356262,5,
TXG,1568,2015-01-02,2023-12-28,8.99,42946066.2525177,38291917.76237488,567,
TXMD,4190,2007-05-09,2023-12-28,16.64,78915.99750518799,1838459.9605751038,5,
TXN,13006,1972-06-01,2023-12-28,51.57,789151868.5638428,162466105.74741364,7,
TY,11040,1980-03-17,2023-12-28,43.78,1271592.008972168,1131491.00522995,7,
TYBS,880,2015-01-05,2020-07-02,5.49,10007.999610900879,15092.00029373169,16,
TYG,4996,2004-02-25,2023-12-28,19.84,1010355.9923171997,2376841.9116973877,5,
TYL,11040,1980-03-17,2023-12-28,43.78,84049156.9152832,670557.4985027313,7,
TYME,1136,2015-03-12,2020-07-02,5.31,427229.00193333626,284079.499399662,14,
TYO,3702,2009-04-16,2023-12-28,14.7,573239.9859905243,243607.50074386597,5,
TZA,3802,2008-11-19,2023-12-28,15.1,325329661.0462189,262129348.0895996,5,
TZAC,215,2018-10-18,2020-06-30,1.7,32544.000244140618,32544.000244140618,19,
TZOO,5371,2002-08-28,2023-12-28,21.33,741115.0008201599,960884.9968910217,5,
UA,1253,2015-07-01,2020-07-02,5.0,38746206.6365242,51429840.45696259,6,
UAA,1385,2015-01-02,2020-07-02,5.5,76442253.54032516,111901742.02308655,4,
UAE,1325,2015-01-02,2020-07-02,5.5,111490.49844741821,84506.99844360353,5,
UAG,586,2015-01-02,2020-07-02,5.5,6450.0,9309.999942779543,36,
UAL,1385,2015-01-02,2020-07-02,5.5,294180241.8258667,269285646.169281,4,
UAN,3202,2011-04-08,2023-12-28,12.72,4523050.0,2521175.9680986404,5,
UAPR,1196,2019-04-01,2023-12-28,4.74,414073.49185943604,162514.49747085568,4,
UAUD,412,2017-12-12,2020-07-02,2.55,13472.450256347656,11346.800231933594,22,
UAUG,1108,2019-08-06,2023-12-28,4.39,724995.2993392944,162531.30226135254,4,
UAVS,4182,2007-05-21,2023-12-28,16.61,208930.4938450455,23570.0,5,
UBA,1385,2015-01-02,2020-07-02,5.5,2093327.9598236084,1858100.0518798826,4,
UBCP,7764,1993-03-02,2023-12-28,30.82,31995.000457763672,12927.499675750732,7,
UBER,1168,2019-05-10,2023-12-28,4.64,788646437.9001617,804274624.5801926,4,
UBG,650,2015-01-02,2020-07-02,5.5,6445.999908447266,13245.00026702881,26,
UBOH,6387,1996-04-02,2023-12-28,27.74,7201.320942878723,11887.500286102297,14,
UBS,5943,2000-05-16,2023-12-28,23.62,62436399.0729332,37270933.37974548,7,
UBSI,9216,1987-06-04,2023-12-28,36.57,20830359.720516205,3371632.5053215027,7,
UBT,3509,2010-01-21,2023-12-28,13.93,1759489.4948005676,1482264.005279541,5,
UBX,1424,2018-05-03,2023-12-28,5.65,387484.4941854477,1218692.0000076294,4,
UCBI,5482,2002-03-21,2023-12-28,21.77,14793575.849533081,4596775.053787231,5,
UCBIO,899,2020-06-04,2023-12-28,3.56,154700.00133514404,173259.00421142575,4,
UCC,4256,2007-02-02,2023-12-28,16.9,39417.50059127808,102866.00036621094,5,
UCHF,376,2017-12-12,2020-07-02,2.55,5975.400066375733,5805.600070953369,21,
UCI,1382,2015-01-02,2020-07-02,5.5,85926.49998664856,168094.99897956848,4,
UCIB,2069,2015-10-09,2023-12-28,8.22,15170.999908447267,2322.5000381469727,4,
UCO,3798,2008-11-25,2023-12-28,15.09,71054088.08841705,70958986.25,5,
UDEC,1026,2019-12-02,2023-12-28,4.07,208397.75104522705,136076.79805755615,4,
UDN,4238,2007-03-01,2023-12-28,16.83,1805930.9783935547,1319606.4664840703,5,
UDOW,3494,2010-02-11,2023-12-28,13.88,149740787.6739502,38816881.453704834,5,
UEC,4213,2007-04-05,2023-12-28,16.73,22571906.039452553,1344744.9789762497,5,
UEIC,7775,1993-02-12,2023-12-28,30.87,828472.016620636,1265400.0,7,
UEUR,552,2017-12-12,2020-07-02,2.55,26011.15016937256,22262.399673461914,22,
UEVM,1552,2017-10-27,2023-12-28,6.17,28636.999893188477,132432.95402526855,4,
UFAB,1236,2015-07-01,2020-06-19,4.97,22429.999589920044,68691.99837446213,5,
UFCS,11039,1980-03-18,2023-12-28,43.78,1620735.0087165833,292096.0012435913,7,
UFI,1385,2015-01-02,2020-07-02,5.5,1632019.9699401855,1840543.9922332764,4,
UFPI,7587,1993-11-10,2023-12-28,30.13,25193118.01300049,3528008.8817596436,7,
UFPT,7561,1993-12-17,2023-12-28,30.03,9912915.198898315,145520.0040817261,7,
UFS,1385,2015-01-02,2020-07-02,5.5,24118905.77583313,22725600.700378418,4,
UG,11040,1980-03-17,2023-12-28,43.78,43093.50028038025,23999.99856376648,7,
UGA,3987,2008-02-28,2023-12-28,15.83,1475711.0347747803,1562045.96862793,5,
UGAZ,1384,2015-01-02,2020-07-02,5.5,364420723.50559235,128107136.56349182,4,
UGBP,535,2017-12-12,2020-07-02,2.55,41431.89859390259,27287.999725341797,20,
UGE,4257,2007-02-01,2023-12-28,16.9,40326.9980430603,72510.00022888184,5,
UGI,12826,1973-02-21,2023-12-28,50.85,46226490.10677338,1446768.7912344933,7,
UGL,3793,2008-12-03,2023-12-28,15.07,6162646.073722839,5398443.898010254,5,
UGLD,1385,2015-01-02,2020-07-02,5.5,21655158.558654785,6292380.091094971,4,
UGP,6096,1999-10-07,2023-12-28,24.22,4175681.881415844,3494845.986902714,7,
UHAL,7338,1994-11-04,2023-12-28,29.15,9298607.846450806,3527072.9385852814,7,
UHS,10709,1981-07-09,2023-12-28,42.47,73494707.24945068,18293130.63583374,7,
UHT,1385,2015-01-02,2020-07-02,5.5,5418173.5107421875,2613331.957244873,4,
UI,3071,2011-10-14,2023-12-28,12.21,12571829.937744137,20215314.35394287,5,
UIVM,1552,2017-10-27,2023-12-28,6.17,37615.50006866455,157018.80073547363,4,
UJAN,1256,2019-01-03,2023-12-28,4.98,349286.6039276123,410470.1017379761,4,
UJB,3198,2011-04-14,2023-12-28,12.71,108065.99998474121,11290.00015258789,5,
UJPY,477,2017-12-12,2020-07-01,2.55,12439.75019454956,12193.499565124512,45,
UJUL,1357,2018-08-08,2023-12-28,5.39,287717.502784729,152772.00088500977,4,
UJUN,1153,2019-06-03,2023-12-28,4.57,193420.34950256348,76518.40209960938,4,
UL,11034,1980-03-25,2023-12-28,43.76,96234526.42593384,4881986.496362686,7,
ULE,3798,2008-11-25,2023-12-28,15.09,130839.99547958374,143984.9988937378,5,
ULST,2572,2013-10-10,2023-12-28,10.21,5304409.428596497,815667.5138473511,4,
ULTA,4072,2007-10-25,2023-12-28,16.18,293481283.7371826,134632835.7246399,5,
ULTR,1112,2019-07-31,2023-12-28,4.41,61886.50188446045,76191.99829101562,4,
UMAY,922,2020-05-01,2023-12-28,3.66,195177.4962425232,104115.09914398192,4,
UMC,5856,2000-09-19,2023-12-28,23.27,46834462.40334511,9542684.46029377,7,
UMDD,3494,2010-02-11,2023-12-28,13.88,242967.50164031982,742369.4784164429,5,
UMH,9793,1985-02-20,2023-12-28,38.85,5256335.945892334,91199.99885559082,7,
UMPQ,1385,2015-01-02,2020-07-02,5.5,20490075.63686371,26279625.80432892,4,
UMRX,570,2018-03-29,2020-07-02,2.26,141093.501830101,342436.5031093359,4,
UN,1385,2015-01-02,2020-07-02,5.5,79683804.11014555,76305132.85675049,4,
UNB,6138,1999-08-09,2023-12-28,24.39,110208.00304412842,22605.99994659424,7,
UNM,9360,1986-11-06,2023-12-28,37.14,50333133.64524841,32286372.015953064,7,
UNOV,1046,2019-11-01,2023-12-28,4.16,108155.00049591064,76096.80004119873,4,
UNP,11092,1980-01-02,2023-12-28,43.99,504773254.4998169,56345462.14504242,7,
UNTY,6785,1997-01-14,2023-12-28,26.95,384779.50134277344,40694.54428005218,7,
UNVR,1270,2015-06-18,2020-07-02,5.04,30036088.213825226,20556082.114791878,4,
UOCT,1320,2018-10-01,2023-12-28,5.24,210829.49924468994,250619.9993133545,4,
UONEK,5928,2000-06-07,2023-12-28,23.56,111376.00290775299,416742.5043582916,7,
UPRO,3653,2009-06-25,2023-12-28,14.51,313170442.7848816,208082925.88729858,5,
UPS,6072,1999-11-10,2023-12-28,24.13,497638719.3634033,270814984.8472595,7,
UPV,3435,2010-05-07,2023-12-28,13.64,16401.000022888184,67739.99977111816,5,
UPW,4257,2007-02-01,2023-12-28,16.9,55307.00149536133,202135.9939575195,5,
UPWK,1318,2018-10-03,2023-12-28,5.23,16129238.90953064,22190461.75017357,4,
URA,3308,2010-11-05,2023-12-28,13.14,37761265.9866333,2596405.4775238037,5,
URBN,7588,1993-11-09,2023-12-28,30.13,44777929.19912338,45746564.21518326,7,
URG,3884,2008-07-25,2023-12-28,15.43,1682629.4384121895,296698.00150692463,5,
URI,6549,1997-12-18,2023-12-28,26.03,307354691.6885376,47666029.04634476,7,
URTY,3494,2010-02-11,2023-12-28,13.88,27701459.437179565,19256704.235076904,5,
USA,9369,1986-10-24,2023-12-28,37.18,4045607.4351787567,1769975.9616851807,7,
USAC,2758,2013-01-15,2023-12-28,10.95,3261460.926628113,2370949.9855041504,4,
USAI,591,2017-12-13,2020-07-02,2.55,36395.99914550781,31162.601089477535,7,
USAK,1385,2015-01-02,2020-07-02,5.5,370057.9968929291,939904.9879074099,4,
USAP,7311,1994-12-14,2023-12-28,29.04,398318.49336624146,315710.0049972534,7,
USAS,5078,2003-10-27,2023-12-28,20.17,135350.0012256205,30276.00016593933,5,
USB,12776,1973-05-03,2023-12-28,50.65,399344924.28131104,20076524.410057064,7,
USCI,3370,2010-08-10,2023-12-28,13.38,623927.0137786865,1845738.482093811,5,
USCR,1385,2015-01-02,2020-07-02,5.5,9240697.532272339,13604877.171707153,4,
USDU,2524,2013-12-18,2023-12-28,10.03,4293066.973876953,914641.5042877197,4,
USEG,11040,1980-03-17,2023-12-28,43.78,70292.00011491776,81247.5,7,
USEP,124,2019-09-06,2020-07-02,0.82,68030.5495262146,68030.5495262146,14,
USEQ,609,2017-07-06,2020-07-02,2.99,41182.49988555908,80280.00068664552,10,
USFD,1911,2016-05-26,2023-12-28,7.59,60719291.218566895,56501406.98242189,4,
USFR,2493,2014-02-04,2023-12-28,9.89,191741648.2574463,5260545.127868652,4,
USHG,78,2019-05-23,2020-07-02,1.11,2813.850021362305,2813.850021362305,35,
USHY,1553,2017-10-26,2023-12-28,6.17,171685673.85292053,54684222.18780517,4,
USI,172,2015-01-02,2020-07-02,5.5,9990.999984741211,9990.999984741211,847,
USIG,4271,2007-01-11,2023-12-28,16.96,39021378.97167206,6748027.926635742,5,
USLB,1098,2015-11-05,2020-07-02,4.66,177883.50238800052,146083.50133895874,6,
USLM,11040,1980-03-17,2023-12-28,43.78,1252352.993774414,40500.0,7,
USLV,1385,2015-01-02,2020-07-02,5.5,33620048.52485657,19846560.58349609,4,
USM,8984,1988-05-04,2023-12-28,35.65,6855152.972793579,3039342.0587539673,7,
USMF,1636,2017-06-29,2023-12-28,6.5,527093.5779571533,365807.85026550293,4,
USMV,3067,2011-10-20,2023-12-28,12.19,185672182.2429657,119222336.87782286,5,
USNA,7488,1994-04-04,2023-12-28,29.73,3606800.0274658203,4049052.0763397217,7,
USO,4461,2006-04-10,2023-12-28,17.72,227035326.79138184,284155878.49731445,5,
USOI,658,2017-06-26,2020-07-02,3.02,162393.0033683777,65131.401062011726,14,
USRT,4193,2007-05-04,2023-12-28,16.65,10529065.159797668,570959.9910736084,5,
UST,3501,2010-02-02,2023-12-28,13.9,176329.0023803711,524859.992980957,5,
USTB,664,2017-10-27,2020-07-02,2.68,208284.09461975098,154976.75094604492,5,
USV,574,2015-01-02,2020-06-30,5.49,4284.000015258789,10514.999866485596,28,
USVM,1552,2017-10-27,2023-12-28,6.17,240599.79362487793,296945.9987640381,4,
USWS,412,2018-11-12,2020-07-02,1.64,123024.0005493164,197665.00210762024,4,
USX,517,2018-06-14,2020-07-02,2.05,996251.9766569138,1636403.9594650269,4,
USXF,7,2020-06-18,2020-07-02,0.04,12869.999885559082,12869.999885559082,5,
UTES,2080,2015-09-24,2023-12-28,8.26,94556.20002746582,59253.65028381348,4,
UTF,4974,2004-03-26,2023-12-28,19.76,4180917.4513816833,3423869.9907302856,5,
UTG,4996,2004-02-25,2023-12-28,19.84,6239096.516609192,2173783.47530365,5,
UTHR,6174,1999-06-17,2023-12-28,24.53,73107808.48846436,38572354.21524048,7,
UTI,5041,2003-12-18,2023-12-28,20.03,634426.5017986298,1134678.0032157898,5,
UTL,9782,1985-03-07,2023-12-28,38.81,2969805.4832458496,112297.00050354004,7,
UTMD,1385,2015-01-02,2020-07-02,5.5,963511.9873046875,712007.9681396484,4,
UTRN,1326,2018-09-21,2023-12-28,5.27,63146.00114822388,115381.99996948242,4,
UTSI,5994,2000-03-03,2023-12-28,23.82,7079.500186443329,545062.6936903,7,
UTSL,1676,2017-05-03,2023-12-28,6.65,2232040.4467582703,1257981.028842926,4,
UUP,4238,2007-03-01,2023-12-28,16.83,53115195.6032753,28832923.00338745,5,
UUU,10620,1981-11-12,2023-12-28,42.12,46267.998576164246,11716.288977861404,7,
UUUU,4226,2007-03-19,2023-12-28,16.78,11785824.976682663,271643.99921894073,5,
UVSP,6469,1998-04-16,2023-12-28,25.7,2009557.9733848572,529305.0081253052,7,
UVV,12826,1973-02-21,2023-12-28,50.85,5634379.943847656,2416238.784980774,7,
UVXY,3079,2011-10-04,2023-12-28,12.23,208283345.3400421,361264948.34594727,5,
UWM,4262,2007-01-25,2023-12-28,16.92,28708335.954666138,27579880.477905273,5,
UXIN,1386,2018-06-27,2023-12-28,5.5,231453.0049622059,2065667.5522089005,4,
UYM,4257,2007-02-01,2023-12-28,16.9,173738.9949798584,932484.0072631836,5,
UZA,1385,2015-01-02,2020-07-02,5.5,395126.003074646,386688.0081176757,4,
UZB,1385,2015-01-02,2020-07-02,5.5,310444.9981689453,442000.0,4,
V,3973,2008-03-19,2023-12-28,15.78,1229292770.2026367,735957333.1665039,5,
VAC,3054,2011-11-08,2023-12-28,12.14,48554434.0423584,25096140.65361023,5,
VAL,2055,2015-01-02,2023-12-28,8.99,51897293.83583069,61324021.121978745,305,
VALE,5482,2002-03-21,2023-12-28,21.77,290674531.7756176,280523203.904438,5,
VALQ,1499,2018-01-16,2023-12-28,5.95,228210.44902801514,173469.6029663086,4,
VALT,169,2019-10-09,2020-07-02,0.73,10020.999908447266,10020.999908447266,23,
VALU,10244,1983-05-10,2023-12-28,40.64,82159.5006942749,57819.998931884766,7,
VAM,428,2018-05-11,2020-06-05,2.07,26893.849992752075,18056.999826431274,8,
VAPO,1288,2018-11-14,2023-12-28,5.12,88645.07421374321,1666771.9362049103,4,
VAR,1385,2015-01-02,2020-07-02,5.5,82938232.4043274,68386067.68493652,4,
VAW,5013,2004-01-30,2023-12-28,19.91,9806617.128753662,6651593.797302248,5,
VB,5013,2004-01-30,2023-12-28,19.91,108700177.06604004,37693563.97247315,5,
VBF,10341,1982-12-21,2023-12-28,41.02,402960.00056266785,243100.0099182129,7,
VBFC,6984,1996-04-01,2023-12-28,27.74,5450.0,3012.480016708374,7,
VBIV,3444,2010-04-26,2023-12-28,13.67,253820.25316381454,203611.27247929573,5,
VBK,5013,2004-01-30,2023-12-28,19.91,42985434.0713501,14826320.110321045,5,
VBLT,1385,2015-01-02,2020-07-02,5.5,79129.99873161316,304140.0104522705,4,
VBND,2316,2014-10-16,2023-12-28,9.2,673537.5003814697,785759.0179443359,4,
VC,3331,2010-10-05,2023-12-28,13.23,38278815.64331055,32306457.048034668,5,
VCEL,6770,1997-02-04,2023-12-28,26.89,9634160.26058197,758268.6049451828,7,
VCF,1366,2015-01-02,2020-07-02,5.5,54482.4996471405,65914.4980430603,5,
VCIF,274,2019-06-04,2020-07-02,1.08,399123.4842777252,424557.50818252563,4,
VCIT,3548,2009-11-23,2023-12-28,14.09,413637479.1397095,67730011.94610596,5,
VCLT,3548,2009-11-23,2023-12-28,14.09,101916483.49952698,16109379.961013794,5,
VCNX,1356,2018-08-09,2023-12-28,5.39,41222.25,85855.50074577332,4,
VCR,5013,2004-01-30,2023-12-28,19.91,15621897.01538086,7099449.213409425,5,
VCSH,3548,2009-11-23,2023-12-28,14.09,311807395.21865845,83985860.07041931,5,
VCYT,2558,2013-10-30,2023-12-28,10.16,14697203.837394714,5383491.394472122,4,
VDE,4846,2004-09-29,2023-12-28,19.24,53721312.58087158,19490295.357131958,5,
VEA,4136,2007-07-26,2023-12-28,16.42,446247482.67974854,209435742.9889679,5,
VEC,1385,2015-01-02,2020-07-02,5.5,4210744.915008545,2166493.963241577,4,
VECO,7322,1994-11-29,2023-12-28,29.08,9584243.171405792,8502689.988136292,7,
VEDL,1385,2015-01-02,2020-07-02,5.5,4808757.011461258,4561360.122680664,4,
VEEV,2568,2013-10-16,2023-12-28,10.2,159127919.94476318,111887149.08485413,4,
VEGA,2838,2012-09-18,2023-12-28,11.27,81675.0,29320.499706268314,5,
VEGI,2996,2012-02-02,2023-12-28,11.9,1256730.966758728,150654.00466918945,5,
VEGN,1084,2019-09-10,2023-12-28,4.3,103929.0994644165,167501.14965438843,4,
VEL,1527,2015-01-02,2023-12-28,8.99,166497.0010280609,104408.00094604492,478,
VEON,6824,1996-11-15,2023-12-28,27.12,644621.0,11221000.074863434,7,
VER,1385,2015-01-02,2020-07-02,5.5,95542870.5988884,64304747.59693146,4,
VERB,2290,2014-11-21,2023-12-28,9.1,164428.15027087927,138287.49913573265,4,
VERI,1669,2017-05-12,2023-12-28,6.63,1562646.988272667,3388340.0676727295,4,
VERO,1563,2017-10-12,2023-12-28,6.21,27152.000427246094,243790.2030391693,4,
VERU,6261,1999-02-11,2023-12-28,24.88,1387813.0059957504,131556.9932937622,7,
VERY,1100,2019-08-15,2023-12-28,4.37,10990.000247955322,12076.499891281128,4,
VET,3346,2010-09-14,2023-12-28,13.29,16346546.18549347,4159824.4508743286,5,
VETS,303,2018-04-10,2020-07-01,2.23,3301.1499404907227,5352.999877929688,23,
VEU,4233,2007-03-08,2023-12-28,16.81,119333168.13259125,71804406.06117249,5,
VFC,11040,1980-03-17,2023-12-28,43.78,135997116.68319702,14357293.153378487,7,
VFF,1228,2015-07-08,2023-12-28,8.47,391011.7396235466,3878263.0235671997,1137,
VFH,5013,2004-01-30,2023-12-28,19.91,28323193.202209473,12218819.549560547,5,
VFL,7771,1993-02-19,2023-12-28,30.85,289417.5076007843,56866.999530792236,7,
VFLQ,560,2018-02-15,2020-07-02,2.38,25921.10023498535,39633.750915527344,7,
VFMF,1477,2018-02-15,2023-12-28,5.86,522727.5566101074,391934.9922180176,4,
VFMO,1476,2018-02-16,2023-12-28,5.86,1094943.9979553223,510936.9956970215,4,
VFMV,1477,2018-02-15,2023-12-28,5.86,244313.14888000488,247302.49404907227,4,
VFVA,1477,2018-02-15,2023-12-28,5.86,1829068.2037353516,1064741.981506348,4,
VG,1385,2015-01-02,2020-07-02,5.5,28145069.474315643,15782343.574523924,4,
VGFO,139,2017-10-12,2020-07-01,2.72,2819.0000534057613,2819.0000534057613,72,
VGI,2981,2012-02-24,2023-12-28,11.84,231031.5048456192,592182.027053833,5,
VGIT,3548,2009-11-23,2023-12-28,14.09,126202392.73719788,5726004.121398926,5,
VGK,4734,2005-03-10,2023-12-28,18.8,163645364.55917358,130368372.72834778,5,
VGLT,3521,2010-01-04,2023-12-28,13.98,88631204.68139648,4783580.811309814,5,
VGM,8025,1992-02-19,2023-12-28,31.85,1096887.9925727844,925847.9835510254,7,
VGSH,3548,2009-11-23,2023-12-28,14.09,149662900.28381345,8597937.999725342,5,
VGT,5013,2004-01-30,2023-12-28,19.91,192917285.58502197,22408705.52520752,5,
VGZ,9849,1984-11-29,2023-12-28,39.08,74711.99793815613,98124.00103211403,7,
VHC,6144,1999-07-30,2023-12-28,24.41,121387.50403404236,520725.0,7,
VHI,11040,1980-03-17,2023-12-28,43.78,198477.00018882751,168427.99816131592,7,
VHT,5013,2004-01-30,2023-12-28,19.91,40658569.165802,15141192.42553711,5,
VIAV,7582,1993-11-17,2023-12-28,30.11,15836997.717857359,37995215.974953175,7,
VICI,1556,2017-10-18,2023-12-28,6.19,158635601.87149048,116300655.6781769,5,
VICR,8500,1990-04-03,2023-12-28,33.74,15745934.199523926,1320642.762851715,7,
VIE,189,2019-10-03,2020-07-02,0.75,3700265.9454345703,3700265.9454345703,4,
VIG,4446,2006-05-02,2023-12-28,17.66,172136268.9666748,59221965.951919556,5,
VIGI,1971,2016-03-02,2023-12-28,7.82,16522035.271453857,8846904.083251953,4,
VIIX,1384,2015-01-02,2020-07-02,5.5,2599106.0928344727,2773974.951171875,4,
VIOG,3349,2010-09-09,2023-12-28,13.3,1507334.4779968262,921928.02734375,5,
VIOT,1324,2018-09-25,2023-12-28,5.26,38198.0006814003,447681.0056447983,4,
VIOV,3349,2010-09-09,2023-12-28,13.3,3823122.031402588,978972.0336914062,5,
VIPS,2961,2012-03-23,2023-12-28,11.76,60402451.90668106,75882809.07812119,5,
VIR,1137,2015-07-06,2023-12-28,8.48,16593314.582157135,22544712.165069584,619,
VIRS,4,2020-06-29,2020-07-02,0.01,600895.5835342407,600895.5835342407,1,
VIRT,2192,2015-04-16,2023-12-28,8.7,15967181.530189512,17182452.56099701,4,
VIS,4846,2004-09-29,2023-12-28,19.24,13265824.058532715,7922102.029418945,5,
VISL,2944,2012-04-18,2023-12-28,11.69,44025.001327991486,139346.49997234344,5,
VIST,1115,2019-07-26,2023-12-28,4.42,14263254.213428497,2332585.949277878,4,
VIV,6320,1998-11-16,2023-12-28,25.11,11269904.7311306,9139134.313201904,7,
VIVE,1013,2015-04-14,2020-07-02,5.22,1005365.1794493198,637500.0,157,
VIVO,1385,2015-01-02,2020-07-02,5.5,4044055.4586410522,3827039.8262023926,4,
VIXM,3268,2011-01-04,2023-12-28,12.98,1570096.4903831487,1240398.0171203613,5,
VIXY,3268,2011-01-04,2023-12-28,12.98,60069091.03593826,40538381.766319275,5,
VJET,2566,2013-10-18,2023-12-28,10.19,19647.999596595764,187194.99871730804,4,
VKI,7606,1993-10-14,2023-12-28,30.2,728775.9717941284,547539.4865036011,7,
VKQ,8085,1991-11-21,2023-12-28,32.1,1043654.0335655212,876977.9829025269,7,
VKTX,2184,2015-04-28,2023-12-28,8.67,26983157.454776768,4903115.4400110245,4,
VLGEA,12826,1973-02-21,2023-12-28,50.85,504912.0054244995,9633.499908447266,7,
VLO,10586,1982-01-04,2023-12-28,41.98,465070145.93048096,53152553.569726944,7,
VLRS,2588,2013-09-18,2023-12-28,10.28,3865768.97649765,3698182.9137802124,4,
VLU,2811,2012-10-25,2023-12-28,11.17,906847.0245361328,40792.00134277344,5,
VLUE,2694,2013-04-18,2023-12-28,10.69,28233722.541046143,21688437.71095276,4,
VLY,8507,1990-03-23,2023-12-28,33.77,31433159.53526497,5835011.651785851,7,
VLYPO,1313,2018-10-10,2023-12-28,5.22,311517.9965019226,182363.9934539795,4,
VLYPP,1313,2018-10-10,2023-12-28,5.22,295413.9965057373,151577.99835205078,4,
VMC,12826,1973-02-21,2023-12-28,50.85,144191863.38272092,4930381.349229814,7,
VMI,12826,1973-02-21,2023-12-28,50.85,37103686.264038086,528203.125,7,
VMO,7952,1992-06-03,2023-12-28,31.57,1254488.0086898804,618050.0020980835,7,
VMOT,1675,2017-05-04,2023-12-28,6.65,48972.001361846924,118548.09799194334,4,
VMW,4098,2007-08-14,2023-11-21,16.27,149509681.77270126,148442194.11660767,5,
VNCE,2541,2013-11-22,2023-12-28,10.1,11501.99990272522,285660.0039482117,4,
VNE,1287,2015-01-05,2020-07-02,5.49,6653944.233036042,272683980.6503906,83,
VNET,3193,2011-04-21,2023-12-28,12.69,4716494.935512543,6511119.8387146,5,
VNLA,1786,2016-11-22,2023-12-28,7.1,17674232.592201233,10386258.270645142,4,
VNM,3618,2009-08-14,2023-12-28,14.37,7733083.416128159,3845917.4246788025,5,
VNO,11040,1980-03-17,2023-12-28,43.78,59212993.88546944,11782606.383935928,7,
VNOM,2400,2014-06-18,2023-12-28,9.53,10103559.301757812,7318734.199047089,4,
VNQ,4846,2004-09-29,2023-12-28,19.24,409126921.7605591,226490007.26356506,5,
VNTR,734,2017-08-03,2020-07-02,2.91,950443.9925670624,4737793.170213699,4,
VOC,3183,2011-05-06,2023-12-28,12.65,607153.489780426,422813.00859451294,5,
VOE,4365,2006-08-25,2023-12-28,17.34,49051226.234436035,17469663.76953125,5,
VOO,3349,2010-09-09,2023-12-28,13.3,1496708244.8654175,469319749.1455078,5,
VOOV,3349,2010-09-09,2023-12-28,13.3,11684475.848388672,2081412.0208740234,5,
VOT,4365,2006-08-25,2023-12-28,17.34,25738578.238677975,11419614.237976076,5,
VOX,4846,2004-09-29,2023-12-28,19.24,15874900.732803345,4658212.152481079,5,
VOXX,8007,1992-03-16,2023-12-28,31.78,588433.9868545532,694688.0249023438,7,
VPC,1529,2015-01-05,2023-12-28,8.98,123373.50025177002,275313.29441070557,389,
VQT,1172,2015-01-02,2020-07-02,5.5,31949.000549316406,147898.50311279297,14,
VRA,3319,2010-10-21,2023-12-28,13.19,1191665.4797554016,3958883.972740174,5,
VRAI,1231,2019-02-08,2023-12-28,4.88,46983.999252319336,243914.99519348145,4,
VRCA,1394,2018-06-15,2023-12-28,5.54,876915.0141119957,663894.4983482361,4,
VREX,1746,2017-01-23,2023-12-28,6.93,4943110.489654541,6217205.027389526,4,
VRIG,1829,2016-09-22,2023-12-28,7.26,3532967.995071411,1869166.0690307617,4,
VRM,982,2015-01-08,2023-12-28,8.97,2277201.0334670544,22954648.241996765,1153,
VRML,1385,2015-01-02,2020-07-02,5.5,133444.00202333927,65116.00170135499,4,
VRNA,1680,2017-04-27,2023-12-28,6.67,7496948.510169983,202629.00059223175,4,
VRNS,2476,2014-02-28,2023-12-28,9.83,23104586.931610107,17014839.402008057,4,
VRNT,5443,2002-05-16,2023-12-28,21.62,13333344.03591156,8669535.387908936,5,
VRP,2433,2014-05-01,2023-12-28,9.66,7114757.868003845,6632010.0969314575,4,
VRRM,1703,2017-03-24,2023-12-28,6.76,21814626.36537552,10316927.951049805,4,
VRS,997,2016-07-19,2020-07-02,3.95,4098475.4891872406,4094307.055091858,4,
VRSK,3581,2009-10-07,2023-12-28,14.22,194120750.14343262,69931501.57928467,5,
VRSN,6521,1998-01-30,2023-12-28,25.91,98477395.33233643,87647760.3149414,7,
VRT,1943,2015-01-02,2023-12-28,8.99,107320156.0798645,17679119.408416744,184,
VRTS,3773,2009-01-02,2023-12-28,14.98,8944379.999542236,6669030.902099609,5,
VRTU,1385,2015-01-02,2020-07-02,5.5,7293887.372016907,6878909.786224364,4,
VRTV,2380,2014-06-18,2023-11-29,9.45,14566251.59791565,3073816.557264328,4,
VRTX,8170,1991-07-24,2023-12-28,32.43,358148876.92871094,53258529.5501709,7,
VSDA,1687,2017-04-18,2023-12-28,6.69,730273.0255126953,386862.40997314453,4,
VSEC,1385,2015-01-02,2020-07-02,5.5,658202.5249481201,839050.0,4,
VSH,11040,1980-03-17,2023-12-28,43.78,21696438.611507416,10018375.634551048,7,
VSL,305,2015-11-20,2020-07-02,4.62,15416.249752044678,12600.000381469725,212,
VSLR,1385,2015-01-02,2020-07-02,5.5,9495584.938716888,2879748.1315612793,4,
VSMV,1639,2017-06-26,2023-12-28,6.51,90886.80267333984,105749.80087280273,4,
VSS,3709,2009-04-06,2023-12-28,14.73,22708762.699127197,11580893.589782715,5,
VST,2242,2015-01-05,2023-12-28,8.98,91098900.36869049,71830739.37730789,6,
VSTM,3000,2012-01-27,2023-12-28,11.92,526984.4119505882,1674952.1289234161,5,
VSTO,2239,2015-02-06,2023-12-28,8.89,12742560.284614563,15193834.888458252,4,
VT,3904,2008-06-26,2023-12-28,15.5,144600534.0801239,32968968.415451057,5,
VTA,1385,2015-01-02,2020-07-02,5.5,2562240.4928207397,2535278.905105591,4,
VTC,1543,2017-11-09,2023-12-28,6.13,2791147.50289917,2319823.92578125,4,
VTEB,2101,2015-08-25,2023-12-28,8.34,181518592.85697937,42567965.61012268,4,
VTHR,3340,2010-09-22,2023-12-28,13.26,2900321.0037231445,679547.0115661621,5,
VTI,5670,2001-06-15,2023-12-28,22.54,627614061.5646362,166510577.69584656,7,
VTIP,2818,2012-10-16,2023-12-28,11.2,84307000.46215057,21576193.300628662,5,
VTN,7966,1992-05-13,2023-12-28,31.62,322787.49895095825,222525.0,7,
VTNR,7854,1992-10-21,2023-12-28,31.18,11810272.585630417,28639.598937034607,7,
VTOL,2754,2013-01-22,2023-12-28,10.93,2481790.48576355,1538685.0175857544,4,
VTR,6708,1997-05-05,2023-12-28,26.65,91752695.49102783,72855893.33955765,7,
VTSI,2833,2012-09-25,2023-12-28,11.26,247229.50534820557,36000.0,5,
VTVT,2119,2015-07-30,2023-12-28,8.41,37166.800689697266,248969.9926376343,4,
VTWG,3340,2010-09-22,2023-12-28,13.26,2060482.07321167,1114403.4843444824,5,
VTWO,3340,2010-09-22,2023-12-28,13.26,94340350.17471313,6810369.190216064,5,
VTWV,3340,2010-09-22,2023-12-28,13.26,2711784.447860718,638399.9938964844,5,
VUG,5013,2004-01-30,2023-12-28,19.91,219049980.5419922,51138578.533935554,5,
VUSE,2502,2014-01-22,2023-12-28,9.93,625809.6321105957,808227.0094871521,4,
VV,5013,2004-01-30,2023-12-28,19.91,40416447.5692749,16736459.658813477,5,
VVI,4915,2004-06-22,2023-12-28,19.52,2459383.4458351135,2814404.906845093,5,
VVNT,226,2019-07-23,2020-07-02,0.94,1967380.514717102,1967380.514717102,19,
VVR,1385,2015-01-02,2020-07-02,5.5,2314643.920946121,2167604.952478409,4,
VVV,1828,2016-09-23,2023-12-28,7.26,49679026.486206055,30619116.040992737,4,
VWO,4734,2005-03-10,2023-12-28,18.8,367724642.94815063,468033233.8323593,5,
VWOB,2662,2013-06-04,2023-12-28,10.57,17788840.544891357,8572992.175292969,4,
VXF,5534,2002-01-04,2023-12-28,21.98,38504245.349121094,11158207.845306396,5,
VXRT,10600,1981-12-11,2023-12-28,42.05,804820.0214445591,394015.875,7,
VXUS,3251,2011-01-28,2023-12-28,12.91,129180509.14134979,38299932.10372925,5,
VXX,2263,2015-01-02,2023-12-28,8.99,190671059.07716754,668240778.503418,4,
VXZ,2263,2015-01-02,2023-12-28,8.99,605154.8990249634,889055.9692382812,4,
VYGR,2046,2015-11-11,2023-12-28,8.13,2148434.969854355,2411372.9350090027,4,
VYM,4307,2006-11-16,2023-12-28,17.11,139474235.0982666,43210243.732452385,5,
VYMI,1971,2016-03-02,2023-12-28,7.82,24092970.962142944,7767765.8767700195,4,
W,2326,2014-10-02,2023-12-28,9.24,206811323.66485596,161960181.71024323,4,
WAB,7184,1995-06-16,2023-12-28,28.53,91084565.36064148,16943303.7525177,7,
WAFD,10370,1982-11-09,2023-12-28,41.13,12510571.055603027,5163751.43655777,7,
WAFU,1176,2019-04-30,2023-12-28,4.66,15784.99990105629,52683.19925069809,4,
WAL,4655,2005-07-01,2023-12-28,18.49,82814288.6768341,10930485.69011688,5,
WALA,1014,2016-06-22,2020-07-02,4.03,180163.50297927856,265878.4956932068,4,
WANT,1278,2018-11-29,2023-12-28,5.08,1163171.970462799,1075028.6703109741,4,
WASH,9214,1987-06-08,2023-12-28,36.56,2900569.493675232,362905.9986114502,7,
WAT,7076,1995-11-17,2023-12-28,28.11,119714464.51721191,48250856.55670166,7,
WATT,2456,2014-03-28,2023-12-28,9.75,129364.00391101839,2021338.5025763514,4,
WBA,11040,1980-03-17,2023-12-28,43.78,227899279.189682,83863528.6605835,7,
WBIE,1385,2015-01-02,2020-07-02,5.5,157616.39957427979,192962.39662170407,4,
WBIF,2351,2014-08-27,2023-12-28,9.34,35485.249614715576,132727.99892425537,4,
WBIG,2351,2014-08-27,2023-12-28,9.34,51312.69998550415,176471.9947814941,4,
WBII,1385,2015-01-02,2020-07-02,5.5,280317.70401000977,470455.00564575195,4,
WBIL,2351,2014-08-27,2023-12-28,9.34,39486.29894256592,126607.5038909912,4,
WBIY,1765,2016-12-22,2023-12-28,7.01,109311.65266036986,168170.60585021973,4,
WBK,1379,2015-01-02,2020-07-02,5.5,5373925.050354004,4764701.8213272095,6,
WBS,9335,1986-12-12,2023-12-28,37.04,44165091.045188904,7763229.83455658,7,
WBT,1089,2016-03-08,2020-07-02,4.32,15731535.923767088,14717685.662460327,4,
WCC,6199,1999-05-12,2023-12-28,24.63,73553840.84396362,24825848.080444336,7,
WCN,6443,1998-05-22,2023-12-28,25.6,116295653.27606201,18563331.608390808,7,
WDAY,2820,2012-10-12,2023-12-28,11.21,334049360.04333496,215945621.38442993,5,
WDC,11387,1978-10-31,2023-12-28,45.16,143081299.29561615,21350279.722976685,7,
WDFC,12776,1973-05-03,2023-12-28,50.65,16507840.704345703,867934.375,7,
WDIV,2665,2013-05-30,2023-12-28,10.58,736750.0066757202,699370.0157165527,4,
WDR,1385,2015-01-02,2020-07-02,5.5,14038722.566986084,20000322.150039673,4,
WEA,5478,2002-03-27,2023-12-28,21.75,321162.00337409973,366973.49157333374,5,
WEAT,3090,2011-09-19,2023-12-28,12.27,4800555.611681938,816560.0018978119,5,
WEBL,1042,2019-11-07,2023-12-28,4.14,12355765.655612946,7626162.487792969,4,
WEBS,1042,2019-11-07,2023-12-28,4.14,5611323.083400726,2041807.518196106,4,
WEI,395,2018-11-15,2020-07-02,1.63,55949.49988722801,37203.998374938965,5,
WEN,11005,1980-05-06,2023-12-28,43.64,50415262.23325729,1154852.9817581177,7,
WERN,9457,1986-06-20,2023-12-28,37.52,22839468.664360046,8910310.345077515,7,
WETF,1385,2015-01-02,2020-07-02,5.5,4424780.998468399,15572217.206192017,4,
WEX,4749,2005-02-16,2023-12-28,18.86,50316117.25387573,20871552.441406246,5,
WFC,13006,1972-06-01,2023-12-28,51.57,723598512.0567322,52889100.0,7,
WFH,884,2020-06-25,2023-12-28,3.51,73836.10229492188,282141.4009094238,4,
WFHY,1932,2016-04-27,2023-12-28,7.67,989000.9754180908,447458.9946746826,4,
WFIG,1932,2016-04-27,2023-12-28,7.67,8528.400039672852,21692.999839782715,4,
WGO,12826,1973-02-21,2023-12-28,50.85,26028287.91179657,1237143.75,7,
WH,1412,2018-05-21,2023-12-28,5.6,57815192.77420044,47702375.81367493,4,
WHD,1482,2018-02-08,2023-12-28,5.88,23253282.185173035,14304344.263458252,4,
WHF,2784,2012-12-06,2023-12-28,11.06,544965.5094146729,582377.9860496521,4,
WHFBZ,379,2018-11-30,2020-07-02,1.59,46709.999656677246,49684.999275207534,7,
WHG,5424,2002-06-13,2023-12-28,21.54,109971.50149345398,446168.50757598877,5,
WHLM,6901,1996-07-30,2023-12-28,27.41,6315.500056743622,8019.000141620636,7,
WHLR,2796,2012-11-19,2023-12-28,11.1,28693.000526428223,84808.00094604492,4,
WHLRD,1806,2016-09-21,2023-12-28,7.27,36474.99966621399,56871.498489379876,8,
WHR,12826,1973-02-21,2023-12-28,50.85,89115705.37414551,19405843.75,7,
WIA,5098,2003-09-29,2023-12-28,20.25,303125.01220703125,719722.5085258485,5,
WIFI,1385,2015-01-02,2020-07-02,5.5,7064368.666505814,5046273.984336853,4,
WIL,614,2015-01-02,2020-07-01,5.49,7496.450042724609,12884.999847412111,34,
WIMI,943,2020-04-01,2023-12-28,3.74,286037.80431747437,1771157.9948186874,4,
WINA,7641,1993-08-25,2023-12-28,30.34,6744328.337097168,160400.0,7,
WINC,1231,2019-02-08,2023-12-28,4.88,58624.99952316284,48020.00045776368,4,
WING,2152,2015-06-12,2023-12-28,8.54,92542812.96386719,39433704.72488403,4,
WINS,968,2015-01-26,2020-07-02,5.43,13293.000173568726,46745.99847793579,180,
WINT,7149,1995-08-07,2023-12-28,28.39,135323.99935531616,103840.00167846681,7,
WISA,1365,2018-07-27,2023-12-28,5.42,344808.50615501404,213200.0,4,
WIT,5834,2000-10-19,2023-12-28,23.19,7717870.7275390625,5368906.042558193,7,
WIW,4996,2004-02-25,2023-12-28,19.84,1443680.9875488281,1525007.9830169678,5,
WIZ,1048,2019-10-16,2023-12-13,4.16,26942.765631675724,194813.87125396729,4,
WKEY,1250,2019-01-11,2023-12-28,4.96,50338.00104498863,79059.00074958801,4,
WKHS,3418,2010-06-02,2023-12-28,13.57,5214100.020268559,274550.0024795532,5,
WLDN,4304,2006-11-21,2023-12-28,17.1,551411.4963054657,416434.99143123627,5,
WLDR,1498,2018-01-17,2023-12-28,5.94,57872.59931564331,24271.749877929688,4,
WLFC,6866,1996-09-18,2023-12-28,27.27,372279.99687194824,161438.9949798584,7,
WLL,1385,2015-01-02,2020-07-02,5.5,45872558.05146694,133230235.11314392,4,
WMC,6379,1998-07-31,2023-12-05,25.35,221251.22679042816,198450.0,7,
WMGI,1384,2015-01-02,2020-07-02,5.5,60828580.08289337,23633059.23614502,4,
WMS,2374,2014-07-25,2023-12-28,9.43,60371190.97480774,12156448.82926941,4,
WMT,12946,1972-08-25,2023-12-28,51.34,806498253.8665771,175814462.5,7,
WNC,8094,1991-11-08,2023-12-28,32.14,11242513.537502289,4399743.072128296,7,
WNEB,5453,2002-05-02,2023-12-28,21.66,314767.99268722534,316079.9903869629,5,
WNS,4387,2006-07-26,2023-12-28,17.42,14305338.409423828,3566735.9252929688,5,
WOMN,1341,2018-08-30,2023-12-28,5.33,53133.999729156494,27104.000854492188,4,
WOOD,3905,2008-06-25,2023-12-28,15.51,632290.5223846436,826653.0292510986,5,
WOR,11040,1980-03-17,2023-12-28,43.78,10734897.426115036,5969710.242242813,7,
WORK,262,2019-06-20,2020-07-02,1.03,230892609.6001625,237004119.98872757,4,
WPC,6528,1998-01-21,2023-12-28,25.93,70135865.78740692,2022707.1920394897,7,
WPG,1385,2015-01-02,2020-07-02,5.5,10184485.526108742,15520871.805238724,4,
WPP,9072,1987-12-29,2023-12-28,36.0,4926358.506965637,4030284.9433898926,7,
WPRT,3869,2008-08-15,2023-12-28,15.37,306011.99407577515,2315423.9627838135,5,
WPS,4128,2007-08-07,2023-12-28,16.39,64139.998626708984,341653.99284362793,5,
WPX,1385,2015-01-02,2020-07-02,5.5,73288359.360981,79829300.51307678,4,
WRE,1385,2015-01-02,2020-07-02,5.5,9697940.043258667,10536944.808006287,4,
WRI,1385,2015-01-02,2020-07-02,5.5,24057432.89461136,23640837.650680542,4,
WRK,2144,2015-06-24,2023-12-28,8.51,70859684.62600708,81929197.04370499,4,
WRLD,8082,1991-11-26,2023-12-28,32.09,5036337.5,3689396.9604492188,7,
WSBC,9234,1987-05-08,2023-12-28,36.64,4644573.970794678,857830.5270195007,7,
WSC,2050,2015-11-05,2023-12-28,8.15,69290860.53009033,11393989.880752563,4,
WSG,238,2015-04-17,2020-07-02,5.21,476226.003742218,476226.003742218,1561,
WSM,10204,1983-07-07,2023-12-28,40.48,122262853.74450684,23461554.14390564,7,
WSO-B,11040,1980-03-17,2023-12-28,43.78,0.0,0.0,7,
WSO,9971,1984-06-07,2023-12-28,39.56,94586252.77557373,2859000.0,7,
WSR,3358,2010-08-26,2023-12-28,13.34,2668675.014448166,2103334.4908475876,5,
WST,11040,1980-03-17,2023-12-28,43.78,131342998.6038208,792900.0,7,
WSTG,1379,2015-01-02,2020-07-02,5.5,122051.99842453003,85859.99794006346,5,
WTBA,6206,1999-05-03,2023-12-28,24.65,376911.9945526123,243659.99879837036,7,
WTFC,6469,1998-04-16,2023-12-28,25.7,31740130.768203735,8795646.35925293,7,
WTFCM,2144,2015-06-24,2023-12-28,8.51,190489.00156021118,197085.99891662598,4,
WTFCP,916,2020-05-11,2023-12-28,3.63,533027.993106842,456157.49692916876,4,
WTI,4762,2005-01-28,2023-12-28,18.91,9941516.850662231,10054334.157943726,5,
WTM,9623,1985-10-23,2023-12-28,38.18,12971264.575195312,4227700.0,7,
WTMF,3267,2011-01-05,2023-12-28,12.98,664443.0088043213,866449.9835968018,5,
WTRE,4172,2007-06-05,2023-12-28,16.56,47417.000007629395,408829.9995422363,5,
WTRG,11040,1980-03-17,2023-12-28,43.78,44673483.89225006,2111993.973379135,7,
WTRH,777,2016-08-18,2020-07-02,3.87,2017155.456224084,1029675.9973883629,49,
WTRU,303,2019-04-18,2020-07-02,1.21,3332475.918769836,3644255.9318542485,4,
WTS,9414,1986-08-21,2023-12-28,37.35,18526278.203582764,3840913.1395339966,7,
WUBA,1385,2015-01-02,2020-07-02,5.5,40640204.28237915,51688166.15905762,4,
WUGI,944,2020-03-31,2023-12-28,3.74,45782.99903869629,129672.4983215332,4,
WVE,2046,2015-11-11,2023-12-28,8.13,1360561.0272169113,2599537.4459266663,4,
WVFC,7575,1993-11-29,2023-12-28,30.08,1250.5000114440918,3599.9999046325684,7,
WVVI,7375,1994-09-14,2023-12-28,29.29,12528.999853134155,11129.999494552612,7,
WVVIP,499,2016-08-30,2020-06-30,3.83,1810.200023651123,1976.0000228881836,68,
WW,5567,2001-11-15,2023-12-28,22.12,26981633.368229866,20883551.382446293,5,
WWD,7488,1994-04-04,2023-12-28,29.73,32895656.79397583,8026091.527938843,7,
WWE,1385,2015-01-02,2020-07-02,5.5,59136994.7599411,18391944.78006363,4,
WWJD,1068,2019-10-02,2023-12-28,4.24,623043.595790863,398996.00372314453,4,
WWR,6534,1998-01-12,2023-12-28,25.96,149098.00124168396,244944.0,7,
WWW,11040,1980-03-17,2023-12-28,43.78,11775232.357311249,3632524.54808712,7,
WY,12776,1973-05-03,2023-12-28,50.65,109996155.15241623,34161628.10668945,7,
WYND,1385,2015-01-02,2020-07-02,5.5,30331438.676452637,66878940.6223297,4,
WYY,6446,1998-05-19,2023-12-28,25.61,24246.00052833557,57345.00100791454,7,
X,8241,1991-04-12,2023-12-28,32.71,161052050.05617142,136861249.8500347,7,
XAIR,1397,2018-06-12,2023-12-28,5.54,1348143.0160999298,1102899.027633667,4,
XAN,1382,2015-01-02,2020-07-02,5.5,2109859.936070442,2096386.996269226,4,
XAR,3082,2011-09-29,2023-12-28,12.25,7840415.89050293,5241647.588348389,5,
XBI,4505,2006-02-06,2023-12-28,17.89,652145264.04953,140033176.78070068,5,
XBIO,1887,2016-06-30,2023-12-28,7.49,19029.99999523163,72587.99877166748,4,
XBIOW,1118,2019-07-23,2023-12-28,4.43,0.0,0.0,4,
XBIT,2193,2015-04-15,2023-12-28,8.7,89963.99655342102,766919.9810028075,4,
XBUY,343,2019-01-30,2020-07-02,1.42,18918.55049133301,20818.400573730472,5,
XCEM,2095,2015-09-02,2023-12-28,8.32,2369580.959415436,76950.0,4,
XCOM,288,2018-05-24,2020-07-02,2.11,5706.9000244140625,5267.600059509277,30,
XEC,1385,2015-01-02,2020-07-02,5.5,70386065.80066681,105884008.82492065,4,
XEL,12826,1973-02-21,2023-12-28,50.85,206859050.20885468,9067093.27135086,7,
XELB,2828,2012-10-02,2023-12-28,11.24,15261.99993789196,16901.499569416046,5,
XENT,1385,2015-01-02,2020-07-02,5.5,6524712.5,6268155.1197052,4,
XERS,1390,2018-06-21,2023-12-28,5.52,2075911.5026414397,2302161.0434532166,4,
XES,4410,2006-06-22,2023-12-28,17.52,8560873.99482727,6140108.142700195,5,
XFLT,1566,2017-10-09,2023-12-28,6.22,1545084.0154409409,776879.9861907959,4,
XGN,1077,2019-09-19,2023-12-28,4.27,26351.000130176544,224181.0013771057,4,
XHB,4505,2006-02-06,2023-12-28,17.89,221786158.43849182,109292775.80022812,5,
XHR,2241,2015-02-04,2023-12-28,8.9,8979380.95779419,9274090.1927948,4,
XIN,4039,2007-12-12,2023-12-28,16.04,23579.000687599182,584308.9822292329,5,
XITK,2003,2016-01-14,2023-12-28,7.95,276550.8457183838,542160.5987548828,4,
XLC,1392,2018-06-19,2023-12-28,5.52,360700087.04681396,254468845.67432404,4,
XLF,6295,1998-12-22,2023-12-28,25.02,1375763173.2177734,930503090.7481384,7,
XLG,4692,2005-05-10,2023-12-28,18.63,14106984.127044678,3903606.5200805664,5,
XLI,6295,1998-12-22,2023-12-28,25.02,1015421848.5218048,375646731.54258734,7,
XLK,6295,1998-12-22,2023-12-28,25.02,999457981.2889099,207804306.43482208,7,
XLNX,1385,2015-01-02,2020-07-02,5.5,275352987.65068054,166328854.50668335,4,
XLP,6295,1998-12-22,2023-12-28,25.02,812697737.0109558,183080490.9362793,7,
XLRE,2070,2015-10-08,2023-12-28,8.22,184955341.1190033,136371729.5200348,4,
XLRN,1385,2015-01-02,2020-07-02,5.5,24198891.68739319,11314875.0,4,
XLSR,1194,2019-04-03,2023-12-28,4.74,1505707.5302124023,831405.0189971924,4,
XLU,6295,1998-12-22,2023-12-28,25.02,866962205.5103302,255241334.24606323,7,
XLV,6295,1998-12-22,2023-12-28,25.02,1124710646.2085724,217270897.40180975,7,
XLY,6295,1998-12-22,2023-12-28,25.02,754252917.8024292,228034779.23583984,7,
XMHQ,4297,2006-12-01,2023-12-28,17.07,8216585.983657837,70240.00244140625,5,
XMLV,2736,2013-02-15,2023-12-28,10.86,2365207.5176239014,4061851.8714904785,4,
XMMO,4739,2005-03-03,2023-12-28,18.82,3795472.1084594727,693360.0122451782,5,
XMVM,4739,2005-03-03,2023-12-28,18.82,578860.9825134277,188279.99725341803,5,
XNCR,2535,2013-12-03,2023-12-28,10.07,7691770.574474335,6297310.264587402,4,
XNET,2396,2014-06-24,2023-12-28,9.51,119097.00191617012,911335.0155472755,4,
XNTK,5847,2000-10-02,2023-12-28,23.24,1161822.0306396484,838166.0221099854,7,
XOM,13618,1970-01-02,2023-12-28,53.98,1739087334.0911865,160871406.25,7,
XOMA,9467,1986-06-06,2023-12-28,37.56,448038.4991645813,1402401.0229110718,7,
XONE,1708,2015-01-02,2023-12-28,8.99,1147321.4893341064,1200823.9844322205,806,
XOP,4410,2006-06-22,2023-12-28,17.52,581147770.8900452,379740590.43216705,5,
XOUT,186,2019-10-07,2020-07-02,0.74,263815.10219573975,263815.10219573975,4,
XP,1019,2019-12-11,2023-12-28,4.05,88724443.0270195,69700151.94225311,4,
XPER,1706,2015-01-02,2023-12-28,8.99,2302399.9433517456,9162317.663002014,810,
XPL,4358,2006-09-06,2023-12-28,17.31,25141.50040745735,33349.000906944275,5,
XPO,5092,2003-10-07,2023-12-28,20.22,83871262.91103363,10688600.142036438,5,
XRAY,9168,1987-08-12,2023-12-28,36.38,67652403.98139954,21688399.018096924,7,
XRF,801,2017-04-28,2020-07-02,3.18,63559.00057554245,184484.29704904556,4,
XRLV,2197,2015-04-09,2023-12-28,8.72,52975.29983520508,235787.99743652344,4,
XRT,4410,2006-06-22,2023-12-28,17.52,367603800.774765,238048654.19216156,5,
XSD,4505,2006-02-06,2023-12-28,17.89,12983430.860900879,4899245.150756835,5,
XSHQ,1691,2017-04-11,2023-12-28,6.71,247059.002494812,59664.00184631348,4,
XSLV,2736,2013-02-15,2023-12-28,10.86,1549046.0012435913,3475275.8979797363,4,
XSMO,4739,2005-03-03,2023-12-28,18.82,743822.9759216309,211469.9949264526,5,
XSOE,2266,2014-12-29,2023-12-28,9.0,8344795.418262482,1920117.9541587832,4,
XSPA,577,2015-01-20,2020-07-02,5.45,153454.49752807617,233279.99267578125,135,
XSVM,4739,2005-03-03,2023-12-28,18.82,3216928.5514831543,285570.00637054443,5,
XSW,3082,2011-09-29,2023-12-28,12.25,1398616.4733886719,558568.0076599121,5,
XT,2208,2015-03-24,2023-12-28,8.76,5506363.558578491,5084321.939086914,4,
XTL,3252,2011-01-27,2023-12-28,12.92,345910.50567626953,227073.00453186035,5,
XTLB,4612,2005-09-01,2023-12-28,18.32,1387.5000178813934,7689.500069618225,5,
XVZ,1058,2015-01-02,2020-07-02,5.5,19392.000102996826,24996.499633789062,26,
XWEB,1889,2016-06-28,2023-12-28,7.5,50528.10173034668,174384.00192260742,4,
XXII,3253,2011-01-26,2023-12-28,12.92,749474.6477527618,855182.7377915382,5,
XYF,1328,2018-09-19,2023-12-28,5.27,51635.999608039856,82991.99995994568,4,
XYL,3072,2011-10-13,2023-12-28,12.21,141369351.57546997,59295152.90145874,5,
Y,1385,2015-01-02,2020-07-02,5.5,39849957.66906738,30986928.369140625,4,
YANG,3541,2009-12-03,2023-12-28,14.07,43925453.47366333,5420119.781494141,5,
YCS,3798,2008-11-25,2023-12-28,15.09,905415.0058746338,2849672.470855713,5,
YELP,2976,2012-03-02,2023-12-28,11.82,19822767.46149063,41440850.0,5,
YETI,1669,2015-01-05,2023-12-28,8.98,44778655.64670562,44126275.44937134,590,
YGRN,116,2019-04-10,2020-07-01,1.23,10151.300048828125,10151.300048828125,42,
YI,1333,2018-09-12,2023-12-28,5.29,167944.0007328987,317552.00271606445,4,
YJ,1173,2019-05-03,2023-12-28,4.65,24939.399378299713,242601.00331306458,4,
YLCO,1266,2015-05-28,2020-07-02,5.1,219068.25337409973,54099.75128173828,5,
YLD,2132,2015-07-13,2023-12-28,8.46,213203.25937271118,90733.84780883789,4,
YLDE,1659,2017-05-26,2023-12-28,6.59,67667.65098571777,17758.200073242184,4,
YMAB,1326,2018-09-21,2023-12-28,5.27,1243148.9872455597,3870130.0011634827,4,
YNDX,3171,2011-05-24,2023-12-28,12.6,0.0,55634413.0065918,5,
YOLO,1183,2019-04-18,2023-12-28,4.7,113064.00089263916,656675.9719848633,4,
YORW,6206,1999-05-03,2023-12-28,24.65,1565876.0263442993,335323.49939346313,7,
YRCW,1385,2015-01-02,2020-07-02,5.5,2962484.8953723907,5683431.941509247,4,
YRD,2020,2015-12-18,2023-12-28,8.03,146374.00448322296,1121229.9930334091,4,
YTEN,4311,2006-11-10,2023-12-28,17.13,53539.9996638298,268015.00844955444,5,
YUM,1385,2015-01-02,2020-07-02,5.5,191057819.4480896,187154203.09600833,4,
YXI,3470,2010-03-18,2023-12-28,13.78,185831.99920654297,103294.00062561035,5,
YY,2794,2012-11-21,2023-12-28,11.1,16683084.017562866,54578061.380386345,4,
YYY,2906,2012-06-12,2023-12-28,11.54,1556814.978599548,999647.9753494263,5,
Z,2117,2015-08-03,2023-12-28,8.4,117155962.7904892,103151175.0,4,
ZBH,5643,2001-07-25,2023-12-28,22.43,166277334.84268188,112419467.7546997,7,
ZBRA,8154,1991-08-15,2023-12-28,32.37,94442111.8927002,13313207.308959961,7,
ZCAN,1202,2015-01-02,2020-07-02,5.5,35297.1004486084,52669.40040588379,10,
ZCMD,970,2020-02-24,2023-12-28,3.84,3475.9999573230743,21452.50015258789,4,
ZDEU,1094,2015-01-02,2020-07-02,5.5,18955.599975585938,30648.29978942871,14,
ZDGE,1906,2016-06-03,2023-12-28,7.57,61654.49904203415,62300.999891757965,4,
ZEAL,728,2017-08-09,2020-07-02,2.9,175227.2045135498,134027.50396728516,4,
ZEN,1385,2015-01-02,2020-07-02,5.5,128821485.3439331,36288600.0,4,
ZGNX,1385,2015-01-02,2020-07-02,5.5,20623398.16827774,11687390.155887604,4,
ZGYHU,72,2020-02-13,2020-07-02,0.38,88447.40085601807,88447.40085601807,8,
ZI,899,2020-06-04,2023-12-28,3.56,99549168.58997345,113785672.95074463,4,
ZIG,1165,2019-05-15,2023-12-28,4.62,70732.29923248291,97956.30226135254,4,
ZION,11040,1980-03-17,2023-12-28,43.78,98522575.507164,23571606.536865234,7,
ZIONL,2587,2013-09-19,2023-12-28,10.27,209906.50033950806,95508.00247192383,4,
ZIONN,1377,2015-01-02,2020-07-02,5.5,131487.9997253418,156365.99807739258,5,
ZIONO,252,2019-07-05,2020-07-02,0.99,186057.9969406128,186057.9969406128,4,
ZIONP,4160,2007-01-05,2023-12-28,16.98,51364.95100784302,69014.35430145264,22,
ZIOP,1385,2015-01-02,2020-07-02,5.5,6052384.140014648,7952727.921676636,4,
ZIV,1385,2015-01-02,2020-07-02,5.5,2436645.4959869385,3095516.9075012207,4,
ZIXI,1385,2015-01-02,2020-07-02,5.5,4610944.121742249,1394184.9402427673,4,
ZKIN,1591,2017-09-01,2023-12-28,6.32,17427.3494720459,85631.99808597566,4,
ZLAB,1579,2017-09-20,2023-12-28,6.27,13552938.09261322,14655450.0,4,
ZM,1183,2019-04-18,2023-12-28,4.7,220969078.38516235,474898246.0990906,4,
ZN,1385,2015-01-02,2020-07-02,5.5,422448.99033010006,204839.9945735931,4,
ZNH,1383,2015-01-02,2020-07-02,5.5,793432.5232505798,1119872.0031738281,4,
ZNTL,941,2020-04-03,2023-12-28,3.73,13021611.21044159,12776364.444541931,4,
ZOM,1535,2017-11-21,2023-12-28,6.1,692163.0629897115,925952.971090376,4,
ZROZ,3561,2009-11-04,2023-12-28,14.15,18982347.078323364,2758884.054565429,5,
ZS,1457,2018-03-16,2023-12-28,5.79,285507273.67248535,249265930.90820312,4,
ZSAN,1287,2015-01-27,2020-07-02,5.43,685039.016187191,415859.99088287354,19,
ZTO,1804,2016-10-27,2023-12-28,7.17,60170186.646938324,53036411.41462326,4,
ZTR,8884,1988-09-26,2023-12-28,35.25,1433064.9934530258,1121799.006843567,7,
ZTS,2746,2013-02-01,2023-12-28,10.9,298952535.41641235,202985320.5684662,4,
ZUO,1439,2018-04-12,2023-12-28,5.71,7116065.761566162,14399748.342704773,4,
ZVO,308,2019-04-15,2020-07-02,1.22,205735.5037093163,261572.99835681915,4,
ZYME,1679,2017-04-28,2023-12-28,6.67,3537188.0099773407,4781672.953033447,4,
ZYNE,1237,2015-08-05,2020-07-02,4.91,3900201.7680883408,2956077.0100593567,4,
ZYXI,4996,2004-02-25,2023-12-28,19.84,2332950.0213623047,14643.001502156258,5,
acio,1127,2019-07-10,2023-12-28,4.47,1626135.881614685,963520.0195312499,4,
ades,5018,2004-01-23,2023-12-28,19.93,123398.99909496307,431825.00410079956,5,
aesr,1015,2019-12-17,2023-12-28,4.03,299053.502702713,198527.9989242554,4,
afgb,943,2020-04-01,2023-12-28,3.74,180590.99950790405,202019.99435424805,4,
aflg,1024,2019-12-04,2023-12-28,4.07,2560.2999687194824,5050.3999710083,4,
anvs,987,2020-01-29,2023-12-28,3.91,491159.00955200195,571519.998550415,4,
apei,4061,2007-11-09,2023-12-28,16.13,747950.0314950943,3038040.0398254395,5,
ares,2432,2014-05-02,2023-12-28,9.66,80062489.68887329,12435083.701705933,4,
bbeu,1393,2018-06-18,2023-12-28,5.53,17844989.83192444,16512271.83380127,4,
bit,2730,2013-02-26,2023-12-28,10.83,1265994.0096855164,1871439.504289627,4,
bkem,927,2020-04-24,2023-12-28,3.68,114127.09865570068,62477.99835205078,4,
bkmc,935,2020-04-14,2023-12-28,3.7,607540.0169372559,161090.99807739258,4,
bsbk,995,2020-01-16,2023-12-28,3.95,38004.499316215515,53817.99945831299,4,
bway,1184,2019-04-17,2023-12-28,4.7,129744.49753761292,89774.50184822083,4,
bzq,3657,2009-06-19,2023-12-28,14.52,335479.99210357666,2046032.9860687256,5,
catc,6287,1999-01-05,2023-12-28,24.98,2394583.9752197266,22000.0,7,
cboe,3409,2010-06-15,2023-12-28,13.54,92220201.47781372,50311181.45751953,5,
cbz,7219,1995-04-27,2023-12-28,28.67,9994997.226905823,1617552.0709991455,7,
cco,4561,2005-11-14,2023-12-28,18.12,3416999.9553442,2048150.0,5,
cew,3670,2009-06-02,2023-12-28,14.57,16954.999542236328,154745.50161361694,5,
cmre,3309,2010-11-04,2023-12-28,13.15,5172939.499807358,3065100.0,5,
coda,5652,2001-07-12,2023-12-28,22.46,115600.0015258789,1994.599987745285,7,
crd-a,8418,1990-07-31,2023-12-28,33.41,504557.0177078247,93277.99882888794,7,
cron,1470,2018-02-27,2023-12-28,5.83,2909900.068998337,16223548.192715645,4,
dbaw,2499,2014-01-27,2023-12-28,9.92,300164.9984359741,254213.99402618405,4,
dbb,4275,2007-01-05,2023-12-28,16.98,2168203.5727500916,2168944.971370697,5,
dcph,1573,2017-09-28,2023-12-28,6.25,7253089.989089966,9739418.931388857,4,
drip,2162,2015-05-29,2023-12-28,8.58,23916387.571907043,28584018.22620392,4,
dth,4414,2006-06-16,2023-12-28,17.53,1450097.9461669922,788877.02293396,5,
dtil,1198,2019-03-28,2023-12-28,4.75,410579.10736203194,2490676.998615265,4,
dvye,2981,2012-02-24,2023-12-28,11.84,2082863.031387329,2328894.039916992,5,
dxjs,2644,2013-06-28,2023-12-28,10.5,336502.00424194336,384733.9994430542,4,
ecns,3335,2010-09-29,2023-12-28,13.25,258619.9959754944,199247.99194335938,5,
efa,5620,2001-08-27,2023-12-28,22.34,1123732323.449707,990348830.9017181,7,
emgf,2020,2015-12-18,2023-12-28,8.03,2923387.0485305786,1916127.039718628,4,
emlp,2899,2012-06-21,2023-12-28,11.52,5908935.434341432,7454787.077522279,5,
emty,1538,2017-11-16,2023-12-28,6.11,177256.19916915894,166514.9997711182,4,
entr,1544,2017-11-08,2023-12-28,6.14,5605.249881744385,25107.250213623047,4,
evlo,1421,2018-05-08,2023-12-28,5.64,176940.50553172827,458052.0121765136,4,
ewl,6994,1996-03-18,2023-12-28,27.78,26506589.151382446,4025721.023082733,7,
faz,3802,2008-11-19,2023-12-28,15.1,34770010.32886505,62480305.09529114,5,
fdem,1217,2019-03-01,2023-12-28,4.83,94517.40026473999,62536.798095703125,4,
fdn,4409,2006-06-23,2023-12-28,17.51,66404439.37911987,21221926.91268921,5,
fisr,1194,2019-04-03,2023-12-28,4.74,903897.5040435791,484493.00060272217,4,
fku,2980,2012-02-27,2023-12-28,11.83,55200.0,127445.50037384033,5,
fndx,2611,2013-08-15,2023-12-28,10.37,20002448.377227783,11545706.136322021,4,
ftxo,1818,2016-10-07,2023-12-28,7.22,895561.002445221,1618805.446434021,4,
futy,2562,2013-10-24,2023-12-28,10.18,8679309.013938904,4368085.5978012085,4,
fxd,4189,2007-05-10,2023-12-28,16.64,4261945.994567871,3413811.967086792,5,
geccm,1491,2018-01-26,2023-12-28,5.92,25055.00030517578,42771.999740600586,4,
gres,3557,2009-10-27,2023-12-13,14.13,117760.33399963379,203300.0,5,
grid,3552,2009-11-17,2023-12-28,14.11,4238958.018493652,111465.50369262695,5,
gssc,1630,2017-07-10,2023-12-28,6.47,1195412.5078201294,867928.4980773926,4,
hefa,2485,2014-02-14,2023-12-28,9.87,13371508.965969086,16561810.506439209,4,
herd,1171,2019-05-07,2023-12-28,4.64,306945.99170684814,14012.800598144531,4,
hero,1047,2019-10-31,2023-12-28,4.16,369793.99909973145,1663661.9476318362,4,
hezu,2333,2014-09-23,2023-12-28,9.26,1155870.0406074524,10645968.05267334,4,
hffg,1588,2017-09-07,2023-12-28,6.31,162221.99563980103,261042.99445152283,4,
hscz,2126,2015-07-21,2023-12-28,8.44,446597.5016593933,171763.2444381714,4,
ibb,5756,2001-02-12,2023-12-28,22.87,189513480.3855896,129109450.84037781,7,
ibdo,2213,2015-03-11,2023-12-21,8.78,10404677.856415749,3077553.773345947,4,
ice,4559,2005-11-16,2023-12-28,18.11,250385933.79478455,172502275.29144287,5,
indl,3475,2010-03-11,2023-12-28,13.8,649872.025680542,1593071.981048584,5,
jfin,1168,2019-05-10,2023-12-28,4.64,249639.99614715576,229626.5034675598,4,
jig,902,2020-06-01,2023-12-28,3.57,289734.9006652832,312532.998085022,4,
jpi,2874,2012-07-27,2023-12-28,11.42,890203.5141944885,1230241.9939994812,5,
jpin,2299,2014-11-10,2023-12-28,9.13,1940122.4681854248,3259600.0,4,
julz,879,2020-07-02,2023-12-28,3.49,3621.4500427246094,3707.1998596191406,4,
kall,1362,2018-08-01,2023-12-28,5.41,7993.999862670899,10557.499694824219,4,
kjul,879,2020-07-02,2023-12-28,3.49,430612.5104904175,204624.00398254395,4,
kt,6189,1999-05-26,2023-12-28,24.59,10737688.1026268,10695743.591308594,7,
lit,3382,2010-07-23,2023-12-28,13.43,25580723.742485046,2724381.9905281067,5,
livn,2063,2015-10-19,2023-12-28,8.19,20335162.25128174,23608749.5803833,4,
love,1386,2018-06-27,2023-12-28,5.5,8329243.567085266,8290360.039329529,4,
lqd,5392,2002-07-30,2023-12-28,21.41,2134761676.2374878,197539585.7433319,5,
lsxmk,1939,2016-04-18,2023-12-28,7.69,28877729.297733307,27056829.625606544,4,
ltl,3928,2008-05-22,2023-12-28,15.6,4543.500137329102,22677.000045776367,5,
ltpz,3602,2009-09-08,2023-12-28,14.3,5548704.977989197,1542331.986618042,5,
ltrn,894,2020-06-11,2023-12-28,3.55,116396.50452136993,250713.4922027588,4,
lvhd,2014,2015-12-29,2023-12-28,8.0,3826155.023765564,1717086.0193252563,4,
lx,1514,2017-12-21,2023-12-28,6.02,933827.9754638672,5777536.115574837,4,
mna,3552,2009-11-17,2023-12-28,14.11,1682496.9671249392,1045265.5037879944,5,
mnsb,4610,2005-09-06,2023-12-28,18.31,319672.99880981445,6970.000147819519,5,
mntx,4750,2005-02-15,2023-12-28,18.86,104638.50028514862,169563.00320625305,5,
mrgr,2779,2012-12-13,2023-12-28,11.04,33407.500076293945,10727.999496459961,4,
mrsk,884,2020-06-25,2023-12-28,3.51,264792.3999786377,70875.95233917236,4,
nari,907,2020-05-22,2023-12-28,3.6,41982362.1547699,38610538.45367432,4,
ndp,2874,2012-07-27,2023-12-28,11.42,165270.0038909912,692923.9979400635,5,
newti,82,2023-09-01,2023-12-28,0.32,117760.5004310608,117760.5004310608,4,
nflt,2111,2015-08-11,2023-12-28,8.38,177081.79683685303,296457.0121765137,4,
nkx,5274,2003-01-16,2023-12-28,20.95,1194033.534526825,604499.4963169098,5,
nmrk,1518,2017-12-15,2023-12-28,6.03,5719001.950144768,7422082.849311829,4,
nok,7426,1994-07-01,2023-12-28,29.49,61856262.026548386,133264391.604805,7,
nref,980,2020-02-07,2023-12-28,3.89,558219.4850921631,704864.0045166016,4,
nusc,1769,2016-12-16,2023-12-28,7.03,2771604.4555664062,1611337.956237793,4,
nvda,6275,1999-01-22,2023-12-28,24.93,16118245171.19751,271068304.5660019,7,
nvee,2580,2013-09-30,2023-12-28,10.24,8218993.519973755,3834007.446670532,4,
nx,11040,1980-03-17,2023-12-28,43.78,2931044.9895858765,1721610.047531128,7,
nxe,2612,2013-08-14,2023-12-28,10.37,11425643.717288971,417953.0077576637,4,
nxtc,1169,2019-05-09,2023-12-28,4.64,68099.50177073479,1208565.9671545029,4,
oef,5828,2000-10-27,2023-12-28,23.17,40940848.47717285,39479635.4675293,7,
oneq,5096,2003-10-01,2023-12-28,20.24,12094388.527297974,4491399.495601654,5,
onew,980,2020-02-07,2023-12-28,3.89,2190146.555709839,2460953.552913666,4,
ousm,1760,2016-12-30,2023-12-28,6.99,1352946.0277557373,488541.4924621582,4,
ovs,1069,2019-10-01,2023-12-28,4.24,11856.399917602539,13823.199462890625,4,
ovv,5471,2002-04-08,2023-12-28,21.72,119425893.54553223,102936040.0,5,
paa,6318,1998-11-18,2023-12-28,25.11,48113925.36621094,26144382.847976685,7,
pacb,3315,2010-10-27,2023-12-28,13.17,38001185.51015854,5415782.014799118,5,
pag,6841,1996-10-23,2023-12-28,27.18,41842516.88232422,10740383.76159668,7,
pagp,2568,2013-10-16,2023-12-28,10.2,32328103.598356247,30500535.513162613,4,
pays,4083,2007-10-10,2023-12-28,16.22,270754.50464487076,2943.999934196472,5,
pba,3330,2010-10-06,2023-12-28,13.23,23850993.972587585,12442185.682678223,5,
pbd,4166,2007-06-13,2023-12-28,16.54,379026.99031829834,332184.9997520447,5,
pbhc,7077,1995-11-16,2023-12-28,28.11,12347.999811172485,2664.7601890563965,7,
pbi,13006,1972-06-01,2023-12-28,51.57,4268800.462639332,11808134.025859833,7,
pcar,11040,1980-03-17,2023-12-28,43.78,185095820.08094788,33952067.77425361,7,
pcvx,893,2020-06-12,2023-12-28,3.54,26982972.258377075,8775600.0,4,
pffa,1415,2018-05-16,2023-12-28,5.62,2947865.471363068,2126396.0243225098,4,
pgf,4297,2006-12-01,2023-12-28,17.07,3717582.459592819,6038478.298187256,5,
pgti,4406,2006-06-28,2023-12-28,17.5,10147680.236053467,3036465.6507492065,5,
phg,11040,1980-03-17,2023-12-28,43.78,21595368.05038452,17567926.569747925,7,
pht,5457,2002-04-26,2023-12-28,21.67,590728.9934635162,995998.9910125732,5,
pie,4023,2008-01-07,2023-12-28,15.97,486332.01227188116,1217034.9536895752,5,
pill,1539,2017-11-15,2023-12-28,6.12,224128.99594306946,322685.99166870123,4,
pim,8995,1988-04-19,2023-12-28,35.69,229370.49580812454,733019.980430603,7,
pk,1758,2017-01-04,2023-12-28,6.98,38480750.63300133,47984335.81542969,4,
pkg,6018,2000-01-28,2023-12-28,23.92,79361822.0237732,31357629.363918304,7,
pmt,3629,2009-07-30,2023-12-28,14.41,8155160.334348679,10082293.589019775,5,
pnbk,7384,1994-08-31,2023-12-28,29.33,7960.000038146973,8159.499921798708,7,
pnc,12133,1975-11-17,2023-12-28,48.11,316242698.74191284,37499900.0,7,
pnov,1046,2019-11-01,2023-12-28,4.16,913518.0067062378,391755.4991722107,4,
ppbi,6672,1997-06-25,2023-12-28,26.51,11286819.327354431,220815.2458190918,7,
prgo,8068,1991-12-17,2023-12-28,32.03,39157436.45477295,22294668.609428406,7,
prof,1049,2019-10-29,2023-12-28,4.16,187477.49972343445,497681.98528289795,4,
psct,3457,2010-04-07,2023-12-28,13.72,420249.5027542114,806549.9496459961,5,
psec,4891,2004-07-27,2023-12-28,19.42,8693400.23303032,10652267.694854736,5,
psp,4324,2006-10-24,2023-12-28,17.18,955500.0012207031,1285564.4916915894,5,
pst,3928,2008-05-22,2023-12-28,15.6,1216318.978023529,1460691.5301322937,5,
ptn,6594,1997-10-15,2023-12-28,26.2,151294.00310516357,197986.875,7,
pulm,2461,2014-03-21,2023-12-28,9.77,34024.799394607544,150480.0,4,
puyi,1197,2019-03-29,2023-12-28,4.75,3913.0001068115234,21509.999656677246,4,
pwod,7447,1994-06-02,2023-12-28,29.57,231312.504863739,97457.00187683105,7,
pypl,2137,2015-07-06,2023-12-28,8.48,883208390.3526306,771758554.4281006,4,
qure,2492,2014-02-05,2023-12-28,9.89,8826433.533382416,8220084.807109833,4,
rave,7636,1993-09-01,2023-12-28,30.32,65674.99988079071,54248.99905920029,7,
ravi,2821,2012-10-11,2023-12-28,11.21,3486568.978881836,904079.9560546875,5,
refr,9446,1986-07-08,2023-12-28,37.47,32014.999824762344,147993.50023269653,7,
regl,2240,2015-02-05,2023-12-28,8.89,5352207.795715332,2567472.0378875732,4,
rell,10124,1983-10-28,2023-12-28,40.17,1960922.5039482117,143225.0015258789,7,
relx,7359,1994-10-06,2023-12-28,29.23,22013232.220458984,1206282.0056915283,7,
res,9969,1984-06-11,2023-12-28,39.55,10440471.24876976,592073.5540261269,7,
retl,3389,2010-07-14,2023-12-28,13.46,2929572.0205783844,887567.9969787598,5,
rfem,1898,2016-06-15,2023-12-28,7.53,67824.90043640137,218637.59899139404,4,
rily,4124,2007-08-13,2023-12-28,16.38,12846603.981590271,341967.5323524475,5,
rkda,2171,2015-05-15,2023-12-28,8.62,63011.95156574249,216384.0,4,
rnp,5164,2003-06-25,2023-12-28,20.51,2289515.5002593994,2116777.4810791016,5,
road,1423,2018-05-04,2023-12-28,5.65,6359354.337978363,4315211.897277833,4,
rock,7590,1993-11-05,2023-12-28,30.14,8450608.06941986,1874197.46966362,7,
rpv,4485,2006-03-07,2023-12-28,17.81,23493350.0,4097610.987472534,5,
rushb,6937,1996-06-07,2023-12-28,27.56,714753.0006408691,190431.99462890625,7,
rwt,7150,1995-08-04,2023-12-28,28.4,7502633.286547661,7312869.253921509,7,
spgm,2975,2012-03-05,2023-12-28,11.81,1730856.003189087,344112.01171875,5,
sphd,2810,2012-10-26,2023-12-28,11.17,25733494.20185089,19552920.043182373,5,
spus,1014,2019-12-18,2023-12-28,4.03,1428853.51896286,719677.6144981384,4,
spvm,3155,2011-06-16,2023-12-28,12.53,91243.99757385254,103459.99813079834,5,
spwh,2442,2014-04-17,2023-12-28,9.7,2886641.1397457123,3273779.643058777,4,
spxt,2080,2015-09-24,2023-12-28,8.26,36924.24964904785,7828.2501220703125,4,
spxu,3653,2009-06-25,2023-12-28,14.51,301040820.4131603,155169618.20602417,5,
susl,1168,2019-05-10,2023-12-28,4.64,1743144.0101623535,1496089.9604797363,4,
svxy,3079,2011-10-04,2023-12-28,12.23,138470185.14137268,129188763.83514404,5,
swbi,6132,1999-08-17,2023-12-28,24.36,4951717.589378357,5969727.8248734465,7,
sxi,12826,1973-02-21,2023-12-28,50.85,7200976.413726807,320547.505569458,7,
syld,2676,2013-05-14,2023-12-28,10.62,3716713.040161133,662666.0046577454,4,
tak,3520,2010-01-05,2023-12-28,13.98,29279757.090950012,1229390.9794807434,5,
tap,12243,1975-06-12,2023-12-28,48.54,95468613.83247375,9099947.790527346,7,
tbx,3205,2011-04-05,2023-12-28,12.73,1392588.4741783142,303423.9959716797,5,
tds,10598,1981-12-15,2023-12-28,42.03,20077781.690597534,8930719.200401306,7,
tectp,1155,2019-05-30,2023-12-28,4.58,6060.000228881836,8000.0,4,
teo,7314,1994-12-09,2023-12-28,29.05,534530.9851169586,2938639.9815559387,7,
tex,11038,1980-03-19,2023-12-28,43.78,41922152.7015686,4228885.483932495,7,
tfii,4560,2005-11-15,2023-12-28,18.12,27347505.193710327,26795.000457763672,5,
tg,8689,1989-07-05,2023-12-28,34.48,1097123.9778757095,1103478.0080795288,7,
thcx,1128,2019-07-09,2023-12-28,4.47,53010.999584198,306262.5043487549,4,
thq,2372,2014-07-29,2023-12-28,9.42,1830803.5026550293,2199681.558609009,4,
tigr,1204,2019-03-20,2023-12-28,4.77,3319966.9123649597,5510772.047281265,4,
tile,10262,1983-04-14,2023-12-28,40.71,2387655.9692382812,1883591.4890766144,7,
tmf,3702,2009-04-16,2023-12-28,14.7,170801938.2692337,10852601.44821167,5,
tmo,11040,1980-03-17,2023-12-28,43.78,713577643.5821533,17886938.60244751,7,
tnc,12825,1973-02-22,2023-12-28,50.84,5648004.993438721,354375.0,7,
ttt,2957,2012-03-29,2023-12-28,11.75,3202461.0080718994,1857111.368133545,5,
txrh,4842,2004-10-05,2023-12-28,19.23,86803293.10417175,18184341.61605835,5,
tyd,3702,2009-04-16,2023-12-28,14.7,997203.4805297853,201007.99560546875,5,
uctt,4975,2004-03-25,2023-12-28,19.76,7270686.027908325,1987037.972831726,5,
ue,2253,2015-01-16,2023-12-28,8.95,14234514.003753662,12863752.09197998,4,
ufeb,984,2020-02-03,2023-12-28,3.9,153143.25132369995,151670.90034484863,4,
uis,13006,1972-06-01,2023-12-28,51.57,2568632.4622631073,8650109.911346436,7,
ulh,4752,2005-02-11,2023-12-28,18.87,1039541.0146713257,515289.98908996594,5,
umbf,11040,1980-03-17,2023-12-28,43.78,18934916.050720215,1167943.3037519457,7,
unf,10071,1984-01-16,2023-12-28,39.95,11069629.202270508,734060.0051879883,7,
unfi,6834,1996-11-01,2023-12-28,27.15,11879609.61432457,10748765.797424316,7,
ung,4205,2007-04-18,2023-12-28,16.7,138798451.1989355,95292792.0,5,
unit,2190,2015-04-20,2023-12-28,8.69,10482638.014101982,20172519.464230537,4,
unma,1392,2018-06-19,2023-12-28,5.52,287259.0078353882,466344.996547699,4,
urth,3010,2012-01-12,2023-12-28,11.96,21435830.561065674,2589063.0043029785,5,
usd,4257,2007-02-01,2023-12-28,16.9,3777230.031967163,1976064.0075683594,5,
usdp,2321,2014-10-09,2023-12-28,9.22,58002.00032889843,343127.98805236816,4,
usl,4043,2007-12-06,2023-12-28,16.06,473955.99327087397,905724.0165710449,5,
usmc,1563,2017-10-12,2023-12-28,6.21,1037648.4977722168,543395.0145721436,4,
usph,7955,1992-05-29,2023-12-28,31.58,7520948.051452637,843629.9953460695,7,
uve,5177,2003-06-06,2023-12-28,20.56,3028839.0522003174,1617279.9797058105,5,
uyg,4257,2007-02-01,2023-12-28,16.9,926366.9940948486,6015331.890106201,5,
vamo,2091,2015-09-09,2023-12-28,8.3,197154.0002822876,62831.60095214844,4,
vfqy,1477,2018-02-15,2023-12-28,5.86,669415.4937744141,284743.1945800781,4,
vgr,9128,1987-10-08,2023-12-28,36.22,7612286.532735825,2970055.605825424,7,
vioo,3349,2010-09-09,2023-12-28,13.3,7956173.830413818,2988382.9635620117,5,
virc,11039,1980-03-18,2023-12-28,43.78,109199.99794960022,13451.999855041504,7,
vlt,8740,1989-04-21,2023-12-28,34.69,152298.50101470947,126276.00049972534,7,
vnqi,3312,2010-11-01,2023-12-28,13.16,9422071.731758118,12218002.905654907,5,
vnrx,2976,2012-03-02,2023-12-28,11.82,137416.50273799896,112524.99784231186,5,
vo,5013,2004-01-30,2023-12-28,19.91,126388792.6574707,30163896.30126953,5,
vod,8857,1988-11-02,2023-12-28,35.15,53758395.984983444,67004068.05584335,7,
vonv,3340,2010-09-22,2023-12-28,13.26,27710419.99282837,3293114.460372925,5,
vpl,4734,2005-03-10,2023-12-28,18.8,26258378.307724,15676712.77179718,5,
vpu,5013,2004-01-30,2023-12-28,19.91,25357762.103271484,9785515.69519043,5,
vpv,7694,1993-06-10,2023-12-28,30.55,305156.5041065216,232141.49765968323,7,
vsgx,1327,2018-09-20,2023-12-28,5.27,6594877.531242371,6851181.642150879,4,
vtv,5013,2004-01-30,2023-12-28,19.91,306943642.0539856,50684961.3319397,5,
vuzi,3459,2010-04-05,2023-12-28,13.73,2456492.973744869,805110.0053787231,5,
wabc,11040,1980-03-17,2023-12-28,43.78,6426343.79119873,3453461.478805542,7,
wb,2442,2014-04-17,2023-12-28,9.7,14965685.190677643,45024963.0531311,4,
wcld,1086,2019-09-06,2023-12-28,4.31,5987075.339889526,11357455.430030823,4,
wd,3281,2010-12-15,2023-12-28,13.03,13946234.441375732,6792220.216369629,5,
well,11038,1980-03-19,2023-12-28,43.78,170067604.10461426,3090920.464992523,7,
wes,2782,2012-12-10,2023-12-28,11.05,22601090.160369873,11262911.929321289,4,
weys,11040,1980-03-17,2023-12-28,43.78,287203.00521850586,59772.00155258179,7,
wf,5096,2003-10-01,2023-12-28,20.24,1066450.0247955322,291413.21419906616,5,
whlrp,2245,2015-01-29,2023-12-28,8.91,2914.500045776367,28904.999315738678,4,
wire,7922,1992-07-16,2023-12-28,31.45,34078843.909454346,2379476.9872193336,7,
wix,2553,2013-11-06,2023-12-28,10.14,53684740.47431946,47934244.15664672,4,
wk,2276,2014-12-12,2023-12-28,9.04,34507633.4438324,11350246.475219727,4,
wsbf,4589,2005-10-05,2023-12-28,18.23,898464.0063285828,645662.0051383972,5,
wstl,7054,1995-12-01,2023-12-28,28.07,3827.5200719833374,327305.53477430344,7,
xcur,1411,2018-05-22,2023-12-28,5.6,14222.24990427494,215832.00561523435,4,
xfor,1538,2017-11-16,2023-12-28,6.11,1579861.4624977112,583457.4951648712,4,
xhe,3252,2011-01-27,2023-12-28,12.92,2848364.902496338,992902.463722229,5,
xlb,6295,1998-12-22,2023-12-28,25.02,453631854.0649414,233106005.93185425,7,
xle,6295,1998-12-22,2023-12-28,25.02,1599382117.1920776,948301579.8751831,7,
xme,4410,2006-06-22,2023-12-28,17.52,150426912.98789978,102223140.81630707,5,
xmpt,3137,2011-07-13,2023-12-28,12.46,872736.0056877136,463344.00901794434,5,
xpp,3668,2009-06-04,2023-12-28,14.57,145605.00049591064,900200.5065917969,5,
xshd,1775,2016-12-08,2023-12-28,7.05,117798.5029220581,84155.4980278015,4,
xtnt,3397,2010-07-01,2023-12-28,13.49,30672.00014591217,79004.99836206436,5,
ycbd,1537,2017-11-17,2023-12-28,6.11,31813.160741329193,304414.1879272461,4,
ycl,3789,2008-12-09,2023-12-28,15.05,708480.0009727478,72709.00039672852,5,
ygyi,3443,2010-04-05,2023-12-05,13.67,0.0,18030.389715194702,5,
yumc,1812,2016-10-17,2023-12-28,7.2,94612543.3019638,96018031.84776306,4,
zeus,7504,1994-03-10,2023-12-28,29.8,3986706.567955017,1308609.9800109863,7,
zg,3132,2011-07-20,2023-12-28,12.44,20225733.85334015,29015665.128326416,5,
zumz,4694,2005-05-06,2023-12-28,18.64,6203964.776420593,8024379.963684083,5,
