ticker,first_date,last_date,n_rows,max_gap_days,med_dollar_vol_recent252,total,allext_count,nasdaq_count,news_window,exclusion_reason
A,1999-11-18,2023-12-28,6066,7,209054400.27618408,5117.0,2369.0,2748.0,3879,PASS
KTOS,1999-11-05,2023-12-28,6075,7,10444023.515081406,2685.0,1087.0,1598.0,2661,PASS
BGS,2007-05-23,2023-12-28,4180,5,11608974.993610382,937.0,0.0,937.0,937,PASS
TRV,1975-11-17,2023-12-28,12133,7,214507202.6977539,8249.0,2859.0,5390.0,7956,PASS
RRC,1980-06-19,2023-12-28,10974,7,91045733.7571144,6476.0,2482.0,3994.0,6293,PASS
RS,1994-09-16,2023-12-28,7373,7,78674454.00772095,2861.0,0.0,2861.0,2861,PASS
RSG,1998-07-01,2023-12-28,6416,7,158975274.65057373,3133.0,1047.0,2086.0,3027,PASS
TRP,1982-09-20,2023-12-28,10406,7,76597901.67350769,5946.0,2305.0,3641.0,5901,PASS
TROX,2010-12-01,2023-12-28,3291,5,14354216.854476929,1538.0,605.0,933.0,1538,PASS
TROW,1986-04-02,2023-12-28,9513,7,143733548.71559143,5244.0,2016.0,3228.0,5057,PASS
TRNO,2010-02-10,2023-12-28,3495,5,28802025.802612305,2032.0,724.0,1308.0,2003,PASS
ENR,2000-03-27,2023-12-28,5978,7,16431368.104934692,2504.0,938.0,1566.0,2396,PASS
ENS,2004-08-02,2023-12-28,4887,5,20217969.0410614,2165.0,696.0,1469.0,2136,PASS
TRN,1973-05-03,2023-12-28,12776,7,8492947.342681885,3009.0,1188.0,1821.0,2972,PASS
BHP,1980-03-17,2023-12-28,11040,7,158051584.27829742,8738.0,2055.0,6683.0,7882,PASS
FSM,2007-01-08,2023-12-28,4274,5,10409479.216253756,1114.0,452.0,662.0,1114,PASS
TRMK,1980-03-17,2023-12-28,11040,7,6264564.086723328,802.0,274.0,528.0,770,PASS
CRS,1973-02-21,2023-12-28,12826,7,19866839.588356014,1574.0,434.0,1140.0,1551,PASS
TRMB,1990-07-20,2023-12-28,8425,7,56807916.6639328,2188.0,838.0,1350.0,2136,PASS
FSLR,2006-11-17,2023-12-28,4306,5,341654402.1682739,7657.0,2231.0,5426.0,7631,PASS
ENSG,2007-11-09,2023-12-28,4061,5,23160164.877319336,1572.0,574.0,998.0,1553,PASS
TRI,2002-06-12,2023-12-28,5425,5,43753905.98373413,2761.0,999.0,1762.0,2674,PASS
BIDU,2005-08-05,2023-12-28,4631,5,306995863.79241943,8890.0,2268.0,6622.0,8850,PASS
NYMT,2004-07-26,2023-12-28,4892,5,5328005.869913101,2024.0,915.0,1109.0,2008,PASS
BIG,1985-06-20,2023-12-28,9709,7,12759441.238355637,5514.0,2137.0,3377.0,5285,PASS
BIIB,1991-09-17,2023-12-28,8132,7,244688205.015564,8369.0,1916.0,6453.0,8364,PASS
TRGP,2010-12-07,2023-12-28,3287,5,113670939.78652954,2614.0,977.0,1637.0,2614,PASS
TREX,1999-04-08,2023-12-28,6223,7,53045970.41091919,2218.0,767.0,1451.0,2218,PASS
KSS,1992-05-19,2023-12-28,7962,7,97108216.98474884,10619.0,3801.0,6818.0,10236,PASS
NZF,2001-10-03,2023-12-28,5598,5,5579040.46421051,740.0,323.0,417.0,738,PASS
ENLC,2004-01-13,2023-12-28,5025,5,22663564.34211731,1680.0,611.0,1069.0,1680,PASS
TS,2002-12-16,2023-12-28,5295,5,61415164.60790634,1921.0,657.0,1264.0,1861,PASS
TX,2006-02-01,2023-12-28,4508,5,7281013.691711425,1932.0,677.0,1255.0,1795,PASS
ROP,1992-02-13,2023-12-28,8028,7,201298899.647522,3462.0,1269.0,2193.0,3429,PASS
TWO,2009-10-30,2023-12-28,3564,5,13065410.199022291,2453.0,1033.0,1420.0,2431,PASS
FTNT,2009-11-18,2023-12-28,3551,5,299655147.7695465,4762.0,1534.0,3228.0,4714,PASS
ENB,1984-03-15,2023-12-28,10029,7,140119561.2646103,7190.0,2353.0,4837.0,7146,PASS
CSL,1973-02-21,2023-12-28,12826,7,82267607.71331787,2925.0,936.0,1989.0,2904,PASS
TV,1993-12-14,2023-12-28,7564,7,8464405.917596817,1735.0,656.0,1079.0,1578,PASS
FTI,2001-06-15,2023-12-28,5670,7,83488963.1855011,3962.0,1504.0,2458.0,3830,PASS
BECN,2004-09-23,2023-12-28,4850,5,28820147.840881348,2413.0,909.0,1504.0,2353,PASS
CSIQ,2006-11-09,2023-12-28,4312,5,32286796.483039856,6734.0,2572.0,4162.0,6486,PASS
TTWO,1997-04-15,2023-12-28,6722,7,177123314.75219727,2387.0,0.0,2387.0,2378,PASS
ROST,1985-08-08,2023-12-28,9675,7,232283294.6460724,2011.0,0.0,2011.0,1995,PASS
BEN,1983-09-23,2023-12-28,10149,7,74376891.16897583,5936.0,2106.0,3830.0,5771,PASS
TREE,2008-08-12,2023-12-28,3872,5,5266627.484798432,2045.0,796.0,1249.0,2035,PASS
BEP,2005-11-15,2023-12-28,4561,5,8143934.064102173,2096.0,520.0,1576.0,2093,PASS
TTMI,2000-09-25,2023-12-28,5852,7,6877972.477817535,1172.0,448.0,724.0,1158,PASS
TTGT,2007-05-17,2023-12-28,4184,5,6764883.00819397,732.0,308.0,424.0,720,PASS
TTEK,1991-12-17,2023-12-28,8068,7,40071376.30462647,2195.0,824.0,1371.0,2139,PASS
TTEC,1996-08-01,2023-12-28,6899,7,5201633.989334106,786.0,305.0,481.0,764,PASS
TTC,1980-03-17,2023-12-28,11040,7,49683428.507232666,1636.0,625.0,1011.0,1604,PASS
CSGP,1998-07-01,2023-12-28,6416,7,132877571.29211426,1535.0,519.0,1016.0,1531,PASS
OC,2006-11-01,2023-12-28,4318,5,91534547.6890564,3435.0,1200.0,2235.0,3296,PASS
TSN,1980-03-17,2023-12-28,11040,7,141429505.59959412,9527.0,3533.0,5994.0,9285,PASS
TSM,1997-10-09,2023-12-28,6598,7,864696709.5497131,8946.0,2524.0,6422.0,8833,PASS
TSEM,1994-10-26,2023-12-28,7345,7,23268532.43694305,1379.0,550.0,829.0,1340,PASS
TSCO,1994-02-17,2023-12-28,7518,7,245749606.199646,5725.0,1851.0,3874.0,5609,PASS
BG,2001-08-02,2023-12-28,5637,7,110104670.89691162,3594.0,1297.0,2297.0,3471,PASS
RPM,1980-03-17,2023-12-28,11040,7,49342698.94561768,2364.0,865.0,1499.0,2285,PASS
KRC,1997-01-29,2023-12-28,6774,7,35037395.850372314,1245.0,453.0,792.0,1227,PASS
NYCB,1993-11-23,2023-12-28,7578,7,95393906.90026283,1992.0,485.0,1507.0,1992,PASS
ENTG,2000-07-11,2023-12-28,5905,7,113599277.76145937,1537.0,558.0,979.0,1515,PASS
TPX,2003-12-18,2023-12-28,5041,5,68409580.74111938,3342.0,1384.0,1958.0,3276,PASS
TM,1980-03-17,2023-12-28,11040,7,39239172.58224487,7709.0,2063.0,5646.0,6872,PASS
LEU,1998-07-23,2023-12-28,6401,7,5472966.502285004,565.0,213.0,352.0,565,PASS
EPD,1998-07-28,2023-12-28,6399,7,108352270.14875412,3608.0,0.0,3608.0,3591,PASS
RY,1995-10-16,2023-12-28,7100,7,70798711.94190979,1785.0,0.0,1785.0,1777,PASS
CPT,1993-07-22,2023-12-28,7665,7,81139254.98352051,1824.0,687.0,1137.0,1777,PASS
NVS,1996-11-07,2023-12-28,6830,7,150162626.7414093,7948.0,2145.0,5803.0,7591,PASS
NVR,1985-07-22,2023-12-28,9688,7,117686989.2578125,3543.0,1258.0,2285.0,3453,PASS
EPR,1997-11-18,2023-12-28,6570,7,22504771.288871765,3227.0,1176.0,2051.0,3210,PASS
NVO,1981-04-30,2023-12-28,10757,7,242966438.47045895,4498.0,1326.0,3172.0,4419,PASS
NVMI,2000-04-11,2023-12-28,5967,7,11467296.84753418,884.0,330.0,554.0,848,PASS
TKR,1973-02-21,2023-12-28,12826,7,40192529.5715332,1798.0,722.0,1076.0,1769,PASS
CPRT,1994-03-17,2023-12-28,7499,7,150472900.26626587,2556.0,930.0,1626.0,2517,PASS
TJX,1987-06-26,2023-12-28,9200,7,389696753.9134979,10217.0,3817.0,6400.0,9810,PASS
BLDR,2005-06-28,2023-12-28,4658,5,181740805.3375244,2399.0,726.0,1673.0,2385,PASS
TITN,2007-12-13,2023-12-28,4038,5,6140575.996589661,1716.0,679.0,1037.0,1678,PASS
CPK,1980-03-17,2023-12-28,11040,7,9221116.534042358,1397.0,523.0,874.0,1369,PASS
BMI,1973-02-21,2023-12-28,12826,7,18398069.021606445,1919.0,554.0,1365.0,1879,PASS
NVAX,1995-12-05,2023-12-28,7065,7,44215670.11995316,6553.0,1622.0,4931.0,6491,PASS
BMO,1994-10-27,2023-12-28,7344,7,45788100.28381348,3750.0,1376.0,2374.0,3616,PASS
THS,2005-06-28,2023-12-28,4658,5,14964186.85092926,2629.0,1002.0,1627.0,2587,PASS
THRM,1993-06-10,2023-12-28,7694,7,8163844.079589844,1666.0,675.0,991.0,1666,PASS
THO,1984-01-10,2023-12-28,10075,7,48204729.74243164,841.0,0.0,841.0,839,PASS
BMRN,1999-07-26,2023-12-28,6148,7,110229198.33602904,5267.0,2040.0,3227.0,5177,PASS
THG,1995-10-11,2023-12-28,7103,7,20065340.22140503,1334.0,459.0,875.0,1312,PASS
FORM,2003-06-12,2023-12-28,5173,5,12787257.707214355,1911.0,738.0,1173.0,1881,PASS
CPG,2003-10-20,2023-12-28,5084,5,28386404.892206192,2027.0,698.0,1329.0,2027,PASS
EQC,1986-12-17,2023-12-28,9332,7,19143621.62475586,659.0,249.0,410.0,659,PASS
NUS,1996-11-22,2023-12-28,6819,7,13247635.58549881,735.0,0.0,735.0,732,PASS
NVG,2002-09-12,2023-12-28,5361,5,6211204.479789734,784.0,343.0,441.0,784,PASS
KO,1962-01-02,2023-12-28,15606,5,768179901.8611908,13395.0,2874.0,10521.0,12685,PASS
CQP,2007-03-21,2023-12-28,4224,5,7105424.185180664,1819.0,610.0,1209.0,1794,PASS
LEN,1980-03-17,2023-12-28,11040,7,219463655.57479855,7172.0,3478.0,3694.0,6812,PASS
BIP,2008-01-10,2023-12-28,4020,5,11928497.05028534,3561.0,1055.0,2506.0,3526,PASS
CRMT,1987-03-13,2023-12-28,9273,7,5764899.990463257,1316.0,507.0,809.0,1284,PASS
RUSHA,2003-10-07,2023-12-28,5092,5,9577140.676689148,943.0,336.0,607.0,941,PASS
CRM,2004-06-23,2023-12-28,4914,5,1049323735.2966309,9081.0,1488.0,7593.0,9060,PASS
CRL,2000-06-23,2023-12-28,5916,7,92200487.46185304,2564.0,932.0,1632.0,2310,PASS
CRK,1987-08-28,2023-12-28,9156,7,38501666.50352478,2176.0,799.0,1377.0,2125,PASS
TPL,1980-03-17,2023-12-28,11040,7,57101633.0444336,836.0,295.0,541.0,829,PASS
CRI,2003-10-28,2023-12-28,5077,5,46345794.093322754,595.0,0.0,595.0,594,PASS
BJRI,1996-10-09,2023-12-28,6851,7,9142513.311481476,1196.0,0.0,1196.0,1196,PASS
FRT,1973-05-03,2023-12-28,12776,7,47562640.40184021,783.0,0.0,783.0,782,PASS
BK,1973-05-03,2023-12-28,12777,7,194412152.07176208,4715.0,1409.0,3306.0,4491,PASS
CRH,1989-07-13,2023-12-28,8684,5,73615578.75556946,1075.0,381.0,694.0,1027,PASS
NXST,2003-11-25,2023-12-28,5057,5,44849324.98092651,2369.0,873.0,1496.0,2357,PASS
FR,1994-06-24,2023-12-28,7431,7,39932418.54324341,1442.0,538.0,904.0,1412,PASS
BKE,1992-05-08,2023-12-28,7969,7,12870039.080619812,4174.0,1670.0,2504.0,3998,PASS
FRME,1989-06-20,2023-12-28,8699,7,5911437.579536438,751.0,258.0,493.0,737,PASS
BKH,1973-02-22,2023-12-28,12825,7,25023426.79862976,2010.0,768.0,1242.0,1985,PASS
LDOS,2006-10-17,2023-12-28,4329,5,70252301.32141113,3149.0,1116.0,2033.0,3149,PASS
TOL,1986-07-08,2023-12-28,9446,7,97934626.65710448,3781.0,1138.0,2643.0,3476,PASS
EOG,1989-10-04,2023-12-28,8625,7,362253585.6613159,7491.0,2365.0,5126.0,7339,PASS
TNP,2002-03-05,2023-12-28,5494,5,5339018.93362999,1444.0,595.0,849.0,1437,PASS
TNK,2007-12-13,2023-12-28,4038,5,15820862.754631042,2021.0,821.0,1200.0,1975,PASS
NWL,1980-03-17,2023-12-28,11040,7,47275017.354011536,4790.0,1813.0,2977.0,4645,PASS
LEA,2009-11-09,2023-12-28,3558,5,71297117.68493652,944.0,0.0,944.0,943,PASS
NWE,2007-12-28,2023-12-28,4028,5,18059315.146636963,1151.0,439.0,712.0,1133,PASS
TMUS,2007-04-19,2023-12-28,4204,5,662632622.9270935,5115.0,495.0,4620.0,5115,PASS
LEG,1980-03-17,2023-12-28,11040,7,27508434.766864777,2754.0,1019.0,1735.0,2712,PASS
NWBI,1994-11-07,2023-12-28,7337,7,6885198.011112213,694.0,242.0,452.0,682,PASS
FRO,2001-08-06,2023-12-28,5635,7,46864553.78861427,3433.0,1428.0,2005.0,3299,PASS
CPE,1990-03-26,2023-12-28,8506,7,49739599.65381622,2848.0,1091.0,1757.0,2816,PASS
TXN,1972-06-01,2023-12-28,13006,7,789151868.5638428,10913.0,3872.0,7041.0,10292,PASS
ROL,1980-03-17,2023-12-28,11040,7,56536602.14176178,1744.0,568.0,1176.0,1722,PASS
CVE,2009-11-17,2023-12-28,3552,5,131765079.39414978,3336.0,1131.0,2205.0,3305,PASS
EIX,1973-05-03,2023-12-28,12776,7,113355163.16604614,996.0,0.0,996.0,995,PASS
VALE,2002-03-21,2023-12-28,5482,5,290674531.7756176,4269.0,1253.0,3016.0,4181,PASS
CUZ,1980-03-17,2023-12-28,11040,7,30805294.645118717,2275.0,828.0,1447.0,2239,PASS
V,2008-03-19,2023-12-28,3973,5,1229292770.2026367,7021.0,38.0,6983.0,6962,PASS
EL,1995-11-17,2023-12-28,7077,5,334157670.1690674,6209.0,2243.0,3966.0,6051,PASS
GBDC,2010-04-15,2023-12-28,3451,5,8023303.404188156,1447.0,609.0,838.0,1431,PASS
GBCI,1984-03-22,2023-12-28,10024,7,20597885.591888428,1027.0,349.0,678.0,1002,PASS
UVV,1973-02-21,2023-12-28,12826,7,5634379.943847656,1116.0,429.0,687.0,1086,PASS
UUUU,2007-03-19,2023-12-28,4226,5,11785824.976682665,1035.0,374.0,661.0,1035,PASS
UUP,2007-03-01,2023-12-28,4238,5,53115195.6032753,1026.0,0.0,1026.0,946,PASS
ONB,1984-06-20,2023-12-28,9962,7,26583709.81526375,1295.0,434.0,861.0,1277,PASS
ON,2000-05-02,2023-12-28,5953,7,481333028.2726288,1367.0,0.0,1367.0,1367,PASS
UTHR,1999-06-17,2023-12-28,6174,7,73107808.48846436,3242.0,1299.0,1943.0,3177,PASS
OMI,1980-03-17,2023-12-28,11041,6,12033502.645397186,1879.0,747.0,1132.0,1857,PASS
CUK,2000-10-23,2023-12-28,5832,7,17304297.55420685,2207.0,482.0,1725.0,2180,PASS
CUBE,2004-10-22,2023-12-28,4829,5,69365643.41812134,594.0,0.0,594.0,594,PASS
OLN,1973-02-21,2023-12-28,12826,7,65432999.72610474,2301.0,822.0,1479.0,2270,PASS
RJF,1983-07-01,2023-12-28,10207,7,98263587.651062,2041.0,968.0,1073.0,1967,PASS
RL,1997-06-12,2023-12-28,6681,7,93973240.1561737,6628.0,2468.0,4160.0,6411,PASS
USM,1988-05-04,2023-12-28,8984,7,6855152.972793579,1414.0,438.0,976.0,1384,PASS
RLI,1980-03-17,2023-12-28,11040,7,22893680.990600582,2916.0,892.0,2024.0,2863,PASS
OLED,1996-04-11,2023-12-28,6977,7,40550840.128326416,3273.0,1138.0,2135.0,3273,PASS
G,2007-08-02,2023-12-28,4131,5,37309981.620788574,2148.0,799.0,1349.0,2006,PASS
OKE,1980-10-01,2023-12-28,10902,7,172114495.49808502,4658.0,1661.0,2997.0,4627,PASS
B,1980-03-17,2023-12-28,11040,7,7418995.16582489,2403.0,989.0,1414.0,2135,PASS
CTSH,1998-06-19,2023-12-28,6424,7,213977943.6592102,5660.0,2242.0,3418.0,5512,PASS
GBX,1994-07-14,2023-12-28,7418,7,8696216.036987305,3024.0,1233.0,1791.0,2972,PASS
AWI,2006-10-18,2023-12-28,4328,5,24392138.243865967,2135.0,809.0,1326.0,2112,PASS
VB,2004-01-30,2023-12-28,5013,5,108700177.06604004,1281.0,434.0,847.0,1259,PASS
AVY,1973-02-21,2023-12-28,12826,7,80678973.26049806,2689.0,973.0,1716.0,2639,PASS
VIV,1998-11-16,2023-12-28,6320,7,11269904.7311306,1943.0,510.0,1433.0,1885,PASS
EFX,1980-03-17,2023-12-28,11040,7,152306397.71270752,4171.0,1349.0,2822.0,4131,PASS
ATO,1983-12-28,2023-12-28,10083,7,89874959.16290283,889.0,0.0,889.0,889,PASS
GEO,1994-07-27,2023-12-28,7409,7,15883340.880346298,2616.0,1024.0,1592.0,2581,PASS
ATR,1993-04-23,2023-12-28,7727,7,27947461.91635132,596.0,0.0,596.0,595,PASS
EGBN,1999-07-14,2023-12-28,6156,7,6735419.9365615845,982.0,396.0,586.0,968,PASS
ATRC,2005-08-05,2023-12-28,4631,5,12778343.714904783,1085.0,455.0,630.0,1073,PASS
CX,1999-09-15,2023-12-28,6112,7,36896823.02980423,1964.0,812.0,1152.0,1865,PASS
CWT,1973-02-21,2023-12-28,12826,7,12393617.601013184,1717.0,616.0,1101.0,1706,PASS
ATSG,2003-07-23,2023-12-28,5145,5,9022545.83015442,1352.0,492.0,860.0,1332,PASS
EGHT,1997-07-02,2023-12-28,6667,7,5209597.610378265,1641.0,663.0,978.0,1629,PASS
GEF,1996-02-28,2023-12-28,7007,7,8768847.717285156,2207.0,717.0,1490.0,2189,PASS
VGIT,2009-11-23,2023-12-28,3548,5,126202392.73719788,2584.0,1213.0,1371.0,2584,PASS
CTS,1980-03-17,2023-12-28,11040,7,6321687.11681366,759.0,287.0,472.0,719,PASS
EGLE,2005-06-28,2023-12-28,4658,5,8806955.933380127,1583.0,650.0,933.0,1483,PASS
GE,1962-01-02,2023-12-28,15605,7,511709724.3080139,8680.0,0.0,8680.0,8680,PASS
EGP,1973-02-21,2023-12-28,12826,7,41439400.33111572,1529.0,570.0,959.0,1505,PASS
VFC,1980-03-17,2023-12-28,11040,7,135997116.68319702,1550.0,0.0,1550.0,1543,PASS
VET,2010-09-14,2023-12-28,3346,5,16346546.18549347,1429.0,474.0,955.0,1429,PASS
RGEN,1986-04-29,2023-12-28,9494,7,83019012.11853027,1280.0,591.0,689.0,1270,PASS
RGLD,1981-06-09,2023-12-28,10730,7,44673475.45623779,2527.0,1205.0,1322.0,2481,PASS
CVLT,2006-09-22,2023-12-28,4346,5,16867242.908668518,1756.0,725.0,1031.0,1690,PASS
RGR,1973-05-03,2023-12-28,12776,7,5384387.938308716,3551.0,1724.0,1827.0,3523,PASS
GCO,1973-02-21,2023-12-28,12826,7,5626521.936416626,2531.0,1052.0,1479.0,2482,PASS
VCEL,1997-02-04,2023-12-28,6770,7,9634160.26058197,1014.0,445.0,569.0,1014,PASS
VC,2010-10-05,2023-12-28,3331,5,38278815.64331055,1150.0,339.0,811.0,1149,PASS
RHP,1991-10-24,2023-12-28,8105,7,35602591.42417908,1061.0,485.0,576.0,1061,PASS
VBK,2004-01-30,2023-12-28,5013,5,42985434.0713501,521.0,56.0,465.0,518,PASS
EGO,2003-01-23,2023-12-28,5270,5,14657874.032115936,3089.0,1356.0,1733.0,2916,PASS
USB,1973-05-03,2023-12-28,12776,7,399344924.28131104,6751.0,1995.0,4756.0,6390,PASS
BAH,2010-11-18,2023-12-28,3299,5,88073352.96058655,2809.0,1057.0,1752.0,2790,PASS
BAK,1999-01-13,2023-12-28,6281,7,6075477.064275742,1865.0,561.0,1304.0,1813,PASS
KIM,1991-11-22,2023-12-28,8084,7,82076822.76592255,4042.0,1573.0,2469.0,3908,PASS
OFG,1987-03-26,2023-12-28,9264,7,5580040.533828735,1103.0,359.0,744.0,1070,PASS
BBVA,1988-12-15,2023-12-28,8827,7,8205238.505649567,2170.0,713.0,1457.0,2127,PASS
BBW,2004-10-28,2023-12-28,4825,5,5402798.965358735,2283.0,864.0,1419.0,2191,PASS
BBY,1985-04-18,2023-12-28,9753,7,160291007.65075684,4254.0,18.0,4236.0,4158,PASS
BC,1981-12-31,2023-12-28,10587,7,46481371.05560303,2032.0,794.0,1238.0,1960,PASS
UEC,2007-04-05,2023-12-28,4213,5,22571906.039452557,921.0,335.0,586.0,889,PASS
KKR,2010-07-15,2023-12-28,3388,5,159776184.18941498,6334.0,2005.0,4329.0,6297,PASS
BCE,1982-11-15,2023-12-28,10367,5,56499896.43058777,2050.0,661.0,1389.0,2021,PASS
EMN,1993-12-14,2023-12-28,7565,5,69177950.4447937,3999.0,1504.0,2495.0,3899,PASS
CSX,1980-11-03,2023-12-28,10879,7,375661809.236145,10177.0,4007.0,6170.0,9718,PASS
UCBI,2002-03-21,2023-12-28,5482,5,14793575.84953308,862.0,319.0,543.0,854,PASS
FUN,1987-04-23,2023-12-28,9245,7,6686328.115081787,2073.0,766.0,1307.0,2018,PASS
UFPI,1993-11-10,2023-12-28,7587,7,25193118.01300049,1990.0,651.0,1339.0,1964,PASS
UBSI,1987-06-04,2023-12-28,9216,7,20830359.720516205,948.0,307.0,641.0,916,PASS
BCO,1996-01-03,2023-12-28,7046,7,13083770.258712769,1596.0,589.0,1007.0,1572,PASS
KMB,1980-03-17,2023-12-28,11040,7,205702787.76779172,7302.0,2647.0,4655.0,7067,PASS
FULT,1985-09-03,2023-12-28,9658,7,14633633.319473268,1175.0,411.0,764.0,1137,PASS
ODP,1988-06-01,2023-12-28,8965,7,14001141.175842283,5317.0,2196.0,3121.0,5044,PASS
FUL,1973-02-21,2023-12-28,12826,7,21405890.26412964,1656.0,664.0,992.0,1615,PASS
BCPC,1986-06-03,2023-12-28,9470,7,11011297.65472412,761.0,300.0,461.0,749,PASS
ODFL,1991-10-24,2023-12-28,8106,7,244980529.76989743,784.0,0.0,784.0,784,PASS
KMPR,1990-04-23,2023-12-28,8487,7,15763165.058135986,1474.0,510.0,964.0,1474,PASS
ROG,1980-03-17,2023-12-28,11040,7,20849750.13809204,1668.0,469.0,1199.0,1652,PASS
ROIC,2009-11-03,2023-12-28,3562,5,13487089.464378355,1109.0,369.0,740.0,1105,PASS
ROK,1981-12-31,2023-12-28,10587,7,206456429.5639038,3595.0,1352.0,2243.0,3527,PASS
BDC,1993-11-24,2023-12-28,7577,7,20721458.51364136,1603.0,554.0,1049.0,1578,PASS
EMR,1972-06-01,2023-12-28,13006,7,247102197.16644287,4199.0,1366.0,2833.0,4088,PASS
UBS,2000-05-16,2023-12-28,5943,7,62436399.0729332,5298.0,1821.0,3477.0,4724,PASS
TYL,1980-03-17,2023-12-28,11040,7,84049156.9152832,1654.0,643.0,1011.0,1619,PASS
UFPT,1993-12-17,2023-12-28,7561,7,9912915.198898315,534.0,214.0,320.0,530,PASS
OFIX,1992-04-24,2023-12-28,7979,7,5033110.976314545,1025.0,400.0,625.0,999,PASS
OII,1975-10-31,2023-12-28,12144,7,16850766.48979187,616.0,0.0,616.0,613,PASS
BANC,2002-08-23,2023-12-28,5374,5,8902154.649543762,1081.0,373.0,708.0,1081,PASS
RMD,1995-06-02,2023-12-28,7194,7,149772367.54684448,3416.0,1293.0,2123.0,3383,PASS
URI,1997-12-18,2023-12-28,6549,7,307354691.6885376,2216.0,320.0,1896.0,2216,PASS
URBN,1993-11-09,2023-12-28,7588,7,44777929.19912338,6334.0,2182.0,4152.0,6037,PASS
OI,1991-12-11,2023-12-28,8072,7,20389872.82705307,2361.0,888.0,1473.0,2271,PASS
BAP,1995-10-25,2023-12-28,7093,7,37171602.06604004,1108.0,343.0,765.0,1077,PASS
UPS,1999-11-10,2023-12-28,6072,7,497638719.3634033,3924.0,96.0,3828.0,3899,PASS
FXO,2007-05-10,2023-12-28,4189,5,5427916.28742218,1183.0,481.0,702.0,1180,PASS
OHI,1992-08-07,2023-12-28,7906,7,55969995.49856186,5315.0,2323.0,2992.0,5287,PASS
UNP,1980-01-02,2023-12-28,11092,7,504773254.4998169,2819.0,59.0,2760.0,2798,PASS
UNM,1986-11-06,2023-12-28,9360,7,50333133.64524841,1414.0,200.0,1214.0,1414,PASS
BAX,1981-10-27,2023-12-28,10632,7,184339394.02046204,7281.0,2779.0,4502.0,7073,PASS
KIE,2005-11-15,2023-12-28,4560,5,35773124.68471527,1201.0,253.0,948.0,1147,PASS
FXH,2007-05-10,2023-12-28,4189,5,5297896.352005005,700.0,227.0,473.0,696,PASS
OGE,1973-02-21,2023-12-28,12826,7,40835429.71515656,1802.0,648.0,1154.0,1764,PASS
ULTA,2007-10-25,2023-12-28,4072,5,293481283.7371826,8423.0,2976.0,5447.0,8419,PASS
UL,1980-03-25,2023-12-28,11034,7,96234526.42593384,2132.0,480.0,1652.0,2123,PASS
BBD,2002-08-02,2023-12-28,5389,5,64485359.86927748,1981.0,745.0,1236.0,1864,PASS
KEX,1980-03-17,2023-12-28,11040,7,24172932.48519897,1514.0,594.0,920.0,1498,PASS
FWRD,1993-11-16,2023-12-28,7583,7,18589444.2237854,1054.0,382.0,672.0,1026,PASS
KEY,1987-11-05,2023-12-28,9108,7,183184877.5106907,7693.0,3102.0,4591.0,7603,PASS
KFY,1999-02-11,2023-12-28,6261,7,12925474.905395508,1900.0,733.0,1167.0,1875,PASS
EME,1995-01-10,2023-12-28,7294,7,53037253.551483154,2515.0,805.0,1710.0,2475,PASS
KGC,1981-03-17,2023-12-28,10788,7,57253545.32306194,5652.0,2345.0,3307.0,5138,PASS
UHS,1981-07-09,2023-12-28,10709,7,73494707.24945068,2925.0,1096.0,1829.0,2854,PASS
UGL,2008-12-03,2023-12-28,3793,5,6162646.073722839,3687.0,1826.0,1861.0,3642,PASS
UGI,1973-02-21,2023-12-28,12826,7,46226490.10677338,1842.0,660.0,1182.0,1810,PASS
UMC,2000-09-19,2023-12-28,5856,7,46834462.40334511,860.0,258.0,602.0,827,PASS
THC,1980-03-17,2023-12-28,11040,7,83559108.52546692,4077.0,1441.0,2636.0,3867,PASS
FOLD,2007-05-31,2023-12-28,4175,5,25552294.889450077,2599.0,1087.0,1512.0,2580,PASS
CPB,1973-02-21,2023-12-28,12826,7,107507137.11338045,5077.0,1529.0,3548.0,4777,PASS
CBSH,1980-03-17,2023-12-28,11040,7,25698434.95960236,2029.0,723.0,1306.0,2000,PASS
CBT,1980-11-05,2023-12-28,10878,7,19888758.751678467,1916.0,633.0,1283.0,1894,PASS
CL,1973-05-02,2023-12-28,12777,7,308289457.83195496,6324.0,2182.0,4142.0,6119,PASS
MNRO,1991-07-30,2023-12-28,8166,7,11738243.424987791,1619.0,695.0,924.0,1573,PASS
MNST,1985-12-09,2023-12-28,9591,7,234062925.75759888,6600.0,2572.0,4028.0,6600,PASS
EVR,2006-08-14,2023-12-28,4374,5,40580603.33251953,2305.0,847.0,1458.0,2259,PASS
MOD,1982-09-20,2023-12-28,10406,7,17212910.048294067,1230.0,435.0,795.0,1210,PASS
NEU,1980-03-17,2023-12-28,11040,7,14171427.769470217,800.0,310.0,490.0,782,PASS
FELE,1980-03-17,2023-12-28,11040,7,12603909.658813477,1107.0,390.0,717.0,1101,PASS
CCI,1998-08-18,2023-12-28,6383,7,282518452.7320862,4987.0,1779.0,3208.0,4839,PASS
CCJ,1996-03-14,2023-12-28,6996,7,132557639.57185748,2756.0,1032.0,1724.0,2680,PASS
CCK,1980-03-17,2023-12-28,11040,7,77011838.82293701,2070.0,760.0,1310.0,1997,PASS
FDX,1978-04-12,2023-12-28,11528,7,395550057.9711914,13143.0,4399.0,8744.0,12509,PASS
CCOI,2002-02-05,2023-12-28,5513,5,18558948.702430725,1602.0,631.0,971.0,1586,PASS
MORN,2005-05-03,2023-12-28,4697,5,30946759.559631348,1395.0,505.0,890.0,1249,PASS
MOS,1988-01-26,2023-12-28,9054,7,148736132.69500732,6125.0,2186.0,3939.0,5766,PASS
CCRN,2001-10-25,2023-12-28,5582,5,10809598.188781738,978.0,210.0,768.0,962,PASS
CINF,1980-03-17,2023-12-28,11040,7,60995952.19116211,3342.0,1120.0,2222.0,3302,PASS
EW,2000-03-27,2023-12-28,5978,7,249347903.9520264,7411.0,2848.0,4563.0,7264,PASS
FDS,1996-06-28,2023-12-28,6922,7,96179741.14379884,3301.0,1235.0,2066.0,3225,PASS
EWBC,1999-02-03,2023-12-28,6267,7,56397834.76486206,1771.0,606.0,1165.0,1715,PASS
MPW,2005-07-08,2023-12-28,4651,5,90789708.87265204,2720.0,899.0,1821.0,2701,PASS
CDE,1980-03-17,2023-12-28,11040,7,14979245.146894457,552.0,0.0,552.0,551,PASS
MPWR,2004-11-19,2023-12-28,4809,5,237744414.99328613,2112.0,757.0,1355.0,2077,PASS
NEO,2004-03-16,2023-12-28,4982,5,13136752.017211914,664.0,330.0,334.0,664,PASS
NEM,1980-03-17,2023-12-28,11041,7,356112158.2714081,6780.0,2069.0,4711.0,6374,PASS
CIG,1996-11-18,2023-12-28,6823,7,7747783.257257938,1298.0,497.0,801.0,1239,PASS
CBRL,1981-11-05,2023-12-28,10625,7,41239421.71707153,968.0,0.0,968.0,961,PASS
MNKD,2004-07-28,2023-12-28,4890,5,10728359.606719015,4222.0,1772.0,2450.0,4034,PASS
CLB,1995-09-21,2023-12-28,7117,7,7029898.04353714,2443.0,886.0,1557.0,2409,PASS
FEZ,2002-10-21,2023-12-28,5334,5,63183833.48617554,751.0,260.0,491.0,734,PASS
CAKE,1992-09-18,2023-12-28,7877,7,28288390.28778076,2934.0,1072.0,1862.0,2780,PASS
FICO,1987-07-22,2023-12-28,9183,7,141490162.08190918,1976.0,659.0,1317.0,1956,PASS
FIBK,2010-03-24,2023-12-28,3466,5,16795579.031276703,1030.0,354.0,676.0,1027,PASS
CALM,1996-12-12,2023-12-28,6806,7,37914494.38247681,2447.0,833.0,1614.0,2338,PASS
FI,1986-09-25,2023-12-28,9390,7,310896739.63661194,975.0,356.0,619.0,974,PASS
CALX,2010-03-24,2023-12-28,3466,5,26096137.267684937,1230.0,498.0,732.0,1202,PASS
FHN,1980-03-17,2023-12-28,11041,5,93684936.28702164,3039.0,1096.0,1943.0,2886,PASS
CAMT,2000-07-28,2023-12-28,5892,7,5718569.811058044,1018.0,363.0,655.0,1002,PASS
NHI,1991-10-09,2023-12-28,8116,7,9079753.052520752,1665.0,661.0,1004.0,1642,PASS
CLNE,2007-05-25,2023-12-28,4178,5,7304309.991788864,1775.0,545.0,1230.0,1661,PASS
CAR,1983-09-14,2023-12-28,10156,7,85991192.37823486,1975.0,180.0,1795.0,1962,PASS
CLH,1987-11-24,2023-12-28,9095,7,47225962.37411499,573.0,0.0,573.0,569,PASS
CLFD,1986-08-06,2023-12-28,9425,7,9118813.951683044,872.0,203.0,669.0,866,PASS
CDNS,1987-06-10,2023-12-28,9212,7,316924581.2355041,2493.0,610.0,1883.0,2430,PASS
CASH,1993-09-20,2023-12-28,7625,5,8643795.169830322,775.0,202.0,573.0,698,PASS
FFIV,1999-06-04,2023-12-28,6183,7,72569494.08416748,891.0,0.0,891.0,886,PASS
CASY,1983-10-20,2023-12-28,10130,7,54866474.55749512,1229.0,79.0,1150.0,1221,PASS
CAT,1970-01-02,2023-12-28,13618,7,667527935.9390259,9843.0,2329.0,7514.0,9781,PASS
FFIN,1993-11-01,2023-12-28,7595,5,13805646.368598938,985.0,363.0,622.0,975,PASS
NG,2003-12-04,2023-12-28,5051,5,5423041.025805473,2684.0,862.0,1822.0,2534,PASS
MMS,1997-06-13,2023-12-28,6680,7,23224155.583572388,1499.0,535.0,964.0,1466,PASS
CATY,1990-12-14,2023-12-28,8322,7,10638124.066925049,999.0,328.0,671.0,957,PASS
MMSI,1990-05-14,2023-12-28,8472,7,19541310.929107662,2094.0,685.0,1409.0,2074,PASS
SPWR,2005-11-17,2023-12-28,4558,5,47017788.57584,7978.0,2850.0,5128.0,7978,PASS
MMYT,2010-08-12,2023-12-28,3368,5,12371491.434288025,1183.0,469.0,714.0,1140,PASS
SPTN,2000-08-02,2023-12-28,5889,7,5149715.005111695,1370.0,529.0,841.0,1340,PASS
FFBC,1983-12-21,2023-12-28,10087,7,6136742.032718658,907.0,318.0,589.0,875,PASS
SPR,2006-11-28,2023-12-28,4300,5,59431872.92146683,3851.0,1371.0,2480.0,3795,PASS
CLF,1973-02-21,2023-12-28,12826,7,155920816.2329197,6297.0,2158.0,4139.0,5941,PASS
MRCY,1998-01-30,2023-12-28,6521,7,13692247.791481018,2332.0,985.0,1347.0,2313,PASS
MRK,1970-01-02,2023-12-28,13618,7,754906056.7199707,14109.0,3335.0,10774.0,13522,PASS
CIEN,1997-02-07,2023-12-28,6767,7,64902775.06942749,5506.0,2266.0,3240.0,5174,PASS
MTZ,1973-02-21,2023-12-28,12826,7,58625452.13661194,635.0,0.0,635.0,633,PASS
MU,1984-06-01,2023-12-28,9975,7,842901440.329361,12754.0,3149.0,9605.0,12754,PASS
CFR,1980-03-17,2023-12-28,11040,7,45877621.65603638,2349.0,761.0,1588.0,2313,PASS
CHS,1993-03-24,2023-12-28,7748,7,10008338.780975342,3311.0,1340.0,1971.0,3148,PASS
CHRW,1997-10-16,2023-12-28,6593,7,94746843.75,1361.0,40.0,1321.0,1359,PASS
FAST,1987-08-20,2023-12-28,9162,7,164328811.24248505,5001.0,1885.0,3116.0,4978,PASS
MVIS,1996-08-27,2023-12-28,6881,7,5006838.06732893,1311.0,522.0,789.0,1260,PASS
CGNX,1989-07-20,2023-12-28,8678,7,37107413.2270813,1135.0,240.0,895.0,1135,PASS
EXAS,2001-02-01,2023-12-28,5763,7,113501104.45098875,935.0,0.0,935.0,933,PASS
MWA,2006-05-26,2023-12-28,4428,5,10719747.090244291,1233.0,488.0,745.0,1205,PASS
EXC,1973-05-02,2023-12-28,12777,7,234422031.17542267,1737.0,0.0,1737.0,1714,PASS
EXEL,2000-04-17,2023-12-28,5963,7,44621635.87770462,2998.0,820.0,2178.0,2996,PASS
MXL,2010-03-24,2023-12-28,3466,5,16285408.33683014,1715.0,650.0,1065.0,1687,PASS
NDAQ,2002-07-01,2023-12-28,5412,5,130690267.3822403,6981.0,2726.0,4255.0,6735,PASS
FAF,2010-05-28,2023-12-28,3420,5,29889345.89881897,2254.0,769.0,1485.0,2246,PASS
NBTB,1992-03-17,2023-12-28,8006,7,5950713.058662415,555.0,184.0,371.0,551,PASS
EZU,2000-07-31,2023-12-28,5891,7,106962188.06610107,2347.0,997.0,1350.0,2330,PASS
CHDN,1993-03-29,2023-12-28,7745,7,40434223.21739197,546.0,59.0,487.0,546,PASS
CHE,1973-05-03,2023-12-28,12776,7,35230636.12365723,2040.0,729.0,1311.0,2014,PASS
MYRG,2008-08-13,2023-12-28,3871,5,12196983.83178711,729.0,284.0,445.0,709,PASS
EXLS,2006-10-20,2023-12-28,4326,5,27540228.093433384,1111.0,440.0,671.0,1093,PASS
EXP,1994-04-12,2023-12-28,7482,7,43414818.43566895,1917.0,710.0,1207.0,1894,PASS
NBIX,1996-05-23,2023-12-28,6947,7,67253695.85800171,2358.0,939.0,1419.0,2272,PASS
NAD,1999-05-26,2023-12-28,6189,7,6821921.941375732,742.0,329.0,413.0,742,PASS
CHH,1996-10-16,2023-12-28,6846,7,47078820.69396973,2534.0,929.0,1605.0,2473,PASS
EXPE,2005-07-21,2023-12-28,4642,5,237833946.0659027,4151.0,860.0,3291.0,4141,PASS
EXPO,1990-08-17,2023-12-28,8405,7,18098045.643615723,968.0,313.0,655.0,956,PASS
NAT,1997-09-30,2023-12-28,6605,7,10024141.489362717,2471.0,1050.0,1421.0,2383,PASS
MYGN,1995-10-06,2023-12-28,7106,7,10293042.266464232,4779.0,1964.0,2815.0,4641,PASS
CLS,1998-06-30,2023-12-28,6417,7,12968576.550769806,648.0,160.0,488.0,648,PASS
MTRN,1980-03-17,2023-12-28,11040,7,9005708.10546875,1054.0,426.0,628.0,1054,PASS
MTH,1988-07-26,2023-12-28,8927,7,42202959.94949341,3192.0,1217.0,1975.0,3136,PASS
NEE,1973-02-21,2023-12-28,12826,7,585930211.000061,8927.0,2217.0,6710.0,8841,PASS
CE,2005-01-21,2023-12-28,4767,5,118949649.33929443,1647.0,0.0,1647.0,1645,PASS
MRVL,2000-06-30,2023-12-28,5911,7,482124965.4800415,6515.0,2397.0,4118.0,6153,PASS
MS,1993-02-23,2023-12-28,7771,7,572911369.4129944,12704.0,3246.0,9458.0,11500,PASS
CIB,1995-07-26,2023-12-28,7157,7,6982769.121170044,1057.0,384.0,673.0,1007,PASS
MSCI,2007-11-15,2023-12-28,4057,5,192033700.01220703,2454.0,855.0,1599.0,2430,PASS
MSEX,1973-02-21,2023-12-28,12826,7,6332209.941101074,1228.0,469.0,759.0,1205,PASS
FCNCA,1986-10-22,2023-12-28,9371,7,95209162.60986328,843.0,186.0,657.0,826,PASS
FCN,1996-05-09,2023-12-28,6957,7,36560040.2481079,2157.0,823.0,1334.0,2077,PASS
CELH,2007-01-22,2023-12-28,4265,5,148939837.5,753.0,0.0,753.0,753,PASS
FCG,2007-05-11,2023-12-28,4188,5,6537012.08190918,3726.0,1093.0,2633.0,3583,PASS
FCFS,1991-06-10,2023-12-28,8201,7,17766336.31515503,1276.0,480.0,796.0,1248,PASS
CI,1982-03-31,2023-12-28,10525,7,399674032.3867798,9897.0,3762.0,6135.0,9591,PASS
MTN,1997-02-04,2023-12-28,6770,7,80269235.87875366,3100.0,1113.0,1987.0,3044,PASS
FCEL,1992-06-25,2023-12-28,7936,7,23309600.793993477,3223.0,1203.0,2020.0,3162,PASS
MSM,1995-12-15,2023-12-28,7057,7,33247845.178222656,2007.0,787.0,1220.0,1971,PASS
CENX,1996-03-29,2023-12-28,6986,5,10200264.138412476,784.0,120.0,664.0,779,PASS
MSTR,1998-06-11,2023-12-28,6430,7,230708851.00250244,1711.0,450.0,1261.0,1686,PASS
MT,1997-08-07,2023-12-28,6642,7,50197320.80440521,7227.0,2555.0,4672.0,6867,PASS
MTB,1980-03-17,2023-12-28,11040,7,145071068.6164856,4897.0,1728.0,3169.0,4646,PASS
NEA,2003-01-16,2023-12-28,5274,5,8098297.256469727,867.0,375.0,492.0,865,PASS
MTCH,1993-01-19,2023-12-28,7793,7,165452788.6707306,1366.0,0.0,1366.0,1366,PASS
NDSN,1980-03-18,2023-12-28,11039,7,46383669.49386597,2620.0,923.0,1697.0,2567,PASS
MTD,1997-11-14,2023-12-28,6572,7,147492556.75048828,1518.0,587.0,931.0,1494,PASS
FBP,1987-01-13,2023-12-28,9315,7,14672435.479688644,1186.0,403.0,783.0,1154,PASS
CF,2005-08-11,2023-12-28,4627,5,179316642.20428467,6680.0,2444.0,4236.0,6344,PASS
MTG,1991-08-07,2023-12-28,8160,7,29751253.30438614,3256.0,1156.0,2100.0,3167,PASS
CHTR,2010-01-05,2023-12-28,3520,5,381465744.72198486,2802.0,500.0,2302.0,2802,PASS
MSI,1970-01-02,2023-12-28,13619,5,183044420.37506104,4891.0,1820.0,3071.0,4891,PASS
CAH,1983-08-04,2023-12-28,10186,7,175185538.0847931,1674.0,0.0,1674.0,1670,PASS
CAG,1980-03-17,2023-12-28,11041,7,132482858.8306427,7826.0,2809.0,5017.0,7584,PASS
NKE,1980-12-02,2023-12-28,10861,5,729058908.1237793,7129.0,0.0,7129.0,7089,PASS
FMS,1996-09-17,2023-12-28,6867,7,10277153.936767578,1821.0,631.0,1190.0,1771,PASS
BR,2007-03-22,2023-12-28,4223,5,76746225.7156372,2748.0,947.0,1801.0,2711,PASS
ERJ,2000-07-21,2023-12-28,5897,7,18519901.167297363,3473.0,1331.0,2142.0,3393,PASS
COO,1983-01-21,2023-12-28,10319,7,92219338.2659912,3295.0,1227.0,2068.0,3138,PASS
BRC,1984-09-07,2023-12-28,9873,7,13940200.129318235,1863.0,629.0,1234.0,1812,PASS
BRFS,2000-10-20,2023-12-28,5833,7,8258455.484032631,1147.0,450.0,697.0,1119,PASS
TCOM,2003-12-09,2023-12-28,5048,5,144554706.63909912,1199.0,0.0,1199.0,1192,PASS
ERX,2008-11-19,2023-12-28,3802,5,39176900.684547424,2027.0,975.0,1052.0,1912,PASS
BRKR,2000-08-04,2023-12-28,5887,7,50735898.28491211,2013.0,782.0,1231.0,1977,PASS
ERY,2008-11-19,2023-12-28,3802,5,10705679.378128052,1980.0,961.0,1019.0,1880,PASS
NTRS,1980-03-17,2023-12-28,11040,7,88594309.7480774,3358.0,1245.0,2113.0,3181,PASS
FMC,1980-03-17,2023-12-28,11040,7,101470885.19210815,4188.0,1534.0,2654.0,4119,PASS
COLM,1998-03-27,2023-12-28,6482,7,26576096.669006348,2934.0,1042.0,1892.0,2896,PASS
TD,1996-08-30,2023-12-28,6878,7,124235426.66854858,4789.0,1649.0,3140.0,4605,PASS
BRO,1981-02-11,2023-12-28,10811,7,70730252.12173462,3397.0,1173.0,2224.0,3359,PASS
TBT,2008-05-22,2023-12-28,3928,5,79160332.57694244,995.0,353.0,642.0,669,PASS
COLB,1992-06-16,2023-12-28,7943,7,36069076.79634094,888.0,304.0,584.0,886,PASS
COKE,1973-02-21,2023-12-28,12826,7,21482895.553588867,831.0,311.0,520.0,809,PASS
COHU,1980-03-17,2023-12-28,11041,5,7645939.945220947,1048.0,393.0,655.0,1042,PASS
COHR,1980-03-17,2023-12-28,11040,7,60793850.00295639,1550.0,534.0,1016.0,1530,PASS
TBBK,2004-02-03,2023-12-28,5011,5,10249903.71608734,748.0,277.0,471.0,737,PASS
COF,1994-11-16,2023-12-28,7330,7,254993255.3951263,7062.0,2565.0,4497.0,6753,PASS
ESE,1990-10-01,2023-12-28,8375,7,7549884.70993042,966.0,366.0,600.0,915,PASS
NTES,2000-06-30,2023-12-28,5911,7,102071705.58166504,6236.0,2347.0,3889.0,6072,PASS
NTAP,1995-11-21,2023-12-28,7074,7,121568137.22000122,8039.0,3253.0,4786.0,7609,PASS
FLT,2010-12-15,2023-12-28,3281,5,109042394.76013184,3533.0,1420.0,2113.0,3531,PASS
NSSC,1981-12-29,2023-12-28,10589,7,10549919.534397123,664.0,231.0,433.0,658,PASS
ESGR,1997-04-01,2023-12-28,6732,7,8344783.800506594,553.0,219.0,334.0,527,PASS
ES,1973-02-21,2023-12-28,12826,7,137179031.2473297,746.0,0.0,746.0,745,PASS
FLS,1980-03-17,2023-12-28,11040,7,28093680.73787689,2507.0,893.0,1614.0,2425,PASS
COP,1981-12-31,2023-12-28,10587,7,566092193.3982849,8647.0,1718.0,6929.0,8086,PASS
TDC,2007-10-01,2023-12-28,4090,5,35292550.51689148,2364.0,930.0,1434.0,2282,PASS
BNO,2010-06-02,2023-12-28,3418,5,12534456.777191162,1636.0,664.0,972.0,1633,PASS
TGTX,2010-05-03,2023-12-28,3439,5,62620874.295425415,1864.0,766.0,1098.0,1864,PASS
BNS,1999-09-13,2023-12-28,6114,7,64563868.385887146,3461.0,1274.0,2187.0,3405,PASS
TGH,2007-10-10,2023-12-28,4083,5,8240154.863166809,1217.0,452.0,765.0,1189,PASS
FNV,2007-12-07,2023-12-28,4043,5,66370294.176483154,3469.0,1310.0,2159.0,3467,PASS
EQR,1993-08-12,2023-12-28,7650,7,111466918.92185213,931.0,0.0,931.0,923,PASS
TFX,1980-03-17,2023-12-28,11040,7,59991648.94714356,2234.0,846.0,1388.0,2207,PASS
BOH,1980-03-17,2023-12-28,11040,7,24007315.60611725,1473.0,509.0,964.0,1443,PASS
CP,1983-12-30,2023-12-28,10081,7,147118943.53637695,6062.0,2496.0,3566.0,5991,PASS
BOKF,1991-09-05,2023-12-28,8140,7,14291910.035324097,1601.0,552.0,1049.0,1585,PASS
TEVA,1982-02-16,2023-12-28,10556,7,77669501.68905258,4662.0,1064.0,3598.0,4634,PASS
EQT,1980-03-17,2023-12-28,11040,7,212191113.4557724,4347.0,1512.0,2835.0,4286,PASS
TER,1973-02-21,2023-12-28,12826,7,149587334.5855713,757.0,0.0,757.0,755,PASS
FMX,1998-05-11,2023-12-28,6452,7,48807486.1656189,1291.0,438.0,853.0,1261,PASS
NUE,1980-03-17,2023-12-28,11040,7,221412874.89852905,2265.0,0.0,2265.0,2247,PASS
ERF,2000-11-17,2023-12-28,5813,7,17845252.88476944,1893.0,668.0,1225.0,1866,PASS
TECS,2008-12-30,2023-12-28,3775,5,48967172.96361923,670.0,307.0,363.0,670,PASS
TECL,2008-12-30,2023-12-28,3775,5,109491253.46508026,848.0,375.0,473.0,848,PASS
TECH,1989-02-09,2023-12-28,8789,7,65863122.98049927,1308.0,466.0,842.0,1285,PASS
FNF,2005-10-14,2023-12-28,4582,5,54105521.45900726,2350.0,836.0,1514.0,2304,PASS
LNG,1994-04-04,2023-12-28,7488,7,220564422.4525452,2551.0,0.0,2551.0,2527,PASS
ERIC,1981-08-24,2023-12-28,10677,7,43586027.24208832,4139.0,1205.0,2934.0,3965,PASS
LNN,1988-10-13,2023-12-28,8871,7,10002341.687393188,2076.0,790.0,1286.0,2026,PASS
ERIE,1995-10-02,2023-12-28,7110,7,23242148.48022461,962.0,341.0,621.0,940,PASS
ERII,2008-07-02,2023-12-28,3900,5,7692817.01602936,1085.0,443.0,642.0,1050,PASS
COR,1995-04-04,2023-12-28,7235,7,210968944.0345764,2515.0,960.0,1555.0,2485,PASS
FNB,1986-09-02,2023-12-28,9407,7,23927757.21487999,1292.0,443.0,849.0,1256,PASS
FN,2010-06-25,2023-12-28,3401,5,34195408.12225342,2001.0,752.0,1249.0,1997,PASS
COST,1986-07-09,2023-12-28,9445,7,877336287.7807617,6781.0,0.0,6781.0,6738,PASS
GERN,1996-07-31,2023-12-28,6900,7,11901176.5589118,2860.0,1101.0,1759.0,2749,PASS
CNX,1999-04-30,2023-12-28,6207,7,47613955.22670746,4959.0,1874.0,3085.0,4734,PASS
SYY,1973-05-08,2023-12-28,12773,7,164392071.28334045,5729.0,2121.0,3608.0,5615,PASS
BVN,1996-05-15,2023-12-28,6953,7,9574447.648143768,1110.0,422.0,688.0,1029,PASS
CMP,2003-12-12,2023-12-28,5045,5,10194987.358283997,1922.0,734.0,1188.0,1860,PASS
BWA,1993-08-13,2023-12-28,7649,7,86082432.88329315,3830.0,1418.0,2412.0,3807,PASS
CMI,1973-02-21,2023-12-28,12827,7,191389162.76474,4372.0,1447.0,2925.0,4217,PASS
FL,1962-01-02,2023-12-28,15605,7,82109901.171875,7729.0,2621.0,5108.0,7474,PASS
CMG,2006-01-26,2023-12-28,4512,5,444152763.8793945,9552.0,2378.0,7174.0,9538,PASS
ETN,1972-06-01,2023-12-28,13006,7,349163515.83862305,4674.0,1639.0,3035.0,4428,PASS
NOC,1981-12-31,2023-12-28,10587,7,332835412.6953125,5785.0,1222.0,4563.0,5433,PASS
FIZZ,1991-09-13,2023-12-28,8134,7,6506174.949645996,1490.0,595.0,895.0,1467,PASS
CME,2002-12-06,2023-12-28,5301,5,279459013.7786865,6803.0,2414.0,4389.0,6565,PASS
BX,2007-06-22,2023-12-28,4159,5,334437774.35035706,8509.0,2464.0,6045.0,8066,PASS
BXC,2004-12-14,2023-12-28,4793,5,6276889.059448242,745.0,328.0,417.0,729,PASS
FIX,1997-06-27,2023-12-28,6670,7,38358245.84274292,1455.0,493.0,962.0,1435,PASS
NOG,2007-04-13,2023-12-28,4208,5,45291368.26763153,2558.0,912.0,1646.0,2530,PASS
NNN,1984-10-09,2023-12-28,9886,7,48617871.63047791,3062.0,1195.0,1867.0,3033,PASS
BXP,1997-06-18,2023-12-28,6677,7,84268587.65773773,3245.0,1192.0,2053.0,3108,PASS
CMCSA,1980-03-17,2023-12-28,11040,7,728849774.5704651,10685.0,1865.0,8820.0,10632,PASS
BYD,1993-10-15,2023-12-28,7605,7,50487855.67474365,4130.0,1564.0,2566.0,3908,PASS
CMC,1980-03-17,2023-12-28,11040,7,42883481.130599976,3382.0,1205.0,2177.0,3295,PASS
FITB,1980-03-17,2023-12-28,11040,7,149908173.4161377,3717.0,1169.0,2548.0,3407,PASS
BZH,1994-02-23,2023-12-28,7515,7,7562424.475240707,3084.0,1228.0,1856.0,2941,PASS
CM,1997-11-13,2023-12-28,6573,7,44072764.4443512,2868.0,1031.0,1837.0,2826,PASS
C,1977-01-03,2023-12-28,11849,7,727397477.4686813,8271.0,1021.0,7250.0,8271,PASS
CLX,1973-02-21,2023-12-28,12826,7,169177376.05438232,7008.0,2599.0,4409.0,6773,PASS
FIS,2001-06-20,2023-12-28,5667,7,267669954.4364929,3672.0,1361.0,2311.0,3571,PASS
NLY,1997-10-08,2023-12-28,6599,7,85277416.5178299,2795.0,741.0,2054.0,2628,PASS
EUFN,2010-02-03,2023-12-28,3500,5,10616684.183883669,1784.0,806.0,978.0,1771,PASS
CACI,1980-03-17,2023-12-28,11040,7,40592278.47442627,3264.0,1285.0,1979.0,3194,PASS
ETR,1972-06-01,2023-12-28,13006,7,137274172.40333557,3891.0,1405.0,2486.0,3799,PASS
FLR,2000-12-01,2023-12-28,5804,7,52340269.60983276,4585.0,1769.0,2816.0,4300,PASS
CMS,1973-02-21,2023-12-28,12826,7,117425690.44303894,3153.0,1052.0,2101.0,3054,PASS
SU,1980-03-17,2023-12-28,11040,7,133636443.11141968,5543.0,1861.0,3682.0,5385,PASS
NSP,1997-01-29,2023-12-28,6774,7,22912674.45297241,2034.0,738.0,1296.0,2034,PASS
NSIT,1995-01-24,2023-12-28,7284,7,28213310.639190678,1289.0,465.0,824.0,1265,PASS
CNS,2004-08-16,2023-12-28,4877,5,8374693.497848511,1867.0,742.0,1125.0,1800,PASS
SYNA,2002-01-29,2023-12-28,5518,5,43651560.93444824,3156.0,1276.0,1880.0,3074,PASS
FLO,1980-03-17,2023-12-28,11040,7,36415729.3510437,3514.0,1314.0,2200.0,3467,PASS
NSC,1982-06-02,2023-12-28,10482,7,257733454.55169672,7738.0,3007.0,4731.0,7501,PASS
SYK,1980-03-17,2023-12-28,11040,7,330416590.3808594,6945.0,2737.0,4208.0,6739,PASS
CNQ,2000-07-31,2023-12-28,5892,5,126019257.98912048,4047.0,1391.0,2656.0,3976,PASS
CNP,1970-01-02,2023-12-28,13618,7,109039351.90849304,3674.0,1326.0,2348.0,3622,PASS
CNO,2003-09-10,2023-12-28,5111,5,16777730.728530884,2435.0,833.0,1602.0,2350,PASS
NS,2001-04-10,2023-12-28,5716,7,6586062.10269928,2558.0,998.0,1560.0,2514,PASS
SWX,1973-02-21,2023-12-28,12826,7,26374715.34843445,1376.0,483.0,893.0,1363,PASS
CNMD,1987-07-23,2023-12-28,9182,7,35652833.41026306,1871.0,714.0,1157.0,1821,PASS
NOV,1996-10-29,2023-12-28,6837,7,71515635.27164459,5416.0,2023.0,3393.0,5244,PASS
CNK,2007-04-24,2023-12-28,4201,5,38464601.61123276,2892.0,1047.0,1845.0,2771,PASS
CNI,1996-11-26,2023-12-28,6817,7,120109235.83717348,5110.0,1973.0,3137.0,5031,PASS
SWKS,1984-09-07,2023-12-28,9907,7,172095162.42790222,1647.0,0.0,1647.0,1642,PASS
SWK,1980-03-17,2023-12-28,11040,7,125198684.40628052,4385.0,1611.0,2774.0,4274,PASS
ESS,1994-06-07,2023-12-28,7444,7,87607191.75567627,2741.0,1012.0,1729.0,2667,PASS
BSX,1992-05-19,2023-12-28,7962,7,364161750.6549835,8526.0,3268.0,5258.0,8091,PASS
NRG,2003-12-02,2023-12-28,5053,5,124189555.5753708,3386.0,943.0,2443.0,3192,PASS
BTE,2006-04-03,2023-12-28,4466,5,14498755.991530418,1646.0,654.0,992.0,1624,PASS
BTI,1980-04-14,2023-12-28,11021,7,118420129.70600128,3578.0,1407.0,2171.0,3544,PASS
NPO,2002-05-24,2023-12-28,5437,5,9881850.08392334,1412.0,501.0,911.0,1398,PASS
FLEX,1994-03-18,2023-12-28,7498,7,86093003.48472597,2614.0,976.0,1638.0,2492,PASS
CNA,1973-02-21,2023-12-28,12826,7,5981929.609298706,2468.0,802.0,1666.0,2426,PASS
BUD,2009-07-01,2023-12-28,3649,5,103436480.77640532,7211.0,3132.0,4079.0,7109,PASS
SUI,1993-12-09,2023-12-28,7567,7,83934429.27322388,1724.0,681.0,1043.0,1705,PASS
SWN,1980-03-17,2023-12-28,11040,7,116833901.52015686,5062.0,1955.0,3107.0,4884,PASS
GES,1996-08-08,2023-12-28,6895,7,15521111.812019348,1233.0,0.0,1233.0,1217,PASS
RMBS,1997-05-14,2023-12-28,6701,7,62011816.85848236,3056.0,1172.0,1884.0,2819,PASS
ALGT,2006-12-08,2023-12-28,4292,5,18342745.305633545,3856.0,1524.0,2332.0,3807,PASS
ZBH,2001-07-25,2023-12-28,5643,7,166277334.84268188,812.0,0.0,812.0,812,PASS
PSA,1980-11-18,2023-12-28,10869,7,227493109.46655276,5259.0,1684.0,3575.0,5126,PASS
AIR,1980-03-17,2023-12-28,11040,7,10227237.017059326,4627.0,945.0,3682.0,4525,PASS
DY,1984-06-04,2023-12-28,9974,7,30106845.24078369,2961.0,1065.0,1896.0,2931,PASS
PDCO,1992-10-28,2023-12-28,7849,7,21516240.06443024,2788.0,999.0,1789.0,2712,PASS
AIT,1980-03-17,2023-12-28,11040,7,27551574.575042725,2354.0,663.0,1691.0,2334,PASS
AIV,1994-07-22,2023-12-28,7412,7,7379273.930549622,1440.0,515.0,925.0,1396,PASS
AIZ,2004-02-05,2023-12-28,5009,5,47990746.687316895,3020.0,999.0,2021.0,2966,PASS
DISH,1995-06-21,2023-12-28,7181,7,60188298.58756065,11632.0,4624.0,7008.0,11304,PASS
AKAM,1999-10-29,2023-12-28,6080,7,123822564.90631104,2085.0,320.0,1765.0,2061,PASS
E,1995-11-28,2023-12-28,7070,7,7544887.542819978,4795.0,1763.0,3032.0,4499,PASS
DIOD,1973-02-21,2023-12-28,12826,7,18389351.20162964,1646.0,647.0,999.0,1590,PASS
ICF,2001-02-02,2023-12-28,5762,7,7509084.453010559,2558.0,1032.0,1526.0,2487,PASS
EA,1989-09-20,2023-12-28,8635,7,238759132.87506104,11045.0,3938.0,7107.0,10631,PASS
DIN,1991-07-12,2023-12-28,8178,7,13192102.70843506,2867.0,1108.0,1759.0,2776,PASS
AKR,1993-05-27,2023-12-28,7704,7,9309381.782341003,1170.0,450.0,720.0,1154,PASS
GRMN,2000-12-08,2023-12-28,5799,7,73257531.24961853,5276.0,1956.0,3320.0,5088,PASS
PCH,1980-03-17,2023-12-28,11040,7,17012397.409820557,1631.0,569.0,1062.0,1609,PASS
PCG,1972-06-01,2023-12-28,13006,7,241725590.7136917,8423.0,3340.0,5083.0,8288,PASS
ALB,1994-02-22,2023-12-28,7517,5,374536667.6071167,5866.0,1691.0,4175.0,5784,PASS
GRBK,2007-06-20,2023-12-28,4161,5,14849893.286705015,708.0,261.0,447.0,708,PASS
DHR,1978-12-29,2023-12-28,11346,7,611047473.7509155,7047.0,2150.0,4897.0,6897,PASS
ALE,1973-05-03,2023-12-28,12776,7,16188391.621780396,1800.0,652.0,1148.0,1794,PASS
XSD,2006-02-06,2023-12-28,4505,5,12983430.86090088,1441.0,433.0,1008.0,1375,PASS
DHI,1992-06-05,2023-12-28,7950,7,290839274.18861383,7178.0,2378.0,4800.0,6826,PASS
ALG,1993-03-19,2023-12-28,7751,7,8428393.19152832,1476.0,473.0,1003.0,1472,PASS
ALGN,2001-01-30,2023-12-28,5765,7,221871865.40222168,5847.0,1830.0,4017.0,5809,PASS
ZBRA,1991-08-15,2023-12-28,8154,7,94442111.8927002,2146.0,709.0,1437.0,2134,PASS
PBR,2000-08-10,2023-12-28,5883,7,244559659.21201703,10157.0,3634.0,6523.0,9703,PASS
AIN,1987-09-30,2023-12-28,9134,7,11412905.101013184,1197.0,415.0,782.0,1169,PASS
PDFS,2001-07-31,2023-12-28,5639,7,5972964.48135376,562.0,221.0,341.0,559,PASS
IART,1995-08-16,2023-12-28,7142,7,23866021.28391266,1797.0,725.0,1072.0,1756,PASS
AGNC,2008-05-15,2023-12-28,3933,5,110239767.43245123,3279.0,961.0,2318.0,3177,PASS
PRF,2005-12-20,2023-12-28,4536,5,10258521.717453005,678.0,233.0,445.0,670,PASS
PRFT,1999-07-29,2023-12-28,6145,7,12654925.214385986,1048.0,422.0,626.0,1036,PASS
PRGS,1991-07-30,2023-12-28,8166,7,15245989.758491516,2159.0,834.0,1325.0,2118,PASS
AGO,2004-04-23,2023-12-28,4955,5,13134183.91971588,2425.0,963.0,1462.0,2276,PASS
AGQ,2008-12-04,2023-12-28,3792,5,21129804.048728943,2820.0,1385.0,1435.0,2625,PASS
DLTR,1995-03-07,2023-12-28,7255,7,259698746.3623047,7450.0,2494.0,4956.0,7216,PASS
PRI,2010-04-01,2023-12-28,3460,5,24609436.660003666,1922.0,664.0,1258.0,1864,PASS
PRIM,2008-08-06,2023-12-28,3876,5,8234107.000541687,1781.0,712.0,1069.0,1773,PASS
PEP,1972-06-01,2023-12-28,13006,7,806165150.4890442,9264.0,2151.0,7113.0,8775,PASS
PRMW,1992-06-16,2023-12-28,7943,7,11487302.877044678,1136.0,417.0,719.0,1134,PASS
PENN,1994-05-26,2023-12-28,7451,7,77617093.96362305,4247.0,1493.0,2754.0,4089,PASS
AGYS,1980-03-17,2023-12-28,11041,7,9928881.510543823,693.0,283.0,410.0,655,PASS
PRO,2007-07-26,2023-12-28,4136,5,8541311.815452576,846.0,337.0,509.0,826,PASS
DLN,2006-06-16,2023-12-28,4414,5,8209836.012840271,630.0,203.0,427.0,603,PASS
DX,1988-02-10,2023-12-28,9042,7,10494049.42612648,1908.0,838.0,1070.0,1884,PASS
DLB,2005-02-17,2023-12-28,4748,5,27255085.94207764,2054.0,799.0,1255.0,1972,PASS
PEGA,1996-07-19,2023-12-28,6908,7,11524927.584838867,510.0,0.0,510.0,510,PASS
PEG,1980-01-02,2023-12-28,11092,7,140400597.91183472,3973.0,1339.0,2634.0,3870,PASS
DKS,2002-10-16,2023-12-28,5337,5,153395496.79412842,6018.0,1965.0,4053.0,5835,PASS
GSL,2008-08-15,2023-12-28,3869,5,9804785.820770264,1065.0,395.0,670.0,1057,PASS
DXCM,2005-04-14,2023-12-28,4710,5,312051812.81967163,4306.0,1393.0,2913.0,4270,PASS
ZION,1980-03-17,2023-12-28,11040,7,98522575.507164,4261.0,1574.0,2687.0,3919,PASS
GSK,1980-03-28,2023-12-28,11031,7,104866059.37843324,7113.0,1586.0,5527.0,6693,PASS
AIG,1973-01-02,2023-12-28,12861,7,202367206.85577396,6861.0,1698.0,5163.0,6798,PASS
DK,2006-05-04,2023-12-28,4444,5,31881262.22705841,3014.0,1119.0,1895.0,3006,PASS
PRU,2001-12-13,2023-12-28,5548,5,151810039.7453308,6021.0,2130.0,3891.0,5723,PASS
AGM,1994-02-10,2023-12-28,7523,7,7100065.06652832,764.0,244.0,520.0,748,PASS
XRAY,1987-08-12,2023-12-28,9168,7,67652403.98139954,695.0,0.0,695.0,694,PASS
ALK,1980-03-17,2023-12-28,11040,7,71539121.44432068,8992.0,3362.0,5630.0,8880,PASS
WWW,1980-03-17,2023-12-28,11040,7,11775232.357311249,2379.0,949.0,1430.0,2317,PASS
AMKR,1998-05-01,2023-12-28,6458,7,22764328.97396088,686.0,79.0,607.0,683,PASS
QCOM,1991-12-13,2023-12-28,8070,7,865973024.4216919,11902.0,2948.0,8954.0,11846,PASS
WWD,1994-04-04,2023-12-28,7488,7,32895656.79397583,1625.0,586.0,1039.0,1625,PASS
WW,2001-11-15,2023-12-28,5567,5,26981633.368229862,895.0,0.0,895.0,888,PASS
QDEL,1991-02-01,2023-12-28,8289,7,32813758.16345215,681.0,0.0,681.0,681,PASS
PATK,1980-03-17,2023-12-28,11040,7,9184930.15460968,1350.0,506.0,844.0,1343,PASS
WTS,1986-08-21,2023-12-28,9414,7,18526278.203582764,1201.0,414.0,787.0,1177,PASS
GNTX,1981-12-22,2023-12-28,10593,7,34773951.23195648,2683.0,1012.0,1671.0,2636,PASS
AMRC,2010-07-22,2023-12-28,3383,5,14389611.823272703,1067.0,407.0,660.0,1067,PASS
WTM,1985-10-23,2023-12-28,9623,7,12971264.575195312,714.0,273.0,441.0,700,PASS
WTI,2005-01-28,2023-12-28,4762,5,9941516.850662231,1135.0,0.0,1135.0,1076,PASS
ECH,2007-11-20,2023-12-28,4054,5,14721598.303699492,882.0,389.0,493.0,842,PASS
WTFC,1998-04-16,2023-12-28,6469,7,31740130.76820373,1521.0,532.0,989.0,1488,PASS
GNRC,2010-02-11,2023-12-28,3494,5,128997144.33174132,2521.0,901.0,1620.0,2514,PASS
WST,1980-03-17,2023-12-28,11040,7,131342998.6038208,1658.0,579.0,1079.0,1648,PASS
WSO,1984-06-07,2023-12-28,9971,7,94586252.77557372,1887.0,670.0,1217.0,1847,PASS
WSM,1983-07-07,2023-12-28,10204,7,122262853.74450684,5890.0,2323.0,3567.0,5661,PASS
AMT,1998-02-27,2023-12-28,6502,7,388192439.6072388,9667.0,1755.0,7912.0,9468,PASS
ECL,1973-02-21,2023-12-28,12827,5,168977309.46121216,961.0,0.0,961.0,961,PASS
WRLD,1991-11-26,2023-12-28,8082,7,5036337.5,1306.0,559.0,747.0,1276,PASS
DEO,1991-03-14,2023-12-28,8261,7,67810070.67871094,3830.0,1558.0,2272.0,3729,PASS
DENN,1998-01-08,2023-12-28,6536,7,5245831.46109581,1899.0,815.0,1084.0,1842,PASS
DEM,2007-07-13,2023-12-28,4145,5,12170384.210014343,886.0,352.0,534.0,869,PASS
QGEN,1996-06-28,2023-12-28,6922,7,42103250.70419312,2661.0,1047.0,1614.0,2601,PASS
AMWD,1986-07-18,2023-12-28,9439,5,6628372.590637207,1134.0,317.0,817.0,1123,PASS
AMX,2001-02-12,2023-12-28,5756,7,29665301.12848282,3134.0,1220.0,1914.0,3011,PASS
AMJ,2009-06-02,2023-12-28,3670,5,6593388.944816589,1213.0,514.0,699.0,1122,PASS
XPO,2003-10-07,2023-12-28,5092,5,83871262.91103363,3006.0,1144.0,1862.0,3002,PASS
WY,1973-05-03,2023-12-28,12776,7,109996155.15241624,950.0,0.0,950.0,948,PASS
AMGN,1983-06-17,2023-12-28,10217,7,565922356.2515258,5417.0,159.0,5258.0,5405,PASS
ALKS,1991-07-16,2023-12-28,8176,7,37739622.15299606,4292.0,1565.0,2727.0,4176,PASS
ALL,1993-06-03,2023-12-28,7699,7,187117430.45043945,4759.0,1611.0,3148.0,4498,PASS
PBH,2005-02-10,2023-12-28,4753,5,13467141.358184814,1424.0,561.0,863.0,1405,PASS
DGX,1996-12-17,2023-12-28,6803,7,116562227.35595705,4411.0,1664.0,2747.0,4301,PASS
ALNY,2004-06-01,2023-12-28,4929,5,111031405.88760376,1614.0,240.0,1374.0,1613,PASS
GPN,2001-01-16,2023-12-28,5775,7,182233232.9109192,4548.0,1763.0,2785.0,4460,PASS
PUK,2000-06-29,2023-12-28,5912,7,13005874.826431274,1318.0,400.0,918.0,1175,PASS
EAT,1984-01-06,2023-12-28,10077,7,33675511.56806946,4723.0,1876.0,2847.0,4572,PASS
EBAY,1998-09-24,2023-12-28,6357,7,202422512.68463132,10204.0,3026.0,7178.0,10154,PASS
EBIX,1987-07-01,2023-12-28,9197,7,7021668.011338711,2278.0,932.0,1346.0,2224,PASS
ALV,1997-04-28,2023-12-28,6713,7,72635592.96569824,2884.0,1090.0,1794.0,2802,PASS
PVH,1980-03-17,2023-12-28,11040,7,68513068.74160767,5954.0,2334.0,3620.0,5786,PASS
XES,2006-06-22,2023-12-28,4410,5,8560873.99482727,1299.0,441.0,858.0,1273,PASS
DGII,1989-10-06,2023-12-28,8623,7,7592812.270736694,948.0,366.0,582.0,936,PASS
PWR,1998-02-12,2023-12-28,6512,7,139615871.28982544,3384.0,1227.0,2157.0,3289,PASS
AMAT,1980-03-17,2023-12-28,11041,7,717700809.4314575,5396.0,958.0,4438.0,5376,PASS
XEL,1973-02-21,2023-12-28,12826,7,206859050.20885468,3458.0,1218.0,2240.0,3406,PASS
PXD,1997-08-08,2023-12-28,6641,7,420222562.5518799,8011.0,2789.0,5222.0,7929,PASS
PAYX,1983-08-26,2023-12-28,10168,7,194705146.86431885,5361.0,1809.0,3552.0,5198,PASS
EBR,2008-11-19,2023-12-28,3802,5,7703618.819332123,654.0,268.0,386.0,632,PASS
EBS,2006-11-15,2023-12-28,4308,5,9345660.364055634,2544.0,879.0,1665.0,2510,PASS
GOLD,1985-02-04,2023-12-28,9804,7,261132446.2461472,6551.0,2630.0,3921.0,6193,PASS
DFS,2007-06-14,2023-12-28,4165,5,204209915.574646,7502.0,2750.0,4752.0,7069,PASS
AME,1984-07-19,2023-12-28,9943,5,137368070.1019287,3014.0,1059.0,1955.0,2962,PASS
AMED,1994-08-17,2023-12-28,7394,7,31246256.657409668,1375.0,299.0,1076.0,1367,PASS
PZZA,1993-06-08,2023-12-28,7696,7,44500821.34246826,4486.0,1703.0,2783.0,4423,PASS
AMG,1997-11-21,2023-12-28,6567,7,32112823.487854004,727.0,0.0,727.0,726,PASS
X,1991-04-12,2023-12-28,8241,7,161052050.05617142,5047.0,1135.0,3912.0,4981,PASS
IAG,2003-07-15,2023-12-28,5151,5,10139167.496347427,1684.0,574.0,1110.0,1627,PASS
AGI,2003-05-02,2023-12-28,5201,5,31205356.98666573,766.0,0.0,766.0,763,PASS
PRAA,2002-11-08,2023-12-28,5320,5,6570940.928792954,1375.0,535.0,840.0,1327,PASS
PLCE,1997-09-19,2023-12-28,6612,7,14681710.2912426,4435.0,1561.0,2874.0,4291,PASS
PLD,1997-11-21,2023-12-28,6567,7,338360889.34936523,1787.0,0.0,1787.0,1784,PASS
PGR,1980-03-17,2023-12-28,11040,7,315769481.161499,5936.0,1972.0,3964.0,5807,PASS
DRI,1995-05-09,2023-12-28,7211,7,169708732.86895752,5351.0,1523.0,3828.0,5129,PASS
ACGL,1995-09-14,2023-12-28,7122,7,129310759.77859496,2294.0,539.0,1755.0,2254,PASS
HNI,1980-03-17,2023-12-28,11040,7,6431078.108978272,1126.0,453.0,673.0,1114,PASS
HOG,1986-07-08,2023-12-28,9448,5,49082859.54875946,6545.0,2410.0,4135.0,6496,PASS
ACHC,1994-03-04,2023-12-28,7508,7,35187140.576934814,2159.0,811.0,1348.0,2159,PASS
HOLX,1990-03-01,2023-12-28,8523,7,114863366.532135,4263.0,1492.0,2771.0,4120,PASS
ACIW,1995-02-24,2023-12-28,7262,7,13917461.92302704,1322.0,520.0,802.0,1308,PASS
ACLS,2000-07-11,2023-12-28,5905,7,74160569.84100342,1394.0,318.0,1076.0,1373,PASS
ACM,2007-05-10,2023-12-28,4189,5,59852940.29846192,2427.0,790.0,1637.0,2395,PASS
HCSG,1983-11-29,2023-12-28,10103,7,8025974.799346924,1395.0,553.0,842.0,1373,PASS
ACN,2001-07-19,2023-12-28,5647,7,602666765.7653809,6039.0,1652.0,4387.0,5702,PASS
DQ,2010-10-07,2023-12-28,3329,5,36087136.782836914,2485.0,849.0,1636.0,2477,PASS
DPZ,2004-07-13,2023-12-28,4901,5,203554746.9406128,8102.0,2794.0,5308.0,8006,PASS
HP,1980-10-15,2023-12-28,10892,7,50132382.09466934,6013.0,2326.0,3687.0,5798,PASS
PLUG,1999-10-29,2023-12-28,6080,7,190089499.4011402,5303.0,1449.0,3854.0,5287,PASS
HPP,2010-06-24,2023-12-28,3402,5,20861183.48615169,1307.0,476.0,831.0,1290,PASS
HPQ,1962-01-02,2023-12-28,15605,7,177403006.29844666,5175.0,575.0,4600.0,5017,PASS
PLUS,1996-11-15,2023-12-28,6824,7,5165120.950508118,848.0,303.0,545.0,837,PASS
HRB,1973-02-21,2023-12-28,12826,7,52637153.9806366,1285.0,0.0,1285.0,1268,PASS
HRL,1980-03-17,2023-12-28,11040,7,77933584.2095375,1424.0,0.0,1424.0,1413,PASS
DUK,1980-03-17,2023-12-28,11040,7,271330334.5779419,9156.0,3165.0,5991.0,8978,PASS
HSBC,1999-07-16,2023-12-28,6154,7,65455419.77767944,5056.0,1579.0,3477.0,5056,PASS
HSIC,1995-11-03,2023-12-28,7086,7,62507500.97732544,3424.0,1122.0,2302.0,3366,PASS
PFS,2003-01-16,2023-12-28,5274,5,7964965.071296692,1051.0,311.0,740.0,992,PASS
DRQ,1997-10-23,2023-12-28,6588,7,5600155.997276306,1755.0,697.0,1058.0,1681,PASS
HST,1980-03-17,2023-12-28,11040,7,106334092.96813013,909.0,0.0,909.0,905,PASS
HE,1973-02-21,2023-12-28,12826,7,18724851.2878418,1588.0,539.0,1049.0,1521,PASS
ACAD,2004-05-27,2023-12-28,4931,5,29372593.533420563,2829.0,985.0,1844.0,2815,PASS
AA,1962-01-02,2023-12-28,15605,7,169288538.11979294,7431.0,2953.0,4478.0,6244,PASS
PHM,1980-03-17,2023-12-28,11040,7,167596205.54733276,3873.0,937.0,2936.0,3645,PASS
DTE,1962-01-02,2023-12-28,15605,7,128143591.12243652,3985.0,1399.0,2586.0,3943,PASS
AAL,2005-09-27,2023-12-28,4595,5,364318738.8650894,7703.0,494.0,7209.0,7694,PASS
HI,2008-03-28,2023-12-28,3967,5,11864096.998786926,1084.0,364.0,720.0,1064,PASS
HIBB,1996-10-11,2023-12-28,6849,7,13873228.929901125,632.0,0.0,632.0,631,PASS
AAON,1992-12-16,2023-12-28,7815,7,23348765.768051147,872.0,326.0,546.0,846,PASS
AAP,2001-11-29,2023-12-28,5558,5,127813480.79910278,5888.0,2214.0,3674.0,5734,PASS
HIG,1995-12-15,2023-12-28,7057,7,108111524.04823305,4061.0,1464.0,2597.0,3753,PASS
HIMX,2006-03-31,2023-12-28,4467,5,5050392.9448366165,672.0,0.0,672.0,671,PASS
HIW,1994-06-08,2023-12-28,7443,7,23972413.50364685,1778.0,647.0,1131.0,1753,PASS
AB,1988-04-14,2023-12-28,8998,7,9711454.947662354,2678.0,1065.0,1613.0,2569,PASS
HES,1980-03-17,2023-12-28,11041,5,243518735.9619141,1785.0,0.0,1785.0,1777,PASS
PH,1980-03-17,2023-12-28,11040,7,255228993.196106,4082.0,1441.0,2641.0,3988,PASS
DRV,2009-07-16,2023-12-28,3639,5,15181385.914421082,1592.0,759.0,833.0,1588,PASS
HL,1980-03-17,2023-12-28,11040,7,32572361.332678795,3018.0,1157.0,1861.0,2733,PASS
HELE,1976-07-08,2023-12-28,11972,7,36379244.43092346,2494.0,917.0,1577.0,2422,PASS
ABEV,1997-03-05,2023-12-28,6750,7,37926759.87637043,953.0,309.0,644.0,953,PASS
ABG,2002-03-21,2023-12-28,5482,5,36289480.60913086,1190.0,323.0,867.0,1169,PASS
HEI,1980-03-17,2023-12-28,11040,7,52295812.78991699,2429.0,919.0,1510.0,2413,PASS
ABM,1980-03-17,2023-12-28,11040,7,15449439.907455444,932.0,139.0,793.0,930,PASS
HEES,2006-01-31,2023-12-28,4509,5,9439775.903320312,1626.0,561.0,1065.0,1622,PASS
ABR,2004-04-07,2023-12-28,4966,5,44326120.25947571,2338.0,771.0,1567.0,2320,PASS
ABT,1980-03-17,2023-12-28,11040,7,504406485.8192444,4055.0,0.0,4055.0,4033,PASS
PKX,1994-10-14,2023-12-28,7353,7,14647496.280670166,2160.0,709.0,1451.0,2012,PASS
HLF,2004-12-16,2023-12-28,4791,5,19508803.30028534,1102.0,0.0,1102.0,1098,PASS
PLAB,1987-03-10,2023-12-28,9276,7,9917080.34620285,1401.0,493.0,908.0,1375,PASS
PGX,2008-01-31,2023-12-28,4006,5,50857018.33295822,818.0,307.0,511.0,803,PASS
DOX,1998-06-19,2023-12-28,6424,7,54332990.4258728,1917.0,701.0,1216.0,1802,PASS
PNFP,2000-08-22,2023-12-28,5875,7,33553371.95968628,1246.0,453.0,793.0,1230,PASS
DOV,1980-03-17,2023-12-28,11040,7,106805142.2782898,4582.0,1814.0,2768.0,4515,PASS
AEM,1973-02-21,2023-12-28,12827,7,122005783.03432465,1999.0,520.0,1479.0,1856,PASS
HA,1995-06-21,2023-12-28,7181,7,12309059.295225143,4928.0,1911.0,3017.0,4866,PASS
AEO,1994-04-14,2023-12-28,7480,7,58528166.26081467,9851.0,3491.0,6360.0,9282,PASS
AEP,1970-01-02,2023-12-28,13618,7,245739901.97181705,1637.0,0.0,1637.0,1630,PASS
H,2009-11-05,2023-12-28,3560,5,81525360.5834961,4453.0,1622.0,2831.0,4352,PASS
HUN,2005-02-14,2023-12-28,4752,5,48020766.68996811,3892.0,1365.0,2527.0,3805,PASS
AES,1991-06-26,2023-12-28,8189,7,106529222.62144087,4150.0,1525.0,2625.0,4036,PASS
HURN,2004-10-13,2023-12-28,4836,5,9595724.95803833,1422.0,542.0,880.0,1384,PASS
POR,2006-03-31,2023-12-28,4467,5,37554889.64767456,1429.0,528.0,901.0,1393,PASS
DVA,1995-10-31,2023-12-28,7089,7,60947084.20906067,4480.0,1615.0,2865.0,4407,PASS
DVAX,2004-02-19,2023-12-28,5000,5,16544812.72559166,2788.0,1055.0,1733.0,2756,PASS
POWI,1997-12-12,2023-12-28,6553,7,27218375.604248047,1256.0,498.0,758.0,1211,PASS
POWL,1980-03-17,2023-12-28,11040,7,5212642.663192749,744.0,309.0,435.0,720,PASS
AFG,1980-03-17,2023-12-28,11040,7,38220792.63763428,2541.0,795.0,1746.0,2507,PASS
DNN,2005-02-09,2023-12-28,4754,5,6360026.871681213,1089.0,369.0,720.0,1066,PASS
PPA,2005-10-26,2023-12-28,4574,5,8609466.031265259,977.0,249.0,728.0,922,PASS
GWW,1973-02-21,2023-12-28,12826,7,178412039.64233398,5039.0,1879.0,3160.0,4925,PASS
PPC,1987-12-30,2023-12-28,9071,7,18337885.634994507,3431.0,1276.0,2155.0,3401,PASS
DVN,1985-07-22,2023-12-28,9689,5,409360838.99593353,5069.0,1111.0,3958.0,4697,PASS
PPH,2000-02-01,2023-12-28,6016,7,7526942.458343506,1080.0,312.0,768.0,1051,PASS
AFL,1980-03-17,2023-12-28,11040,7,155228775.37231445,5471.0,2051.0,3420.0,5297,PASS
PFG,2001-10-23,2023-12-28,5584,5,87739900.36430359,2968.0,1059.0,1909.0,2816,PASS
GVA,1990-04-20,2023-12-28,8488,7,11174317.077445984,1638.0,662.0,976.0,1596,PASS
AG,2006-11-28,2023-12-28,4300,5,31426812.620329857,3198.0,1342.0,1856.0,3140,PASS
AGCO,1992-04-16,2023-12-28,7984,7,73049820.39031982,3869.0,1448.0,2421.0,3794,PASS
AGEN,2000-02-08,2023-12-28,6011,7,6705260.008448362,2081.0,792.0,1289.0,2067,PASS
PEY,2004-12-09,2023-12-28,4796,5,7716135.483837128,689.0,152.0,537.0,674,PASS
AEL,2003-12-04,2023-12-28,5051,5,25675197.85099029,1944.0,612.0,1332.0,1933,PASS
AEIS,1995-11-17,2023-12-28,7076,7,18274358.24584961,1151.0,328.0,823.0,1111,PASS
AEHR,1997-08-15,2023-12-28,6636,7,32651400.841903687,646.0,228.0,418.0,643,PASS
HUM,1981-12-31,2023-12-28,10587,7,481930999.24316406,8614.0,3145.0,5469.0,8358,PASS
ADBE,1986-08-13,2023-12-28,9420,7,1239755277.871704,8696.0,2126.0,6570.0,8095,PASS
ADC,1994-04-15,2023-12-28,7479,7,46622938.49372864,2424.0,897.0,1527.0,2368,PASS
PNM,1973-02-21,2023-12-28,12826,7,23402829.779815678,1761.0,666.0,1095.0,1723,PASS
ADI,1980-03-17,2023-12-28,11040,7,576084966.7434694,6505.0,2198.0,4307.0,6300,PASS
HBM,2009-02-13,2023-12-28,3744,5,10398471.380281448,1125.0,424.0,701.0,1119,PASS
ADM,1980-03-17,2023-12-28,11040,7,209673334.48562625,3758.0,853.0,2905.0,3585,PASS
DOOR,2009-07-24,2023-12-28,3633,5,11399327.661895752,705.0,239.0,466.0,705,PASS
HBI,2006-09-06,2023-12-28,4358,5,35705718.93041134,4838.0,1777.0,3061.0,4777,PASS
HTGC,2005-06-09,2023-12-28,4671,5,14796057.83996582,2242.0,903.0,1339.0,2206,PASS
PNR,1973-05-03,2023-12-28,12776,7,73310654.18548584,2711.0,1044.0,1667.0,2664,PASS
HBAN,1980-03-17,2023-12-28,11041,5,159929632.20443726,4306.0,1600.0,2706.0,3994,PASS
HTH,2004-02-19,2023-12-28,5000,5,8932384.669685364,1406.0,518.0,888.0,1388,PASS
HTHT,2010-03-26,2023-12-28,3464,5,56650842.79823303,1940.0,779.0,1161.0,1902,PASS
PAR,1982-12-03,2023-12-28,10353,7,7690843.49899292,864.0,363.0,501.0,610,PASS
DON,2006-06-16,2023-12-28,4414,5,6489238.869476318,677.0,149.0,528.0,672,PASS
ADSK,1985-06-28,2023-12-28,9703,7,259217148.0583191,4245.0,1371.0,2874.0,4038,PASS
HAS,1980-03-17,2023-12-28,11040,7,89640503.89194489,6975.0,2436.0,4539.0,6754,PASS
ADTN,1994-08-10,2023-12-28,7399,7,7050064.549684525,2386.0,961.0,1425.0,2289,PASS
PNW,1973-02-21,2023-12-28,12826,7,60670732.96356201,762.0,0.0,762.0,760,PASS
HUBG,1996-03-13,2023-12-28,6997,7,16930872.673797607,1503.0,622.0,881.0,1465,PASS
HALO,2004-03-16,2023-12-28,4982,5,40177690.769958496,2485.0,988.0,1497.0,2436,PASS
PODD,2007-05-15,2023-12-28,4186,5,165047818.77441403,2302.0,809.0,1493.0,2271,PASS
HAL,1972-06-01,2023-12-28,13007,7,274788384.1255188,10481.0,3641.0,6840.0,9967,PASS
HAIN,1994-01-20,2023-12-28,7538,7,11434679.84638214,4387.0,1803.0,2584.0,4357,PASS
AEE,1998-01-02,2023-12-28,6540,7,115785189.3409729,3605.0,1235.0,2370.0,3530,PASS
POOL,1995-10-13,2023-12-28,7101,7,124962979.73327637,2067.0,699.0,1368.0,2041,PASS
HAE,1991-05-10,2023-12-28,8221,7,24100297.5479126,2621.0,870.0,1751.0,2567,PASS
AEG,1985-06-28,2023-12-28,9703,7,6617681.909894943,1374.0,465.0,909.0,1328,PASS
HTLF,1999-01-04,2023-12-28,6288,7,5560574.990844727,931.0,341.0,590.0,923,PASS
WPC,1998-01-21,2023-12-28,6528,7,70135865.78740692,3994.0,1515.0,2479.0,3980,PASS
EXR,2004-08-16,2023-12-28,4877,5,154023388.01193237,3046.0,1057.0,1989.0,3038,PASS
OTEX,1996-01-24,2023-12-28,7031,7,18260783.99333954,1845.0,744.0,1101.0,1803,PASS
ARWR,1993-12-16,2023-12-28,7562,7,27070058.732509613,2308.0,973.0,1335.0,2290,PASS
WCC,1999-05-12,2023-12-28,6199,7,73553840.84396362,1793.0,654.0,1139.0,1763,PASS
WCN,1998-05-22,2023-12-28,6443,7,116295653.276062,2213.0,781.0,1432.0,2182,PASS
ARW,1980-03-17,2023-12-28,11040,7,52123143.100738525,2525.0,940.0,1585.0,2401,PASS
ARI,2009-09-24,2023-12-28,3590,5,9678504.840278624,1627.0,667.0,960.0,1599,PASS
VTR,1997-05-05,2023-12-28,6708,7,91752695.49102785,5653.0,2330.0,3323.0,5572,PASS
DCI,1980-03-17,2023-12-28,11040,7,23036678.65447998,2003.0,712.0,1291.0,1950,PASS
WDC,1978-10-31,2023-12-28,11387,7,143081299.29561615,11062.0,4219.0,6843.0,10853,PASS
WDFC,1973-05-03,2023-12-28,12776,7,16507840.704345703,1822.0,712.0,1110.0,1787,PASS
RBA,1998-03-10,2023-12-28,6495,7,73204606.74972534,1235.0,551.0,684.0,1231,PASS
PAAS,1995-06-12,2023-12-28,7188,7,53734817.62533188,2855.0,1158.0,1697.0,2726,PASS
RCI,1996-01-11,2023-12-28,7040,7,13393159.33113098,2121.0,1007.0,1114.0,2063,PASS
VNO,1980-03-17,2023-12-28,11040,7,59212993.88546944,3275.0,1221.0,2054.0,3061,PASS
VNM,2009-08-14,2023-12-28,3618,5,7733083.416128159,1266.0,571.0,695.0,1110,PASS
APOG,1973-05-03,2023-12-28,12776,7,5589003.60584259,1410.0,403.0,1007.0,1363,PASS
WEN,1980-05-06,2023-12-28,11005,7,50415262.23325729,6705.0,2627.0,4078.0,6460,PASS
WERN,1986-06-20,2023-12-28,9457,7,22839468.664360046,2021.0,812.0,1209.0,1975,PASS
VRTS,2009-01-02,2023-12-28,3773,5,8944379.999542236,1134.0,420.0,714.0,1130,PASS
GLW,1981-12-31,2023-12-28,10588,7,118732331.24113084,1368.0,0.0,1368.0,1350,PASS
WEX,2005-02-16,2023-12-28,4749,5,50316117.25387573,2055.0,742.0,1313.0,2051,PASS
GGG,1980-03-17,2023-12-28,11040,7,51467681.848526,2747.0,952.0,1795.0,2710,PASS
WFC,1972-06-01,2023-12-28,13006,7,723598512.0567322,13913.0,2612.0,11301.0,13913,PASS
APH,1991-11-08,2023-12-28,8094,7,189608597.5704193,2601.0,842.0,1759.0,2555,PASS
DAR,1994-09-09,2023-12-28,7378,7,79750729.24671173,1592.0,575.0,1017.0,1556,PASS
GGB,1999-03-10,2023-12-28,6243,7,32284536.25330925,1520.0,550.0,970.0,1433,PASS
ASX,2000-10-02,2023-12-28,5847,7,38021383.341646194,1425.0,426.0,999.0,1389,PASS
DD,1972-06-01,2023-12-28,13006,7,196832102.15301517,5941.0,2624.0,3317.0,5483,PASS
ORLY,1993-04-23,2023-12-28,7727,7,334989806.9519043,5513.0,2021.0,3492.0,5432,PASS
DDD,1988-03-10,2023-12-28,9022,7,11039850.929546356,4903.0,1731.0,3172.0,4899,PASS
VSH,1980-03-17,2023-12-28,11040,7,21696438.611507416,2194.0,760.0,1434.0,2140,PASS
WBS,1986-12-12,2023-12-28,9335,7,44165091.0451889,1806.0,652.0,1154.0,1762,PASS
OXY,1981-12-31,2023-12-28,10587,7,607899644.2205429,11506.0,3815.0,7691.0,11242,PASS
RDUS,1993-11-16,2023-12-28,7583,7,5241980.530452728,1392.0,672.0,720.0,1392,PASS
EFC,2010-10-08,2023-12-28,3328,5,9388150.554800034,1130.0,467.0,663.0,1127,PASS
ASGN,1992-09-22,2023-12-28,7875,7,20453675.0,1577.0,598.0,979.0,1575,PASS
ARE,1997-05-28,2023-12-28,6692,7,112038799.98626707,2828.0,953.0,1875.0,2779,PASS
ASH,1980-03-17,2023-12-28,11040,7,38176318.69277954,2557.0,918.0,1639.0,2423,PASS
ARCC,2004-10-05,2023-12-28,4842,5,50575846.0609436,3873.0,1530.0,2343.0,3815,PASS
ARCB,1992-05-13,2023-12-28,7966,7,27536053.089904785,1563.0,462.0,1101.0,1563,PASS
VRNT,2002-05-16,2023-12-28,5443,5,13333344.03591156,2165.0,892.0,1273.0,2133,PASS
DBA,2007-01-05,2023-12-28,4275,5,10931931.594944,2130.0,974.0,1156.0,1938,PASS
EEFT,1997-03-07,2023-12-28,6748,7,32615332.962036133,2165.0,794.0,1371.0,2153,PASS
ASB,1980-03-17,2023-12-28,11040,7,27470697.615623478,1491.0,455.0,1036.0,1487,PASS
CYTK,2004-04-30,2023-12-28,4950,5,33863640.84854126,2197.0,849.0,1348.0,2181,PASS
DB,1996-11-18,2023-12-28,6823,7,28395871.440649036,6374.0,1944.0,4430.0,5736,PASS
WAB,1995-06-16,2023-12-28,7184,7,91084565.36064148,2679.0,1010.0,1669.0,2659,PASS
RDN,1992-10-30,2023-12-28,7847,7,29059627.455711365,1225.0,557.0,668.0,1155,PASS
WGO,1973-02-21,2023-12-28,12826,7,26028287.91179657,3114.0,1159.0,1955.0,3069,PASS
RDNT,1997-01-03,2023-12-28,6792,7,10684297.051620483,889.0,403.0,486.0,877,PASS
D,1980-03-17,2023-12-28,11040,7,225668945.9403992,8676.0,3045.0,5631.0,8302,PASS
WAL,2005-07-01,2023-12-28,4655,5,82814288.6768341,2065.0,622.0,1443.0,2039,PASS
CYH,1984-07-19,2023-12-28,9942,7,5446501.895093918,3799.0,1610.0,2189.0,3666,PASS
GHC,1973-02-21,2023-12-28,12826,7,9271055.090332031,670.0,254.0,416.0,670,PASS
ASML,1995-03-15,2023-12-28,7249,7,611510445.300293,4875.0,1355.0,3520.0,4677,PASS
WAT,1995-11-17,2023-12-28,7076,7,119714464.51721191,1913.0,701.0,1212.0,1881,PASS
DBO,2007-01-05,2023-12-28,4275,5,7501388.576793671,813.0,67.0,746.0,722,PASS
DAC,2006-10-16,2023-12-28,4330,5,7059989.741134644,1194.0,426.0,768.0,1162,PASS
VRSK,2009-10-07,2023-12-28,3581,5,194120750.14343265,2460.0,900.0,1560.0,2429,PASS
WBA,1980-03-17,2023-12-28,11040,7,227899279.189682,9583.0,2569.0,7014.0,9583,PASS
GLNG,2003-07-15,2023-12-28,5151,5,19501237.588977814,2317.0,896.0,1421.0,2303,PASS
VRSN,1998-01-30,2023-12-28,6521,7,98477395.33233644,2364.0,909.0,1455.0,2179,PASS
EDU,2006-09-15,2023-12-28,4351,5,74769847.42107391,793.0,0.0,793.0,793,PASS
VOE,2006-08-25,2023-12-28,4365,5,49051226.23443604,621.0,53.0,568.0,617,PASS
WAFD,1982-11-09,2023-12-28,10370,7,12510571.055603027,1111.0,355.0,756.0,1111,PASS
APD,1980-03-17,2023-12-28,11040,7,242100995.6680298,1855.0,0.0,1855.0,1855,PASS
OSIS,1997-10-02,2023-12-28,6603,7,9522299.922180176,1778.0,750.0,1028.0,1669,PASS
DECK,1993-10-15,2023-12-28,7605,7,174430601.26953125,5599.0,2187.0,3412.0,5326,PASS
INFN,2007-06-07,2023-12-28,4170,5,10832877.20477581,2818.0,1161.0,1657.0,2729,PASS
AON,1980-06-02,2023-12-28,10988,7,237787085.0982666,3673.0,1242.0,2431.0,3575,PASS
GIS,1980-03-17,2023-12-28,11041,7,255975440.00930783,5492.0,1425.0,4067.0,5161,PASS
DDS,1980-03-17,2023-12-28,11040,7,40989426.43737793,4338.0,1641.0,2697.0,4185,PASS
PAM,2009-10-09,2023-12-28,3579,5,5906463.132476807,796.0,299.0,497.0,781,PASS
REG,1993-10-29,2023-12-28,7595,7,54691888.0613327,1942.0,916.0,1026.0,1914,PASS
GFI,1980-03-17,2023-12-28,11040,7,57253118.2240963,2843.0,1130.0,1713.0,2713,PASS
WHR,1973-02-21,2023-12-28,12826,7,89115705.37414551,5525.0,2186.0,3339.0,5220,PASS
ANIP,2000-05-05,2023-12-28,5950,7,5350910.5224609375,897.0,20.0,877.0,897,PASS
ATEC,2006-06-12,2023-12-28,4418,5,16667345.54347992,1172.0,463.0,709.0,1146,PASS
WIT,2000-10-19,2023-12-28,5834,7,7717870.7275390625,1486.0,579.0,907.0,1384,PASS
DAL,2007-05-03,2023-12-28,4194,5,330887602.4580002,6971.0,2926.0,4045.0,6399,PASS
GIL,1998-06-19,2023-12-28,6424,7,15083362.057495115,2140.0,834.0,1306.0,2103,PASS
VRTX,1991-07-24,2023-12-28,8170,7,358148876.92871094,7504.0,2184.0,5320.0,7387,PASS
GIII,1989-12-14,2023-12-28,8575,7,9535906.158018112,4751.0,1742.0,3009.0,4662,PASS
VLY,1990-03-23,2023-12-28,8507,7,31433159.53526497,1136.0,422.0,714.0,1080,PASS
ECPG,1999-07-09,2023-12-28,6159,7,7625734.438323975,1226.0,475.0,751.0,1186,PASS
ARLP,1999-08-17,2023-12-28,6132,7,8484014.032173157,2541.0,830.0,1711.0,2535,PASS
ARR,2007-12-03,2023-12-28,4046,5,28953577.564525604,3257.0,1387.0,1870.0,3255,PASS
DE,1972-06-01,2023-12-28,13006,7,560927481.7581177,6843.0,1882.0,4961.0,6328,PASS
INGR,1997-12-11,2023-12-28,6554,7,31577991.288757324,1639.0,558.0,1081.0,1639,PASS
INFY,1999-03-11,2023-12-28,6242,7,125233566.02869034,4538.0,1723.0,2815.0,4397,PASS
ANSS,1996-06-20,2023-12-28,6928,7,127582255.19104004,508.0,40.0,468.0,506,PASS
ORCL,1986-03-12,2023-12-28,9527,7,739538881.0844421,10705.0,2707.0,7998.0,10615,PASS
DAN,2008-01-02,2023-12-28,4026,5,15830937.134742737,2741.0,1124.0,1617.0,2666,PASS
VLO,1982-01-04,2023-12-28,10586,7,465070145.93048096,4579.0,1027.0,3552.0,4364,PASS
ING,1994-05-18,2023-12-28,7457,7,36421394.34914589,605.0,0.0,605.0,596,PASS
VMC,1973-02-21,2023-12-28,12826,7,144191863.38272092,3738.0,1380.0,2358.0,3607,PASS
INCY,1993-11-04,2023-12-28,7591,7,98889196.02203368,5864.0,2211.0,3653.0,5788,PASS
INDB,1986-05-14,2023-12-28,9483,7,12228527.681350706,839.0,297.0,542.0,831,PASS
CXW,1997-07-15,2023-12-28,6659,7,8437989.08071518,2193.0,904.0,1289.0,2149,PASS
WNS,2006-07-26,2023-12-28,4387,5,14305338.409423828,1121.0,427.0,694.0,1089,PASS
ANF,1996-09-26,2023-12-28,6860,7,60017737.5,7658.0,2523.0,5135.0,7606,PASS
APA,1979-05-15,2023-12-28,11252,7,177836058.53919983,2171.0,0.0,2171.0,2125,PASS
GILD,1992-01-22,2023-12-28,8044,7,421506362.8311157,17350.0,4974.0,12376.0,17035,PASS
WOR,1980-03-17,2023-12-28,11040,7,10734897.426115036,2351.0,867.0,1484.0,2285,PASS
VMI,1973-02-21,2023-12-28,12826,7,37103686.264038086,1759.0,654.0,1105.0,1727,PASS
ATI,1999-11-29,2023-12-28,6060,7,42949928.58848572,3361.0,1119.0,2242.0,3255,PASS
GME,2002-02-13,2023-12-28,5507,5,57820719.42501068,11872.0,3637.0,8235.0,11530,PASS
AN,1990-05-11,2023-12-28,8473,7,78068700.55084229,4544.0,1730.0,2814.0,4425,PASS
GFF,1973-05-03,2023-12-28,12776,7,15464960.472297668,1122.0,337.0,785.0,1104,PASS
ANDE,1996-02-20,2023-12-28,7013,7,8715964.741897583,681.0,0.0,681.0,681,PASS
WNC,1991-11-08,2023-12-28,8094,7,11242513.537502289,1762.0,596.0,1166.0,1730,PASS
ED,1962-01-02,2023-12-28,15605,7,162113214.4996643,5881.0,2244.0,3637.0,5737,PASS
VEA,2007-07-26,2023-12-28,4136,5,446247482.6797485,2141.0,790.0,1351.0,2132,etf_or_fund_or_leveraged
VYM,2006-11-16,2023-12-28,4307,5,139474235.0982666,2060.0,675.0,1385.0,2047,etf_or_fund_or_leveraged
MOO,2007-09-05,2023-12-28,4108,5,5060690.359115601,1973.0,827.0,1146.0,1781,etf_or_fund_or_leveraged
EWI,1996-03-18,2023-12-28,6994,7,10432558.083152773,6431.0,3060.0,3371.0,6348,etf_or_fund_or_leveraged
EEM,2003-04-14,2023-12-28,5214,5,1173951745.0876236,5560.0,1110.0,4450.0,5192,etf_or_fund_or_leveraged
EWJ,1996-03-18,2023-12-28,6994,7,334101609.7175598,9966.0,4526.0,5440.0,9711,etf_or_fund_or_leveraged
YANG,2009-12-03,2023-12-28,3541,5,43925453.47366333,3446.0,1681.0,1765.0,3446,etf_or_fund_or_leveraged
GLD,2004-11-18,2023-12-28,4810,5,1184129140.94162,10574.0,2236.0,8338.0,10241,etf_or_fund_or_leveraged
DBC,2006-02-06,2023-12-28,4505,5,27005358.20293427,3658.0,1686.0,1972.0,3491,etf_or_fund_or_leveraged
DUST,2010-12-08,2023-12-28,3286,5,50388781.1314106,2084.0,941.0,1143.0,2084,etf_or_fund_or_leveraged
COPX,2010-04-20,2023-12-28,3448,5,14036729.19845581,1140.0,484.0,656.0,1077,etf_or_fund_or_leveraged
VDE,2004-09-29,2023-12-28,4846,5,53721312.58087158,2880.0,1103.0,1777.0,2866,etf_or_fund_or_leveraged
VCR,2004-01-30,2023-12-28,5013,5,15621897.01538086,2807.0,1127.0,1680.0,2782,etf_or_fund_or_leveraged
EWC,1996-03-18,2023-12-28,6994,7,53644672.8395462,5815.0,2781.0,3034.0,5738,etf_or_fund_or_leveraged
EZA,2003-02-07,2023-12-28,5259,5,7005983.851623535,1101.0,477.0,624.0,1025,etf_or_fund_or_leveraged
FXI,2004-10-08,2023-12-28,4839,5,876026104.3455124,2621.0,807.0,1814.0,2547,etf_or_fund_or_leveraged
VIS,2004-09-29,2023-12-28,4846,5,13265824.058532717,2729.0,1136.0,1593.0,2713,etf_or_fund_or_leveraged
EMB,2007-12-19,2023-12-28,4034,5,472366212.3641968,2091.0,804.0,1287.0,2034,etf_or_fund_or_leveraged
VUG,2004-01-30,2023-12-28,5013,5,219049980.5419922,1525.0,395.0,1130.0,1516,etf_or_fund_or_leveraged
DXJ,2006-06-16,2023-12-28,4414,5,40829004.97894287,4039.0,1706.0,2333.0,4001,etf_or_fund_or_leveraged
VAW,2004-01-30,2023-12-28,5013,5,9806617.128753662,583.0,152.0,431.0,571,etf_or_fund_or_leveraged
EWG,1996-03-18,2023-12-28,6994,7,49466107.95650482,2934.0,1285.0,1649.0,2878,etf_or_fund_or_leveraged
TAN,2008-04-15,2023-12-28,3955,5,47837634.81941223,2795.0,1011.0,1784.0,2651,etf_or_fund_or_leveraged
VOX,2004-09-29,2023-12-28,4846,5,15874900.732803345,927.0,287.0,640.0,919,etf_or_fund_or_leveraged
TQQQ,2010-02-11,2023-12-28,3494,5,3701313761.596298,1047.0,79.0,968.0,1047,etf_or_fund_or_leveraged
EWA,1996-03-18,2023-12-28,6994,7,35835619.669532776,4448.0,2132.0,2316.0,4266,etf_or_fund_or_leveraged
REM,2007-05-04,2023-12-28,4193,5,8860546.972274778,2287.0,1039.0,1248.0,2283,etf_or_fund_or_leveraged
VOO,2010-09-09,2023-12-28,3349,5,1496708244.8654177,1522.0,64.0,1458.0,1520,etf_or_fund_or_leveraged
RSP,2003-05-01,2023-12-28,5202,5,638176540.1733398,6153.0,2706.0,3447.0,6119,etf_or_fund_or_leveraged
FVD,2003-08-27,2023-12-28,5120,5,39035917.53883362,691.0,211.0,480.0,685,etf_or_fund_or_leveraged
IAU,2005-01-28,2023-12-28,4762,5,156907122.05295563,2576.0,248.0,2328.0,2401,etf_or_fund_or_leveraged
MUB,2007-09-10,2023-12-28,4105,5,308829317.52090454,2395.0,988.0,1407.0,2344,etf_or_fund_or_leveraged
KRE,2006-06-22,2023-12-28,4410,5,655718572.486496,3672.0,1248.0,2424.0,3462,etf_or_fund_or_leveraged
EWY,2000-05-12,2023-12-28,5945,7,202344839.9848938,2576.0,1147.0,1429.0,2386,etf_or_fund_or_leveraged
BND,2007-04-10,2023-12-28,4211,5,375093541.46499634,3627.0,1491.0,2136.0,3571,etf_or_fund_or_leveraged
GDX,2006-05-22,2023-12-28,4432,5,605922070.8197594,4515.0,773.0,3742.0,3876,etf_or_fund_or_leveraged
DVY,2003-11-07,2023-12-28,5069,5,70376500.74920654,1988.0,681.0,1307.0,1861,etf_or_fund_or_leveraged
QCLN,2007-02-14,2023-12-28,4248,5,6403833.961868286,942.0,244.0,698.0,933,etf_or_fund_or_leveraged
XLU,1998-12-22,2023-12-28,6295,7,866962205.5103302,7646.0,2696.0,4950.0,7520,etf_or_fund_or_leveraged
XBI,2006-02-06,2023-12-28,4505,5,652145264.04953,5144.0,1912.0,3232.0,5066,etf_or_fund_or_leveraged
EWT,2000-06-23,2023-12-28,5916,7,110748312.77313232,1119.0,460.0,659.0,978,etf_or_fund_or_leveraged
PPLT,2010-01-08,2023-12-28,3517,5,8084745.107650757,2857.0,1345.0,1512.0,2707,etf_or_fund_or_leveraged
XLP,1998-12-22,2023-12-28,6295,7,812697737.0109558,6870.0,2406.0,4464.0,6701,etf_or_fund_or_leveraged
FAS,2008-11-19,2023-12-28,3802,5,61923693.56842041,2497.0,832.0,1665.0,2267,etf_or_fund_or_leveraged
TIP,2003-12-05,2023-12-28,5050,5,304543510.496521,3584.0,1538.0,2046.0,3423,etf_or_fund_or_leveraged
XLK,1998-12-22,2023-12-28,6295,7,999457981.28891,8343.0,2694.0,5649.0,8081,etf_or_fund_or_leveraged
XLI,1998-12-22,2023-12-28,6295,7,1015421848.5218048,3102.0,917.0,2185.0,2931,etf_or_fund_or_leveraged
XLF,1998-12-22,2023-12-28,6295,7,1375763173.2177734,8814.0,2114.0,6700.0,8479,etf_or_fund_or_leveraged
EWU,1996-03-18,2023-12-28,6994,7,55156862.93106079,5727.0,2732.0,2995.0,5680,etf_or_fund_or_leveraged
XHB,2006-02-06,2023-12-28,4505,5,221786158.43849185,1099.0,0.0,1099.0,1067,etf_or_fund_or_leveraged
EWZ,2000-07-14,2023-12-28,5902,7,707824978.448391,3946.0,1592.0,2354.0,3615,etf_or_fund_or_leveraged
VGK,2005-03-10,2023-12-28,4734,5,163645364.55917358,5681.0,2562.0,3119.0,5669,etf_or_fund_or_leveraged
EWW,1996-03-18,2023-12-28,6994,7,117762898.45123293,4602.0,2175.0,2427.0,4594,etf_or_fund_or_leveraged
EPI,2008-02-26,2023-12-28,3989,5,14074278.774261476,3787.0,1738.0,2049.0,3634,etf_or_fund_or_leveraged
TLT,2002-07-30,2023-12-28,5392,5,2448428774.3019104,4371.0,1363.0,3008.0,4304,etf_or_fund_or_leveraged
VGT,2004-01-30,2023-12-28,5013,5,192917285.585022,988.0,120.0,868.0,970,etf_or_fund_or_leveraged
VHT,2004-01-30,2023-12-28,5013,5,40658569.165802,1554.0,522.0,1032.0,1540,etf_or_fund_or_leveraged
VIG,2006-05-02,2023-12-28,4446,5,172136268.9666748,2871.0,1028.0,1843.0,2817,etf_or_fund_or_leveraged
USO,2006-04-10,2023-12-28,4461,5,227035326.79138184,5536.0,105.0,5431.0,5174,etf_or_fund_or_leveraged
TZA,2008-11-19,2023-12-28,3802,5,325329661.0462189,3841.0,1863.0,1978.0,3701,etf_or_fund_or_leveraged
XOP,2006-06-22,2023-12-28,4410,5,581147770.8900452,5632.0,1794.0,3838.0,5563,etf_or_fund_or_leveraged
XLY,1998-12-22,2023-12-28,6295,7,754252917.8024292,7446.0,2694.0,4752.0,7188,etf_or_fund_or_leveraged
VTI,2001-06-15,2023-12-28,5670,7,627614061.5646362,2650.0,894.0,1756.0,2591,etf_or_fund_or_leveraged
REMX,2010-10-28,2023-12-28,3314,5,6307489.588165283,539.0,210.0,329.0,523,etf_or_fund_or_leveraged
QQQ,1999-03-10,2023-12-28,6243,7,17430939214.27002,14919.0,3106.0,11813.0,14919,etf_or_fund_or_leveraged
AGG,2003-09-29,2023-12-28,5098,5,734528205.7964325,4829.0,2029.0,2800.0,4764,etf_or_fund_or_leveraged
EIDO,2010-05-07,2023-12-28,3435,5,9215170.861530304,802.0,352.0,450.0,766,etf_or_fund_or_leveraged
PFF,2007-03-30,2023-12-28,4217,5,110705232.9738617,2098.0,846.0,1252.0,2064,etf_or_fund_or_leveraged
XRT,2006-06-22,2023-12-28,4410,5,367603800.774765,5977.0,2426.0,3551.0,5735,etf_or_fund_or_leveraged
VFH,2004-01-30,2023-12-28,5013,5,28323193.202209476,1008.0,267.0,741.0,991,etf_or_fund_or_leveraged
EWQ,1996-03-18,2023-12-28,6994,7,16616084.66644287,2378.0,1099.0,1279.0,2339,etf_or_fund_or_leveraged
VWO,2005-03-10,2023-12-28,4734,5,367724642.9481506,6471.0,2742.0,3729.0,6325,etf_or_fund_or_leveraged
VNQ,2004-09-29,2023-12-28,4846,5,409126921.7605591,6097.0,2619.0,3478.0,6079,etf_or_fund_or_leveraged
EWP,1996-03-18,2023-12-28,6994,7,6334331.979751587,4393.0,2037.0,2356.0,4375,etf_or_fund_or_leveraged
URA,2010-11-05,2023-12-28,3308,5,37761265.9866333,721.0,259.0,462.0,696,etf_or_fund_or_leveraged
NFINU,2019-07-31,2020-07-02,191,19,10300.000190734863,0.0,0.0,0.0,0,history_starts_too_late
PFLT,2011-04-08,2023-12-28,3202,5,3935927.0197868343,1492.0,588.0,904.0,1492,history_starts_too_late
NGHCP,2014-06-20,2020-07-02,1520,4,59752.80075073242,6.0,3.0,3.0,6,history_starts_too_late
NGHCN,2016-07-11,2020-07-02,1003,4,466427.50415802,0.0,0.0,0.0,0,history_starts_too_late
OMF,2013-10-16,2023-12-28,2568,4,35097623.62689972,360.0,0.0,360.0,360,history_starts_too_late
OSW,2015-03-03,2023-12-28,1540,612,5441743.500423431,236.0,0.0,236.0,236,history_starts_too_late
NFIN,2019-08-14,2020-04-01,160,4,40037.99901008606,0.0,0.0,0.0,0,history_starts_too_late
OMFL,2017-10-26,2023-12-28,1543,15,23602287.49485016,83.0,0.0,83.0,83,history_starts_too_late
NFH,2019-06-21,2020-07-02,261,4,372761.49439811707,0.0,0.0,0.0,0,history_starts_too_late
OLEM,2011-04-21,2020-07-02,2315,5,7077.999877929688,102.0,51.0,51.0,102,history_starts_too_late
NHA,2016-01-27,2020-07-02,1117,4,125694.00219917296,0.0,0.0,0.0,0,history_starts_too_late
OMFS,2017-10-26,2023-12-28,1543,15,1253506.5002441406,34.0,0.0,34.0,34,history_starts_too_late
NJAN,2016-01-15,2020-07-02,130,1366,223220.54615020752,0.0,0.0,0.0,0,history_starts_too_late
NH,2016-01-06,2020-07-02,1034,142,193970.3466117382,0.0,0.0,0.0,0,history_starts_too_late
NGVT,2016-05-03,2020-06-19,1041,4,23780859.03205872,0.0,0.0,0.0,0,history_starts_too_late
OKTA,2017-04-07,2023-12-28,1693,4,154941355.27572632,1365.0,0.0,1365.0,1365,history_starts_too_late
OLD,2016-06-09,2020-06-19,992,7,241363.348197937,0.0,0.0,0.0,0,history_starts_too_late
NIO,2018-09-12,2023-12-28,1333,4,409216537.3426437,5562.0,679.0,4883.0,5562,history_starts_too_late
NINE,2018-01-19,2023-12-28,1496,4,3388863.043642044,232.0,0.0,232.0,232,history_starts_too_late
NIFE,2020-06-11,2020-07-02,16,3,89566.49990081787,0.0,0.0,0.0,0,history_starts_too_late
OMP,2017-09-21,2020-07-02,700,4,2213540.429651737,0.0,0.0,0.0,0,history_starts_too_late
NGVC,2012-07-25,2023-12-28,2876,5,426355.0038337708,955.0,419.0,536.0,955,history_starts_too_late
PFLD,2019-11-20,2020-07-02,153,4,12099.632316589355,0.0,0.0,0.0,0,history_starts_too_late
NFRA,2013-10-09,2023-12-28,2573,4,3472879.063415528,164.0,33.0,131.0,164,history_starts_too_late
NGE,2013-04-03,2023-12-28,2705,4,108640.003156662,329.0,133.0,196.0,329,history_starts_too_late
NGM,2013-12-16,2023-12-28,1489,1014,798584.9712371826,66.0,0.0,66.0,66,history_starts_too_late
NGL,2011-05-16,2023-12-28,3177,5,1420765.9906864166,2601.0,850.0,1751.0,2600,history_starts_too_late
NIQ,2013-02-08,2020-07-02,1863,4,284045.0011730194,88.0,44.0,44.0,88,history_starts_too_late
NFTY,2012-02-28,2023-12-28,2979,5,315610.994720459,12.0,0.0,12.0,12,history_starts_too_late
NGHC,2014-02-20,2020-07-02,1604,4,5266886.427402497,712.0,356.0,356.0,712,history_starts_too_late
OSS,2018-02-01,2023-12-28,1487,4,53130.9996843338,56.0,0.0,56.0,56,history_starts_too_late
NGHCZ,2015-08-20,2020-04-01,1162,4,148340.80123901367,0.0,0.0,0.0,0,history_starts_too_late
OLLI,2015-07-16,2023-12-28,2129,4,56550269.7013855,854.0,0.0,854.0,854,history_starts_too_late
NID,2012-12-06,2020-07-02,1906,4,895117.00258255,80.0,40.0,40.0,80,history_starts_too_late
NYMTM,2019-10-18,2020-07-02,178,4,1299470.0086593628,0.0,0.0,0.0,0,history_starts_too_late
ONCS,2011-04-08,2020-07-02,2324,5,169876.5011370182,0.0,0.0,0.0,0,history_starts_too_late
OPRT,2019-09-26,2023-12-28,1072,4,1097089.4780874252,68.0,0.0,68.0,68,history_starts_too_late
ORIC,2020-04-24,2023-12-28,927,4,1735249.9804973602,69.0,0.0,69.0,69,history_starts_too_late
NDLS,2013-06-28,2023-12-28,2644,4,909295.0140833856,1382.0,555.0,827.0,1382,history_starts_too_late
NDRA,2017-06-30,2023-12-28,1635,4,44119.49928998947,18.0,0.0,18.0,18,history_starts_too_late
OPRA,2015-08-10,2023-12-28,1603,431,6916014.228391647,131.0,0.0,131.0,131,history_starts_too_late
PGZ,2013-06-26,2023-12-28,2646,4,204490.0016784668,170.0,53.0,117.0,170,history_starts_too_late
ORSNU,2019-08-02,2020-06-29,108,15,11142.180240631104,0.0,0.0,0.0,0,history_starts_too_late
OPP,2016-09-28,2023-12-28,1825,4,940212.012720108,24.0,0.0,24.0,24,history_starts_too_late
OPINL,2020-06-24,2023-12-28,885,4,259818.00079345703,6683.0,0.0,6683.0,6683,history_starts_too_late
PGRE,2014-11-19,2023-12-28,2292,4,6439887.837910652,712.0,245.0,467.0,712,history_starts_too_late
NEAR,2013-10-03,2023-12-28,2577,4,26454774.87888336,177.0,30.0,147.0,177,history_starts_too_late
OPINI,2016-06-06,2020-07-02,1027,4,448832.00483322144,0.0,0.0,0.0,0,history_starts_too_late
OPGN,2015-05-05,2023-12-28,2179,4,142636.4965558052,83.0,0.0,83.0,83,history_starts_too_late
PGNY,2019-10-25,2023-12-28,1051,4,25017160.722732544,196.0,0.0,196.0,196,history_starts_too_late
OPESU,2018-03-14,2020-06-29,528,69,0.0,0.0,0.0,0.0,0,history_starts_too_late
NCSM,2017-04-28,2023-12-28,1679,4,38818.00136566162,21.0,0.0,21.0,21,history_starts_too_late
OPES,2018-03-26,2020-07-02,546,14,7772.0502853393555,0.0,0.0,0.0,0,history_starts_too_late
OPTN,2017-10-13,2023-12-28,1562,4,304148.7416982651,54.0,0.0,54.0,54,history_starts_too_late
ORGO,2017-01-05,2023-12-28,1757,4,1960756.028556824,105.0,0.0,105.0,105,history_starts_too_late
PHUN,2016-10-28,2023-12-28,1803,4,489657.2878390549,122.0,0.0,122.0,122,history_starts_too_late
NBACU,2020-02-14,2020-07-02,68,10,53002.51501083374,0.0,0.0,0.0,0,history_starts_too_late
NBEV,2014-08-07,2020-07-02,1484,4,3608471.981012821,0.0,0.0,0.0,0,history_starts_too_late
NBHC,2012-09-20,2020-06-19,1949,5,4910497.029495239,334.0,167.0,167.0,334,history_starts_too_late
ORC,2013-02-14,2023-12-28,2737,4,8410632.82623291,152.0,0.0,152.0,152,history_starts_too_late
PHIO,2012-05-10,2023-12-28,2928,5,60940.19884765148,28.0,0.0,28.0,28,history_starts_too_late
PHGE,2019-03-13,2023-12-28,1209,4,29381.90036714077,23.0,0.0,23.0,23,history_starts_too_late
OR,2015-01-15,2023-12-28,2036,51,10374561.050987244,161.0,0.0,161.0,161,history_starts_too_late
NBLX,2016-09-15,2020-07-02,956,4,6886947.022628784,0.0,0.0,0.0,0,history_starts_too_late
NBRV,2015-09-18,2020-07-02,1204,4,1625597.009718418,0.0,0.0,0.0,0,history_starts_too_late
PHDG,2012-12-06,2023-12-28,2784,4,698717.9824829102,192.0,52.0,140.0,192,history_starts_too_late
PHCF,2019-01-02,2020-07-02,329,12,4057.9999923706055,0.0,0.0,0.0,0,history_starts_too_late
NCLH,2013-01-18,2023-12-28,2755,4,204952621.18663788,2715.0,1032.0,1683.0,2715,history_starts_too_late
PHAT,2019-10-25,2023-12-28,1051,4,3187660.0006580357,58.0,0.0,58.0,58,history_starts_too_late
NCNA,2017-09-28,2023-12-28,1573,4,37778.60023379326,45.0,0.0,45.0,45,history_starts_too_late
PHAS,2018-10-18,2020-07-02,429,4,1026249.9746322632,0.0,0.0,0.0,0,history_starts_too_late
PGM,2015-01-06,2020-07-02,760,95,8331.999969482422,104.0,52.0,52.0,104,history_starts_too_late
OPB,2014-04-16,2020-05-29,1541,4,3380785.0224494934,516.0,258.0,258.0,516,history_starts_too_late
PGHY,2013-06-21,2023-12-28,2649,4,1033353.9922714232,149.0,57.0,92.0,149,history_starts_too_late
NERD,2019-06-04,2023-12-28,1152,4,41626.59888267517,21.0,0.0,21.0,21,history_starts_too_late
NERV,2014-07-01,2023-12-28,2391,4,145672.49999046326,974.0,438.0,536.0,974,history_starts_too_late
NES,2017-10-12,2020-07-02,683,4,5692.750096321106,242.0,121.0,121.0,242,history_starts_too_late
NESR,2017-06-05,2023-12-28,1654,4,340560.8946762085,56.0,0.0,56.0,56,history_starts_too_late
OSCV,2018-07-18,2023-12-28,1372,4,668509.0927124023,1.0,0.0,1.0,1,history_starts_too_late
NETL,2019-03-22,2023-12-28,1202,4,249050.00534057617,9.0,0.0,9.0,9,history_starts_too_late
NEWA,2017-07-10,2020-07-02,740,16,12936.500120162964,0.0,0.0,0.0,0,history_starts_too_late
OSG,2015-09-22,2023-12-28,2020,70,1277614.97849226,93.0,0.0,93.0,91,history_starts_too_late
ONEM,2020-01-31,2020-07-02,107,4,23839429.767608643,0.0,0.0,0.0,0,history_starts_too_late
NEWR,2014-12-12,2020-07-02,1398,4,55434900.57449341,0.0,0.0,0.0,0,history_starts_too_late
ONE,2018-03-28,2020-07-02,571,4,758893.9876556396,676.0,338.0,338.0,652,history_starts_too_late
PFMT,2012-08-10,2020-06-19,1970,5,11466.499722003937,474.0,237.0,237.0,474,history_starts_too_late
NEWTL,2019-07-31,2023-12-28,1112,4,31937.750148773197,6901.0,0.0,6901.0,6901,history_starts_too_late
ONDK,2014-12-17,2020-07-02,1395,4,1471732.0501118898,0.0,0.0,0.0,0,history_starts_too_late
NEXA,2017-10-26,2023-12-28,1553,4,396413.4973049164,123.0,0.0,123.0,123,history_starts_too_late
ONEO,2015-12-03,2023-12-28,2031,4,28437.000274658203,118.0,0.0,118.0,118,history_starts_too_late
NEP,2014-06-27,2023-12-28,2393,4,46876661.52000427,1930.0,573.0,1357.0,1891,history_starts_too_late
PFNX,2014-07-24,2020-07-02,1497,4,2288185.5085611343,660.0,330.0,330.0,660,history_starts_too_late
NEOS,2014-07-14,2020-07-02,1250,371,219243.39885115623,0.0,0.0,0.0,0,history_starts_too_late
PGEN,2013-08-08,2023-12-28,2616,4,1458899.4662880898,389.0,0.0,389.0,389,history_starts_too_late
NEBU,2018-03-06,2020-04-01,523,4,19720.999479293823,0.0,0.0,0.0,0,history_starts_too_late
OOMA,2015-07-20,2023-12-28,2127,4,784733.0206871033,126.0,0.0,126.0,126,history_starts_too_late
ORTX,2018-10-31,2023-12-28,1298,4,262366.4950847626,64.0,0.0,64.0,64,history_starts_too_late
NEBUU,2018-01-09,2020-06-10,570,31,0.0,0.0,0.0,0.0,0,history_starts_too_late
ONVO,2012-02-14,2020-07-02,2110,5,197823.0035886168,1142.0,571.0,571.0,1142,history_starts_too_late
NEBUW,2018-03-22,2020-04-01,511,4,0.0,0.0,0.0,0.0,0,history_starts_too_late
OSMT,2018-10-18,2020-07-02,429,4,722400.0,0.0,0.0,0.0,0,history_starts_too_late
PGAL,2013-11-13,2023-12-28,2548,4,14392.00029373169,135.0,54.0,81.0,135,history_starts_too_late
ONTO,2019-10-28,2023-12-28,1050,4,30641226.789093018,175.0,0.0,175.0,175,history_starts_too_late
NEED,2018-11-29,2020-07-02,398,4,231505.10654449463,0.0,0.0,0.0,0,history_starts_too_late
ONLN,2018-10-18,2020-06-19,420,4,499179.99782562256,0.0,0.0,0.0,0,history_starts_too_late
ONEY,2015-12-03,2023-12-28,2031,4,1853575.5332946775,127.0,0.0,127.0,127,history_starts_too_late
ONEV,2015-12-03,2023-12-28,2031,4,612494.5053100586,114.0,0.0,114.0,114,history_starts_too_late
PFXF,2012-07-19,2023-12-28,2880,5,5876111.108207703,143.0,40.0,103.0,143,history_starts_too_late
PFSI,2013-05-09,2023-12-28,2679,4,18561803.581619263,994.0,337.0,657.0,994,history_starts_too_late
ONTX,2013-07-25,2023-12-28,2626,4,54192.99916028976,1146.0,526.0,620.0,1146,history_starts_too_late
OSB,2016-02-19,2020-07-02,1101,4,4598417.984390259,0.0,0.0,0.0,0,history_starts_too_late
NOVSU,2020-05-18,2020-07-02,33,4,166824.0051269531,0.0,0.0,0.0,0,history_starts_too_late
OILX,2016-02-18,2020-04-01,1038,4,4735.400009155273,0.0,0.0,0.0,0,history_starts_too_late
PACD,2016-06-07,2020-07-02,402,453,697924.496473372,1294.0,647.0,647.0,1294,history_starts_too_late
NULV,2017-01-10,2023-12-28,1754,4,4668619.918823242,53.0,0.0,53.0,53,history_starts_too_late
NUMG,2016-12-20,2023-12-28,1767,4,1203387.4813079834,27.0,0.0,27.0,27,history_starts_too_late
NUMV,2016-12-20,2023-12-28,1767,4,1126749.0120887756,47.0,0.0,47.0,47,history_starts_too_late
PACK,2018-03-13,2023-12-28,1460,4,1693063.023519516,49.0,0.0,49.0,49,history_starts_too_late
NURE,2016-12-20,2020-06-19,736,9,169540.00549316406,0.0,0.0,0.0,0,history_starts_too_late
PACQ,2018-05-29,2020-07-02,485,13,192185.99996566767,0.0,0.0,0.0,0,history_starts_too_late
PBPB,2013-10-04,2023-12-28,2576,4,1075225.5173921585,1189.0,440.0,749.0,1189,history_starts_too_late
PBND,2017-10-11,2020-07-02,435,82,46043.9998626709,0.0,0.0,0.0,0,history_starts_too_late
OCSI,2013-07-12,2020-07-02,1757,4,340396.0010766983,0.0,0.0,0.0,0,history_starts_too_late
PBFX,2020-07-02,2020-07-02,1,0,3011213.510658264,684.0,342.0,342.0,684,history_starts_too_late
NUSA,2011-09-09,2020-07-02,1490,739,42271.35076522827,0.0,0.0,0.0,0,history_starts_too_late
NUSI,2019-12-20,2023-12-28,1012,4,1287545.9941864014,84.0,0.0,84.0,84,history_starts_too_late
OCIO,2017-06-29,2023-12-28,1636,4,8736.149883270264,3.0,0.0,3.0,3,history_starts_too_late
PBFS,2019-07-18,2023-12-28,1121,4,94681.9987297058,7.0,0.0,7.0,7,history_starts_too_late
NVCN,2015-01-13,2020-07-02,1039,77,266799.9942779541,1024.0,512.0,512.0,1024,history_starts_too_late
NVCR,2015-10-02,2020-06-19,1187,4,59884882.73887634,0.0,0.0,0.0,0,history_starts_too_late
NVFY,2011-10-17,2020-06-19,2084,16,36146.00030183792,574.0,287.0,287.0,574,history_starts_too_late
PBF,2012-12-13,2023-12-28,2779,4,98278714.87960815,2727.0,761.0,1966.0,2727,history_starts_too_late
OCUL,2014-07-25,2023-12-28,2374,4,3260995.104432106,1422.0,633.0,789.0,1422,history_starts_too_late
OCX,2015-12-30,2023-12-28,2013,4,53282.0001244545,84.0,0.0,84.0,84,history_starts_too_late
PACA,2018-11-15,2020-06-26,124,76,2521.4500427246094,0.0,0.0,0.0,0,history_starts_too_late
NULG,2016-12-22,2023-12-28,1765,4,3484934.0785980225,31.0,0.0,31.0,31,history_starts_too_late
OEC,2014-07-25,2023-12-28,2374,4,7570695.037937164,861.0,315.0,546.0,861,history_starts_too_late
OXSQZ,2019-04-04,2023-12-28,1193,4,16904.999732971195,6238.0,0.0,6238.0,6238,history_starts_too_late
ODT,2017-12-07,2020-07-02,646,4,2648364.9940490723,0.0,0.0,0.0,0,history_starts_too_late
OYST,2019-10-31,2020-07-02,169,4,2154967.887878418,0.0,0.0,0.0,0,history_starts_too_late
PAAC,2019-06-21,2020-06-16,168,11,92605.2002954483,0.0,0.0,0.0,0,history_starts_too_late
PCOM,2011-02-10,2020-07-02,2364,5,590449.9988555908,310.0,155.0,155.0,310,history_starts_too_late
PCI,2013-01-29,2020-07-02,1871,4,11264224.612617496,90.0,45.0,45.0,90,history_starts_too_late
PAACU,2019-05-30,2020-06-16,134,23,41010.271100997925,0.0,0.0,0.0,0,history_starts_too_late
NUAN,2020-07-02,2020-07-02,1,0,46455268.44691658,2784.0,1392.0,1392.0,2678,history_starts_too_late
PBEE,2020-07-02,2020-07-02,1,0,2681.22403717041,0.0,0.0,0.0,0,history_starts_too_late
PBYI,2012-04-24,2023-12-28,2940,5,710206.0062885284,2085.0,762.0,1323.0,2085,history_starts_too_late
PBUS,2017-09-25,2023-12-28,1576,4,543501.5512466431,90.0,0.0,90.0,90,history_starts_too_late
PBTS,2019-04-02,2023-12-28,1195,4,475523.3859109879,18.0,0.0,18.0,18,history_starts_too_late
NUBD,2017-10-03,2020-07-02,667,7,642705.009841919,0.0,0.0,0.0,0,history_starts_too_late
NUDM,2017-06-12,2023-12-28,1649,4,1147575.008392334,17.0,0.0,17.0,17,history_starts_too_late
PBTP,2017-09-25,2023-12-28,1576,4,392279.1043281555,10.0,0.0,10.0,10,history_starts_too_late
NUEM,2017-06-13,2020-07-02,750,8,102540.75193405151,0.0,0.0,0.0,0,history_starts_too_late
NUHY,2019-09-26,2020-07-02,171,16,78800.69904327394,0.0,0.0,0.0,0,history_starts_too_late
PBSM,2017-09-25,2020-07-02,333,27,7932.150077819824,0.0,0.0,0.0,0,history_starts_too_late
NULC,2019-06-04,2020-07-02,184,25,12121.40007019043,0.0,0.0,0.0,0,history_starts_too_late
PBY,2018-06-18,2020-07-02,513,5,115031.5526008606,1324.0,662.0,662.0,1276,history_starts_too_late
PBDM,2017-09-25,2020-07-02,431,30,5050.399971008301,0.0,0.0,0.0,0,history_starts_too_late
OCGN,2014-12-03,2023-12-28,2283,4,3092226.992058754,646.0,0.0,646.0,646,history_starts_too_late
NVRO,2014-11-06,2023-12-28,2301,4,12236400.230884552,1462.0,595.0,867.0,1462,history_starts_too_late
NXTG,2011-02-18,2023-12-28,3236,5,856286.003112793,26.0,0.0,26.0,26,history_starts_too_late
PAVE,2017-03-08,2023-12-28,1715,4,19144981.29224777,105.0,0.0,105.0,105,history_starts_too_late
PAUG,2019-08-06,2023-12-28,1108,4,2167285.540294647,2.0,0.0,2.0,2,history_starts_too_late
OBSV,2017-01-26,2020-07-02,865,4,1240348.5152363777,0.0,0.0,0.0,0,history_starts_too_late
OBOR,2017-09-14,2023-12-28,1583,4,4705.799865722656,14.0,0.0,14.0,14,history_starts_too_late
PATI,2015-01-30,2023-12-28,2244,4,22538.664638996124,12.0,0.0,12.0,12,history_starts_too_late
PASS,2018-11-29,2020-07-02,394,7,88012.0491027832,0.0,0.0,0.0,0,history_starts_too_late
NYF,2015-01-02,2020-07-02,1385,4,1303252.4829864502,54.0,27.0,27.0,54,history_starts_too_late
OBNK,2018-05-08,2020-07-02,543,4,1399395.964050293,0.0,0.0,0.0,0,history_starts_too_late
NXTD,2013-08-23,2020-07-02,1721,5,75842.70029067992,360.0,180.0,180.0,360,history_starts_too_late
PAMC,2020-06-25,2023-12-28,884,4,93956.60247802734,4.0,0.0,4.0,4,history_starts_too_late
OBLN,2016-10-06,2020-07-02,941,4,414526.0043978691,0.0,0.0,0.0,0,history_starts_too_late
OAC,2014-07-14,2020-07-02,516,1172,1985.9999656677244,0.0,0.0,0.0,0,history_starts_too_late
PANL,2013-12-19,2023-12-28,2523,4,1029109.5094919204,1007.0,409.0,598.0,999,history_starts_too_late
PANW,2012-07-20,2023-12-28,2879,5,754099347.8271484,9952.0,3591.0,6361.0,9952,history_starts_too_late
PARR,2012-09-05,2023-12-28,2847,5,23485590.782165527,1147.0,323.0,824.0,1147,history_starts_too_late
PAPR,2019-04-01,2023-12-28,1196,4,1206334.5077514648,7.0,0.0,7.0,7,history_starts_too_late
NYMTP,2013-06-04,2020-06-19,1769,4,157315.4995918274,44.0,22.0,22.0,44,history_starts_too_late
NYMTO,2015-05-06,2020-07-02,1297,4,181351.9955635071,0.0,0.0,0.0,0,history_starts_too_late
NYMTN,2017-10-13,2023-12-28,1561,4,137636.9993209839,5208.0,0.0,5208.0,5208,history_starts_too_late
PASG,2020-02-28,2023-12-28,966,4,143181.60173892975,28.0,0.0,28.0,28,history_starts_too_late
PCPL,2020-06-15,2020-07-02,14,3,771602.4724483489,0.0,0.0,0.0,0,history_starts_too_late
PAVM,2016-07-27,2023-12-28,1869,4,168407.49372959137,28.0,0.0,28.0,28,history_starts_too_late
NXRT,2015-03-19,2023-12-28,2211,4,4436162.432098389,137.0,0.0,137.0,137,history_starts_too_late
PBCTP,2016-10-25,2020-07-02,927,4,493842.4938201904,0.0,0.0,0.0,0,history_starts_too_late
OCFT,2019-12-13,2023-12-28,1017,4,143653.000497818,82.0,0.0,82.0,82,history_starts_too_late
PACQW,2018-05-30,2020-07-02,287,43,10646.99973464012,0.0,0.0,0.0,0,history_starts_too_late
NVST,2019-09-18,2023-12-28,1078,4,56199341.972351074,143.0,0.0,143.0,143,history_starts_too_late
PBC,2018-12-12,2020-06-19,380,4,174266.40186309814,0.0,0.0,0.0,0,history_starts_too_late
OCFCP,2020-05-05,2023-12-28,920,4,78093.49899291992,8832.0,0.0,8832.0,8832,history_starts_too_late
PAGS,2018-01-24,2023-12-28,1493,4,32154918.027496334,315.0,0.0,315.0,315,history_starts_too_late
PBB,2015-12-21,2020-07-02,1138,4,355896.4980125427,0.0,0.0,0.0,0,history_starts_too_late
NVT,2018-04-24,2023-12-28,1431,4,50546199.80659485,260.0,0.0,260.0,260,history_starts_too_late
PAVMW,2016-08-01,2020-06-23,332,73,690.1999883353709,0.0,0.0,0.0,0,history_starts_too_late
NVTA,2015-02-12,2023-12-28,2235,4,8591892.426782846,426.0,0.0,426.0,426,history_starts_too_late
PAHC,2014-04-11,2023-12-28,2446,4,1307432.9961299896,956.0,369.0,587.0,956,history_starts_too_late
PAK,2015-02-05,2023-12-28,2208,13,167708.99715423584,20.0,0.0,20.0,20,history_starts_too_late
NWHM,2014-01-31,2020-07-02,1617,4,292100.50390958786,386.0,193.0,193.0,386,history_starts_too_late
PAWZ,2018-11-09,2023-12-28,1291,4,239262.00313568115,34.0,0.0,34.0,34,history_starts_too_late
NWS,2013-06-19,2023-12-28,2651,4,17353713.30471039,2756.0,1123.0,1633.0,2486,history_starts_too_late
NWSA,2013-06-19,2023-12-28,2651,4,46413872.58605957,6212.0,2496.0,3716.0,5807,history_starts_too_late
NXR,2020-07-02,2020-07-02,1,0,276011.13164138794,110.0,55.0,55.0,110,history_starts_too_late
OCCIP,2019-03-20,2020-07-02,322,4,20191.200160980225,0.0,0.0,0.0,0,history_starts_too_late
PALC,2015-01-02,2023-12-28,1867,270,963263.9757156372,5.0,0.0,5.0,5,history_starts_too_late
NVUS,2015-01-02,2020-07-02,1385,4,59584.00141298771,0.0,0.0,0.0,0,history_starts_too_late
PCRX,2011-02-03,2023-12-28,3247,5,17441923.66962433,2287.0,928.0,1359.0,2287,history_starts_too_late
PCSB,2017-04-21,2020-06-19,797,4,798520.5274581909,0.0,0.0,0.0,0,history_starts_too_late
NUAG,2016-09-15,2020-07-02,943,6,298011.0013961792,0.0,0.0,0.0,0,history_starts_too_late
OUSA,2015-07-14,2023-12-28,2131,4,1353742.4880981443,76.0,0.0,76.0,76,history_starts_too_late
PEXL,2018-09-14,2020-07-02,279,32,7281.000137329102,0.0,0.0,0.0,0,history_starts_too_late
NOCT,2019-10-01,2020-07-02,188,6,220441.49837493896,0.0,0.0,0.0,0,history_starts_too_late
NODK,2017-03-16,2020-07-02,831,4,157582.00120925903,0.0,0.0,0.0,0,history_starts_too_late
PEX,2013-02-28,2023-12-28,2728,4,22683.999633789062,154.0,45.0,109.0,154,history_starts_too_late
NOMD,2015-01-02,2023-12-28,2263,4,8144667.105388641,350.0,0.0,350.0,350,history_starts_too_late
PETZ,2017-09-21,2023-12-28,1578,4,19663.199591636658,27.0,0.0,27.0,27,history_starts_too_late
NOVA,2019-07-25,2023-12-28,1116,4,58554235.9711647,241.0,0.0,241.0,241,history_starts_too_late
NOVN,2016-09-21,2020-07-02,952,4,299715.50698280334,0.0,0.0,0.0,0,history_starts_too_late
PFEB,2020-02-03,2020-07-02,105,4,397833.8985443115,0.0,0.0,0.0,0,history_starts_too_late
OUT,2014-03-28,2023-12-28,2456,4,29473811.561965942,443.0,0.0,443.0,443,history_starts_too_late
OVB,2019-10-01,2023-12-28,1069,4,100498.00148010254,3.0,0.0,3.0,3,history_starts_too_late
NOW,2012-06-29,2023-12-28,2893,5,633114710.810852,5531.0,1990.0,3541.0,5519,history_starts_too_late
NPAUU,2019-09-11,2020-07-02,154,51,48706.0004234314,0.0,0.0,0.0,0,history_starts_too_late
OGS,2014-01-16,2020-06-19,1618,4,20992692.74787903,764.0,382.0,382.0,764,history_starts_too_late
NPTN,2011-02-02,2020-07-02,2370,5,5415026.088619232,1638.0,819.0,819.0,1638,history_starts_too_late
NRBO,2016-08-05,2023-12-28,1862,4,97848.15837359428,83.0,0.0,83.0,83,history_starts_too_late
NRC,2013-05-23,2020-06-19,1782,4,1950211.982345581,0.0,0.0,0.0,0,history_starts_too_late
PER,2011-08-11,2020-07-02,2238,5,181729.0006577969,478.0,239.0,239.0,430,history_starts_too_late
NRGD,2019-04-10,2023-12-28,1189,4,11243624.502563478,34.0,0.0,34.0,34,history_starts_too_late
PETQ,2017-07-21,2023-12-28,1621,4,3484568.9249038706,117.0,0.0,117.0,117,history_starts_too_late
NRGO,2019-04-30,2020-07-02,121,33,10789.900016784666,0.0,0.0,0.0,0,history_starts_too_late
PFFD,2017-09-14,2023-12-28,1583,4,11974690.140533447,32.0,0.0,32.0,32,history_starts_too_late
NOBL,2013-10-10,2023-12-28,2572,4,42331019.88525391,1535.0,539.0,996.0,1535,history_starts_too_late
NKLA,2018-06-11,2023-12-28,1398,4,44076853.48193944,1812.0,0.0,1812.0,1812,history_starts_too_late
OILK,2016-09-28,2023-12-28,1825,4,1451289.9948120115,22.0,0.0,22.0,22,history_starts_too_late
NLTX,2014-03-07,2023-12-18,2464,4,84133.59009504318,0.0,0.0,0.0,0,history_starts_too_late
NMCO,2019-09-17,2023-12-28,1079,4,1772228.9950370789,19.0,0.0,19.0,19,history_starts_too_late
OTIC,2014-08-13,2020-07-02,1483,4,199792.50000715256,690.0,345.0,345.0,690,history_starts_too_late
OTIS,2020-03-19,2023-12-28,952,4,144338913.3178711,287.0,0.0,287.0,287,history_starts_too_late
NMFC,2011-05-20,2023-12-28,3173,5,3324538.0325317383,201.0,0.0,201.0,201,history_starts_too_late
PFIG,2011-09-15,2023-12-28,3092,5,143037.50286102295,67.0,11.0,56.0,67,history_starts_too_late
NMFX,2018-09-28,2020-07-02,426,5,41250.9994506836,0.0,0.0,0.0,0,history_starts_too_late
PFFL,2018-09-26,2023-12-28,1323,4,30292.999839782715,8822.0,0.0,8822.0,8822,history_starts_too_late
PFHD,2017-03-15,2020-07-02,259,84,72750.00095367432,0.0,0.0,0.0,0,history_starts_too_late
NML,2013-03-26,2023-12-28,2710,4,1076310.0033521652,168.0,56.0,112.0,168,history_starts_too_late
NBAC,2020-05-01,2020-07-02,31,6,68309.99736785887,0.0,0.0,0.0,0,history_starts_too_late
NMRD,2014-12-18,2023-12-28,1732,85,23092.79985129833,30.0,0.0,30.0,30,history_starts_too_late
OTLK,2016-06-14,2023-12-28,1899,4,921903.018334508,57.0,0.0,57.0,57,history_starts_too_late
NMS,2014-10-08,2023-12-28,2322,4,105197.99728393556,114.0,29.0,85.0,114,history_starts_too_late
NMTR,2019-11-04,2020-07-02,92,56,223022.796279192,0.0,0.0,0.0,0,history_starts_too_late
PFGC,2015-10-01,2020-06-19,1188,4,34424063.455581665,0.0,0.0,0.0,0,history_starts_too_late
OUNZ,2014-05-16,2023-12-28,2422,4,20805841.08390808,57.0,0.0,57.0,57,history_starts_too_late
PFFR,2017-02-08,2023-12-28,1734,4,237256.50157928467,28.0,0.0,28.0,28,history_starts_too_late
NMIH,2013-11-08,2023-12-28,2551,4,9545355.839538574,1226.0,421.0,805.0,1226,history_starts_too_late
NK,2014-09-02,2020-07-02,1440,31,1776095.9973096848,0.0,0.0,0.0,0,history_starts_too_late
NRGU,2019-04-16,2023-12-28,1185,4,28437131.408691406,65.0,0.0,65.0,65,history_starts_too_late
NRGZ,2019-04-10,2020-07-02,135,26,10967.19970703125,0.0,0.0,0.0,0,history_starts_too_late
NTEC,2015-08-04,2020-07-02,1219,6,507037.40787804127,0.0,0.0,0.0,0,history_starts_too_late
PDI,2012-05-25,2023-12-28,2917,5,21362390.13338089,162.0,29.0,133.0,162,history_starts_too_late
OXLC,2011-01-21,2023-12-28,3256,5,6564779.96430397,1139.0,538.0,601.0,1139,history_starts_too_late
NTLA,2016-05-06,2023-12-28,1925,4,36558287.98828125,495.0,0.0,495.0,495,history_starts_too_late
NTNX,2016-09-30,2020-06-19,936,4,75205720.5127716,0.0,0.0,0.0,0,history_starts_too_late
NTRA,2015-07-01,2023-12-28,2139,4,52722605.12752533,209.0,0.0,209.0,209,history_starts_too_late
PDEV,2019-07-24,2020-07-02,36,44,15364.99996185303,0.0,0.0,0.0,0,history_starts_too_late
OXLCM,2017-06-08,2023-12-28,1651,4,88054.30107116699,6200.0,0.0,6200.0,6200,history_starts_too_late
OXLCO,2013-07-01,2023-12-28,2314,405,19525.4997253418,70.0,28.0,42.0,70,history_starts_too_late
NTCO,2020-01-06,2023-12-28,1003,4,3934966.1095380783,46.0,0.0,46.0,46,history_starts_too_late
NTRP,2017-01-17,2020-07-02,871,4,342157.9961657524,0.0,0.0,0.0,0,history_starts_too_late
OFED,2011-01-14,2023-12-28,3259,5,6490.000009536743,112.0,38.0,74.0,112,history_starts_too_late
PDD,2018-07-26,2023-12-28,1366,4,719383172.3052979,1528.0,0.0,1528.0,1528,history_starts_too_late
PDBC,2014-11-07,2023-12-28,2300,4,46288849.985694885,233.0,0.0,233.0,233,history_starts_too_late
OEUR,2015-08-19,2023-12-28,2105,4,94296.44985198976,27.0,0.0,27.0,27,history_starts_too_late
PD,2019-04-11,2023-12-28,1188,4,28979262.15934753,245.0,0.0,245.0,245,history_starts_too_late
NTRSO,2019-10-30,2020-07-02,169,4,1697727.9851913452,0.0,0.0,0.0,0,history_starts_too_late
OXSQL,2018-03-15,2023-12-21,1454,4,28653.00035476685,4443.0,0.0,4443.0,4443,history_starts_too_late
PCTY,2014-03-19,2023-12-28,2463,4,75770457.65075682,1501.0,532.0,969.0,1501,history_starts_too_late
NTSX,2018-08-02,2023-12-28,1361,4,2482109.4581604004,24.0,0.0,24.0,24,history_starts_too_late
PDEC,2019-12-02,2023-12-28,1026,4,1556860.1692199707,2.0,0.0,2.0,2,history_starts_too_late
NRGX,2019-01-30,2023-12-28,1238,4,1113119.8573036194,0.0,0.0,0.0,0,history_starts_too_late
NSYS,2015-01-02,2020-07-02,1270,6,11858.500134944916,0.0,0.0,0.0,0,history_starts_too_late
NSTG,2013-06-26,2023-12-28,2646,4,4070730.143976212,943.0,405.0,538.0,943,history_starts_too_late
NRUC,2019-05-08,2023-12-28,1170,4,389736.00158691406,1.0,0.0,1.0,1,history_starts_too_late
OGIG,2018-06-05,2023-12-28,1402,4,498712.78572082525,29.0,0.0,29.0,29,history_starts_too_late
OVF,2019-10-01,2023-12-28,1069,4,38480.349922180176,6.0,0.0,6.0,6,history_starts_too_late
OGCP,2013-10-08,2023-12-28,2574,4,866.9999599456787,9.0,3.0,6.0,9,history_starts_too_late
OVID,2017-05-05,2023-12-28,1674,4,323374.99783039093,71.0,0.0,71.0,71,history_starts_too_late
NRZ,2013-05-02,2020-07-02,1806,4,56824173.62771034,2468.0,1234.0,1234.0,2468,history_starts_too_late
PEN,2015-09-18,2023-12-28,2084,4,86160258.76159668,546.0,0.0,546.0,546,history_starts_too_late
NSA,2015-04-23,2020-06-19,1300,4,11786721.125125883,0.0,0.0,0.0,0,history_starts_too_late
OVL,2015-01-02,2023-12-28,1092,1653,201132.85789489743,4.0,0.0,4.0,4,history_starts_too_late
PDLB,2017-10-02,2023-12-28,1571,4,559181.9898843765,28.0,0.0,28.0,28,history_starts_too_late
OFSSZ,2018-10-25,2020-07-01,408,8,20336.00006103516,0.0,0.0,0.0,0,history_starts_too_late
NSCO,2017-10-10,2020-07-02,535,15,223306.00452423096,0.0,0.0,0.0,0,history_starts_too_late
OFSSI,2019-10-17,2020-07-02,170,5,103267.00096130373,0.0,0.0,0.0,0,history_starts_too_late
NSEC,2015-01-02,2020-06-29,948,14,4660.000038146973,170.0,85.0,85.0,168,history_starts_too_late
OFS,2012-11-08,2020-06-19,1916,4,439446.0065841675,410.0,205.0,205.0,408,history_starts_too_late
NSPR,2011-04-12,2023-12-28,3200,5,54385.50058603287,944.0,445.0,499.0,944,history_starts_too_late
NSS,2013-01-29,2020-06-19,1862,4,816124.9939918519,14.0,7.0,7.0,14,history_starts_too_late
OXBR,2014-03-27,2023-12-28,2457,4,12447.500067949297,304.0,129.0,175.0,304,history_starts_too_late
PECK,2016-04-26,2020-07-02,639,56,42545.39902210236,0.0,0.0,0.0,0,history_starts_too_late
PE,2015-01-02,2020-07-02,1385,4,89346205.0169468,2320.0,1160.0,1160.0,2320,history_starts_too_late
OVM,2019-10-01,2023-12-28,1069,4,26326.800441741943,3.0,0.0,3.0,3,history_starts_too_late
ORCC,2019-07-18,2020-07-02,243,4,7006207.763671875,0.0,0.0,0.0,0,history_starts_too_late
LXFR,2012-10-03,2020-06-19,1940,5,1973473.0557441711,760.0,380.0,380.0,760,history_starts_too_late
NAPR,2020-04-01,2023-12-28,943,4,289880.6091308594,4.0,0.0,4.0,4,history_starts_too_late
ISDX,2018-09-14,2020-07-02,318,20,214057.49607086185,0.0,0.0,0.0,0,history_starts_too_late
ISDS,2018-09-19,2020-07-02,167,24,4724.00016784668,0.0,0.0,0.0,0,history_starts_too_late
ISD,2012-04-27,2020-07-02,2059,5,1900429.0114879608,572.0,286.0,286.0,572,history_starts_too_late
ISCF,2015-05-01,2020-07-02,1136,14,399487.0446205139,0.0,0.0,0.0,0,history_starts_too_late
IRTC,2016-10-20,2020-07-02,931,4,25904144.116210938,0.0,0.0,0.0,0,history_starts_too_late
IRT,2013-08-13,2020-07-02,1735,4,7039700.752258301,780.0,390.0,390.0,780,history_starts_too_late
IROQ,2011-07-08,2020-06-30,2242,11,19395.499801635742,120.0,60.0,60.0,120,history_starts_too_late
ISEE,2013-09-25,2020-06-19,1696,4,1365433.5256576538,0.0,0.0,0.0,0,history_starts_too_late
IRMD,2014-07-16,2020-06-19,1494,4,1185455.5307388306,632.0,316.0,316.0,632,history_starts_too_late
IQV,2013-05-09,2020-07-02,1801,4,180044772.81723022,0.0,0.0,0.0,0,history_starts_too_late
IQSU,2019-12-17,2020-07-02,72,20,2614.449977874756,0.0,0.0,0.0,0,history_starts_too_late
IQSI,2019-12-17,2020-07-01,62,25,2522.2000122070312,0.0,0.0,0.0,0,history_starts_too_late
IQM,2020-02-27,2020-07-02,71,7,8475.0,0.0,0.0,0.0,0,history_starts_too_late
IQLT,2015-01-23,2020-06-19,1195,14,6931209.321212769,0.0,0.0,0.0,0,history_starts_too_late
IQIN,2018-12-13,2020-07-02,261,9,21620.000076293945,0.0,0.0,0.0,0,history_starts_too_late
IQDY,2013-04-16,2020-07-02,1573,19,35048.99978637695,48.0,24.0,24.0,48,history_starts_too_late
IRBO,2018-07-09,2020-07-02,501,4,630324.6403694153,0.0,0.0,0.0,0,history_starts_too_late
ISEM,2018-09-13,2020-07-02,356,11,38331.0001373291,0.0,0.0,0.0,0,history_starts_too_late
ISMD,2017-02-28,2020-06-19,823,5,284270.9010124207,0.0,0.0,0.0,0,history_starts_too_late
ISRA,2013-06-26,2020-06-19,1755,4,66480.99956512451,142.0,71.0,71.0,142,history_starts_too_late
IXSE,2019-04-04,2020-07-01,216,21,4384.999847412109,0.0,0.0,0.0,0,history_starts_too_late
IWX,2015-01-02,2020-06-19,1376,4,1569788.9911651611,0.0,0.0,0.0,0,history_starts_too_late
IWC,2015-01-02,2020-07-02,1385,4,2894706.0729980464,322.0,161.0,161.0,306,history_starts_too_late
IVOL,2019-05-14,2020-07-02,288,4,489837.498664856,0.0,0.0,0.0,0,history_starts_too_late
IVLU,2015-07-15,2020-07-02,1140,26,1754944.0079689026,0.0,0.0,0.0,0,history_starts_too_late
IVH,2013-05-29,2020-04-01,1724,4,852765.0096416473,1360.0,680.0,680.0,1360,history_starts_too_late
IVES,2019-10-10,2020-07-02,119,56,296280.0121307373,0.0,0.0,0.0,0,history_starts_too_late
IVAL,2014-12-17,2020-07-02,1371,6,261905.8038711548,54.0,27.0,27.0,54,history_starts_too_late
IUSS,2018-09-18,2020-07-02,333,21,59872.501373291016,0.0,0.0,0.0,0,history_starts_too_late
IUSB,2014-06-12,2020-07-02,1483,6,14799252.258110046,148.0,74.0,74.0,148,history_starts_too_late
IUS,2012-04-03,2020-07-02,789,249,293284.5097541809,0.0,0.0,0.0,0,history_starts_too_late
ITRM,2018-05-25,2020-07-02,530,4,119563.50102424622,0.0,0.0,0.0,0,history_starts_too_late
ITMR,2019-03-08,2020-07-02,303,12,64323.99859428406,0.0,0.0,0.0,0,history_starts_too_late
ITCI,2014-01-07,2020-07-02,1634,4,12577045.831012726,1116.0,558.0,558.0,1116,history_starts_too_late
ISZE,2015-07-07,2020-07-02,414,202,4896.500015258789,0.0,0.0,0.0,0,history_starts_too_late
ISTR,2014-07-01,2020-07-02,1513,4,279184.9991321564,288.0,144.0,144.0,288,history_starts_too_late
ISTB,2012-10-24,2020-07-02,1914,6,16262692.253684998,68.0,34.0,34.0,68,history_starts_too_late
IQDG,2016-04-07,2020-07-02,999,9,371997.2945213318,0.0,0.0,0.0,0,history_starts_too_late
IXUS,2012-10-24,2020-07-02,1931,6,62635189.77241516,266.0,133.0,133.0,266,history_starts_too_late
IQ,2018-03-29,2020-07-02,570,4,117529298.21424484,0.0,0.0,0.0,0,history_starts_too_late
IPV,2020-02-27,2020-07-02,42,39,105244.99793052672,0.0,0.0,0.0,0,history_starts_too_late
INFO,2014-06-19,2020-07-02,1521,4,129195578.9413452,0.0,0.0,0.0,0,history_starts_too_late
INDS,2018-05-14,2023-12-28,1417,4,886872.4498577118,19.0,0.0,19.0,19,history_starts_too_late
INDO,2019-12-19,2023-12-28,1013,4,316707.49611854553,73.0,0.0,73.0,73,history_starts_too_late
INDA,2012-02-03,2023-12-28,2995,5,100869594.7790146,4055.0,1913.0,2142.0,4055,history_starts_too_late
INCO,2011-08-10,2023-12-28,3117,5,403658.5090637207,593.0,247.0,346.0,593,history_starts_too_late
INBKZ,2019-06-17,2023-12-28,1143,4,31537.5,8312.0,0.0,8312.0,8312,history_starts_too_late
INBKL,2016-10-21,2020-04-01,866,4,5161.999893188477,0.0,0.0,0.0,0,history_starts_too_late
INFR,2016-12-30,2023-12-28,1048,900,2418.600082397461,10.0,0.0,10.0,10,history_starts_too_late
IMXI,2017-03-27,2020-04-01,760,4,1885232.445716858,0.0,0.0,0.0,0,history_starts_too_late
IMUX,2014-04-17,2020-06-19,1555,4,260663.99626731875,0.0,0.0,0.0,0,history_starts_too_late
IMTM,2015-01-29,2020-07-02,1212,14,1199079.0046691897,0.0,0.0,0.0,0,history_starts_too_late
IMTE,2017-08-07,2020-07-02,610,47,22927.50015258789,0.0,0.0,0.0,0,history_starts_too_late
IMRN,2017-06-09,2020-04-01,708,4,27919.99981403351,0.0,0.0,0.0,0,history_starts_too_late
IMOM,2015-12-23,2020-07-02,1041,22,90169.5013999939,0.0,0.0,0.0,0,history_starts_too_late
IMMP,2015-01-02,2020-07-02,1373,6,116029.00133728984,0.0,0.0,0.0,0,history_starts_too_late
IMLP,2013-01-04,2020-07-02,1875,6,6269.500017166138,102.0,51.0,51.0,102,history_starts_too_late
IMVT,2019-06-21,2020-07-02,221,18,1726654.842222214,0.0,0.0,0.0,0,history_starts_too_late
INGN,2014-02-14,2023-12-28,2485,4,2242216.471195221,2464.0,861.0,1603.0,2464,history_starts_too_late
INKM,2012-04-26,2023-12-28,2938,5,122720.00122070312,66.0,26.0,40.0,66,history_starts_too_late
INMB,2019-02-04,2023-12-28,1235,4,321998.99084568024,42.0,0.0,42.0,42,history_starts_too_late
IPOS,2015-01-02,2020-07-02,749,47,10255.500030517578,98.0,49.0,49.0,98,history_starts_too_late
IPOC,2020-06-18,2020-06-19,2,1,7495260.269737245,0.0,0.0,0.0,0,history_starts_too_late
IPO,2013-10-16,2020-07-02,1683,4,607265.0218963623,412.0,206.0,206.0,412,history_starts_too_late
IPLDP,2013-03-18,2020-07-02,1838,4,196689.5017623901,0.0,0.0,0.0,0,history_starts_too_late
IPKW,2014-02-27,2020-07-02,1597,4,548566.4986610413,54.0,27.0,27.0,54,history_starts_too_late
IPHA,2019-10-17,2020-07-02,179,4,58113.998317718506,0.0,0.0,0.0,0,history_starts_too_late
IPFF,2011-11-17,2020-07-02,2168,5,183110.00108718872,0.0,0.0,0.0,0,history_starts_too_late
IPAY,2015-07-16,2020-07-02,1235,4,8828228.589820862,0.0,0.0,0.0,0,history_starts_too_late
IPAC,2014-06-12,2020-07-02,1525,4,3227424.479866028,106.0,53.0,53.0,106,history_starts_too_late
IOTS,2015-10-27,2020-06-26,1175,4,3664751.8562316895,0.0,0.0,0.0,0,history_starts_too_late
INSW,2016-11-16,2023-12-28,1790,4,23297485.49194336,203.0,0.0,203.0,203,history_starts_too_late
INSUU,2019-03-20,2020-07-02,161,28,17418.88018321991,0.0,0.0,0.0,0,history_starts_too_late
INSU,2019-06-04,2020-07-02,100,22,629073.9841461182,0.0,0.0,0.0,0,history_starts_too_late
INSE,2014-12-16,2020-04-01,1332,4,75329.00214195251,0.0,0.0,0.0,0,history_starts_too_late
INPX,2012-08-03,2023-12-28,2869,5,618504.2005464431,52.0,0.0,52.0,52,history_starts_too_late
INOV,2015-02-12,2020-06-19,1348,4,7353010.803604126,0.0,0.0,0.0,0,history_starts_too_late
INN,2011-02-09,2020-06-19,2356,5,8307004.368972779,1016.0,508.0,508.0,1016,history_starts_too_late
IPWR,2013-11-22,2020-07-02,1663,4,109250.29991865158,580.0,290.0,290.0,580,history_starts_too_late
IYLD,2012-04-09,2020-07-02,2073,5,1396124.055480957,84.0,42.0,42.0,84,history_starts_too_late
IZEA,2012-02-09,2020-06-19,2104,5,109323.00181537864,0.0,0.0,0.0,0,history_starts_too_late
JAGG,2018-12-14,2020-07-02,376,14,2860680.0273895264,0.0,0.0,0.0,0,history_starts_too_late
JPNL,2013-06-26,2020-07-02,1765,4,210403.4986495972,106.0,53.0,53.0,106,history_starts_too_late
JPN,2015-06-24,2020-07-02,1158,6,62189.69898223877,0.0,0.0,0.0,0,history_starts_too_late
JPMV,2014-06-05,2020-07-02,1470,10,202497.75199890137,102.0,51.0,51.0,102,history_starts_too_late
JPMB,2018-01-31,2020-06-19,515,14,167198.05240631104,0.0,0.0,0.0,0,history_starts_too_late
JPLS,2018-01-25,2020-06-12,339,29,12642.749500274658,0.0,0.0,0.0,0,history_starts_too_late
JPHY,2016-09-15,2020-07-02,897,14,1044980.2017211914,0.0,0.0,0.0,0,history_starts_too_late
JPHF,2016-09-16,2020-06-19,938,4,345860.50453186035,0.0,0.0,0.0,0,history_starts_too_late
JPSE,2016-11-22,2023-12-28,1786,4,1381858.985710144,0.0,0.0,0.0,0,history_starts_too_late
JPGE,2014-06-17,2020-06-19,1490,5,400847.0058441162,24.0,12.0,12.0,24,history_starts_too_late
JPEU,2016-01-05,2020-06-12,924,16,38175.75092315674,0.0,0.0,0.0,0,history_starts_too_late
JPEM,2015-01-09,2023-12-28,2258,4,1205951.5018463137,82.0,41.0,41.0,82,history_starts_too_late
JPED,2017-12-01,2020-06-19,342,46,10256.499671936035,0.0,0.0,0.0,0,history_starts_too_late
JP,2015-06-19,2020-07-02,1269,4,67274.99991059303,0.0,0.0,0.0,0,history_starts_too_late
JOYY,2019-12-30,2020-07-02,121,5,23081.29978179932,0.0,0.0,0.0,0,history_starts_too_late
JO,2018-02-01,2020-07-02,605,4,2281414.051246643,1542.0,771.0,771.0,1518,history_starts_too_late
JNUG,2013-10-03,2023-12-28,2577,4,50128745.85151672,1242.0,621.0,621.0,1242,history_starts_too_late
JPGB,2017-04-17,2020-07-02,793,6,882526.021194458,0.0,0.0,0.0,0,history_starts_too_late
JPST,2017-05-19,2023-12-28,1664,4,193316586.05155945,0.0,0.0,0.0,0,history_starts_too_late
JPT,2014-07-14,2020-07-02,1295,48,285990.0085449219,0.0,0.0,0.0,0,history_starts_too_late
JPUS,2015-09-30,2023-12-28,2076,4,751432.6629638672,0.0,0.0,0.0,0,history_starts_too_late
KBSF,2013-03-07,2020-07-02,1845,4,30934.00015234948,352.0,176.0,176.0,352,history_starts_too_late
KBLMU,2017-06-02,2020-06-30,719,41,0.0,0.0,0.0,0.0,0,history_starts_too_late
KBLM,2017-06-27,2020-07-02,344,66,15022.50051498413,0.0,0.0,0.0,0,history_starts_too_late
KBA,2014-03-05,2023-12-28,2473,4,1548352.0302772522,97.0,45.0,52.0,97,history_starts_too_late
KARS,2018-01-25,2023-12-28,1492,4,819128.0132293701,7.0,0.0,7.0,7,history_starts_too_late
KALV,2015-04-09,2023-12-28,2197,4,1862759.976196289,7.0,0.0,7.0,7,history_starts_too_late
KALA,2017-07-06,2023-12-28,1627,8,700403.9892196655,136.0,0.0,136.0,136,history_starts_too_late
JYNT,2014-11-11,2023-12-28,2298,4,1158401.0293006897,454.0,227.0,227.0,454,history_starts_too_late
JVAL,2017-10-26,2023-12-28,1544,14,2430332.968521118,0.0,0.0,0.0,0,history_starts_too_late
JUST,2017-06-15,2023-12-28,1403,224,357278.1534194946,0.0,0.0,0.0,0,history_starts_too_late
JT,2017-10-26,2020-06-19,652,21,272821.5044260025,0.0,0.0,0.0,0,history_starts_too_late
JSMD,2016-02-25,2023-12-28,1975,4,876505.7062149048,0.0,0.0,0.0,0,history_starts_too_late
JSD,2011-05-26,2020-07-02,2291,5,598110.0105285645,0.0,0.0,0.0,0,history_starts_too_late
JRVR,2014-12-12,2023-12-28,2276,4,3074760.485458374,490.0,245.0,245.0,490,history_starts_too_late
JRSH,2018-05-04,2023-12-28,1423,4,40072.249126434326,0.0,0.0,0.0,0,history_starts_too_late
JRI,2012-04-27,2023-12-28,2937,5,713847.5048065186,58.0,29.0,29.0,58,history_starts_too_late
JQUA,2017-11-09,2020-06-19,471,36,646164.4946098328,0.0,0.0,0.0,0,history_starts_too_late
JMUB,2018-11-05,2023-12-28,1295,4,4330665.97366333,0.0,0.0,0.0,0,history_starts_too_late
JMST,2018-10-22,2023-12-28,1305,4,16904472.07622528,0.0,0.0,0.0,0,history_starts_too_late
JMPNZ,2020-01-02,2020-07-02,59,99,203734.00459289548,0.0,0.0,0.0,0,history_starts_too_late
JMPNL,2019-07-05,2020-07-02,248,5,66184.9986076355,0.0,0.0,0.0,0,history_starts_too_late
JHB,2016-09-09,2020-07-02,960,4,800382.4938774109,0.0,0.0,0.0,0,history_starts_too_late
JHAA,2018-12-19,2023-12-04,1248,4,97325.1700334549,0.0,0.0,0.0,0,history_starts_too_late
JGH,2014-11-24,2023-12-28,2289,4,523852.9835700989,278.0,139.0,139.0,278,history_starts_too_late
JFU,2019-08-15,2023-12-28,1101,4,19800.0,0.0,0.0,0.0,0,history_starts_too_late
JFKKU,2019-03-28,2020-07-01,121,52,11802.99949645996,0.0,0.0,0.0,0,history_starts_too_late
JFK,2019-05-16,2020-07-02,209,7,33931.99844360352,0.0,0.0,0.0,0,history_starts_too_late
JEPI,2020-05-21,2023-12-28,908,4,223318545.2722549,0.0,0.0,0.0,0,history_starts_too_late
zg,2011-07-20,2023-12-28,3132,5,20225733.85334015,0.0,0.0,0.0,0,history_starts_too_late
JDST,2013-10-03,2023-12-28,2577,4,39964648.38371277,998.0,499.0,499.0,998,history_starts_too_late
JDIV,2017-11-09,2020-07-02,525,18,65036.79885864258,0.0,0.0,0.0,0,history_starts_too_late
JD,2014-05-22,2023-12-28,2418,4,360137389.1061783,6788.0,3394.0,3394.0,6788,history_starts_too_late
JCPB,2019-03-12,2023-12-28,1210,4,9516098.1426239,0.0,0.0,0.0,0,history_starts_too_late
JCO,2017-03-29,2020-07-02,822,4,424219.5116043091,0.0,0.0,0.0,0,history_starts_too_late
JCAP,2015-03-27,2020-07-02,1327,4,3763153.961706161,0.0,0.0,0.0,0,history_starts_too_late
JBGS,2017-07-06,2023-12-28,1632,4,21441738.705158237,0.0,0.0,0.0,0,history_starts_too_late
JAX,2013-08-27,2020-07-02,1615,75,597792.0249938965,0.0,0.0,0.0,0,history_starts_too_late
JAGX,2015-05-12,2023-12-28,2174,4,741295.1061561704,0.0,0.0,0.0,0,history_starts_too_late
JHCS,2019-03-13,2020-07-02,291,7,12476.049613952637,0.0,0.0,0.0,0,history_starts_too_late
IMAC,2019-02-13,2020-07-02,350,4,82848.00231456757,0.0,0.0,0.0,0,history_starts_too_late
JHEM,2018-09-28,2023-12-28,1321,4,232896.4940071106,0.0,0.0,0.0,0,history_starts_too_late
JHMC,2015-10-01,2020-07-02,1030,11,46235.70175170898,0.0,0.0,0.0,0,history_starts_too_late
JMIN,2017-11-09,2020-06-19,469,37,308827.45904922485,0.0,0.0,0.0,0,history_starts_too_late
JMIA,2019-04-12,2023-12-28,1187,4,5226188.147306442,0.0,0.0,0.0,0,history_starts_too_late
JMBS,2018-09-13,2023-12-28,1332,4,7974968.976593018,0.0,0.0,0.0,0,history_starts_too_late
JILL,2017-03-09,2023-12-28,1714,4,1237235.0049972534,0.0,0.0,0.0,0,history_starts_too_late
JIH,2019-12-20,2020-07-02,124,7,316670.001745224,0.0,0.0,0.0,0,history_starts_too_late
JIGB,2018-12-17,2020-07-02,255,26,33160.200119018555,0.0,0.0,0.0,0,history_starts_too_late
JHSC,2017-11-09,2023-12-28,1543,4,484375.04024505615,0.0,0.0,0.0,0,history_starts_too_late
JHMU,2016-06-15,2023-12-28,776,1218,78136.50159835814,0.0,0.0,0.0,0,history_starts_too_late
JHMT,2015-09-30,2020-07-02,1157,6,154404.70008850098,0.0,0.0,0.0,0,history_starts_too_late
JHMS,2016-03-29,2020-07-02,790,36,30643.250083923343,0.0,0.0,0.0,0,history_starts_too_late
JHMM,2015-09-29,2023-12-28,2077,4,10182854.49962616,0.0,0.0,0.0,0,history_starts_too_late
JHML,2015-09-30,2023-12-28,2076,4,1397837.6628875732,0.0,0.0,0.0,0,history_starts_too_late
JHMI,2016-08-18,2020-07-02,813,32,29755.599975585938,0.0,0.0,0.0,0,history_starts_too_late
JHMH,2015-09-30,2020-07-02,1150,5,102177.90069580078,0.0,0.0,0.0,0,history_starts_too_late
JHMF,2015-09-29,2020-07-02,1129,6,119275.00114440918,0.0,0.0,0.0,0,history_starts_too_late
JHME,2016-03-29,2020-07-02,918,23,45089.94851112366,0.0,0.0,0.0,0,history_starts_too_late
JHMD,2016-12-22,2020-06-19,858,6,372675.5947113037,0.0,0.0,0.0,0,history_starts_too_late
JHG,2017-05-30,2023-12-28,1658,4,22073436.65266037,0.0,0.0,0.0,0,history_starts_too_late
IMAB,2020-01-17,2020-07-02,116,4,847093.4821605682,0.0,0.0,0.0,0,history_starts_too_late
ILPT,2018-01-12,2020-04-01,558,4,6705593.918609619,0.0,0.0,0.0,0,history_starts_too_late
IJUL,2019-07-01,2020-07-02,255,4,262393.0013656616,0.0,0.0,0.0,0,history_starts_too_late
HYAC,2019-07-23,2020-06-19,173,13,299494.9942588806,0.0,0.0,0.0,0,history_starts_too_late
HWM,2019-10-03,2020-07-02,128,56,66090392.07191467,0.0,0.0,0.0,0,history_starts_too_late
HWM-P,2020-04-09,2020-06-01,26,12,28279.87333297729,0.0,0.0,0.0,0,history_starts_too_late
HWCPZ,2020-06-17,2020-07-02,12,3,3338736.591148376,0.0,0.0,0.0,0,history_starts_too_late
HWCPL,2015-04-01,2020-07-02,1322,4,129135.99967956544,0.0,0.0,0.0,0,history_starts_too_late
HVBC,2017-01-12,2020-04-01,810,4,7875.0,0.0,0.0,0.0,0,history_starts_too_late
HUYA,2018-05-11,2023-12-28,1418,4,4535631.500148773,372.0,0.0,372.0,372,history_starts_too_late
HYACU,2019-06-07,2020-07-02,183,16,65422.497272491455,0.0,0.0,0.0,0,history_starts_too_late
HUSV,2016-08-25,2023-12-28,1848,4,258303.3462524414,74.0,0.0,74.0,74,history_starts_too_late
HUIZ,2020-02-12,2023-12-28,977,4,23508.500063419346,22.0,0.0,22.0,22,history_starts_too_late
HUGE,2018-06-08,2023-12-28,1399,4,91239.00044560432,27.0,0.0,27.0,27,history_starts_too_late
HUBS,2014-10-09,2023-12-28,2321,4,230896918.52722168,2543.0,911.0,1632.0,2543,history_starts_too_late
HTUS,2015-06-25,2023-12-28,2143,4,104952.40383148192,9.0,0.0,9.0,9,history_starts_too_late
HTRB,2017-09-28,2023-12-28,1573,4,3143158.599853516,7.0,0.0,7.0,7,history_starts_too_late
HTLFP,2020-06-22,2023-12-28,887,4,104477.99949645996,7491.0,0.0,7491.0,7491,history_starts_too_late
HTIA,2019-12-09,2023-12-28,1021,4,129551.4991760254,7.0,0.0,7.0,7,history_starts_too_late
HUSN,2019-11-08,2020-07-02,78,63,117212.00160384177,0.0,0.0,0.0,0,history_starts_too_late
HYDB,2017-07-14,2020-07-02,683,12,185609.4472885132,0.0,0.0,0.0,0,history_starts_too_late
HYDW,2018-01-31,2020-07-02,367,66,145739.50309753418,0.0,0.0,0.0,0,history_starts_too_late
HYGH,2014-05-29,2020-07-02,1487,5,436462.6064300537,0.0,0.0,0.0,0,history_starts_too_late
IBD,2017-07-05,2023-12-28,1633,4,790760.9777450562,20.0,0.0,20.0,20,history_starts_too_late
IBCE,2013-04-19,2020-07-02,1630,13,19440.00015258789,50.0,25.0,25.0,50,history_starts_too_late
IAUF,2018-06-08,2020-07-02,433,14,109990.24658203124,0.0,0.0,0.0,0,history_starts_too_late
IAGG,2015-11-12,2023-12-28,2045,4,12698646.877479551,30.0,0.0,30.0,30,history_starts_too_late
IAA,2019-06-17,2020-07-02,265,4,49347232.48596192,0.0,0.0,0.0,0,history_starts_too_late
HZNP,2011-07-28,2020-07-02,2248,5,48958551.76944733,3574.0,1787.0,1787.0,3574,history_starts_too_late
HZN,2015-06-23,2020-06-19,1258,4,180555.4993033409,0.0,0.0,0.0,0,history_starts_too_late
HYXU,2012-04-03,2020-07-02,2058,5,131702.99682617188,164.0,82.0,82.0,164,history_starts_too_late
HYXE,2016-06-17,2020-07-02,642,22,391956.4943313599,0.0,0.0,0.0,0,history_starts_too_late
HYTR,2020-01-22,2020-07-02,114,4,9570.600128173828,0.0,0.0,0.0,0,history_starts_too_late
HYS,2011-06-17,2020-06-19,2267,5,21243823.56491089,462.0,231.0,231.0,462,history_starts_too_late
HYRE,2018-06-27,2020-07-02,508,4,420169.9926495552,0.0,0.0,0.0,0,history_starts_too_late
HYMB,2011-04-14,2020-06-19,2299,5,8582032.934951782,46.0,23.0,23.0,46,history_starts_too_late
HYLV,2017-02-17,2020-07-02,811,6,191326.0461807251,0.0,0.0,0.0,0,history_starts_too_late
HYLS,2013-02-27,2020-07-02,1851,4,9628015.57598114,142.0,71.0,71.0,142,history_starts_too_late
HYLB,2016-12-13,2020-07-02,884,5,34555232.073783875,0.0,0.0,0.0,0,history_starts_too_late
HYHG,2013-05-23,2020-07-02,1787,4,407953.0086517334,102.0,51.0,51.0,102,history_starts_too_late
HTGM,2015-05-06,2020-07-02,1299,4,250768.9987063408,0.0,0.0,0.0,0,history_starts_too_late
HTFA,2017-10-04,2020-07-02,625,7,33176.00059509277,0.0,0.0,0.0,0,history_starts_too_late
HTEC,2019-06-25,2020-06-19,250,4,114546.29859924316,0.0,0.0,0.0,0,history_starts_too_late
HTBX,2013-07-24,2020-06-19,1740,4,202026.99957937,998.0,499.0,499.0,998,history_starts_too_late
HMHC,2013-11-14,2020-07-02,1669,4,2584851.9893050194,0.0,0.0,0.0,0,history_starts_too_late
HLT,2013-12-12,2020-07-02,1650,4,207163495.7527161,3010.0,1505.0,1505.0,3010,history_starts_too_late
HLNE,2017-03-01,2020-07-02,842,4,8795971.390914917,0.0,0.0,0.0,0,history_starts_too_late
HLI,2015-08-13,2020-07-02,1231,4,15739780.919265747,0.0,0.0,0.0,0,history_starts_too_late
HLG,2015-07-07,2020-07-02,1074,23,703915.0066375732,0.0,0.0,0.0,0,history_starts_too_late
HLAL,2019-07-16,2023-12-28,1123,4,1482472.527694702,3.0,0.0,3.0,3,history_starts_too_late
HKIB,2019-08-05,2020-07-02,231,4,75739.00203704834,0.0,0.0,0.0,0,history_starts_too_late
HJPX,2015-10-02,2020-07-02,425,40,3058.4500312805176,0.0,0.0,0.0,0,history_starts_too_late
HJLIW,2018-06-14,2020-07-02,497,11,35.99999994039535,0.0,0.0,0.0,0,history_starts_too_late
HJLI,2018-05-31,2020-04-01,463,4,48649.20075535774,0.0,0.0,0.0,0,history_starts_too_late
HIPS,2015-01-09,2023-12-28,2258,4,178289.2511367798,118.0,47.0,71.0,118,history_starts_too_late
HII,2011-03-22,2020-06-19,2328,5,64006856.36901856,0.0,0.0,0.0,0,history_starts_too_late
HIE,2014-11-26,2023-12-28,2287,4,213061.50031089783,157.0,54.0,103.0,157,history_starts_too_late
HIBS,2019-11-07,2023-12-28,1042,4,10428086.128311155,49.0,0.0,49.0,49,history_starts_too_late
HHR,2019-05-09,2020-07-02,291,4,1463434.4570159912,0.0,0.0,0.0,0,history_starts_too_late
HHHHU,2019-02-06,2020-04-01,291,4,0.0,0.0,0.0,0.0,0,history_starts_too_late
HGV,2017-01-04,2023-12-28,1758,4,29938644.575691223,322.0,0.0,322.0,322,history_starts_too_late
HMLP,2014-08-07,2020-06-19,1478,4,1866286.5104198456,708.0,354.0,354.0,708,history_starts_too_late
IBDD,2015-01-02,2020-07-02,1341,5,85440.00244140625,52.0,26.0,26.0,52,history_starts_too_late
HMOP,2017-12-14,2020-07-02,468,24,347330.85498809814,0.0,0.0,0.0,0,history_starts_too_late
HMTV,2013-04-05,2020-07-02,1825,4,347780.0065517425,210.0,105.0,105.0,210,history_starts_too_late
HTBI,2012-07-11,2023-12-28,2886,5,736759.9925994873,324.0,114.0,210.0,324,history_starts_too_late
HTAB,2018-04-19,2023-12-28,1434,4,806276.4945030212,1.0,0.0,1.0,1,history_starts_too_late
HSTO,2019-11-27,2020-07-02,53,119,179740.00797271729,0.0,0.0,0.0,0,history_starts_too_late
HSRT,2018-05-31,2020-06-19,379,44,99940.85159301758,0.0,0.0,0.0,0,history_starts_too_late
HSPX,2013-06-24,2020-07-02,1727,6,933677.97870636,52.0,26.0,26.0,52,history_starts_too_late
HSMV,2020-04-07,2023-12-28,939,4,26243.199157714844,23.0,0.0,23.0,23,history_starts_too_late
HSDT,2014-06-27,2023-12-28,2393,4,66059.14892196655,26.0,0.0,26.0,26,history_starts_too_late
HRTG,2014-05-23,2023-12-28,2417,4,671129.993057251,663.0,239.0,424.0,663,history_starts_too_late
HQY,2014-07-31,2023-12-28,2370,4,37322779.07466888,2415.0,891.0,1524.0,2415,history_starts_too_late
HPE,2015-10-19,2023-12-28,2063,4,175319970.9342003,1721.0,0.0,1721.0,1721,history_starts_too_late
HOTH,2019-02-15,2020-07-02,348,4,105472.99897670746,0.0,0.0,0.0,0,history_starts_too_late
HOOK,2019-04-18,2023-12-28,1183,4,210236.84811890125,60.0,0.0,60.0,60,history_starts_too_late
HONE,2016-06-30,2023-12-28,1887,4,1417906.526207924,100.0,0.0,100.0,100,history_starts_too_late
HOMZ,2019-03-20,2023-12-28,1204,4,58475.10185241699,45.0,0.0,45.0,45,history_starts_too_late
HOME,2016-08-04,2020-04-01,921,4,16618656.51640892,0.0,0.0,0.0,0,history_starts_too_late
HOLD,2015-01-06,2020-07-02,667,70,39588.00048828125,40.0,20.0,20.0,40,history_starts_too_late
HNDL,2018-01-25,2020-06-19,600,4,160626.24826431274,0.0,0.0,0.0,0,history_starts_too_late
HMST,2012-02-10,2020-06-19,2103,5,3796653.011512756,0.0,0.0,0.0,0,history_starts_too_late
KBWB,2011-11-01,2023-12-28,3059,5,37402956.37626648,937.0,465.0,472.0,937,history_starts_too_late
IBDM,2015-03-12,2020-07-02,1310,8,4588532.492828369,0.0,0.0,0.0,0,history_starts_too_late
IBDP,2015-03-12,2023-12-28,2216,4,10553407.581806185,10.0,0.0,10.0,10,history_starts_too_late
IEIH,2018-03-23,2020-07-02,545,7,51385.00022888184,0.0,0.0,0.0,0,history_starts_too_late
IEHS,2018-03-23,2020-07-02,549,7,83884.35001373291,0.0,0.0,0.0,0,history_starts_too_late
IEFN,2018-03-23,2020-07-02,461,12,10336.999893188477,0.0,0.0,0.0,0,history_starts_too_late
IEFA,2015-01-02,2020-07-02,1385,4,529720981.0638428,56.0,28.0,28.0,56,history_starts_too_late
IEDI,2018-03-23,2020-07-02,508,7,87803.90071868896,0.0,0.0,0.0,0,history_starts_too_late
IDYA,2019-05-23,2020-07-02,281,4,244605.99880218503,0.0,0.0,0.0,0,history_starts_too_late
IDY,2017-01-10,2020-07-02,104,958,3899.600028991699,0.0,0.0,0.0,0,history_starts_too_late
IEMG,2012-10-24,2020-07-02,1934,5,722871962.1778488,220.0,110.0,110.0,220,history_starts_too_late
IDRV,2019-04-18,2020-07-02,289,5,77040.00148773193,0.0,0.0,0.0,0,history_starts_too_late
IDNA,2019-06-13,2020-07-02,262,4,152036.80076599124,0.0,0.0,0.0,0,history_starts_too_late
IDLV,2012-01-17,2020-07-02,2116,6,4996350.008010864,52.0,26.0,26.0,52,history_starts_too_late
IDLB,2015-11-05,2020-07-01,1096,10,140243.0495262146,0.0,0.0,0.0,0,history_starts_too_late
IDIV,2018-02-14,2020-07-02,430,10,7271.999931335449,0.0,0.0,0.0,0,history_starts_too_late
IDHD,2016-12-08,2020-07-02,837,8,63703.14960479736,0.0,0.0,0.0,0,history_starts_too_late
IDEV,2017-03-27,2020-07-02,807,5,4510164.968681335,0.0,0.0,0.0,0,history_starts_too_late
ICVT,2015-06-04,2020-06-19,1155,15,2863453.046798706,0.0,0.0,0.0,0,history_starts_too_late
IDOG,2013-06-28,2020-07-02,1766,4,791613.0226135254,104.0,52.0,52.0,104,history_starts_too_late
IETC,2018-03-23,2020-07-02,574,4,495187.0084762573,0.0,0.0,0.0,0,history_starts_too_late
IFFT,2018-09-18,2020-06-19,442,4,2969570.9867477417,0.0,0.0,0.0,0,history_starts_too_late
IFMK,2017-01-10,2020-07-02,876,4,224015.55107831955,0.0,0.0,0.0,0,history_starts_too_late
IJH,2015-01-02,2020-07-02,1385,4,203560808.12835693,1706.0,853.0,853.0,1698,history_starts_too_late
IJAN,2020-01-02,2020-07-02,127,4,136268.9947128296,0.0,0.0,0.0,0,history_starts_too_late
IIPR,2016-12-01,2020-07-02,901,4,34876705.08003235,0.0,0.0,0.0,0,history_starts_too_late
IIGD,2018-09-17,2020-07-02,343,18,174096.49953842163,0.0,0.0,0.0,0,history_starts_too_late
IHY,2015-01-02,2020-07-02,1385,4,421523.9911079407,274.0,137.0,137.0,274,history_starts_too_late
IHTA,2017-11-30,2020-07-02,651,4,169364.00241851807,0.0,0.0,0.0,0,history_starts_too_late
IHRT,2019-07-01,2020-04-01,191,4,4574042.232131958,0.0,0.0,0.0,0,history_starts_too_late
IHIT,2016-11-23,2020-06-19,897,4,469264.9956703186,0.0,0.0,0.0,0,history_starts_too_late
IHDG,2015-01-02,2020-07-02,1385,4,3015424.973678589,108.0,54.0,54.0,108,history_starts_too_late
IHD,2011-04-28,2020-06-19,2302,5,468104.0052413941,0.0,0.0,0.0,0,history_starts_too_late
IGRO,2016-05-19,2020-07-02,1034,5,318993.0004119873,0.0,0.0,0.0,0,history_starts_too_late
IGMS,2019-09-18,2020-04-01,136,4,3993593.083381653,0.0,0.0,0.0,0,history_starts_too_late
IGHG,2015-01-02,2020-07-02,1385,4,1142706.520462036,98.0,49.0,49.0,98,history_starts_too_late
IGBH,2015-09-11,2020-07-02,1000,26,198753.3962249756,0.0,0.0,0.0,0,history_starts_too_late
IG,2018-04-19,2020-07-02,316,41,15536.999702453611,344.0,172.0,172.0,340,history_starts_too_late
IFRX,2017-10-26,2020-04-01,604,12,2044046.024107933,0.0,0.0,0.0,0,history_starts_too_late
IFRA,2018-04-05,2020-07-02,533,6,63369.70024108887,0.0,0.0,0.0,0,history_starts_too_late
ICSH,2013-12-16,2020-06-19,1247,43,27888545.1789856,80.0,40.0,40.0,80,history_starts_too_late
ICPT,2012-10-11,2020-07-02,1943,5,42388871.96331024,3028.0,1514.0,1514.0,3028,history_starts_too_late
ICOW,2017-06-19,2020-07-02,753,6,79888.59987258913,0.0,0.0,0.0,0,history_starts_too_late
ICOL,2015-01-02,2020-07-02,1358,5,96051.49884223938,0.0,0.0,0.0,0,history_starts_too_late
IBMN,2018-11-15,2023-12-28,1287,4,1566111.9937896729,2.0,0.0,2.0,2,history_starts_too_late
IBMM,2018-03-22,2023-12-28,1453,4,1933119.02589798,6.0,0.0,6.0,6,history_starts_too_late
IBML,2017-04-11,2023-12-13,1681,4,1657599.5600795746,0.0,0.0,0.0,0,history_starts_too_late
IBMK,2015-09-04,2020-07-02,1204,5,903925.0,0.0,0.0,0.0,0,history_starts_too_late
IBMJ,2015-09-04,2020-07-02,1207,5,704073.0155944823,0.0,0.0,0.0,0,history_starts_too_late
IBMI,2014-08-14,2020-06-19,1465,5,737405.4845809937,28.0,14.0,14.0,28,history_starts_too_late
IBKCP,2015-08-03,2020-07-01,1238,4,102634.3020439148,0.0,0.0,0.0,0,history_starts_too_late
IBKCN,2019-04-01,2020-06-19,309,4,212150.4996299744,0.0,0.0,0.0,0,history_starts_too_late
IBHE,2019-05-09,2023-12-28,1169,4,1588491.9443130493,2.0,0.0,2.0,2,history_starts_too_late
IBHD,2019-05-09,2023-12-28,1169,4,2626148.0346679688,3.0,0.0,3.0,3,history_starts_too_late
IBHA,2019-05-09,2020-06-19,266,6,82220.70121765137,0.0,0.0,0.0,0,history_starts_too_late
IBDV,2020-06-26,2023-12-28,883,4,2082236.5149497984,1.0,0.0,1.0,1,history_starts_too_late
IBDU,2019-09-19,2023-12-28,1077,4,2586987.9291534424,1.0,0.0,1.0,1,history_starts_too_late
IBDT,2018-09-20,2023-12-28,1327,4,4605645.442771912,7.0,0.0,7.0,7,history_starts_too_late
IBDS,2017-09-18,2023-12-28,1581,4,6527050.021362305,5.0,0.0,5.0,5,history_starts_too_late
IBDR,2016-09-22,2023-12-28,1829,4,7423121.156215668,7.0,0.0,7.0,7,history_starts_too_late
IBDQ,2015-03-12,2023-12-28,2216,4,8779814.082431793,7.0,0.0,7.0,7,history_starts_too_late
IBMO,2019-04-04,2023-12-28,1193,4,1253211.9926452637,1.0,0.0,1.0,1,history_starts_too_late
IBDN,2015-03-12,2020-07-02,1288,20,4101329.962158203,0.0,0.0,0.0,0,history_starts_too_late
IBMP,2019-04-11,2023-12-28,1188,4,984671.9741821288,7.0,0.0,7.0,7,history_starts_too_late
IBP,2014-02-13,2023-12-28,2486,4,25000128.0960083,1003.0,498.0,505.0,1003,history_starts_too_late
ICMB,2014-02-06,2020-07-02,1613,4,149498.01709651947,0.0,0.0,0.0,0,history_starts_too_late
ICLK,2017-12-21,2020-07-02,636,4,494108.4934711456,0.0,0.0,0.0,0,history_starts_too_late
ICHR,2016-12-09,2020-07-02,896,4,7188468.856334686,0.0,0.0,0.0,0,history_starts_too_late
ICD,2014-08-08,2023-12-28,2364,4,183966.49668216705,670.0,272.0,398.0,670,history_starts_too_late
ICCH,2017-03-28,2023-12-28,1701,4,1647.9999542236328,11.0,0.0,11.0,11,history_starts_too_late
ICBK,2015-01-16,2020-07-02,1375,4,146822.49727249146,0.0,0.0,0.0,0,history_starts_too_late
IBUY,2016-04-20,2020-06-19,1046,4,1328572.517967224,0.0,0.0,0.0,0,history_starts_too_late
IBTX,2013-04-04,2023-12-28,2704,4,8997013.143920898,677.0,225.0,452.0,677,history_starts_too_late
IBTJ,2020-02-28,2023-12-28,966,4,386376.91049575806,1.0,0.0,1.0,1,history_starts_too_late
IBTI,2020-02-28,2023-12-28,966,4,625048.0075836182,2.0,0.0,2.0,2,history_starts_too_late
IBTH,2020-02-28,2023-12-28,966,4,1350270.0113296509,2.0,0.0,2.0,2,history_starts_too_late
IBTG,2020-02-28,2023-12-28,966,4,2475814.016532898,7.0,0.0,7.0,7,history_starts_too_late
IBTF,2020-02-28,2023-12-28,966,4,7390660.512161255,7.0,0.0,7.0,7,history_starts_too_late
IBTE,2020-03-03,2023-12-28,964,4,14141922.091293337,7.0,0.0,7.0,7,history_starts_too_late
IBTD,2020-02-25,2023-12-21,965,4,14831220.898117064,0.0,0.0,0.0,0,history_starts_too_late
IBTB,2020-03-03,2020-06-22,33,24,19236.86482810974,0.0,0.0,0.0,0,history_starts_too_late
IBTA,2020-02-28,2020-07-01,47,8,20177.09933280945,0.0,0.0,0.0,0,history_starts_too_late
IBMQ,2019-04-18,2023-12-28,1183,4,851506.503868103,1.0,0.0,1.0,1,history_starts_too_late
NAVI,2014-04-17,2023-12-28,2442,4,14948142.024040222,1857.0,652.0,1205.0,1847,history_starts_too_late
KBWR,2011-11-01,2023-12-28,3059,5,407847.00050354,568.0,56.0,512.0,568,history_starts_too_late
KCCB,2018-07-09,2020-07-02,219,36,4104.999923706055,0.0,0.0,0.0,0,history_starts_too_late
MGTA,2018-06-21,2020-07-02,512,4,1120005.532455444,0.0,0.0,0.0,0,history_starts_too_late
MGR,2019-03-25,2020-07-02,323,4,726035.0072860718,19.0,4.0,15.0,19,history_starts_too_late
MGP,2015-01-07,2020-07-02,1081,397,33806807.67059326,0.0,0.0,0.0,0,history_starts_too_late
MGNX,2013-10-10,2020-07-02,1694,4,4792697.55730629,1457.0,622.0,835.0,1457,history_starts_too_late
MGNI,2020-01-02,2020-07-02,4,180,16683999.533772469,371.0,0.0,371.0,371,history_starts_too_late
MGK,2015-01-02,2020-07-02,1385,4,32643203.57666016,265.0,53.0,212.0,263,history_starts_too_late
MGEN,2014-06-18,2020-07-02,1522,4,273960.99743694067,0.0,0.0,0.0,0,history_starts_too_late
MGTX,2018-06-08,2020-07-02,521,4,2047947.04246521,42.0,0.0,42.0,42,history_starts_too_late
MFUS,2017-09-07,2020-07-02,697,7,101529.69875335692,2.0,0.0,2.0,2,history_starts_too_late
MFMS,2018-11-05,2020-07-02,417,4,420073.50244522095,0.0,0.0,0.0,0,history_starts_too_late
MFINL,2016-04-25,2020-07-02,1052,4,15555.00011444092,0.0,0.0,0.0,0,history_starts_too_late
MFH,2015-04-08,2020-07-02,1320,4,27923.499405384064,68.0,0.0,68.0,68,history_starts_too_late
MFGP,2017-08-17,2020-06-19,715,4,6719192.844676971,0.0,0.0,0.0,0,history_starts_too_late
MFEM,2017-09-07,2020-07-02,706,4,265889.4031524658,4.0,0.0,4.0,4,history_starts_too_late
MFDX,2017-09-07,2020-07-02,707,5,71507.7995300293,0.0,0.0,0.0,0,history_starts_too_late
MFAC,2018-09-21,2020-07-02,337,10,244509.98878479004,0.0,0.0,0.0,0,history_starts_too_late
MFO,2012-04-17,2020-07-02,2067,5,214228.50561141968,6.0,3.0,3.0,6,history_starts_too_late
MGY,2014-12-04,2020-04-01,769,519,12995122.931861876,0.0,0.0,0.0,0,history_starts_too_late
MHLA,2011-07-27,2020-07-02,2241,6,89929.9991607666,1.0,0.0,1.0,1,history_starts_too_late
MHNC,2013-11-27,2020-07-02,1659,4,97842.00210571288,21.0,7.0,14.0,21,history_starts_too_late
MLPA,2012-04-19,2020-07-02,2064,5,12165666.402626038,1042.0,294.0,748.0,1042,history_starts_too_late
MLND,2015-01-02,2020-07-02,1385,4,486594.4989681244,0.0,0.0,0.0,0,history_starts_too_late
MLCO,2015-01-02,2020-07-02,1385,4,39304969.63253021,0.0,0.0,0.0,0,history_starts_too_late
MKGI,2015-07-01,2020-07-02,1211,8,23117.49931573868,0.0,0.0,0.0,0,history_starts_too_late
MKD,2019-12-30,2020-07-02,129,4,28262.400245666508,0.0,0.0,0.0,0,history_starts_too_late
MJO,2015-01-06,2020-07-02,145,1596,15022.800064086914,0.0,0.0,0.0,0,history_starts_too_late
MJCO,2015-06-29,2020-04-01,1199,4,88187.9994392395,0.0,0.0,0.0,0,history_starts_too_late
MJ,2015-12-03,2020-06-19,994,28,11720663.58947754,0.0,0.0,0.0,0,history_starts_too_late
MITT,2011-06-30,2020-07-02,2267,5,3644112.477254868,1162.0,581.0,581.0,1162,history_starts_too_late
MITO,2019-02-15,2020-07-02,348,4,147800.00114440918,0.0,0.0,0.0,0,history_starts_too_late
MIST,2019-05-09,2020-07-02,291,4,373632.0093154907,42.0,0.0,42.0,42,history_starts_too_late
MINDP,2016-06-14,2020-07-02,1021,4,64070.0008392334,10.0,0.0,10.0,10,history_starts_too_late
MINC,2013-03-20,2020-07-02,1836,4,184318.9968109131,36.0,18.0,18.0,36,history_starts_too_late
MIME,2015-11-19,2020-04-01,1098,4,21854345.548820496,0.0,0.0,0.0,0,history_starts_too_late
MIK,2014-06-27,2020-06-19,1506,4,18732758.159196377,1252.0,626.0,626.0,1252,history_starts_too_late
MIE,2013-03-26,2020-07-02,1832,4,1484484.9902629852,40.0,20.0,20.0,40,history_starts_too_late
MICT,2012-10-17,2020-07-02,1938,5,15804.000198841097,452.0,226.0,226.0,452,history_starts_too_late
MEXX,2017-05-18,2020-07-02,726,16,600600.0040054321,24.0,0.0,24.0,24,history_starts_too_late
MLPB,2015-10-09,2020-06-19,236,110,51157.65018463135,21.0,0.0,21.0,21,history_starts_too_late
METX,2019-10-03,2020-07-02,94,58,134934.99927520752,0.0,0.0,0.0,0,history_starts_too_late
MEDS,2014-05-09,2020-07-02,555,42,6737.499791383743,0.0,0.0,0.0,0,history_starts_too_late
MCC,2011-01-21,2020-07-02,2378,5,236322.50082492828,1488.0,744.0,744.0,1488,history_starts_too_late
MCB,2017-11-08,2020-07-02,666,4,670568.0183410643,0.0,0.0,0.0,0,history_starts_too_late
MCACU,2020-06-05,2020-07-02,20,3,465248.0072975159,1.0,0.0,1.0,1,history_starts_too_late
MC,2014-04-16,2020-07-02,1565,4,17504720.72496414,722.0,361.0,361.0,722,history_starts_too_late
MBUU,2014-01-31,2020-07-02,1617,4,7704133.991241455,1148.0,574.0,574.0,1148,history_starts_too_late
MBSD,2014-09-04,2020-07-02,1382,9,116547.25036621094,140.0,70.0,70.0,140,history_starts_too_late
MBRX,2016-06-02,2020-07-02,1013,24,273368.9989686012,0.0,0.0,0.0,0,history_starts_too_late
MCEF,2016-09-29,2020-07-02,754,7,37479.75015640259,0.0,0.0,0.0,0,history_starts_too_late
MBIO,2017-08-22,2020-07-02,721,4,780049.9876022339,50.0,0.0,50.0,50,history_starts_too_late
MBINO,2019-08-19,2020-06-19,212,4,372494.9973106385,0.0,0.0,0.0,0,history_starts_too_late
MBIN,2017-10-27,2020-07-02,674,4,638990.9912109375,63.0,0.0,63.0,63,history_starts_too_late
MBII,2013-08-02,2020-07-02,1742,4,149909.00000035763,704.0,352.0,352.0,704,history_starts_too_late
MARB,2020-02-05,2020-07-02,78,6,19857.00035095215,7.0,0.0,7.0,7,history_starts_too_late
MARA,2012-05-04,2020-07-02,2054,5,124757.002723217,1638.0,819.0,819.0,1638,history_starts_too_late
MANU,2012-08-10,2020-07-02,1985,5,1222893.9677238464,845.0,0.0,845.0,845,history_starts_too_late
MAGA,2017-09-14,2020-07-02,693,4,27014.74952697754,5.0,0.0,5.0,5,history_starts_too_late
MBINP,2019-03-26,2020-07-02,272,6,43898.50015640259,0.0,0.0,0.0,0,history_starts_too_late
MCEP,2011-12-15,2020-04-01,2086,5,30568.999248743054,0.0,0.0,0.0,0,history_starts_too_late
MCFT,2015-07-17,2020-07-02,1250,4,3363261.068201065,126.0,0.0,126.0,126,history_starts_too_late
MCHI,2015-01-02,2020-07-02,1385,4,194961617.4699784,510.0,54.0,456.0,510,history_starts_too_late
MEDP,2016-08-11,2020-07-02,980,4,21888278.79562378,175.0,0.0,175.0,175,history_starts_too_late
MEC,2015-01-05,2020-07-02,754,435,313184.9890232086,0.0,0.0,0.0,0,history_starts_too_late
MEAR,2015-03-05,2020-07-02,1189,16,1436434.9781036377,0.0,0.0,0.0,0,history_starts_too_late
MDWD,2014-03-20,2020-07-02,1584,4,129379.2541384697,560.0,280.0,280.0,560,history_starts_too_late
MDRR,2018-11-28,2020-07-02,384,6,33102.94942855834,21.0,0.0,21.0,21,history_starts_too_late
MDLY,2014-09-24,2020-07-02,1454,4,51961.0000371933,602.0,301.0,301.0,602,history_starts_too_late
MDLX,2016-08-19,2020-07-02,969,4,81555.49956560135,0.0,0.0,0.0,0,history_starts_too_late
MDLQ,2017-02-14,2020-07-02,851,4,112768.99814605711,0.0,0.0,0.0,0,history_starts_too_late
MDLA,2019-07-19,2020-07-02,242,4,29895512.55569458,0.0,0.0,0.0,0,history_starts_too_late
MDJH,2019-01-08,2020-07-02,328,9,5630.999970436096,12.0,0.0,12.0,12,history_starts_too_late
MDIV,2012-08-14,2020-07-02,1984,5,1634183.4939956665,275.0,50.0,225.0,275,history_starts_too_late
MDIA,2015-01-02,2020-07-02,149,1151,39599.99895095825,21.0,0.0,21.0,21,history_starts_too_late
MDGS,2015-09-21,2020-07-02,985,87,18616.000270843502,58.0,0.0,58.0,58,history_starts_too_late
MCX,2015-12-24,2020-04-01,1074,4,95350.5018234253,0.0,0.0,0.0,0,history_starts_too_late
MCV,2013-03-22,2020-07-02,1831,4,65670.0005531311,24.0,12.0,12.0,24,history_starts_too_late
MCRB,2015-06-26,2020-07-02,1264,4,894248.2644081116,14.0,0.0,14.0,14,history_starts_too_late
MCMJ,2019-12-13,2020-06-19,98,7,25214.99948501587,0.0,0.0,0.0,0,history_starts_too_late
MESA,2018-08-10,2020-07-02,477,4,2348818.514585495,62.0,0.0,62.0,62,history_starts_too_late
MLPC,2013-09-26,2020-07-02,1682,7,2285.9999656677246,14.0,7.0,7.0,14,history_starts_too_late
MLPE,2016-08-11,2020-04-01,916,4,0.0,0.0,0.0,0.0,0,history_starts_too_late
MLPO,2015-01-07,2020-06-30,271,115,5606.400108337402,100.0,50.0,50.0,100,history_starts_too_late
MTSI,2012-03-15,2023-12-28,2967,5,27320249.14112091,1890.0,781.0,1109.0,1890,history_starts_too_late
MTP,2015-12-07,2020-07-02,970,15,168139.99519348145,0.0,0.0,0.0,0,history_starts_too_late
MTNB,2014-07-21,2023-12-28,2378,4,151861.75096929073,36.0,0.0,36.0,36,history_starts_too_late
MTLS,2014-06-25,2023-12-28,2395,4,844639.5093917847,728.0,264.0,464.0,728,history_starts_too_late
MTGP,2019-11-18,2020-07-02,144,9,55613.24882507324,0.0,0.0,0.0,0,history_starts_too_late
MTDR,2012-02-02,2023-12-28,2996,5,67847047.2623825,3024.0,1018.0,2006.0,3024,history_starts_too_late
MTCN,2020-05-28,2020-07-02,26,3,1928394.0155029297,0.0,0.0,0.0,0,history_starts_too_late
MTUM,2013-04-18,2023-12-28,2694,4,54162130.61828613,1303.0,455.0,848.0,1303,history_starts_too_late
MTBCP,2015-11-04,2020-07-02,1170,4,317416.8032646179,0.0,0.0,0.0,0,history_starts_too_late
MSVX,2020-05-15,2020-07-02,34,4,192494.2541122436,0.0,0.0,0.0,0,history_starts_too_late
MSUS,2018-04-04,2020-06-25,235,62,11980.99994659424,0.0,0.0,0.0,0,history_starts_too_late
MSGS,2015-09-17,2023-12-28,2085,4,23870697.625732426,46.0,0.0,46.0,46,history_starts_too_late
MSGE,2020-04-09,2020-07-02,59,4,17291071.215820312,0.0,0.0,0.0,0,history_starts_too_late
MSC,2018-10-11,2023-12-28,1311,4,56928.99942398071,293.0,129.0,164.0,293,history_starts_too_late
MSBI,2016-05-24,2023-12-28,1913,4,1274981.0062408447,144.0,0.0,144.0,144,history_starts_too_late
MRUS,2016-05-19,2023-12-28,1916,4,5547517.095756531,95.0,0.0,95.0,95,history_starts_too_late
MTBC,2014-07-23,2020-07-02,1498,4,258085.6064081192,558.0,279.0,279.0,558,history_starts_too_late
MUSA,2013-08-19,2023-12-28,2609,4,70228818.30444336,2516.0,693.0,1823.0,2494,history_starts_too_late
MUST,2018-10-10,2020-07-02,328,19,47750.99983215332,0.0,0.0,0.0,0,history_starts_too_late
MUTE,2019-01-14,2020-07-02,342,8,23633.050918579105,0.0,0.0,0.0,0,history_starts_too_late
NAOV,2015-05-28,2023-12-28,2163,4,29639.50108885765,34.0,0.0,34.0,34,history_starts_too_late
NANR,2015-12-18,2023-12-28,2020,4,1329343.5054779053,57.0,0.0,57.0,57,history_starts_too_late
NAKD,2013-11-25,2020-07-02,1084,162,8633048.21035862,0.0,0.0,0.0,0,history_starts_too_late
NAIL,2015-08-19,2023-12-28,2105,4,13661680.195999146,89.0,0.0,89.0,89,history_starts_too_late
NACP,2018-07-19,2020-06-19,388,14,4417.0000076293945,0.0,0.0,0.0,0,history_starts_too_late
MYT,2015-06-04,2020-07-02,1280,4,44678.2992631197,0.0,0.0,0.0,0,history_starts_too_late
MYSZ,2016-07-25,2023-12-28,1871,4,40940.00008702278,18.0,0.0,18.0,18,history_starts_too_late
MYOV,2016-10-27,2020-07-02,926,4,6864562.128353119,0.0,0.0,0.0,0,history_starts_too_late
MYOK,2015-10-29,2020-07-02,1177,4,22158560.51902771,0.0,0.0,0.0,0,history_starts_too_late
MYO,2017-06-12,2023-12-28,1649,4,251502.702832222,49.0,0.0,49.0,49,history_starts_too_late
MYFW,2018-07-19,2023-12-28,1371,4,268468.5055732727,47.0,0.0,47.0,47,history_starts_too_late
MXDU,2017-09-19,2020-06-29,430,22,17570.699501037598,0.0,0.0,0.0,0,history_starts_too_late
MXDE,2018-03-27,2020-07-02,217,32,4515.99998474121,0.0,0.0,0.0,0,history_starts_too_late
MX,2011-03-11,2023-12-28,3222,5,2004784.9281787872,1385.0,574.0,811.0,1385,history_starts_too_late
MVRL,2020-06-08,2020-07-02,18,4,5931.599998474121,0.0,0.0,0.0,0,history_starts_too_late
MVCD,2017-11-20,2020-07-02,655,6,178057.50036239624,0.0,0.0,0.0,0,history_starts_too_late
MVBF,2012-08-03,2023-12-28,2869,5,560578.5035133362,82.0,0.0,82.0,82,history_starts_too_late
MRTX,2013-07-15,2023-12-28,2634,4,45556132.41615296,402.0,0.0,402.0,402,history_starts_too_late
MRSN,2017-06-28,2020-06-19,750,4,1594584.524679184,0.0,0.0,0.0,0,history_starts_too_late
MRIN,2013-03-22,2020-06-19,1825,4,30577.500194311146,474.0,237.0,237.0,474,history_starts_too_late
MREO,2019-04-24,2023-12-28,1180,4,1067522.0055818558,37.0,0.0,37.0,37,history_starts_too_late
MNRL,2019-04-18,2020-07-02,305,4,4485273.867988586,0.0,0.0,0.0,0,history_starts_too_late
MNPR,2019-12-19,2020-06-19,125,4,72890.99626541138,0.0,0.0,0.0,0,history_starts_too_late
MNLO,2018-01-25,2020-07-02,614,4,790911.5045785904,0.0,0.0,0.0,0,history_starts_too_late
MNK,2013-06-17,2020-07-02,1775,4,20002214.19532299,3330.0,1665.0,1665.0,3330,history_starts_too_late
MNCLW,2020-06-19,2020-06-19,1,0,600701.25,0.0,0.0,0.0,0,history_starts_too_late
MNCLU,2019-02-07,2020-06-22,295,33,0.0,0.0,0.0,0.0,0,history_starts_too_late
MNCL,2019-02-28,2020-07-02,321,11,12036.00025177002,0.0,0.0,0.0,0,history_starts_too_late
MN,2011-11-18,2020-07-02,2168,5,82062.00226545334,0.0,0.0,0.0,0,history_starts_too_late
MMTM,2012-10-25,2023-12-28,2811,5,207948.0010986328,86.0,34.0,52.0,86,history_starts_too_late
MMIT,2017-10-18,2020-07-02,357,272,52269.99855041504,0.0,0.0,0.0,0,history_starts_too_late
MMIN,2017-10-18,2020-07-02,452,41,355430.7460784912,0.0,0.0,0.0,0,history_starts_too_late
MMI,2013-10-31,2020-07-02,1679,4,4417744.3519592285,1990.0,995.0,995.0,1990,history_starts_too_late
MMD,2012-08-03,2020-07-02,1991,5,1045628.0267715454,194.0,68.0,126.0,194,history_starts_too_late
MLTI,2015-09-30,2020-06-11,497,56,5715.60001373291,0.0,0.0,0.0,0,history_starts_too_late
MLPY,2011-03-17,2020-07-02,2239,6,13976.000165939333,100.0,50.0,50.0,100,history_starts_too_late
MLPX,2013-08-07,2020-07-02,1739,4,6880923.978042603,345.0,41.0,304.0,345,history_starts_too_late
MLPR,2020-07-02,2020-07-02,1,0,31236.849655151367,0.0,0.0,0.0,0,history_starts_too_late
MOAT,2012-04-25,2023-12-28,2939,5,58491033.8722229,559.0,44.0,515.0,559,history_starts_too_late
MACK,2012-03-29,2020-06-19,2070,5,116227.99849510191,1264.0,632.0,632.0,1264,history_starts_too_late
MOBL,2014-06-12,2020-07-02,1526,4,4137468.6420440674,462.0,231.0,231.0,462,history_starts_too_late
MOGO,2017-05-16,2023-12-28,1667,4,67646.54907536507,64.0,0.0,64.0,64,history_starts_too_late
MRCCL,2018-09-18,2020-06-19,438,4,86088.00220489502,0.0,0.0,0.0,0,history_starts_too_late
MRCC,2012-10-25,2023-12-28,2811,5,393735.4984521866,1015.0,423.0,592.0,1015,history_starts_too_late
MRC,2012-04-12,2020-04-01,2006,5,10323788.265228271,1114.0,557.0,557.0,1114,history_starts_too_late
MRBK,2017-10-26,2023-12-28,1546,12,190458.2483291626,70.0,0.0,70.0,70,history_starts_too_late
MRAM,2016-10-07,2023-12-28,1818,4,568050.0144958496,61.0,0.0,61.0,61,history_starts_too_late
MR,2014-06-20,2020-07-02,1520,4,2357965.9635543823,0.0,0.0,0.0,0,history_starts_too_late
MPLX,2012-10-26,2023-12-28,2810,5,55401369.57798004,2538.0,866.0,1672.0,2538,history_starts_too_late
MPC,2011-06-24,2020-07-02,2271,5,306699154.4887543,3148.0,1574.0,1574.0,3148,history_starts_too_late
MOXC,2015-02-10,2020-07-02,934,166,13508.50036740303,0.0,0.0,0.0,0,history_starts_too_late
MOTS,2018-02-14,2023-12-28,1478,4,39810.73499941826,41.0,0.0,41.0,41,history_starts_too_late
MOTI,2015-07-14,2023-12-28,2131,4,511611.994934082,57.0,0.0,57.0,57,history_starts_too_late
MORT,2011-08-17,2023-12-28,3112,5,1418706.4699172974,1769.0,654.0,1115.0,1769,history_starts_too_late
MORF,2019-06-27,2023-12-28,1135,4,16332478.925704956,126.0,0.0,126.0,126,history_starts_too_late
MOR,2018-04-19,2023-12-28,1434,4,928789.5069122314,150.0,0.0,150.0,150,history_starts_too_late
MOM,2015-01-02,2020-07-02,942,18,37186.49959564209,100.0,50.0,50.0,100,history_starts_too_late
MOHO,2019-11-08,2020-07-02,152,6,156158.99641513824,0.0,0.0,0.0,0,history_starts_too_late
MOGU,2018-12-06,2023-12-28,1274,4,4789.800035953522,59.0,0.0,59.0,59,history_starts_too_late
MODN,2013-03-20,2020-06-19,1827,4,8279182.004356384,658.0,329.0,329.0,658,history_starts_too_late
LYRA,2020-05-01,2023-12-28,922,4,178722.00202941897,7.0,0.0,7.0,7,history_starts_too_late
LYFT,2019-03-29,2023-12-28,1197,4,155640017.71707535,7.0,0.0,7.0,7,history_starts_too_late
PHYL,2018-09-27,2020-07-02,307,33,25650.499534606934,0.0,0.0,0.0,0,history_starts_too_late
LACQ,2018-02-26,2020-07-02,320,18,102130.00383377077,0.0,0.0,0.0,0,history_starts_too_late
LABU,2015-05-28,2023-12-28,2163,4,188542903.7343025,7.0,0.0,7.0,7,history_starts_too_late
LABD,2015-05-28,2023-12-28,2163,4,100242814.9532318,7.0,0.0,7.0,7,history_starts_too_late
KZR,2018-06-21,2023-12-28,1390,4,1281582.9874038696,7.0,0.0,7.0,7,history_starts_too_late
KXIN,2017-11-06,2023-12-28,1546,4,86923.72665905952,63.0,0.0,63.0,63,history_starts_too_late
KWEB,2013-08-01,2023-12-28,2621,4,509223029.931736,2394.0,995.0,1399.0,2394,history_starts_too_late
KURE,2018-02-01,2023-12-28,1487,4,225756.4940452576,28.0,0.0,28.0,28,history_starts_too_late
LACQU,2017-12-01,2020-07-02,258,45,28135.00051498413,0.0,0.0,0.0,0,history_starts_too_late
KURA,2015-09-16,2023-12-28,2086,4,6445152.00843811,96.0,0.0,96.0,96,history_starts_too_late
KTOV,2015-11-20,2020-07-02,1159,4,99989.50193598866,0.0,0.0,0.0,0,history_starts_too_late
KSCD,2019-06-20,2020-07-02,256,6,55644.10018920898,0.0,0.0,0.0,0,history_starts_too_late
KSA,2015-09-17,2023-12-28,2085,4,16861617.652511597,32.0,0.0,32.0,32,history_starts_too_late
KRYS,2017-09-20,2023-12-28,1579,4,23359998.972702023,98.0,0.0,98.0,98,history_starts_too_late
KRUS,2019-08-01,2023-12-28,1111,4,8236624.058532715,147.0,0.0,147.0,147,history_starts_too_late
KRTX,2019-06-28,2023-12-28,1134,4,52719887.47406006,12.0,0.0,12.0,12,history_starts_too_late
KRP,2017-02-03,2023-12-28,1737,4,4776496.99678421,134.0,0.0,134.0,134,history_starts_too_late
KTOVW,2020-06-19,2020-06-19,1,0,6733.366260305036,0.0,0.0,0.0,0,history_starts_too_late
LADR,2014-02-06,2023-12-28,2491,4,6131902.008390427,1235.0,614.0,621.0,1235,history_starts_too_late
LAIX,2018-09-27,2020-07-02,442,4,318453.4981489181,0.0,0.0,0.0,0,history_starts_too_late
LAND,2013-01-29,2023-12-28,2749,4,2514285.541296005,915.0,454.0,461.0,913,history_starts_too_late
LDUR,2014-01-23,2023-12-28,2501,4,5741435.443878174,98.0,49.0,49.0,98,history_starts_too_late
LDSF,2019-01-08,2023-12-28,1253,4,565268.9999580383,14.0,0.0,14.0,14,history_starts_too_late
LDRS,2017-12-22,2020-07-02,631,4,39653.99951934815,0.0,0.0,0.0,0,history_starts_too_late
LDP,2012-07-30,2023-12-28,2873,5,1602061.485671997,316.0,109.0,207.0,316,history_starts_too_late
LDEM,2020-02-12,2023-12-28,977,4,120339.0043258667,7.0,0.0,7.0,7,history_starts_too_late
LCAHU,2016-05-26,2020-06-19,885,165,10933.421873092651,0.0,0.0,0.0,0,history_starts_too_late
LCA,2019-06-06,2020-07-02,197,18,259434.9989891052,0.0,0.0,0.0,0,history_starts_too_late
LC,2014-12-11,2020-04-01,1335,4,9930809.006762505,0.0,0.0,0.0,0,history_starts_too_late
LBRT,2018-01-11,2020-07-02,623,4,6244841.760253906,0.0,0.0,0.0,0,history_starts_too_late
LBRDK,2014-11-05,2023-12-28,2302,4,59620968.31474304,453.0,159.0,294.0,453,history_starts_too_late
LBRDA,2014-11-04,2020-07-02,1425,4,11410031.219863892,483.0,203.0,280.0,483,history_starts_too_late
LAZY,2018-03-16,2020-07-02,578,4,17192.000222206116,73.0,0.0,73.0,73,history_starts_too_late
LAUR,2017-02-01,2023-12-28,1739,4,9191150.223350525,161.0,0.0,161.0,161,history_starts_too_late
LATNW,2020-07-02,2020-07-02,1,0,35100.00052303076,0.0,0.0,0.0,0,history_starts_too_late
LATNU,2019-10-18,2020-07-02,95,28,50349.9984741211,0.0,0.0,0.0,0,history_starts_too_late
LASR,2018-04-26,2023-12-28,1429,4,2387545.5000400543,0.0,0.0,0.0,0,history_starts_too_late
LANDP,2016-08-19,2023-12-28,1060,1071,209834.80014801025,7.0,0.0,7.0,7,history_starts_too_late
KROS,2020-04-08,2023-12-28,938,4,7391695.227241516,44.0,0.0,44.0,44,history_starts_too_late
KRNT,2015-04-02,2023-12-28,2201,4,7796581.89907074,139.0,0.0,139.0,139,history_starts_too_late
KRKR,2019-11-08,2023-12-28,1041,4,17295.000058412552,13.0,0.0,13.0,13,history_starts_too_late
KREF,2017-05-05,2023-12-28,1674,4,5180111.982917786,7.0,0.0,7.0,7,history_starts_too_late
KLDW,2015-07-10,2023-12-28,2133,4,182819.65236663815,5.0,0.0,5.0,5,history_starts_too_late
KLDO,2019-02-28,2023-12-28,1218,4,0.0350999991132922,7.0,0.0,7.0,7,history_starts_too_late
KLCD,2019-06-20,2020-07-02,253,6,102686.34862899782,0.0,0.0,0.0,0,history_starts_too_late
KJAN,2020-01-02,2023-12-28,1005,4,503195.0037002564,5.0,0.0,5.0,5,history_starts_too_late
KIO,2013-07-26,2020-06-19,1738,4,1509739.9687290192,1372.0,686.0,686.0,1372,history_starts_too_late
KIN,2013-12-12,2020-07-02,1650,4,984009.9836349488,624.0,312.0,312.0,624,history_starts_too_late
KIDS,2017-10-12,2023-12-28,1563,4,3854445.980453491,7.0,0.0,7.0,7,history_starts_too_late
KHC,2015-07-06,2023-12-28,2137,4,243013457.85751343,2429.0,0.0,2429.0,2429,history_starts_too_late
KGRN,2017-10-13,2023-12-28,1562,4,344698.4968185425,58.0,0.0,58.0,58,history_starts_too_late
KFYP,2015-01-02,2020-07-02,973,31,135686.99913024902,110.0,55.0,55.0,110,history_starts_too_late
KEYS,2014-10-20,2020-06-19,1427,4,141241138.2972717,1606.0,803.0,803.0,1606,history_starts_too_late
KERN,2018-02-26,2023-12-28,1471,4,55986.39808297157,7.0,0.0,7.0,7,history_starts_too_late
KEN,2015-01-15,2020-06-19,1356,5,24200.19989013672,0.0,0.0,0.0,0,history_starts_too_late
KEMQ,2017-10-12,2023-12-28,1563,4,47169.19918060303,18.0,0.0,18.0,18,history_starts_too_late
KE,2014-07-22,2023-12-28,2319,21,1925230.027961731,303.0,115.0,188.0,303,history_starts_too_late
KDMN,2016-07-27,2020-07-02,991,4,5743165.168738365,0.0,0.0,0.0,0,history_starts_too_late
KDFI,2019-12-09,2020-07-02,138,5,92274.29695129396,0.0,0.0,0.0,0,history_starts_too_late
KLXE,2018-08-29,2023-12-28,1342,4,1672616.4855003357,64.0,0.0,64.0,64,history_starts_too_late
LE,2014-03-20,2023-12-28,2462,4,966381.9757461548,992.0,360.0,632.0,991,history_starts_too_late
KMDA,2013-05-31,2023-12-28,2664,4,102014.99927043916,905.0,379.0,526.0,905,history_starts_too_late
KMI,2011-02-11,2023-12-28,3242,4,211718127.87389755,4335.0,2164.0,2171.0,4333,history_starts_too_late
KPTI,2013-11-06,2023-12-28,2553,4,4050142.524838448,1894.0,858.0,1036.0,1894,history_starts_too_late
KOS,2011-05-11,2023-12-28,3180,5,32479160.24017334,1784.0,668.0,1116.0,1784,history_starts_too_late
KORU,2013-04-10,2023-12-28,2700,4,2066331.500530243,141.0,53.0,88.0,141,history_starts_too_late
KORP,2018-01-16,2023-12-28,1499,4,401505.1929473877,7.0,0.0,7.0,7,history_starts_too_late
KOMP,2017-11-10,2023-12-28,1306,344,3654363.907623291,46.0,0.0,46.0,46,history_starts_too_late
KOLD,2011-10-06,2023-12-28,3077,5,119010147.20993042,121.0,57.0,64.0,121,history_starts_too_late
KOKU,2020-04-08,2023-12-28,938,4,7574.900054931641,1.0,0.0,1.0,1,history_starts_too_late
KOIN,2018-01-30,2023-12-28,1489,4,38715.94982147217,7.0,0.0,7.0,7,history_starts_too_late
KODK,2013-09-23,2023-12-28,2585,4,1897994.9768543243,1267.0,471.0,796.0,1267,history_starts_too_late
KNSL,2016-07-28,2020-06-19,981,4,16769263.806152344,0.0,0.0,0.0,0,history_starts_too_late
KNSA,2018-05-24,2023-12-28,1409,4,4848751.01890564,73.0,0.0,73.0,73,history_starts_too_late
KNOW,2011-12-08,2020-06-19,1952,12,422479.4975280762,130.0,65.0,65.0,130,history_starts_too_late
KNOP,2013-04-10,2020-06-19,1813,4,1824579.965019226,670.0,335.0,335.0,670,history_starts_too_late
KNG,2015-01-06,2023-12-28,1616,60,8121319.284439087,4.0,0.0,4.0,4,history_starts_too_late
KNAB,2019-04-03,2020-07-02,106,25,9185.400009155272,0.0,0.0,0.0,0,history_starts_too_late
KN,2014-02-14,2020-07-02,1607,4,14196989.87207413,0.0,0.0,0.0,0,history_starts_too_late
KMPH,2015-04-16,2020-04-01,1250,4,203693.9945429563,0.0,0.0,0.0,0,history_starts_too_late
KMED,2018-10-18,2020-07-02,282,15,6511.499977111816,0.0,0.0,0.0,0,history_starts_too_late
KC,2020-05-08,2023-12-28,917,4,8043884.173965454,123.0,0.0,123.0,123,history_starts_too_late
LEAD,2016-01-06,2023-12-28,2009,4,91969.25048828124,16.0,0.0,16.0,16,history_starts_too_late
LEGH,2018-12-14,2023-12-28,1268,4,786244.5176124573,53.0,0.0,53.0,53,history_starts_too_late
LPCN,2013-10-22,2023-12-28,2564,4,47408.74196314812,921.0,457.0,464.0,921,history_starts_too_late
LOWC,2014-11-26,2020-07-02,1176,11,127692.80090332033,0.0,0.0,0.0,0,history_starts_too_late
LOOP,2017-11-20,2023-12-28,1536,4,108644.997215271,7.0,0.0,7.0,7,history_starts_too_late
LOMA,2017-10-26,2023-12-28,1550,6,1476961.4756584167,7.0,0.0,7.0,7,history_starts_too_late
LOGC,2018-10-19,2020-07-02,428,4,317802.9930591583,0.0,0.0,0.0,0,history_starts_too_late
LOCO,2014-07-25,2023-12-28,2374,4,2564410.9539031982,1311.0,652.0,659.0,1311,history_starts_too_late
LOB,2015-07-23,2020-06-19,1237,4,2346809.9641799927,0.0,0.0,0.0,0,history_starts_too_late
LPG,2014-05-08,2023-12-28,2428,4,14949598.466682434,665.0,329.0,336.0,665,history_starts_too_late
LOAK,2020-05-28,2020-07-02,24,4,51994.9996471405,0.0,0.0,0.0,0,history_starts_too_late
LOAC,2018-10-16,2020-06-29,385,14,0.0,0.0,0.0,0.0,0,history_starts_too_late
LNTH,2015-06-25,2023-12-28,2143,4,64670492.752456665,7.0,0.0,7.0,7,history_starts_too_late
LNGR,2016-05-10,2020-07-01,862,26,59921.34990692139,0.0,0.0,0.0,0,history_starts_too_late
LND,2012-05-15,2023-12-28,2925,5,205920.0038909912,117.0,55.0,62.0,117,history_starts_too_late
LN,2015-10-12,2020-07-02,1188,4,1689843.4888839722,0.0,0.0,0.0,0,history_starts_too_late
LMRKP,2016-03-31,2020-06-19,1036,5,101359.99984741212,0.0,0.0,0.0,0,history_starts_too_late
LMRKO,2016-08-31,2020-07-02,958,5,129394.5011138916,0.0,0.0,0.0,0,history_starts_too_late
LOACU,2018-08-29,2020-06-15,142,55,9914.99981880188,0.0,0.0,0.0,0,history_starts_too_late
LPI,2011-12-15,2020-06-19,2141,5,11299439.697265623,1644.0,822.0,822.0,1644,history_starts_too_late
LPTX,2017-01-25,2023-12-28,1744,4,359276.9982647896,7.0,0.0,7.0,7,history_starts_too_late
LQDA,2018-07-26,2023-12-28,1366,4,2801365.5220985413,7.0,0.0,7.0,7,history_starts_too_late
LW,2016-11-10,2023-12-28,1794,4,136495246.3809967,7.0,0.0,7.0,7,history_starts_too_late
LVUS,2017-05-11,2020-07-02,319,91,8399.549961090088,0.0,0.0,0.0,0,history_starts_too_late
LVHB,2016-10-21,2020-07-02,930,4,457402.7459144592,0.0,0.0,0.0,0,history_starts_too_late
LUMO,2011-11-11,2023-12-28,3051,5,54610.49945354462,7.0,0.0,7.0,7,history_starts_too_late
LTRPB,2014-08-29,2020-06-19,387,58,4617.0000076293945,98.0,49.0,49.0,98,history_starts_too_late
LTRPA,2014-08-27,2023-12-28,2351,4,147708.80092978475,338.0,169.0,169.0,338,history_starts_too_late
LTHM,2018-10-11,2023-12-28,1312,4,66346820.16563416,7.0,0.0,7.0,7,history_starts_too_late
LSXMB,2016-04-21,2023-12-28,1936,4,0.0,7.0,0.0,7.0,7,history_starts_too_late
LSXMA,2016-04-18,2023-12-28,1939,4,23853782.82117844,7.0,0.0,7.0,7,history_starts_too_late
LSST,2017-12-28,2020-07-02,404,21,25152.50015258789,0.0,0.0,0.0,0,history_starts_too_late
LSLT,2019-03-13,2020-06-19,313,5,33011.100578308105,0.0,0.0,0.0,0,history_starts_too_late
LSAF,2018-10-02,2020-07-02,439,4,187855.0033569336,0.0,0.0,0.0,0,history_starts_too_late
LRNZ,2020-03-03,2020-07-02,82,5,103602.5013923645,0.0,0.0,0.0,0,history_starts_too_late
LRMR,2014-06-19,2023-12-28,2399,4,495727.9946088791,7.0,0.0,7.0,7,history_starts_too_late
LRGE,2017-05-31,2020-07-02,556,36,611156.184387207,0.0,0.0,0.0,0,history_starts_too_late
LQDI,2018-05-15,2020-07-02,328,18,8141.249942779541,0.0,0.0,0.0,0,history_starts_too_late
LQDH,2014-06-17,2023-12-28,2401,4,1190665.538406372,7.0,0.0,7.0,7,history_starts_too_late
LMRKN,2018-04-20,2020-07-02,543,4,57155.99899291993,0.0,0.0,0.0,0,history_starts_too_late
LMRK,2015-01-02,2020-07-02,1385,4,1099931.5268993378,566.0,283.0,283.0,566,history_starts_too_late
LMPX,2019-12-05,2023-12-28,1023,4,2885.359962284565,7.0,0.0,7.0,7,history_starts_too_late
LMNL,2015-01-05,2020-07-02,1278,15,11404.500461816788,0.0,0.0,0.0,0,history_starts_too_late
LHC,2018-04-16,2023-12-28,1270,242,2198.459984779358,0.0,0.0,0.0,0,history_starts_too_late
LGOV,2019-01-23,2023-12-28,1243,4,1151567.5155639648,2.0,0.0,2.0,2,history_starts_too_late
LGLV,2013-02-21,2023-12-28,2733,4,2250631.524658203,107.0,50.0,57.0,107,history_starts_too_late
LGIH,2013-11-07,2020-07-02,1674,4,21370464.629364014,0.0,0.0,0.0,0,history_starts_too_late
LGHL,2019-06-21,2023-12-28,1139,4,179467.70204544067,7.0,0.0,7.0,7,history_starts_too_late
LGH,2019-10-10,2023-12-28,1062,4,601795.9808349609,7.0,0.0,7.0,7,history_starts_too_late
LGF.B,2016-12-09,2016-12-16,6,3,38750061.06843948,0.0,0.0,0.0,0,history_starts_too_late
LGC,2017-12-08,2020-07-02,643,4,56238.500928878784,0.0,0.0,0.0,0,history_starts_too_late
LFEQ,2017-10-09,2023-12-28,1566,4,44671.8002319336,7.0,0.0,7.0,7,history_starts_too_late
LFACU,2018-06-20,2020-07-01,458,40,0.0,0.0,0.0,0.0,0,history_starts_too_late
LFAC,2018-06-29,2020-07-02,482,9,9240.750360488892,0.0,0.0,0.0,0,history_starts_too_late
LEVL,2018-04-20,2020-07-02,555,4,130651.00173950195,0.0,0.0,0.0,0,history_starts_too_late
LEVI,2019-03-21,2023-12-28,1203,4,27399903.98206711,554.0,0.0,554.0,554,history_starts_too_late
LEND,2019-05-09,2020-07-02,193,23,3497.7001190185547,0.0,0.0,0.0,0,history_starts_too_late
LEMB,2011-10-20,2023-12-28,3067,5,3368393.992805481,529.0,254.0,275.0,529,history_starts_too_late
LEJU,2014-04-17,2023-12-28,2442,4,29751.999640464783,784.0,330.0,454.0,784,history_starts_too_late
LEGN,2017-02-14,2023-12-28,919,442,35990184.70954895,166.0,0.0,166.0,166,history_starts_too_late
LIFE,2015-05-07,2023-12-28,2177,4,392982.5090646744,7.0,0.0,7.0,7,history_starts_too_late
LEAF,2011-01-27,2020-07-02,2374,5,173765.50543308258,0.0,0.0,0.0,0,history_starts_too_late
LILA,2015-07-02,2023-12-28,2138,4,1792838.541674614,7.0,0.0,7.0,7,history_starts_too_late
LIND,2013-07-03,2023-12-28,2641,4,2715952.5522708893,7.0,0.0,7.0,7,history_starts_too_late
LMLB,2019-10-30,2020-06-19,148,13,17658.05015563965,0.0,0.0,0.0,0,history_starts_too_late
LMHB,2016-08-19,2020-07-02,974,4,981403.0145645142,0.0,0.0,0.0,0,history_starts_too_late
LMHA,2016-03-24,2020-07-02,1077,4,362184.0015411377,0.0,0.0,0.0,0,history_starts_too_late
LMFA,2015-12-17,2023-12-28,2021,4,43686.29859983921,7.0,0.0,7.0,7,history_starts_too_late
LMBS,2014-11-05,2023-12-28,2302,4,27290363.82446289,149.0,71.0,78.0,149,history_starts_too_late
LMB,2014-08-08,2023-12-28,2364,4,3753032.9891204834,7.0,0.0,7.0,7,history_starts_too_late
LKOR,2015-09-24,2023-12-28,2079,4,35135.54935455322,7.0,0.0,7.0,7,history_starts_too_late
LKCO,2019-01-15,2023-12-28,1248,4,112331.00128769876,7.0,0.0,7.0,7,history_starts_too_late
LK,2019-05-17,2020-07-02,257,28,127312928.10211185,0.0,0.0,0.0,0,history_starts_too_late
LJPC,2012-02-22,2020-07-02,2105,5,3538642.8928375244,1108.0,554.0,554.0,1104,history_starts_too_late
LIZI,2020-01-17,2023-12-28,994,4,120834.14916992188,7.0,0.0,7.0,7,history_starts_too_late
LIVX,2017-08-18,2020-07-02,638,118,284786.0030412674,0.0,0.0,0.0,0,history_starts_too_late
LIVKU,2019-12-11,2020-07-02,69,23,69206.99815750122,0.0,0.0,0.0,0,history_starts_too_late
LITE,2015-07-23,2023-12-28,2124,4,54559148.24428558,7.0,0.0,7.0,7,history_starts_too_late
LITB,2013-06-06,2023-12-28,2660,4,55535.00008583069,471.0,232.0,239.0,471,history_starts_too_late
LIQT,2011-08-31,2023-12-28,3102,5,23546.31986963749,477.0,235.0,242.0,477,history_starts_too_late
LINX,2019-06-26,2020-07-02,258,4,699408.9956760408,0.0,0.0,0.0,0,history_starts_too_late
LILAK,2015-06-23,2023-12-28,2145,4,7385801.827096939,7.0,0.0,7.0,7,history_starts_too_late
PI,2016-07-21,2023-12-28,1873,4,41217746.44775391,362.0,0.0,362.0,362,history_starts_too_late
RFDI,2016-04-14,2023-12-28,1941,4,211904.9970626831,4.0,0.0,4.0,4,history_starts_too_late
PICK,2012-02-02,2023-12-28,2996,5,7958114.7621154785,92.0,0.0,92.0,92,history_starts_too_late
UEUR,2017-12-12,2020-07-02,552,22,26011.15016937256,0.0,0.0,0.0,0,history_starts_too_late
UDEC,2019-12-02,2023-12-28,1026,4,208397.75104522705,1.0,0.0,1.0,1,history_starts_too_late
UCIB,2015-10-09,2023-12-28,2069,4,15170.999908447267,8699.0,0.0,8699.0,8699,history_starts_too_late
UCI,2015-01-02,2020-07-02,1382,4,85926.49998664856,106.0,53.0,53.0,106,history_starts_too_late
UCHF,2017-12-12,2020-07-02,376,21,5975.400066375733,0.0,0.0,0.0,0,history_starts_too_late
UCBIO,2020-06-04,2023-12-28,899,4,154700.00133514404,7621.0,0.0,7621.0,7621,history_starts_too_late
UBX,2018-05-03,2023-12-28,1424,4,387484.4941854477,45.0,0.0,45.0,45,history_starts_too_late
UBG,2015-01-02,2020-07-02,650,26,6445.999908447266,104.0,52.0,52.0,104,history_starts_too_late
UBER,2019-05-10,2023-12-28,1168,4,788646437.9001617,928.0,0.0,928.0,928,history_starts_too_late
UBA,2015-01-02,2020-07-02,1385,4,2093327.9598236084,664.0,332.0,332.0,646,history_starts_too_late
UAUG,2019-08-06,2023-12-28,1108,4,724995.2993392944,3.0,0.0,3.0,3,history_starts_too_late
UAUD,2017-12-12,2020-07-02,412,22,13472.450256347656,0.0,0.0,0.0,0,history_starts_too_late
UAPR,2019-04-01,2023-12-28,1196,4,414073.491859436,3.0,0.0,3.0,3,history_starts_too_late
UAN,2011-04-08,2023-12-28,3202,5,4523050.0,1199.0,450.0,749.0,1199,history_starts_too_late
UAL,2015-01-02,2020-07-02,1385,4,294180241.8258667,2918.0,841.0,2077.0,2918,history_starts_too_late
UAG,2015-01-02,2020-07-02,586,36,6450.0,100.0,50.0,50.0,100,history_starts_too_late
UAE,2015-01-02,2020-07-02,1325,5,111490.4984474182,118.0,59.0,59.0,118,history_starts_too_late
UEVM,2017-10-27,2023-12-28,1552,4,28636.99989318848,8715.0,0.0,8715.0,8715,history_starts_too_late
UAA,2015-01-02,2020-07-02,1385,4,76442253.54032516,1766.0,0.0,1766.0,1766,history_starts_too_late
UFAB,2015-07-01,2020-06-19,1236,5,22429.999589920044,0.0,0.0,0.0,0,history_starts_too_late
UFS,2015-01-02,2020-07-02,1385,4,24118905.77583313,1534.0,767.0,767.0,1482,history_starts_too_late
UN,2015-01-02,2020-07-02,1385,4,79683804.11014555,120.0,60.0,60.0,120,history_starts_too_late
UMRX,2018-03-29,2020-07-02,570,4,141093.501830101,0.0,0.0,0.0,0,history_starts_too_late
UMPQ,2015-01-02,2020-07-02,1385,4,20490075.63686371,924.0,462.0,462.0,890,history_starts_too_late
UMAY,2020-05-01,2023-12-28,922,4,195177.4962425232,1.0,0.0,1.0,1,history_starts_too_late
ULTR,2019-07-31,2023-12-28,1112,4,61886.50188446045,207.0,102.0,105.0,203,history_starts_too_late
ULST,2013-10-10,2023-12-28,2572,4,5304409.428596497,25.0,10.0,15.0,25,history_starts_too_late
UJUN,2019-06-03,2023-12-28,1153,4,193420.34950256348,4.0,0.0,4.0,4,history_starts_too_late
UJUL,2018-08-08,2023-12-28,1357,4,287717.502784729,9.0,0.0,9.0,9,history_starts_too_late
UJPY,2017-12-12,2020-07-01,477,45,12439.75019454956,0.0,0.0,0.0,0,history_starts_too_late
UJB,2011-04-14,2023-12-28,3198,5,108065.9999847412,152.0,71.0,81.0,152,history_starts_too_late
UJAN,2019-01-03,2023-12-28,1256,4,349286.6039276123,3.0,0.0,3.0,3,history_starts_too_late
UIVM,2017-10-27,2023-12-28,1552,4,37615.50006866455,1.0,0.0,1.0,1,history_starts_too_late
UI,2011-10-14,2023-12-28,3071,5,12571829.937744137,207.0,0.0,207.0,207,history_starts_too_late
UHT,2015-01-02,2020-07-02,1385,4,5418173.510742188,664.0,332.0,332.0,648,history_starts_too_late
UGLD,2015-01-02,2020-07-02,1385,4,21655158.558654785,84.0,42.0,42.0,84,history_starts_too_late
UGBP,2017-12-12,2020-07-02,535,20,41431.89859390259,0.0,0.0,0.0,0,history_starts_too_late
UGAZ,2015-01-02,2020-07-02,1384,4,364420723.5055924,5094.0,2547.0,2547.0,5094,history_starts_too_late
UFI,2015-01-02,2020-07-02,1385,4,1632019.9699401855,510.0,255.0,255.0,494,history_starts_too_late
UNOV,2019-11-01,2023-12-28,1046,4,108155.00049591064,2.0,0.0,2.0,2,history_starts_too_late
UA,2015-07-01,2020-07-02,1253,6,38746206.6365242,4996.0,1488.0,3508.0,4884,history_starts_too_late
TYME,2015-03-12,2020-07-02,1136,14,427229.00193333626,0.0,0.0,0.0,0,history_starts_too_late
TSCAP,2018-03-16,2020-07-02,557,5,44200.0,0.0,0.0,0.0,0,history_starts_too_late
TSC,2015-01-02,2020-07-02,1385,4,2184561.9577884674,292.0,146.0,146.0,280,history_starts_too_late
TRWH,2019-03-29,2020-07-02,319,4,4514382.061386108,0.0,0.0,0.0,0,history_starts_too_late
TRVN,2014-01-31,2023-12-28,2495,4,96812.19778358936,138.0,0.0,138.0,138,history_starts_too_late
TRVI,2019-05-07,2023-12-28,1171,4,164053.99899482727,42.0,0.0,42.0,42,history_starts_too_late
TRVG,2016-12-16,2023-12-28,1769,4,381172.4951076508,312.0,0.0,312.0,312,history_starts_too_late
TRUP,2014-07-18,2023-12-28,2379,4,22208133.44554901,993.0,294.0,699.0,993,history_starts_too_late
TRUE,2014-05-16,2023-12-28,2422,4,477000.01413822174,1266.0,464.0,802.0,1260,history_starts_too_late
TRU,2015-06-25,2023-12-28,2143,4,99487865.25726318,553.0,0.0,553.0,552,history_starts_too_late
TRTY,2018-09-12,2020-07-02,455,4,136982.99446105957,0.0,0.0,0.0,0,history_starts_too_late
TRTX,2017-07-05,2023-12-28,1628,8,2474230.0337314606,85.0,0.0,85.0,85,history_starts_too_late
TRTN,2015-01-02,2020-07-02,1385,4,11070782.624530792,0.0,0.0,0.0,0,history_starts_too_late
TRQ,2015-01-02,2020-07-02,1385,4,1393534.498903155,910.0,455.0,455.0,910,history_starts_too_late
TRPX,2017-03-22,2020-07-01,826,4,126606.90115690231,0.0,0.0,0.0,0,history_starts_too_late
TRNE,2019-05-03,2020-07-02,246,7,190554.99486923215,0.0,0.0,0.0,0,history_starts_too_late
TRND,2019-05-06,2020-07-02,292,4,143479.34637069702,102.0,51.0,51.0,102,history_starts_too_late
TRMT,2017-09-14,2020-07-02,696,5,195679.5035362244,0.0,0.0,0.0,0,history_starts_too_late
TSCBP,2019-05-31,2020-07-02,276,4,134534.94501113892,0.0,0.0,0.0,0,history_starts_too_late
TZAC,2018-10-18,2020-06-30,215,19,32544.000244140618,0.0,0.0,0.0,0,history_starts_too_late
TSE,2014-06-12,2023-12-28,2404,4,6057151.320409775,307.0,3.0,304.0,307,history_starts_too_late
TSQ,2014-07-24,2020-06-19,1488,4,163698.50206375122,430.0,215.0,215.0,430,history_starts_too_late
TYBS,2015-01-05,2020-07-02,880,16,10007.99961090088,100.0,50.0,50.0,100,history_starts_too_late
TXG,2015-01-02,2023-12-28,1568,567,42946066.2525177,216.0,0.0,216.0,216,history_starts_too_late
TWTR,2015-01-02,2020-07-02,1385,4,499519552.8314591,36.0,18.0,18.0,36,history_starts_too_late
TWST,2018-10-31,2023-12-28,1298,4,20905342.250347137,189.0,0.0,189.0,189,history_starts_too_late
TWOU,2014-03-28,2023-12-28,2456,4,4041183.0251932144,1580.0,603.0,977.0,1580,history_starts_too_late
TWNKW,2015-11-25,2020-07-02,1037,40,45500.99908709526,0.0,0.0,0.0,0,history_starts_too_late
TWNK,2015-12-15,2020-07-02,1077,22,14389365.553092957,0.0,0.0,0.0,0,history_starts_too_late
TW,2019-04-04,2023-12-28,1193,4,59151614.57519531,1583.0,605.0,978.0,1575,history_starts_too_late
TVIX,2014-01-24,2020-07-02,1491,45,2044861568.8095093,2284.0,1142.0,1142.0,2284,history_starts_too_late
TUSK,2016-10-14,2023-12-28,1813,4,565405.0184488297,141.0,0.0,141.0,141,history_starts_too_late
TUFN,2019-04-11,2020-07-02,310,4,3380669.9608802795,0.0,0.0,0.0,0,history_starts_too_late
TTTN,2018-11-07,2020-07-02,405,5,46334.99937057495,0.0,0.0,0.0,0,history_starts_too_late
TTP,2011-10-27,2023-12-28,3062,5,137968.99995803833,484.0,227.0,257.0,484,history_starts_too_late
TTOO,2014-08-07,2023-12-28,2365,4,1383567.0163154602,1469.0,678.0,791.0,1469,history_starts_too_late
TTD,2016-09-21,2020-06-19,943,4,399704207.9147339,0.0,0.0,0.0,0,history_starts_too_late
TTAI,2017-07-10,2023-12-28,1630,4,87807.4987411499,22.0,0.0,22.0,22,history_starts_too_late
TTAC,2016-09-28,2023-12-28,1825,4,207361.30027771,47.0,0.0,47.0,47,history_starts_too_late
TSLX,2014-03-21,2023-12-28,2461,4,6240022.371864319,1148.0,462.0,686.0,1148,history_starts_too_late
TRMD,2018-02-23,2023-12-28,1472,4,10119555.597019196,39.0,0.0,39.0,39,history_starts_too_late
UNVR,2015-06-18,2020-07-02,1270,4,30036088.213825226,0.0,0.0,0.0,0,history_starts_too_late
UPWK,2018-10-03,2023-12-28,1318,4,16129238.90953064,346.0,0.0,346.0,346,history_starts_too_late
VFLQ,2018-02-15,2020-07-02,560,7,25921.10023498535,0.0,0.0,0.0,0,history_starts_too_late
VFF,2015-07-08,2023-12-28,1228,1137,391011.7396235466,194.0,0.0,194.0,194,history_starts_too_late
VETS,2018-04-10,2020-07-01,303,23,3301.1499404907227,0.0,0.0,0.0,0,history_starts_too_late
VERY,2019-08-15,2023-12-28,1100,4,10990.000247955322,16.0,0.0,16.0,16,history_starts_too_late
VERO,2017-10-12,2023-12-28,1563,4,27152.000427246094,46.0,0.0,46.0,46,history_starts_too_late
VERI,2017-05-12,2023-12-28,1669,4,1562646.988272667,122.0,0.0,122.0,122,history_starts_too_late
VERB,2014-11-21,2023-12-28,2290,4,164428.15027087927,42.0,0.0,42.0,42,history_starts_too_late
VER,2015-01-02,2020-07-02,1385,4,95542870.5988884,0.0,0.0,0.0,0,history_starts_too_late
VEL,2015-01-02,2023-12-28,1527,478,166497.0010280609,70.0,0.0,70.0,70,history_starts_too_late
VEGN,2019-09-10,2023-12-28,1084,4,103929.0994644165,1.0,0.0,1.0,1,history_starts_too_late
VEGI,2012-02-02,2023-12-28,2996,5,1256730.966758728,272.0,56.0,216.0,272,history_starts_too_late
VEGA,2012-09-18,2023-12-28,2838,5,81675.0,41.0,17.0,24.0,41,history_starts_too_late
VEEV,2013-10-16,2023-12-28,2568,4,159127919.94476318,4513.0,1475.0,3038.0,4513,history_starts_too_late
VEDL,2015-01-02,2020-07-02,1385,4,4808757.011461258,0.0,0.0,0.0,0,history_starts_too_late
VEC,2015-01-02,2020-07-02,1385,4,4210744.915008545,0.0,0.0,0.0,0,history_starts_too_late
VCYT,2013-10-30,2023-12-28,2558,4,14697203.837394714,558.0,200.0,358.0,558,history_starts_too_late
VCNX,2018-08-09,2023-12-28,1356,4,41222.25,31.0,0.0,31.0,31,history_starts_too_late
VFMF,2018-02-15,2023-12-28,1477,4,522727.5566101074,6.0,0.0,6.0,6,history_starts_too_late
VCIF,2019-06-04,2020-07-02,274,4,399123.4842777252,0.0,0.0,0.0,0,history_starts_too_late
VFMO,2018-02-16,2023-12-28,1476,4,1094943.9979553225,3.0,0.0,3.0,3,history_starts_too_late
VFVA,2018-02-15,2023-12-28,1477,4,1829068.203735352,5.0,0.0,5.0,5,history_starts_too_late
VIXM,2011-01-04,2023-12-28,3268,5,1570096.490383149,13.0,0.0,13.0,13,history_starts_too_late
VIVO,2015-01-02,2020-07-02,1385,4,4044055.458641052,1208.0,604.0,604.0,1186,history_starts_too_late
VIVE,2015-04-14,2020-07-02,1013,157,1005365.1794493198,0.0,0.0,0.0,0,history_starts_too_late
VIST,2019-07-26,2023-12-28,1115,4,14263254.213428495,220.0,0.0,220.0,220,history_starts_too_late
VISL,2012-04-18,2023-12-28,2944,5,44025.001327991486,18.0,0.0,18.0,18,history_starts_too_late
VIRT,2015-04-16,2023-12-28,2192,4,15967181.530189512,434.0,0.0,434.0,434,history_starts_too_late
VIRS,2020-06-29,2020-07-02,4,1,600895.5835342407,0.0,0.0,0.0,0,history_starts_too_late
VIR,2015-07-06,2023-12-28,1137,619,16593314.582157137,515.0,0.0,515.0,515,history_starts_too_late
VIPS,2012-03-23,2023-12-28,2961,5,60402451.90668106,4179.0,1623.0,2556.0,4179,history_starts_too_late
VIOT,2018-09-25,2023-12-28,1324,4,38198.0006814003,44.0,0.0,44.0,44,history_starts_too_late
VIIX,2015-01-02,2020-07-02,1384,4,2599106.0928344727,118.0,59.0,59.0,118,history_starts_too_late
VIGI,2016-03-02,2023-12-28,1971,4,16522035.271453856,82.0,0.0,82.0,82,history_starts_too_late
VIE,2019-10-03,2020-07-02,189,4,3700265.9454345694,0.0,0.0,0.0,0,history_starts_too_late
VICI,2017-10-18,2023-12-28,1556,5,158635601.87149048,635.0,0.0,635.0,635,history_starts_too_late
VGI,2012-02-24,2023-12-28,2981,5,231031.5048456192,405.0,160.0,245.0,405,history_starts_too_late
VGFO,2017-10-12,2020-07-01,139,72,2819.0000534057613,0.0,0.0,0.0,0,history_starts_too_late
VG,2015-01-02,2020-07-02,1385,4,28145069.474315643,778.0,389.0,389.0,752,history_starts_too_late
VFMV,2018-02-15,2023-12-28,1477,4,244313.14888000488,11.0,0.0,11.0,11,history_starts_too_late
UOCT,2018-10-01,2023-12-28,1320,4,210829.49924468997,8591.0,0.0,8591.0,8591,history_starts_too_late
VCF,2015-01-02,2020-07-02,1366,5,54482.4996471405,102.0,51.0,51.0,102,history_starts_too_late
VBLT,2015-01-02,2020-07-02,1385,4,79129.99873161316,912.0,456.0,456.0,912,history_starts_too_late
USOI,2017-06-26,2020-07-02,658,14,162393.0033683777,0.0,0.0,0.0,0,history_starts_too_late
USMV,2011-10-20,2023-12-28,3067,5,185672182.2429657,579.0,0.0,579.0,579,history_starts_too_late
USMF,2017-06-29,2023-12-28,1636,4,527093.5779571533,63.0,0.0,63.0,63,history_starts_too_late
USLV,2015-01-02,2020-07-02,1385,4,33620048.52485657,104.0,52.0,52.0,104,history_starts_too_late
USLB,2015-11-05,2020-07-02,1098,6,177883.50238800052,0.0,0.0,0.0,0,history_starts_too_late
USI,2015-01-02,2020-07-02,172,847,9990.999984741213,0.0,0.0,0.0,0,history_starts_too_late
USHY,2017-10-26,2023-12-28,1553,4,171685673.85292053,129.0,0.0,129.0,129,history_starts_too_late
USHG,2019-05-23,2020-07-02,78,35,2813.850021362305,0.0,0.0,0.0,0,history_starts_too_late
USFR,2014-02-04,2023-12-28,2493,4,191741648.2574463,223.0,52.0,171.0,223,history_starts_too_late
USFD,2016-05-26,2023-12-28,1911,4,60719291.218566895,406.0,0.0,406.0,406,history_starts_too_late
USEQ,2017-07-06,2020-07-02,609,10,41182.49988555908,0.0,0.0,0.0,0,history_starts_too_late
USEP,2019-09-06,2020-07-02,124,14,68030.5495262146,0.0,0.0,0.0,0,history_starts_too_late
USDU,2013-12-18,2023-12-28,2524,4,4293066.973876953,1591.0,750.0,841.0,1591,history_starts_too_late
USCR,2015-01-02,2020-07-02,1385,4,9240697.53227234,1112.0,556.0,556.0,1112,history_starts_too_late
USAK,2015-01-02,2020-07-02,1385,4,370057.9968929291,706.0,353.0,353.0,700,history_starts_too_late
USAI,2017-12-13,2020-07-02,591,7,36395.99914550781,0.0,0.0,0.0,0,history_starts_too_late
USAC,2013-01-15,2023-12-28,2758,4,3261460.926628113,686.0,208.0,478.0,686,history_starts_too_late
USTB,2017-10-27,2020-07-02,664,5,208284.09461975095,0.0,0.0,0.0,0,history_starts_too_late
VBND,2014-10-16,2023-12-28,2316,4,673537.5003814697,109.0,50.0,59.0,109,history_starts_too_late
USV,2015-01-02,2020-06-30,574,28,4284.000015258789,100.0,50.0,50.0,100,history_starts_too_late
USWS,2018-11-12,2020-07-02,412,4,123024.0005493164,0.0,0.0,0.0,0,history_starts_too_late
VAR,2015-01-02,2020-07-02,1385,4,82938232.4043274,1498.0,749.0,749.0,1400,history_starts_too_late
VAPO,2018-11-14,2023-12-28,1288,4,88645.07421374321,59.0,0.0,59.0,59,history_starts_too_late
VAM,2018-05-11,2020-06-05,428,8,26893.849992752075,0.0,0.0,0.0,0,history_starts_too_late
VALT,2019-10-09,2020-07-02,169,23,10020.999908447266,0.0,0.0,0.0,0,history_starts_too_late
VALQ,2018-01-16,2023-12-28,1499,4,228210.44902801517,60.0,0.0,60.0,60,history_starts_too_late
VAL,2015-01-02,2023-12-28,2055,305,51897293.83583069,1720.0,776.0,944.0,1670,history_starts_too_late
VAC,2011-11-08,2023-12-28,3054,5,48554434.0423584,2347.0,802.0,1545.0,2347,history_starts_too_late
UZB,2015-01-02,2020-07-02,1385,4,310444.9981689453,0.0,0.0,0.0,0,history_starts_too_late
UZA,2015-01-02,2020-07-02,1385,4,395126.003074646,0.0,0.0,0.0,0,history_starts_too_late
UXIN,2018-06-27,2023-12-28,1386,4,231453.0049622059,115.0,0.0,115.0,115,history_starts_too_late
UVXY,2011-10-04,2023-12-28,3079,5,208283345.3400421,445.0,0.0,445.0,445,history_starts_too_late
UTSL,2017-05-03,2023-12-28,1676,4,2232040.4467582703,32.0,0.0,32.0,32,history_starts_too_late
UTRN,2018-09-21,2023-12-28,1326,4,63146.00114822388,5.0,0.0,5.0,5,history_starts_too_late
UTMD,2015-01-02,2020-07-02,1385,4,963511.9873046876,232.0,116.0,116.0,232,history_starts_too_late
UTES,2015-09-24,2023-12-28,2080,4,94556.20002746582,13.0,0.0,13.0,13,history_starts_too_late
USXF,2020-06-18,2020-07-02,7,5,12869.999885559082,0.0,0.0,0.0,0,history_starts_too_late
USX,2018-06-14,2020-07-02,517,4,996251.9766569138,0.0,0.0,0.0,0,history_starts_too_late
USVM,2017-10-27,2023-12-28,1552,4,240599.79362487796,32.0,0.0,32.0,32,history_starts_too_late
VIXY,2011-01-04,2023-12-28,3268,5,60069091.03593826,175.0,22.0,153.0,175,history_starts_too_late
TRIP,2011-12-07,2023-12-28,3034,5,37602550.37002564,6549.0,2549.0,4000.0,6549,history_starts_too_late
TRHC,2016-09-29,2020-07-02,946,4,15848050.748443604,0.0,0.0,0.0,0,history_starts_too_late
TBND,2019-06-18,2020-07-02,263,4,181010.8028411865,0.0,0.0,0.0,0,history_starts_too_late
TBLU,2017-02-15,2020-07-02,810,5,84199.39880371094,0.0,0.0,0.0,0,history_starts_too_late
TBLTW,2018-12-03,2020-07-02,306,25,579.0500096976753,0.0,0.0,0.0,0,history_starts_too_late
TBLT,2018-12-03,2023-12-28,1276,4,218574.49193894863,41.0,0.0,41.0,41,history_starts_too_late
TBK,2015-01-02,2020-07-02,1385,4,4190537.899208069,515.0,238.0,277.0,515,history_starts_too_late
TBIO,2018-06-28,2023-12-28,1144,351,59513.49861621857,883.0,370.0,513.0,883,history_starts_too_late
TBB,2016-05-13,2023-12-28,1546,543,1427419.9871063232,3.0,0.0,3.0,3,history_starts_too_late
TAXF,2018-09-12,2023-12-28,1333,4,1143439.4737243652,35.0,0.0,35.0,35,history_starts_too_late
TAWK,2019-01-14,2020-07-02,368,4,263902.2882461548,0.0,0.0,0.0,0,history_starts_too_late
TAT,2015-01-02,2020-07-02,1385,4,29923.00003543496,500.0,250.0,250.0,488,history_starts_too_late
TARA,2014-10-22,2023-12-28,2312,4,55268.00065040589,39.0,0.0,39.0,39,history_starts_too_late
TANNZ,2015-10-09,2020-07-02,1183,4,138365.99979400635,0.0,0.0,0.0,0,history_starts_too_late
TANNL,2015-01-02,2020-07-02,1384,4,196115.002155304,0.0,0.0,0.0,0,history_starts_too_late
TANH,2015-03-24,2023-12-28,2208,4,51729.00061607361,9.0,0.0,9.0,9,history_starts_too_late
TALO,2018-05-10,2023-12-28,1419,4,21282619.40956116,294.0,0.0,294.0,294,history_starts_too_late
TAIL,2017-04-06,2023-12-28,1694,4,743832.9835414886,25.0,0.0,25.0,25,history_starts_too_late
TAGS,2012-03-28,2023-12-28,2958,5,99825.0,157.0,53.0,104.0,157,history_starts_too_late
TBPH,2014-05-16,2023-12-28,2422,4,4417303.631877899,1227.0,502.0,725.0,1227,history_starts_too_late
TAEQ,2020-05-08,2020-07-02,38,4,149490.90242385864,0.0,0.0,0.0,0,history_starts_too_late
TCBI,2015-01-02,2020-07-02,1385,4,25823147.99880981,0.0,0.0,0.0,0,history_starts_too_late
TCDA,2018-06-28,2020-07-02,507,4,7320908.286380768,0.0,0.0,0.0,0,history_starts_too_late
TDOC,2015-06-30,2023-12-28,2140,4,89579930.91020584,2379.0,0.0,2379.0,2379,history_starts_too_late
TDJ,2015-01-02,2020-07-02,1385,4,407917.4894332886,0.0,0.0,0.0,0,history_starts_too_late
TDIV,2012-08-14,2023-12-28,2862,5,5074030.948448181,711.0,173.0,538.0,711,history_starts_too_late
TDI,2015-01-02,2020-07-02,1375,5,98759.00011062624,6.0,3.0,3.0,6,history_starts_too_late
TDE,2015-01-02,2020-07-02,1385,4,339042.5045967102,0.0,0.0,0.0,0,history_starts_too_late
TDACU,2018-05-30,2020-07-01,204,58,20626.00040435791,0.0,0.0,0.0,0,history_starts_too_late
TDAC,2018-06-13,2020-07-02,325,10,52294.00062561035,0.0,0.0,0.0,0,history_starts_too_late
TDA,2015-01-02,2020-07-02,1385,4,280702.9914855957,6.0,3.0,3.0,6,history_starts_too_late
TCTL,2016-11-16,2020-07-02,822,6,77391.04738235474,0.0,0.0,0.0,0,history_starts_too_late
TCS,2013-11-01,2023-12-28,2556,4,1009584.0269088744,1069.0,345.0,724.0,1069,history_starts_too_late
TCRW,2018-10-09,2020-07-02,420,4,33488.000297546394,0.0,0.0,0.0,0,history_starts_too_late
TCPC,2012-04-04,2023-12-28,2953,5,2670214.039993286,1086.0,489.0,597.0,1086,history_starts_too_late
TCON,2015-01-30,2023-12-28,2244,4,98692.49765574932,44.0,0.0,44.0,44,history_starts_too_late
TCO,2015-01-02,2020-07-02,1385,4,30981439.58377838,2438.0,1219.0,1219.0,2380,history_starts_too_late
TCFCP,2020-01-21,2020-07-02,114,4,292225.0001907349,0.0,0.0,0.0,0,history_starts_too_late
TCFC,2015-01-05,2020-07-02,1212,10,174099.50037002563,212.0,106.0,106.0,212,history_starts_too_late
TCF,2015-01-02,2020-07-02,1384,4,32364409.960842133,0.0,0.0,0.0,0,history_starts_too_late
TCBIL,2015-01-05,2020-07-02,1341,5,60405.49812316895,0.0,0.0,0.0,0,history_starts_too_late
TDTF,2015-01-02,2020-07-02,1385,4,1012926.983642578,104.0,52.0,52.0,104,history_starts_too_late
TADS,2020-05-08,2020-07-02,38,4,186232.29808807373,0.0,0.0,0.0,0,history_starts_too_late
TAAG,2020-05-08,2020-07-02,39,4,39532.80029296875,0.0,0.0,0.0,0,history_starts_too_late
SWAN,2018-11-06,2023-12-28,1294,4,548076.0019302368,9.0,0.0,9.0,9,history_starts_too_late
SVVC,2011-04-28,2023-12-28,3189,5,5148.000168800354,324.0,158.0,166.0,324,history_starts_too_late
SVRA,2017-04-28,2023-12-28,1679,4,1031669.9892520905,61.0,0.0,61.0,61,history_starts_too_late
SVMK,2018-09-26,2020-07-02,445,4,17595845.23334503,0.0,0.0,0.0,0,history_starts_too_late
SVM,2017-05-15,2023-12-28,1668,4,3393389.94461298,1119.0,455.0,664.0,965,history_starts_too_late
SVBI,2015-01-02,2020-07-02,1319,5,56072.50046730042,0.0,0.0,0.0,0,history_starts_too_late
SUSB,2017-07-05,2023-12-28,1630,6,3079731.6862106323,9.0,0.0,9.0,9,history_starts_too_late
SURF,2018-04-19,2020-07-02,556,4,170587.00478076935,0.0,0.0,0.0,0,history_starts_too_late
SUPV,2016-05-19,2023-12-28,1916,4,1116045.9992408752,133.0,0.0,133.0,133,history_starts_too_late
SUPN,2012-05-01,2023-12-28,2935,5,11629446.985149384,1367.0,533.0,834.0,1367,history_starts_too_late
SUNS,2015-01-02,2020-07-02,1385,4,613482.001876831,724.0,362.0,362.0,724,history_starts_too_late
SUN,2012-09-20,2023-12-28,2836,5,8720788.617134094,3293.0,1199.0,2094.0,3137,history_starts_too_late
SUMR,2015-01-02,2020-07-02,1377,5,30060.01455783844,0.0,0.0,0.0,0,history_starts_too_late
SUM,2015-01-05,2023-12-28,2231,21,22622432.26680756,266.0,0.0,266.0,266,history_starts_too_late
STZ,2015-01-02,2020-07-02,1385,4,206802887.6953125,7020.0,3510.0,3510.0,6920,history_starts_too_late
STZ-B,2015-01-02,2020-07-01,796,17,74150.0,0.0,0.0,0.0,0,history_starts_too_late
STXS,2015-01-02,2020-07-02,1377,5,673084.5015764236,438.0,219.0,219.0,400,history_starts_too_late
SWCH,2017-10-06,2020-07-02,689,4,18686455.628967285,0.0,0.0,0.0,0,history_starts_too_late
TACO,2015-01-08,2020-07-02,1362,10,3254000.859260559,0.0,0.0,0.0,0,history_starts_too_late
SWI,2018-10-19,2023-12-28,1306,4,3600590.118265152,2070.0,881.0,1189.0,2025,history_starts_too_late
SWM,2015-01-02,2020-07-02,1385,4,6082123.980998993,658.0,329.0,329.0,630,history_starts_too_late
SZNE,2018-08-02,2020-07-02,427,7,511342.1905517578,0.0,0.0,0.0,0,history_starts_too_late
SZC,2015-01-02,2020-07-02,1338,7,953383.9981079102,104.0,52.0,52.0,104,history_starts_too_late
SYX,2015-01-02,2020-07-02,1385,4,1161946.9932556152,430.0,215.0,215.0,414,history_starts_too_late
SYV,2015-01-05,2020-07-02,1017,20,100313.49964141846,60.0,30.0,30.0,60,history_starts_too_late
SYNL,2015-01-02,2020-07-02,1385,4,178236.99645996094,559.0,278.0,281.0,559,history_starts_too_late
SYNH,2015-01-02,2020-07-02,1385,4,23649911.461639404,0.0,0.0,0.0,0,history_starts_too_late
SYNC,2015-01-02,2020-07-02,1385,4,94959.99775528908,892.0,446.0,446.0,892,history_starts_too_late
SYN,2015-01-02,2020-07-02,1385,4,54006.49998486042,0.0,0.0,0.0,0,history_starts_too_late
SYKE,2015-01-02,2020-07-02,1385,4,5265797.641277313,592.0,296.0,296.0,580,history_starts_too_late
SYG,2015-01-02,2020-07-02,1289,10,97343.99871826172,90.0,45.0,45.0,90,history_starts_too_late
SYE,2015-01-07,2020-07-02,1107,14,161627.0004272461,102.0,51.0,51.0,102,history_starts_too_late
SYBX,2015-09-30,2023-12-28,2076,4,77826.60241425037,73.0,0.0,73.0,73,history_starts_too_late
SY,2016-01-27,2023-12-28,1176,757,274573.4986901283,36.0,0.0,36.0,36,history_starts_too_late
SXTC,2019-01-04,2023-12-28,1255,4,126751.00207328798,15.0,0.0,15.0,15,history_starts_too_late
SXC,2011-07-21,2023-12-28,3131,5,4982359.26861763,1917.0,702.0,1215.0,1913,history_starts_too_late
SWTX,2019-09-13,2023-12-28,1081,4,15567414.447498322,76.0,0.0,76.0,76,history_starts_too_late
SWT,2019-11-08,2020-07-02,163,4,5677875.0,0.0,0.0,0.0,0,history_starts_too_late
SWIR,2015-01-02,2020-07-02,1385,4,2021616.054534912,1318.0,659.0,659.0,1236,history_starts_too_late
TRIB,2015-01-02,2020-07-02,1385,4,126960.00323295592,0.0,0.0,0.0,0,history_starts_too_late
TDV,2019-11-07,2023-12-28,1042,4,1064530.9982299805,37.0,8.0,29.0,37,history_starts_too_late
TEAM,2015-12-09,2023-12-28,2027,4,274850114.94903564,901.0,0.0,901.0,901,history_starts_too_late
TNXP,2012-05-10,2023-12-28,2928,5,428009.50114130974,2026.0,917.0,1109.0,2026,history_starts_too_late
TNET,2014-03-27,2023-12-28,2457,4,28742488.609313965,1079.0,401.0,678.0,1079,history_starts_too_late
TNDM,2013-11-14,2023-12-28,2547,4,33573270.8527565,1730.0,638.0,1092.0,1703,history_starts_too_late
TNAV,2015-01-02,2020-07-02,1385,4,1556844.0187454224,904.0,452.0,452.0,880,history_starts_too_late
TMUSR,2020-07-02,2020-07-02,1,0,2989768.906898409,0.0,0.0,0.0,0,history_starts_too_late
TMST,2014-06-19,2023-12-28,2399,4,5088215.833282472,226.0,0.0,226.0,226,history_starts_too_late
TMQ,2012-04-25,2023-12-28,2939,5,64872.00056165457,16.0,0.0,16.0,16,history_starts_too_late
TMFC,2018-01-30,2023-12-28,1489,4,1236288.00239563,18.0,0.0,18.0,18,history_starts_too_late
TME,2018-12-12,2023-12-28,1270,4,46791976.25088692,614.0,0.0,614.0,614,history_starts_too_late
TMDX,2019-05-02,2023-12-28,1174,4,34304390.22102356,129.0,0.0,129.0,129,history_starts_too_late
TMDV,2019-11-07,2023-12-28,1042,4,14006.25,2.0,0.0,2.0,2,history_starts_too_late
TMDI,2015-01-02,2020-07-02,1384,4,277554.4995874167,0.0,0.0,0.0,0,history_starts_too_late
TMBR,2013-02-14,2023-12-28,2737,4,80278.53986763954,0.0,0.0,0.0,0,history_starts_too_late
TLYS,2012-05-04,2023-12-28,2932,5,1075083.472108841,2048.0,814.0,1234.0,2048,history_starts_too_late
TLTE,2012-10-02,2023-12-28,2828,5,341885.000038147,119.0,45.0,74.0,119,history_starts_too_late
TLTD,2012-10-02,2023-12-28,2828,5,636720.983505249,66.0,17.0,49.0,66,history_starts_too_late
TLSA,2018-11-20,2023-12-28,1284,4,38349.00063276291,80.0,0.0,80.0,80,history_starts_too_late
TOKE,2019-07-25,2023-12-28,1116,4,22203.100061416622,14.0,0.0,14.0,14,history_starts_too_late
TLRD,2015-01-02,2020-07-02,1385,4,8680576.101207733,0.0,0.0,0.0,0,history_starts_too_late
TOLZ,2014-03-27,2023-12-28,2457,4,602815.0146484375,195.0,39.0,156.0,195,history_starts_too_late
TOTA,2018-08-27,2020-06-22,183,19,30000.0,0.0,0.0,0.0,0,history_starts_too_late
TREC,2015-01-02,2020-07-02,1385,4,282700.0012397766,480.0,240.0,240.0,480,history_starts_too_late
TRCH,2020-07-02,2020-07-02,1,0,188815.49121117592,282.0,141.0,141.0,282,history_starts_too_late
TPYP,2015-06-30,2023-12-28,2140,4,905566.0081863404,8.0,0.0,8.0,8,history_starts_too_late
TPVY,2020-07-02,2020-07-02,1,0,64895.50061225892,0.0,0.0,0.0,0,history_starts_too_late
TPVG,2014-03-06,2023-12-28,2472,4,2277810.4420661926,848.0,361.0,487.0,848,history_starts_too_late
TPTX,2019-04-17,2020-07-02,306,4,14352391.222953796,0.0,0.0,0.0,0,history_starts_too_late
TPSC,2019-12-03,2023-12-28,1025,4,270805.4962158203,5.0,0.0,5.0,5,history_starts_too_late
TPLC,2019-05-01,2023-12-28,1175,4,558718.3115005493,4.0,0.0,4.0,4,history_starts_too_late
TPIF,2019-12-03,2023-12-28,1025,4,236380.80196380612,5.0,0.0,5.0,5,history_starts_too_late
TPHS,2012-10-02,2023-12-28,2828,5,8254.519900679588,7.0,0.0,7.0,7,history_starts_too_late
TPHD,2019-05-01,2023-12-28,1175,4,553800.7895469664,4.0,0.0,4.0,4,history_starts_too_late
TPH,2013-01-31,2023-12-28,2747,4,23687622.90430069,1656.0,620.0,1036.0,1656,history_starts_too_late
TPCO,2015-01-02,2020-07-02,1385,4,967167.4837589264,0.0,0.0,0.0,0,history_starts_too_late
TPB,2016-05-11,2023-12-28,1922,4,2669879.00390625,265.0,0.0,265.0,265,history_starts_too_late
TPAY,2019-03-13,2020-07-02,314,4,40572.15051651001,0.0,0.0,0.0,0,history_starts_too_late
TOUR,2014-05-09,2023-12-28,2427,4,250005.0036191941,727.0,319.0,408.0,727,history_starts_too_late
TOTL,2015-02-24,2023-12-28,2228,4,15840914.536857603,70.0,0.0,70.0,70,history_starts_too_late
TORC,2018-01-26,2020-07-02,613,4,1467847.0091342926,0.0,0.0,0.0,0,history_starts_too_late
TEAF,2019-03-27,2023-12-28,1199,4,353857.994222641,1.0,0.0,1.0,1,history_starts_too_late
TLND,2016-07-29,2020-07-02,989,4,8711509.173965454,0.0,0.0,0.0,0,history_starts_too_late
TLGT,2015-03-05,2020-07-02,56,923,29800000.0,0.0,0.0,0.0,0,history_starts_too_late
TGP,2015-01-02,2020-07-02,1385,4,3271989.4619464874,1230.0,615.0,615.0,1220,history_starts_too_late
TGLS,2012-05-10,2023-12-28,2928,5,14215876.265335085,627.0,50.0,577.0,627,history_starts_too_late
TGEN,2014-05-20,2023-12-28,2420,4,1950.05002617836,272.0,116.0,156.0,270,history_starts_too_late
TGC,2015-01-02,2020-07-02,1380,4,8942.499622702599,192.0,96.0,96.0,188,history_starts_too_late
TGA,2015-01-02,2020-07-02,1385,4,134550.00034868717,0.0,0.0,0.0,0,history_starts_too_late
TFLO,2014-02-04,2023-12-28,2493,4,77006019.06776428,182.0,70.0,112.0,182,history_starts_too_late
TFIV,2018-07-31,2020-07-02,321,11,9618.000030517578,0.0,0.0,0.0,0,history_starts_too_late
TEUM,2015-01-02,2020-07-02,1385,4,1631315.949869156,52.0,0.0,52.0,52,history_starts_too_late
TESS,2015-01-02,2020-07-02,1385,4,514188.0052566528,600.0,300.0,300.0,596,history_starts_too_late
TERP,2015-01-02,2020-07-02,1385,4,14446698.642921448,2558.0,1279.0,1279.0,2558,history_starts_too_late
TERM,2017-04-13,2020-07-02,803,5,61949.09830093384,0.0,0.0,0.0,0,history_starts_too_late
TENB,2018-07-26,2023-12-28,1366,4,31278697.35717773,211.0,0.0,211.0,211,history_starts_too_late
TEN,2015-01-02,2020-07-02,1385,4,12013999.564695358,2140.0,1070.0,1070.0,2046,history_starts_too_late
TELA,2019-11-08,2023-12-28,1041,4,545581.9768190384,49.0,0.0,49.0,49,history_starts_too_late
TEL,2015-01-02,2020-07-02,1385,4,139865178.1982422,1880.0,940.0,940.0,1792,history_starts_too_late
TEDU,2014-04-03,2023-12-28,2452,4,9683.99977684021,709.0,316.0,393.0,709,history_starts_too_late
TECD,2015-01-02,2020-06-29,1382,4,58893147.59521485,1916.0,958.0,958.0,1844,history_starts_too_late
TH,2015-01-05,2023-12-28,1519,530,7376578.342103958,175.0,0.0,175.0,175,history_starts_too_late
TLI,2015-01-02,2020-07-02,1385,4,282747.0000267029,82.0,41.0,41.0,82,history_starts_too_late
THBR,2019-10-04,2020-07-02,128,12,328079.9907684326,0.0,0.0,0.0,0,history_starts_too_late
THCA,2019-07-30,2020-07-01,133,15,256784.98888015747,7.0,0.0,7.0,7,history_starts_too_late
TLF,2015-01-02,2020-07-02,1346,5,38881.499552726746,526.0,263.0,263.0,516,history_starts_too_late
TLEH,2015-11-10,2020-07-02,980,13,7777.500057220459,0.0,0.0,0.0,0,history_starts_too_late
TLDH,2015-11-10,2020-07-02,836,12,11075.99983215332,0.0,0.0,0.0,0,history_starts_too_late
TLC,2018-11-21,2020-07-02,383,6,6430.000114440918,0.0,0.0,0.0,0,history_starts_too_late
TKAT,2015-11-25,2020-07-02,1009,14,4461.950080096722,0.0,0.0,0.0,0,history_starts_too_late
TIPX,2013-05-30,2023-12-28,2665,4,4765248.038482666,158.0,71.0,87.0,158,history_starts_too_late
TIGO,2019-01-09,2023-12-28,1252,4,1394027.533531189,57.0,0.0,57.0,57,history_starts_too_late
TIF,2015-01-02,2020-07-02,1385,4,219802023.08006287,6798.0,3399.0,3399.0,6710,history_starts_too_late
THY,2015-06-08,2023-12-28,892,1764,145670.00274658203,5183.0,0.0,5183.0,5183,history_starts_too_late
THWWW,2020-07-02,2020-07-02,1,0,287.02500499784924,2.0,0.0,2.0,2,history_starts_too_late
THW,2015-06-26,2023-12-28,2142,4,1288066.510105133,42.0,0.0,42.0,42,history_starts_too_late
THNQ,2020-05-18,2023-12-28,911,4,357011.48681640625,25.0,0.0,25.0,25,history_starts_too_late
THGA,2015-01-02,2020-07-02,1385,4,240683.495426178,0.0,0.0,0.0,0,history_starts_too_late
THCBU,2019-03-05,2020-06-30,215,21,46375.99983215332,0.0,0.0,0.0,0,history_starts_too_late
THCB,2019-03-27,2020-07-01,281,8,193450.0071048737,0.0,0.0,0.0,0,history_starts_too_late
THCAW,2020-07-01,2020-07-01,1,0,10545.0,0.0,0.0,0.0,0,history_starts_too_late
THCAU,2019-07-12,2020-06-26,120,22,95999.00016784668,0.0,0.0,0.0,0,history_starts_too_late
THBRU,2019-08-09,2020-07-01,138,18,76087.50143051147,0.0,0.0,0.0,0,history_starts_too_late
STXB,2018-05-04,2020-07-02,545,4,722800.0045776367,0.0,0.0,0.0,0,history_starts_too_late
VJET,2013-10-18,2023-12-28,2566,4,19647.999596595764,1294.0,515.0,779.0,1294,history_starts_too_late
VLRS,2013-09-18,2023-12-28,2588,4,3865768.97649765,1021.0,433.0,588.0,1021,history_starts_too_late
dtil,2019-03-28,2023-12-28,1198,4,410579.107362032,0.0,0.0,0.0,0,history_starts_too_late
drip,2015-05-29,2023-12-28,2162,4,23916387.571907043,0.0,0.0,0.0,0,history_starts_too_late
dcph,2017-09-28,2023-12-28,1573,4,7253089.989089966,0.0,0.0,0.0,0,history_starts_too_late
dbaw,2014-01-27,2023-12-28,2499,4,300164.9984359741,0.0,0.0,0.0,0,history_starts_too_late
cron,2018-02-27,2023-12-28,1470,4,2909900.068998337,0.0,0.0,0.0,0,history_starts_too_late
bway,2019-04-17,2023-12-28,1184,4,129744.49753761292,0.0,0.0,0.0,0,history_starts_too_late
bsbk,2020-01-16,2023-12-28,995,4,38004.49931621552,0.0,0.0,0.0,0,history_starts_too_late
bkmc,2020-04-14,2023-12-28,935,4,607540.0169372559,0.0,0.0,0.0,0,history_starts_too_late
bkem,2020-04-24,2023-12-28,927,4,114127.09865570068,0.0,0.0,0.0,0,history_starts_too_late
bit,2013-02-26,2023-12-28,2730,4,1265994.0096855164,0.0,0.0,0.0,0,history_starts_too_late
bbeu,2018-06-18,2023-12-28,1393,4,17844989.83192444,0.0,0.0,0.0,0,history_starts_too_late
ares,2014-05-02,2023-12-28,2432,4,80062489.68887329,0.0,0.0,0.0,0,history_starts_too_late
anvs,2020-01-29,2023-12-28,987,4,491159.009552002,0.0,0.0,0.0,0,history_starts_too_late
aflg,2019-12-04,2023-12-28,1024,4,2560.2999687194824,0.0,0.0,0.0,0,history_starts_too_late
afgb,2020-04-01,2023-12-28,943,4,180590.99950790405,0.0,0.0,0.0,0,history_starts_too_late
aesr,2019-12-17,2023-12-28,1015,4,299053.502702713,0.0,0.0,0.0,0,history_starts_too_late
acio,2019-07-10,2023-12-28,1127,4,1626135.881614685,0.0,0.0,0.0,0,history_starts_too_late
dvye,2012-02-24,2023-12-28,2981,5,2082863.031387329,0.0,0.0,0.0,0,history_starts_too_late
ZYNE,2015-08-05,2020-07-02,1237,4,3900201.7680883408,0.0,0.0,0.0,0,history_starts_too_late
dxjs,2013-06-28,2023-12-28,2644,4,336502.00424194336,0.0,0.0,0.0,0,history_starts_too_late
emlp,2012-06-21,2023-12-28,2899,5,5908935.434341432,0.0,0.0,0.0,0,history_starts_too_late
hscz,2015-07-21,2023-12-28,2126,4,446597.5016593933,0.0,0.0,0.0,0,history_starts_too_late
hffg,2017-09-07,2023-12-28,1588,4,162221.99563980105,0.0,0.0,0.0,0,history_starts_too_late
hezu,2014-09-23,2023-12-28,2333,4,1155870.0406074524,0.0,0.0,0.0,0,history_starts_too_late
hero,2019-10-31,2023-12-28,1047,4,369793.99909973145,0.0,0.0,0.0,0,history_starts_too_late
herd,2019-05-07,2023-12-28,1171,4,306945.99170684814,0.0,0.0,0.0,0,history_starts_too_late
hefa,2014-02-14,2023-12-28,2485,4,13371508.965969086,0.0,0.0,0.0,0,history_starts_too_late
gssc,2017-07-10,2023-12-28,1630,4,1195412.5078201294,0.0,0.0,0.0,0,history_starts_too_late
geccm,2018-01-26,2023-12-28,1491,4,25055.00030517578,0.0,0.0,0.0,0,history_starts_too_late
futy,2013-10-24,2023-12-28,2562,4,8679309.013938904,0.0,0.0,0.0,0,history_starts_too_late
ftxo,2016-10-07,2023-12-28,1818,4,895561.002445221,0.0,0.0,0.0,0,history_starts_too_late
fndx,2013-08-15,2023-12-28,2611,4,20002448.377227783,0.0,0.0,0.0,0,history_starts_too_late
fku,2012-02-27,2023-12-28,2980,5,55200.0,0.0,0.0,0.0,0,history_starts_too_late
fisr,2019-04-03,2023-12-28,1194,4,903897.5040435792,0.0,0.0,0.0,0,history_starts_too_late
fdem,2019-03-01,2023-12-28,1217,4,94517.40026474,0.0,0.0,0.0,0,history_starts_too_late
evlo,2018-05-08,2023-12-28,1421,4,176940.50553172827,0.0,0.0,0.0,0,history_starts_too_late
entr,2017-11-08,2023-12-28,1544,4,5605.249881744385,0.0,0.0,0.0,0,history_starts_too_late
emty,2017-11-16,2023-12-28,1538,4,177256.19916915894,0.0,0.0,0.0,0,history_starts_too_late
emgf,2015-12-18,2023-12-28,2020,4,2923387.0485305786,0.0,0.0,0.0,0,history_starts_too_late
ibdo,2015-03-11,2023-12-21,2213,4,10404677.856415749,0.0,0.0,0.0,0,history_starts_too_late
ZYME,2017-04-28,2023-12-28,1679,4,3537188.0099773407,130.0,0.0,130.0,130,history_starts_too_late
ZUO,2018-04-12,2023-12-28,1439,4,7116065.761566162,233.0,0.0,233.0,233,history_starts_too_late
ZEN,2015-01-02,2020-07-02,1385,4,128821485.3439331,1310.0,655.0,655.0,1310,history_starts_too_late
ZEAL,2017-08-09,2020-07-02,728,4,175227.2045135498,0.0,0.0,0.0,0,history_starts_too_late
ZDGE,2016-06-03,2023-12-28,1906,4,61654.49904203415,19.0,0.0,19.0,19,history_starts_too_late
ZDEU,2015-01-02,2020-07-02,1094,14,18955.599975585938,0.0,0.0,0.0,0,history_starts_too_late
ZCMD,2020-02-24,2023-12-28,970,4,3475.9999573230743,10.0,0.0,10.0,10,history_starts_too_late
ZCAN,2015-01-02,2020-07-02,1202,10,35297.1004486084,0.0,0.0,0.0,0,history_starts_too_late
Z,2015-08-03,2023-12-28,2117,4,117155962.7904892,1248.0,0.0,1248.0,1248,history_starts_too_late
YYY,2012-06-12,2023-12-28,2906,5,1556814.978599548,312.0,51.0,261.0,311,history_starts_too_late
YY,2012-11-21,2023-12-28,2794,4,16683084.017562866,2870.0,1113.0,1757.0,2870,history_starts_too_late
YUM,2015-01-02,2020-07-02,1385,4,191057819.4480896,3532.0,1766.0,1766.0,3532,history_starts_too_late
YRD,2015-12-18,2023-12-28,2020,4,146374.00448322296,146.0,0.0,146.0,146,history_starts_too_late
YRCW,2015-01-02,2020-07-02,1385,4,2962484.8953723907,1948.0,974.0,974.0,1830,history_starts_too_late
YOLO,2019-04-18,2023-12-28,1183,4,113064.00089263916,54.0,0.0,54.0,54,history_starts_too_late
YNDX,2011-05-24,2023-12-28,3171,5,0.0,3481.0,1413.0,2068.0,3481,history_starts_too_late
YMAB,2018-09-21,2023-12-28,1326,4,1243148.9872455597,80.0,0.0,80.0,80,history_starts_too_late
YLDE,2017-05-26,2023-12-28,1659,4,67667.65098571777,4.0,0.0,4.0,4,history_starts_too_late
YLD,2015-07-13,2023-12-28,2132,4,213203.2593727112,18.0,0.0,18.0,18,history_starts_too_late
ZGNX,2015-01-02,2020-07-02,1385,4,20623398.16827774,1634.0,817.0,817.0,1634,history_starts_too_late
ZVO,2019-04-15,2020-07-02,308,4,205735.5037093163,0.0,0.0,0.0,0,history_starts_too_late
ZGYHU,2020-02-13,2020-07-02,72,8,88447.40085601807,0.0,0.0,0.0,0,history_starts_too_late
ZIG,2019-05-15,2023-12-28,1165,4,70732.29923248291,6.0,0.0,6.0,6,history_starts_too_late
ZTS,2013-02-01,2023-12-28,2746,4,298952535.41641235,3913.0,1449.0,2464.0,3913,history_starts_too_late
ZTO,2016-10-27,2023-12-28,1804,4,60170186.64693832,352.0,0.0,352.0,352,history_starts_too_late
ZSAN,2015-01-27,2020-07-02,1287,19,685039.016187191,0.0,0.0,0.0,0,history_starts_too_late
ZS,2018-03-16,2023-12-28,1457,4,285507273.6724853,1365.0,0.0,1365.0,1365,history_starts_too_late
ZOM,2017-11-21,2023-12-28,1535,4,692163.0629897115,215.0,0.0,215.0,215,history_starts_too_late
ZNTL,2020-04-03,2023-12-28,941,4,13021611.21044159,64.0,0.0,64.0,64,history_starts_too_late
ZNH,2015-01-02,2020-07-02,1383,4,793432.5232505798,0.0,0.0,0.0,0,history_starts_too_late
ZN,2015-01-02,2020-07-02,1385,4,422448.99033010006,917.0,308.0,609.0,897,history_starts_too_late
ZM,2019-04-18,2023-12-28,1183,4,220969078.38516235,2681.0,0.0,2681.0,2681,history_starts_too_late
ZLAB,2017-09-20,2023-12-28,1579,4,13552938.09261322,147.0,0.0,147.0,147,history_starts_too_late
ZKIN,2017-09-01,2023-12-28,1591,4,17427.3494720459,19.0,0.0,19.0,19,history_starts_too_late
ZIXI,2015-01-02,2020-07-02,1385,4,4610944.121742249,750.0,375.0,375.0,732,history_starts_too_late
ZIV,2015-01-02,2020-07-02,1385,4,2436645.4959869385,54.0,27.0,27.0,54,history_starts_too_late
ZIOP,2015-01-02,2020-07-02,1385,4,6052384.140014648,1890.0,945.0,945.0,1854,history_starts_too_late
ZIONO,2019-07-05,2020-07-02,252,4,186057.9969406128,0.0,0.0,0.0,0,history_starts_too_late
ZIONN,2015-01-02,2020-07-02,1377,5,131487.9997253418,0.0,0.0,0.0,0,history_starts_too_late
ZIONL,2013-09-19,2023-12-28,2587,4,209906.5003395081,3069.0,0.0,3069.0,3069,history_starts_too_late
ZI,2020-06-04,2023-12-28,899,4,99549168.58997343,335.0,0.0,335.0,335,history_starts_too_late
YLCO,2015-05-28,2020-07-02,1266,5,219068.25337409973,0.0,0.0,0.0,0,history_starts_too_late
jfin,2019-05-10,2023-12-28,1168,4,249639.99614715576,0.0,0.0,0.0,0,history_starts_too_late
jpi,2012-07-27,2023-12-28,2874,5,890203.5141944885,0.0,0.0,0.0,0,history_starts_too_late
unit,2015-04-20,2023-12-28,2190,4,10482638.014101982,0.0,0.0,0.0,0,history_starts_too_late
ufeb,2020-02-03,2023-12-28,984,4,153143.25132369995,0.0,0.0,0.0,0,history_starts_too_late
ue,2015-01-16,2023-12-28,2253,4,14234514.003753662,0.0,0.0,0.0,0,history_starts_too_late
ttt,2012-03-29,2023-12-28,2957,5,3202461.0080718994,0.0,0.0,0.0,0,history_starts_too_late
tigr,2019-03-20,2023-12-28,1204,4,3319966.91236496,0.0,0.0,0.0,0,history_starts_too_late
thq,2014-07-29,2023-12-28,2372,4,1830803.5026550293,0.0,0.0,0.0,0,history_starts_too_late
thcx,2019-07-09,2023-12-28,1128,4,53010.999584198,0.0,0.0,0.0,0,history_starts_too_late
tectp,2019-05-30,2023-12-28,1155,4,6060.000228881836,0.0,0.0,0.0,0,history_starts_too_late
tbx,2011-04-05,2023-12-28,3205,5,1392588.4741783142,0.0,0.0,0.0,0,history_starts_too_late
syld,2013-05-14,2023-12-28,2676,4,3716713.040161133,0.0,0.0,0.0,0,history_starts_too_late
svxy,2011-10-04,2023-12-28,3079,5,138470185.14137268,0.0,0.0,0.0,0,history_starts_too_late
susl,2019-05-10,2023-12-28,1168,4,1743144.0101623535,0.0,0.0,0.0,0,history_starts_too_late
spxt,2015-09-24,2023-12-28,2080,4,36924.24964904785,0.0,0.0,0.0,0,history_starts_too_late
spwh,2014-04-17,2023-12-28,2442,4,2886641.1397457123,0.0,0.0,0.0,0,history_starts_too_late
spvm,2011-06-16,2023-12-28,3155,5,91243.99757385254,0.0,0.0,0.0,0,history_starts_too_late
spus,2019-12-18,2023-12-28,1014,4,1428853.51896286,0.0,0.0,0.0,0,history_starts_too_late
sphd,2012-10-26,2023-12-28,2810,5,25733494.20185089,0.0,0.0,0.0,0,history_starts_too_late
unma,2018-06-19,2023-12-28,1392,4,287259.0078353882,0.0,0.0,0.0,0,history_starts_too_late
spgm,2012-03-05,2023-12-28,2975,5,1730856.003189087,0.0,0.0,0.0,0,history_starts_too_late
urth,2012-01-12,2023-12-28,3010,5,21435830.561065678,0.0,0.0,0.0,0,history_starts_too_late
usmc,2017-10-12,2023-12-28,1563,4,1037648.4977722168,0.0,0.0,0.0,0,history_starts_too_late
yumc,2016-10-17,2023-12-28,1812,4,94612543.3019638,0.0,0.0,0.0,0,history_starts_too_late
ycbd,2017-11-17,2023-12-28,1537,4,31813.160741329197,0.0,0.0,0.0,0,history_starts_too_late
xshd,2016-12-08,2023-12-28,1775,4,117798.5029220581,0.0,0.0,0.0,0,history_starts_too_late
xmpt,2011-07-13,2023-12-28,3137,5,872736.0056877136,0.0,0.0,0.0,0,history_starts_too_late
xhe,2011-01-27,2023-12-28,3252,5,2848364.902496338,0.0,0.0,0.0,0,history_starts_too_late
xfor,2017-11-16,2023-12-28,1538,4,1579861.4624977112,0.0,0.0,0.0,0,history_starts_too_late
xcur,2018-05-22,2023-12-28,1411,4,14222.24990427494,0.0,0.0,0.0,0,history_starts_too_late
wk,2014-12-12,2023-12-28,2276,4,34507633.4438324,0.0,0.0,0.0,0,history_starts_too_late
wix,2013-11-06,2023-12-28,2553,4,53684740.47431946,0.0,0.0,0.0,0,history_starts_too_late
whlrp,2015-01-29,2023-12-28,2245,4,2914.500045776367,0.0,0.0,0.0,0,history_starts_too_late
wes,2012-12-10,2023-12-28,2782,4,22601090.160369877,0.0,0.0,0.0,0,history_starts_too_late
wcld,2019-09-06,2023-12-28,1086,4,5987075.339889526,0.0,0.0,0.0,0,history_starts_too_late
wb,2014-04-17,2023-12-28,2442,4,14965685.190677645,0.0,0.0,0.0,0,history_starts_too_late
vsgx,2018-09-20,2023-12-28,1327,4,6594877.531242371,0.0,0.0,0.0,0,history_starts_too_late
vnrx,2012-03-02,2023-12-28,2976,5,137416.50273799896,0.0,0.0,0.0,0,history_starts_too_late
vfqy,2018-02-15,2023-12-28,1477,4,669415.4937744141,0.0,0.0,0.0,0,history_starts_too_late
vamo,2015-09-09,2023-12-28,2091,4,197154.0002822876,0.0,0.0,0.0,0,history_starts_too_late
usdp,2014-10-09,2023-12-28,2321,4,58002.00032889843,0.0,0.0,0.0,0,history_starts_too_late
jig,2020-06-01,2023-12-28,902,4,289734.9006652832,0.0,0.0,0.0,0,history_starts_too_late
road,2018-05-04,2023-12-28,1423,4,6359354.337978363,0.0,0.0,0.0,0,history_starts_too_late
rfem,2016-06-15,2023-12-28,1898,4,67824.90043640137,0.0,0.0,0.0,0,history_starts_too_late
nmrk,2017-12-15,2023-12-28,1518,4,5719001.950144768,0.0,0.0,0.0,0,history_starts_too_late
nflt,2015-08-11,2023-12-28,2111,4,177081.79683685303,0.0,0.0,0.0,0,history_starts_too_late
newti,2023-09-01,2023-12-28,82,4,117760.5004310608,0.0,0.0,0.0,0,history_starts_too_late
ndp,2012-07-27,2023-12-28,2874,5,165270.0038909912,0.0,0.0,0.0,0,history_starts_too_late
nari,2020-05-22,2023-12-28,907,4,41982362.1547699,0.0,0.0,0.0,0,history_starts_too_late
mrsk,2020-06-25,2023-12-28,884,4,264792.3999786377,0.0,0.0,0.0,0,history_starts_too_late
mrgr,2012-12-13,2023-12-28,2779,4,33407.500076293945,0.0,0.0,0.0,0,history_starts_too_late
lx,2017-12-21,2023-12-28,1514,4,933827.9754638672,0.0,0.0,0.0,0,history_starts_too_late
lvhd,2015-12-29,2023-12-28,2014,4,3826155.023765564,0.0,0.0,0.0,0,history_starts_too_late
ltrn,2020-06-11,2023-12-28,894,4,116396.50452136992,0.0,0.0,0.0,0,history_starts_too_late
lsxmk,2016-04-18,2023-12-28,1939,4,28877729.297733307,0.0,0.0,0.0,0,history_starts_too_late
love,2018-06-27,2023-12-28,1386,4,8329243.567085266,0.0,0.0,0.0,0,history_starts_too_late
livn,2015-10-19,2023-12-28,2063,4,20335162.25128174,0.0,0.0,0.0,0,history_starts_too_late
kjul,2020-07-02,2023-12-28,879,4,430612.5104904175,0.0,0.0,0.0,0,history_starts_too_late
kall,2018-08-01,2023-12-28,1362,4,7993.999862670899,0.0,0.0,0.0,0,history_starts_too_late
julz,2020-07-02,2023-12-28,879,4,3621.4500427246094,0.0,0.0,0.0,0,history_starts_too_late
jpin,2014-11-10,2023-12-28,2299,4,1940122.4681854248,0.0,0.0,0.0,0,history_starts_too_late
nref,2020-02-07,2023-12-28,980,4,558219.4850921631,0.0,0.0,0.0,0,history_starts_too_late
rkda,2015-05-15,2023-12-28,2171,4,63011.95156574249,0.0,0.0,0.0,0,history_starts_too_late
nusc,2016-12-16,2023-12-28,1769,4,2771604.4555664062,0.0,0.0,0.0,0,history_starts_too_late
nxe,2013-08-14,2023-12-28,2612,4,11425643.717288973,0.0,0.0,0.0,0,history_starts_too_late
regl,2015-02-05,2023-12-28,2240,4,5352207.795715332,0.0,0.0,0.0,0,history_starts_too_late
ravi,2012-10-11,2023-12-28,2821,5,3486568.978881836,0.0,0.0,0.0,0,history_starts_too_late
qure,2014-02-05,2023-12-28,2492,4,8826433.533382416,0.0,0.0,0.0,0,history_starts_too_late
pypl,2015-07-06,2023-12-28,2137,4,883208390.3526306,0.0,0.0,0.0,0,history_starts_too_late
puyi,2019-03-29,2023-12-28,1197,4,3913.000106811523,0.0,0.0,0.0,0,history_starts_too_late
pulm,2014-03-21,2023-12-28,2461,4,34024.799394607544,0.0,0.0,0.0,0,history_starts_too_late
prof,2019-10-29,2023-12-28,1049,4,187477.49972343445,0.0,0.0,0.0,0,history_starts_too_late
pnov,2019-11-01,2023-12-28,1046,4,913518.0067062378,0.0,0.0,0.0,0,history_starts_too_late
pk,2017-01-04,2023-12-28,1758,4,38480750.63300133,0.0,0.0,0.0,0,history_starts_too_late
pill,2017-11-15,2023-12-28,1539,4,224128.99594306943,0.0,0.0,0.0,0,history_starts_too_late
pffa,2018-05-16,2023-12-28,1415,4,2947865.471363068,0.0,0.0,0.0,0,history_starts_too_late
pcvx,2020-06-12,2023-12-28,893,4,26982972.258377075,0.0,0.0,0.0,0,history_starts_too_late
pagp,2013-10-16,2023-12-28,2568,4,32328103.598356247,0.0,0.0,0.0,0,history_starts_too_late
ovs,2019-10-01,2023-12-28,1069,4,11856.39991760254,0.0,0.0,0.0,0,history_starts_too_late
ousm,2016-12-30,2023-12-28,1760,4,1352946.0277557373,0.0,0.0,0.0,0,history_starts_too_late
onew,2020-02-07,2023-12-28,980,4,2190146.555709839,0.0,0.0,0.0,0,history_starts_too_late
nxtc,2019-05-09,2023-12-28,1169,4,68099.50177073479,0.0,0.0,0.0,0,history_starts_too_late
nvee,2013-09-30,2023-12-28,2580,4,8218993.519973755,0.0,0.0,0.0,0,history_starts_too_late
VKTX,2015-04-28,2023-12-28,2184,4,26983157.454776768,278.0,0.0,278.0,278,history_starts_too_late
YJ,2019-05-03,2023-12-28,1173,4,24939.399378299717,30.0,0.0,30.0,30,history_starts_too_late
YGRN,2019-04-10,2020-07-01,116,42,10151.300048828123,0.0,0.0,0.0,0,history_starts_too_late
WBIE,2015-01-02,2020-07-02,1385,4,157616.3995742798,0.0,0.0,0.0,0,history_starts_too_late
WATT,2014-03-28,2023-12-28,2456,4,129364.0039110184,1784.0,778.0,1006.0,1784,history_starts_too_late
WANT,2018-11-29,2023-12-28,1278,4,1163171.970462799,36.0,0.0,36.0,36,history_starts_too_late
WALA,2016-06-22,2020-07-02,1014,4,180163.50297927856,0.0,0.0,0.0,0,history_starts_too_late
WAFU,2019-04-30,2023-12-28,1176,4,15784.99990105629,21.0,0.0,21.0,21,history_starts_too_late
W,2014-10-02,2023-12-28,2326,4,206811323.664856,5016.0,1670.0,3346.0,5015,history_starts_too_late
VYMI,2016-03-02,2023-12-28,1971,4,24092970.962142944,65.0,0.0,65.0,65,history_starts_too_late
VYGR,2015-11-11,2023-12-28,2046,4,2148434.969854355,182.0,0.0,182.0,182,history_starts_too_late
VXZ,2015-01-02,2023-12-28,2263,4,605154.8990249634,115.0,54.0,61.0,115,history_starts_too_late
VXX,2015-01-02,2023-12-28,2263,4,190671059.07716757,1527.0,727.0,800.0,1047,history_starts_too_late
VXUS,2011-01-28,2023-12-28,3251,5,129180509.1413498,444.0,58.0,386.0,444,history_starts_too_late
VWOB,2013-06-04,2023-12-28,2662,4,17788840.544891357,181.0,55.0,126.0,181,history_starts_too_late
VVV,2016-09-23,2023-12-28,1828,4,49679026.486206055,302.0,0.0,302.0,302,history_starts_too_late
VVR,2015-01-02,2020-07-02,1385,4,2314643.920946121,84.0,42.0,42.0,84,history_starts_too_late
VVNT,2019-07-23,2020-07-02,226,19,1967380.514717102,0.0,0.0,0.0,0,history_starts_too_late
VUSE,2014-01-22,2023-12-28,2502,4,625809.6321105957,55.0,17.0,38.0,55,history_starts_too_late
VTVT,2015-07-30,2023-12-28,2119,4,37166.80068969727,105.0,0.0,105.0,105,history_starts_too_late
WBIF,2014-08-27,2023-12-28,2351,4,35485.249614715576,74.0,20.0,54.0,74,history_starts_too_late
VTSI,2012-09-25,2023-12-28,2833,5,247229.5053482056,63.0,0.0,63.0,63,history_starts_too_late
WBIG,2014-08-27,2023-12-28,2351,4,51312.69998550415,72.0,22.0,50.0,72,history_starts_too_late
WBIL,2014-08-27,2023-12-28,2351,4,39486.29894256592,51.0,0.0,51.0,51,history_starts_too_late
WHF,2012-12-06,2023-12-28,2784,4,544965.5094146729,647.0,267.0,380.0,647,history_starts_too_late
WHD,2018-02-08,2023-12-28,1482,4,23253282.185173035,324.0,0.0,324.0,324,history_starts_too_late
WH,2018-05-21,2023-12-28,1412,4,57815192.77420044,291.0,0.0,291.0,290,history_starts_too_late
WFIG,2016-04-27,2023-12-28,1932,4,8528.400039672852,9.0,0.0,9.0,9,history_starts_too_late
WFHY,2016-04-27,2023-12-28,1932,4,989000.9754180908,21.0,0.0,21.0,21,history_starts_too_late
WFH,2020-06-25,2023-12-28,884,4,73836.10229492188,32.0,0.0,32.0,32,history_starts_too_late
WETF,2015-01-02,2020-07-02,1385,4,4424780.998468399,0.0,0.0,0.0,0,history_starts_too_late
WEI,2018-11-15,2020-07-02,395,5,55949.49988722801,0.0,0.0,0.0,0,history_starts_too_late
WEBS,2019-11-07,2023-12-28,1042,4,5611323.083400726,53.0,0.0,53.0,53,history_starts_too_late
WEBL,2019-11-07,2023-12-28,1042,4,12355765.655612946,23.0,0.0,23.0,23,history_starts_too_late
WEAT,2011-09-19,2023-12-28,3090,5,4800555.611681938,154.0,0.0,154.0,154,history_starts_too_late
WDR,2015-01-02,2020-07-02,1385,4,14038722.566986084,1794.0,897.0,897.0,1728,history_starts_too_late
WDIV,2013-05-30,2023-12-28,2665,4,736750.0066757202,169.0,46.0,123.0,169,history_starts_too_late
WDAY,2012-10-12,2023-12-28,2820,5,334049360.04333496,6150.0,2314.0,3836.0,6150,history_starts_too_late
WBT,2016-03-08,2020-07-02,1089,4,15731535.923767088,0.0,0.0,0.0,0,history_starts_too_late
WBK,2015-01-02,2020-07-02,1379,6,5373925.050354004,752.0,376.0,376.0,726,history_starts_too_late
WBIY,2016-12-22,2023-12-28,1765,4,109311.65266036986,21.0,0.0,21.0,21,history_starts_too_late
WBII,2015-01-02,2020-07-02,1385,4,280317.70401000977,18.0,9.0,9.0,18,history_starts_too_late
WHFBZ,2018-11-30,2020-07-02,379,7,46709.999656677246,0.0,0.0,0.0,0,history_starts_too_late
VTOL,2013-01-22,2023-12-28,2754,4,2481790.48576355,24.0,0.0,24.0,24,history_starts_too_late
VTEB,2015-08-25,2023-12-28,2101,4,181518592.85697937,166.0,0.0,166.0,166,history_starts_too_late
VREX,2017-01-23,2023-12-28,1746,4,4943110.489654541,107.0,0.0,107.0,107,history_starts_too_late
VRCA,2018-06-15,2023-12-28,1394,4,876915.0141119957,65.0,0.0,65.0,65,history_starts_too_late
VRAI,2019-02-08,2023-12-28,1231,4,46983.999252319336,1.0,0.0,1.0,1,history_starts_too_late
VQT,2015-01-02,2020-07-02,1172,14,31949.000549316406,0.0,0.0,0.0,0,history_starts_too_late
VPC,2015-01-05,2023-12-28,1529,389,123373.50025177002,7.0,0.0,7.0,7,history_starts_too_late
VOC,2011-05-06,2023-12-28,3183,5,607153.489780426,135.0,0.0,135.0,135,history_starts_too_late
VNTR,2017-08-03,2020-07-02,734,4,950443.9925670624,0.0,0.0,0.0,0,history_starts_too_late
VNOM,2014-06-18,2023-12-28,2400,4,10103559.301757812,1440.0,517.0,923.0,1440,history_starts_too_late
VNLA,2016-11-22,2023-12-28,1786,4,17674232.592201233,7.0,0.0,7.0,7,history_starts_too_late
VNET,2011-04-21,2023-12-28,3193,5,4716494.935512543,1559.0,650.0,909.0,1559,history_starts_too_late
VNE,2015-01-05,2020-07-02,1287,83,6653944.233036042,0.0,0.0,0.0,0,history_starts_too_late
VNCE,2013-11-22,2023-12-28,2541,4,11501.99990272522,103.0,0.0,103.0,103,history_starts_too_late
VMOT,2017-05-04,2023-12-28,1675,4,48972.00136184693,2.0,0.0,2.0,2,history_starts_too_late
VLYPP,2018-10-10,2023-12-28,1313,4,295413.9965057373,2.0,0.0,2.0,2,history_starts_too_late
VLYPO,2018-10-10,2023-12-28,1313,4,311517.9965019226,1.0,0.0,1.0,1,history_starts_too_late
VLUE,2013-04-18,2023-12-28,2694,4,28233722.541046143,398.0,26.0,372.0,398,history_starts_too_late
VLU,2012-10-25,2023-12-28,2811,5,906847.0245361328,104.0,31.0,73.0,104,history_starts_too_late
VRIG,2016-09-22,2023-12-28,1829,4,3532967.995071411,16.0,0.0,16.0,16,history_starts_too_late
VTIP,2012-10-16,2023-12-28,2818,5,84307000.46215057,274.0,57.0,217.0,274,history_starts_too_late
VRM,2015-01-08,2023-12-28,982,1153,2277201.0334670544,210.0,0.0,210.0,210,history_starts_too_late
VRNA,2017-04-27,2023-12-28,1680,4,7496948.510169983,101.0,0.0,101.0,101,history_starts_too_late
VTC,2017-11-09,2023-12-28,1543,4,2791147.50289917,40.0,0.0,40.0,40,history_starts_too_late
VTA,2015-01-02,2020-07-02,1385,4,2562240.49282074,0.0,0.0,0.0,0,history_starts_too_late
VSTO,2015-02-06,2023-12-28,2239,4,12742560.284614565,430.0,0.0,430.0,430,history_starts_too_late
VSTM,2012-01-27,2023-12-28,3000,5,526984.4119505882,1475.0,669.0,806.0,1475,history_starts_too_late
VST,2015-01-05,2023-12-28,2242,6,91098900.36869048,469.0,0.0,469.0,469,history_starts_too_late
VSMV,2017-06-26,2023-12-28,1639,4,90886.80267333984,7.0,0.0,7.0,7,history_starts_too_late
VSLR,2015-01-02,2020-07-02,1385,4,9495584.938716888,2564.0,1282.0,1282.0,2564,history_starts_too_late
VSL,2015-11-20,2020-07-02,305,212,15416.249752044678,0.0,0.0,0.0,0,history_starts_too_late
VSEC,2015-01-02,2020-07-02,1385,4,658202.5249481201,618.0,309.0,309.0,612,history_starts_too_late
VSDA,2017-04-18,2023-12-28,1687,4,730273.0255126953,21.0,0.0,21.0,21,history_starts_too_late
VRTV,2014-06-18,2023-11-29,2380,4,14566251.59791565,620.0,310.0,310.0,620,history_starts_too_late
VRTU,2015-01-02,2020-07-02,1385,4,7293887.372016907,848.0,424.0,424.0,838,history_starts_too_late
VRT,2015-01-02,2023-12-28,1943,184,107320156.0798645,331.0,0.0,331.0,331,history_starts_too_late
VRS,2016-07-19,2020-07-02,997,4,4098475.4891872406,1008.0,504.0,504.0,990,history_starts_too_late
VRRM,2017-03-24,2023-12-28,1703,4,21814626.36537552,95.0,0.0,95.0,95,history_starts_too_late
VRP,2014-05-01,2023-12-28,2433,4,7114757.868003845,173.0,54.0,119.0,173,history_starts_too_late
VRNS,2014-02-28,2023-12-28,2476,4,23104586.931610107,1097.0,427.0,670.0,1097,history_starts_too_late
VRML,2015-01-02,2020-07-02,1385,4,133444.00202333927,744.0,372.0,372.0,722,history_starts_too_late
YI,2018-09-12,2023-12-28,1333,4,167944.0007328987,46.0,0.0,46.0,46,history_starts_too_late
WHLR,2012-11-19,2023-12-28,2796,4,28693.000526428223,1226.0,567.0,659.0,1226,history_starts_too_late
WIFI,2015-01-02,2020-07-02,1385,4,7064368.666505814,916.0,458.0,458.0,916,history_starts_too_late
XNET,2014-06-24,2023-12-28,2396,4,119097.00191617012,1123.0,478.0,645.0,1123,history_starts_too_late
XNCR,2013-12-03,2023-12-28,2535,4,7691770.574474335,648.0,245.0,403.0,648,history_starts_too_late
XMLV,2013-02-15,2023-12-28,2736,4,2365207.5176239014,580.0,42.0,538.0,580,history_starts_too_late
XLSR,2019-04-03,2023-12-28,1194,4,1505707.5302124023,5.0,0.0,5.0,5,history_starts_too_late
XLRN,2015-01-02,2020-07-02,1385,4,24198891.68739319,1462.0,731.0,731.0,1462,history_starts_too_late
XLRE,2015-10-08,2023-12-28,2070,4,184955341.1190033,280.0,0.0,280.0,280,history_starts_too_late
XLNX,2015-01-02,2020-07-02,1385,4,275352987.65068054,0.0,0.0,0.0,0,history_starts_too_late
XLC,2018-06-19,2023-12-28,1392,4,360700087.046814,281.0,0.0,281.0,281,history_starts_too_late
XITK,2016-01-14,2023-12-28,2003,4,276550.8457183838,88.0,0.0,88.0,88,history_starts_too_late
XHR,2015-02-04,2023-12-28,2241,4,8979380.95779419,210.0,0.0,210.0,210,history_starts_too_late
XGN,2019-09-19,2023-12-28,1077,4,26351.000130176544,45.0,0.0,45.0,45,history_starts_too_late
XFLT,2017-10-09,2023-12-28,1566,4,1545084.0154409409,24.0,0.0,24.0,24,history_starts_too_late
XERS,2018-06-21,2023-12-28,1390,4,2075911.50264144,91.0,0.0,91.0,91,history_starts_too_late
XENT,2015-01-02,2020-07-02,1385,4,6524712.5,626.0,313.0,313.0,626,history_starts_too_late
XELB,2012-10-02,2023-12-28,2828,5,15261.99993789196,46.0,0.0,46.0,46,history_starts_too_late
XEC,2015-01-02,2020-07-02,1385,4,70386065.80066681,1778.0,889.0,889.0,1732,history_starts_too_late
XCOM,2018-05-24,2020-07-02,288,30,5706.900024414063,0.0,0.0,0.0,0,history_starts_too_late
XONE,2015-01-02,2023-12-28,1708,806,1147321.4893341064,1273.0,626.0,647.0,1273,history_starts_too_late
XCEM,2015-09-02,2023-12-28,2095,4,2369580.959415436,13.0,0.0,13.0,13,history_starts_too_late
XOUT,2019-10-07,2020-07-02,186,4,263815.10219573975,0.0,0.0,0.0,0,history_starts_too_late
XPER,2015-01-02,2023-12-28,1706,810,2302399.9433517456,55.0,0.0,55.0,55,history_starts_too_late
YETI,2015-01-05,2023-12-28,1669,590,44778655.64670562,392.0,0.0,392.0,392,history_starts_too_late
YELP,2012-03-02,2023-12-28,2976,5,19822767.46149063,5276.0,2090.0,3186.0,5276,history_starts_too_late
Y,2015-01-02,2020-07-02,1385,4,39849957.66906738,1330.0,665.0,665.0,1300,history_starts_too_late
XYL,2011-10-13,2023-12-28,3072,5,141369351.57546997,2523.0,872.0,1651.0,2523,history_starts_too_late
XYF,2018-09-19,2023-12-28,1328,4,51635.999608039856,31.0,0.0,31.0,31,history_starts_too_late
XXII,2011-01-26,2023-12-28,3253,5,749474.6477527618,1216.0,475.0,741.0,1216,history_starts_too_late
XWEB,2016-06-28,2023-12-28,1889,4,50528.10173034668,137.0,0.0,137.0,137,history_starts_too_late
XVZ,2015-01-02,2020-07-02,1058,26,19392.000102996823,100.0,50.0,50.0,100,history_starts_too_late
XTL,2011-01-27,2023-12-28,3252,5,345910.50567626953,156.0,0.0,156.0,156,history_starts_too_late
XT,2015-03-24,2023-12-28,2208,4,5506363.558578491,68.0,0.0,68.0,68,history_starts_too_late
XSW,2011-09-29,2023-12-28,3082,5,1398616.473388672,260.0,74.0,186.0,260,history_starts_too_late
XSPA,2015-01-20,2020-07-02,577,135,153454.49752807617,0.0,0.0,0.0,0,history_starts_too_late
XSOE,2014-12-29,2023-12-28,2266,4,8344795.418262482,141.0,40.0,101.0,141,history_starts_too_late
XSLV,2013-02-15,2023-12-28,2736,4,1549046.0012435913,313.0,22.0,291.0,313,history_starts_too_late
XSHQ,2017-04-11,2023-12-28,1691,4,247059.002494812,88.0,0.0,88.0,88,history_starts_too_late
XRLV,2015-04-09,2023-12-28,2197,4,52975.29983520508,81.0,0.0,81.0,81,history_starts_too_late
XRF,2017-04-28,2020-07-02,801,4,63559.00057554245,0.0,0.0,0.0,0,history_starts_too_late
XP,2019-12-11,2023-12-28,1019,4,88724443.0270195,266.0,0.0,266.0,266,history_starts_too_late
WHLRD,2016-09-21,2023-12-28,1806,8,36474.99966621399,3.0,0.0,3.0,3,history_starts_too_late
XBUY,2019-01-30,2020-07-02,343,5,18918.55049133301,0.0,0.0,0.0,0,history_starts_too_late
XBIOW,2019-07-23,2023-12-28,1118,4,0.0,2.0,0.0,2.0,2,history_starts_too_late
WRE,2015-01-02,2020-07-02,1385,4,9697940.043258669,674.0,337.0,337.0,658,history_starts_too_late
WPX,2015-01-02,2020-07-02,1385,4,73288359.360981,2342.0,1171.0,1171.0,2342,history_starts_too_late
WPG,2015-01-02,2020-07-02,1385,4,10184485.526108742,1552.0,776.0,776.0,1552,history_starts_too_late
WORK,2019-06-20,2020-07-02,262,4,230892609.6001625,0.0,0.0,0.0,0,history_starts_too_late
WOMN,2018-08-30,2023-12-28,1341,4,53133.999729156494,10.0,0.0,10.0,10,history_starts_too_late
WMS,2014-07-25,2023-12-28,2374,4,60371190.97480774,1396.0,525.0,871.0,1308,history_starts_too_late
WMGI,2015-01-02,2020-07-02,1384,4,60828580.08289337,1664.0,832.0,832.0,1608,history_starts_too_late
WLL,2015-01-02,2020-07-02,1385,4,45872558.05146694,4326.0,2163.0,2163.0,4266,history_starts_too_late
WLDR,2018-01-17,2023-12-28,1498,4,57872.59931564331,8698.0,0.0,8698.0,8698,history_starts_too_late
WKEY,2019-01-11,2023-12-28,1250,4,50338.00104498863,38.0,0.0,38.0,38,history_starts_too_late
WIZ,2019-10-16,2023-12-13,1048,4,26942.765631675724,0.0,0.0,0.0,0,history_starts_too_late
WISA,2018-07-27,2023-12-28,1365,4,344808.50615501404,41.0,0.0,41.0,41,history_starts_too_late
WINS,2015-01-26,2020-07-02,968,180,13293.000173568726,0.0,0.0,0.0,0,history_starts_too_late
WING,2015-06-12,2023-12-28,2152,4,92542812.9638672,844.0,0.0,844.0,844,history_starts_too_late
WINC,2019-02-08,2023-12-28,1231,4,58624.99952316284,8555.0,0.0,8555.0,8555,history_starts_too_late
WIMI,2020-04-01,2023-12-28,943,4,286037.8043174744,66.0,0.0,66.0,66,history_starts_too_late
WIL,2015-01-02,2020-07-01,614,34,7496.450042724609,36.0,18.0,18.0,36,history_starts_too_late
WRI,2015-01-02,2020-07-02,1385,4,24057432.89461136,0.0,0.0,0.0,0,history_starts_too_late
XBIT,2015-04-15,2023-12-28,2193,4,89963.99655342102,74.0,0.0,74.0,74,history_starts_too_late
WRK,2015-06-24,2023-12-28,2144,4,70859684.62600708,772.0,0.0,772.0,772,history_starts_too_late
WSG,2015-04-17,2020-07-02,238,1561,476226.003742218,0.0,0.0,0.0,0,history_starts_too_late
XBIO,2016-06-30,2023-12-28,1887,4,19029.99999523163,37.0,0.0,37.0,37,history_starts_too_late
XAR,2011-09-29,2023-12-28,3082,5,7840415.89050293,484.0,0.0,484.0,484,history_starts_too_late
XAN,2015-01-02,2020-07-02,1382,4,2109859.936070442,0.0,0.0,0.0,0,history_starts_too_late
XAIR,2018-06-12,2023-12-28,1397,4,1348143.0160999298,43.0,0.0,43.0,43,history_starts_too_late
WYND,2015-01-02,2020-07-02,1385,4,30331438.67645264,0.0,0.0,0.0,0,history_starts_too_late
WWJD,2019-10-02,2023-12-28,1068,4,623043.595790863,4.0,0.0,4.0,4,history_starts_too_late
WWE,2015-01-02,2020-07-02,1385,4,59136994.7599411,0.0,0.0,0.0,0,history_starts_too_late
WVVIP,2016-08-30,2020-06-30,499,68,1810.200023651123,0.0,0.0,0.0,0,history_starts_too_late
WVE,2015-11-11,2023-12-28,2046,4,1360561.0272169113,105.0,0.0,105.0,105,history_starts_too_late
WUGI,2020-03-31,2023-12-28,944,4,45782.99903869629,24.0,0.0,24.0,24,history_starts_too_late
WUBA,2015-01-02,2020-07-02,1385,4,40640204.28237915,1578.0,789.0,789.0,1578,history_starts_too_late
WTRU,2019-04-18,2020-07-02,303,4,3332475.918769836,0.0,0.0,0.0,0,history_starts_too_late
WTRH,2016-08-18,2020-07-02,777,49,2017155.456224084,0.0,0.0,0.0,0,history_starts_too_late
WTMF,2011-01-05,2023-12-28,3267,5,664443.0088043213,8.0,0.0,8.0,8,history_starts_too_late
WTFCP,2020-05-11,2023-12-28,916,4,533027.993106842,1.0,0.0,1.0,1,history_starts_too_late
WTFCM,2015-06-24,2023-12-28,2144,4,190489.0015602112,4.0,0.0,4.0,4,history_starts_too_late
WSTG,2015-01-02,2020-07-02,1379,5,122051.99842453004,296.0,148.0,148.0,296,history_starts_too_late
WSC,2015-11-05,2023-12-28,2050,4,69290860.53009033,211.0,0.0,211.0,210,history_starts_too_late
PICB,2015-01-02,2020-07-02,1385,4,208274.4999885559,102.0,51.0,51.0,102,history_starts_too_late
STWD,2015-01-02,2020-07-02,1385,4,38519241.10212326,1988.0,994.0,994.0,1970,history_starts_too_late
STSB,2015-01-06,2015-03-04,30,7,2602.7499958872795,0.0,0.0,0.0,0,history_starts_too_late
RMR,2015-12-14,2023-12-28,2024,4,1708110.4594230652,141.0,0.0,141.0,141,history_starts_too_late
RMNI,2015-08-28,2023-12-28,2098,4,1047071.4873552322,66.0,0.0,66.0,66,history_starts_too_late
RMM,2015-01-06,2023-12-28,1123,1145,723448.5094070433,7.0,0.0,7.0,7,history_starts_too_late
RMI,2018-10-26,2023-12-28,1301,4,233977.5054931641,32.0,0.0,32.0,32,history_starts_too_late
RMED,2020-07-02,2020-07-02,1,0,546306.8519907295,0.0,0.0,0.0,0,history_starts_too_late
RMBL,2016-01-22,2023-12-28,1742,353,1335199.4785308838,93.0,0.0,93.0,93,history_starts_too_late
RMBI,2019-07-02,2023-12-28,1132,4,110419.99979019164,17.0,0.0,17.0,17,history_starts_too_late
RMAX,2013-10-02,2023-12-28,2578,4,2073295.038986206,956.0,388.0,568.0,956,history_starts_too_late
RM,2012-03-28,2023-12-28,2958,5,703900.4942893982,842.0,325.0,517.0,842,history_starts_too_late
RLY,2012-04-26,2023-12-28,2938,5,2797955.977249145,104.0,43.0,61.0,104,history_starts_too_late
RLMD,2014-06-20,2023-12-28,2398,4,414224.4976401329,52.0,0.0,52.0,52,history_starts_too_late
RLJ,2011-05-11,2023-12-28,3180,5,16593704.181098938,1362.0,553.0,809.0,1362,history_starts_too_late
RLGY,2015-01-02,2020-07-02,1385,4,18476118.07816029,1726.0,863.0,863.0,1726,history_starts_too_late
RJI,2015-01-02,2020-07-02,1385,4,341495.00489234924,102.0,51.0,51.0,102,history_starts_too_late
RIV,2016-01-08,2023-12-28,2007,4,823510.4871273041,72.0,0.0,72.0,72,history_starts_too_late
RISE,2015-02-20,2020-07-02,893,31,11800.000190734863,0.0,0.0,0.0,0,history_starts_too_late
RIOT,2016-03-31,2020-06-19,1060,4,1332587.7907723188,0.0,0.0,0.0,0,history_starts_too_late
RNA,2020-06-12,2023-12-28,893,4,9327686.23600006,396.0,160.0,236.0,396,history_starts_too_late
RING,2012-02-02,2023-12-28,2996,5,1706840.036392212,169.0,23.0,146.0,169,history_starts_too_late
RNDB,2016-07-01,2020-07-02,958,5,91399.29957389832,0.0,0.0,0.0,0,history_starts_too_late
RNEM,2017-07-10,2023-12-28,1630,4,49036.4990234375,3.0,0.0,3.0,3,history_starts_too_late
ROOF,2011-06-14,2023-12-28,3157,5,38151.999855041504,317.0,57.0,260.0,317,history_starts_too_late
ROMO,2019-11-04,2023-12-28,1045,4,86276.69906616211,3.0,0.0,3.0,3,history_starts_too_late
ROKU,2017-09-28,2023-12-28,1573,4,417361404.7527313,2702.0,0.0,2702.0,2702,history_starts_too_late
ROKT,2018-10-23,2023-12-28,1304,4,26118.000411987305,13.0,0.0,13.0,13,history_starts_too_late
RODM,2015-02-27,2023-12-28,2225,4,3250044.45810318,36.0,0.0,36.0,36,history_starts_too_late
RODI,2015-01-30,2020-06-19,80,494,10118.000030517578,100.0,50.0,50.0,100,history_starts_too_late
RODE,2017-05-11,2023-12-28,1670,4,2590.1000022888184,6.0,0.0,6.0,6,history_starts_too_late
ROCHU,2020-05-05,2020-07-02,35,4,26130.000495910645,0.0,0.0,0.0,0,history_starts_too_late
ROBT,2018-03-05,2023-12-28,1466,4,2411421.487426758,46.0,0.0,46.0,46,history_starts_too_late
ROBO,2013-10-22,2023-12-28,2564,4,3977230.507087708,231.0,47.0,184.0,231,history_starts_too_late
ROAM,2015-02-27,2023-12-28,2225,4,25524.000549316406,13.0,0.0,13.0,13,history_starts_too_late
RNSC,2017-06-26,2023-12-28,1639,4,62767.55037307739,28.0,0.0,28.0,28,history_starts_too_late
RNMC,2017-06-22,2023-12-28,1641,4,24128.699684143063,42.0,0.0,42.0,42,history_starts_too_late
RNLC,2017-06-22,2023-12-28,1641,4,12823.799896240236,31.0,0.0,31.0,31,history_starts_too_late
RNGR,2017-08-11,2023-12-28,1606,4,1065033.4964752195,104.0,0.0,104.0,104,history_starts_too_late
RNG,2013-09-27,2023-12-28,2581,4,44087849.10202026,2256.0,872.0,1384.0,2255,history_starts_too_late
RNET,2015-01-02,2020-07-02,1385,4,266447.9964494705,610.0,305.0,305.0,610,history_starts_too_late
RNDV,2017-06-26,2020-07-02,604,8,14684.800052642822,0.0,0.0,0.0,0,history_starts_too_late
RORE,2016-10-07,2020-07-02,804,11,13323.200225830078,0.0,0.0,0.0,0,history_starts_too_late
RINF,2012-01-12,2023-12-28,3010,5,260532.9944610596,135.0,50.0,85.0,135,history_starts_too_late
RILYP,2019-10-04,2023-12-28,1066,4,137077.4974822998,103.0,0.0,103.0,103,history_starts_too_late
REYN,2020-01-31,2023-12-28,985,4,7608670.580673218,89.0,0.0,89.0,89,history_starts_too_late
REXN,2015-01-02,2020-07-02,1385,4,46589.99984264374,0.0,0.0,0.0,0,history_starts_too_late
REVS,2019-09-25,2023-12-28,1073,4,38811.3000869751,4.0,0.0,4.0,4,history_starts_too_late
REVG,2017-01-27,2023-12-28,1742,4,1958306.4808368683,97.0,0.0,97.0,97,history_starts_too_late
REV,2015-01-02,2020-07-02,1385,4,1486630.472755432,1172.0,586.0,586.0,1148,history_starts_too_late
RETO,2017-11-29,2023-12-28,1530,4,64277.00086581707,12.0,0.0,12.0,12,history_starts_too_late
RETA,2016-05-26,2020-07-02,1033,4,50653230.615997314,0.0,0.0,0.0,0,history_starts_too_late
RESN,2014-05-29,2020-07-02,1534,4,586863.9945268631,708.0,354.0,354.0,708,history_starts_too_late
RESI,2012-12-24,2023-12-13,2378,551,3684.388147830963,990.0,495.0,495.0,990,history_starts_too_late
RESE,2020-03-17,2023-12-28,954,4,21977.60009765625,2.0,0.0,2.0,2,history_starts_too_late
RESD,2020-01-02,2023-12-28,1005,4,38129.00085449219,2.0,0.0,2.0,2,history_starts_too_late
REPL,2018-07-20,2023-12-28,1370,4,9925898.271846771,52.0,0.0,52.0,52,history_starts_too_late
REPH,2014-03-07,2020-07-02,1592,4,2645366.994714737,896.0,448.0,448.0,896,history_starts_too_late
RENN,2011-05-04,2020-07-02,2307,5,62952.03176736832,1526.0,763.0,763.0,1526,history_starts_too_late
REKR,2017-08-29,2023-12-28,1594,4,1282292.981147766,63.0,0.0,63.0,63,history_starts_too_late
REGI,2012-01-19,2020-07-02,2128,5,14224086.05747223,1266.0,633.0,633.0,1266,history_starts_too_late
REDU,2017-10-20,2020-07-02,679,4,137571.9969034195,0.0,0.0,0.0,0,history_starts_too_late
REZI,2018-10-29,2023-12-28,1300,4,9572078.873968124,77.0,0.0,77.0,77,history_starts_too_late
RILYZ,2017-07-05,2023-12-28,1353,403,597675.5013465881,122.0,0.0,122.0,122,history_starts_too_late
RFCI,2016-06-17,2023-12-28,1896,4,34678.500843048096,4.0,0.0,4.0,4,history_starts_too_late
HGLB,2019-03-01,2023-12-28,1217,4,564942.0221328735,20.0,0.0,20.0,20,history_starts_too_late
RILYO,2019-05-08,2023-12-28,1170,4,353725.0082015991,111.0,0.0,111.0,111,history_starts_too_late
RILYN,2019-09-24,2023-12-28,1074,4,386910.00394821167,109.0,0.0,109.0,109,history_starts_too_late
RILYM,2020-02-13,2023-12-28,976,4,262696.0021972656,106.0,0.0,106.0,106,history_starts_too_late
RILYI,2018-09-12,2020-07-02,449,4,84116.99924468994,0.0,0.0,0.0,0,history_starts_too_late
RILYH,2018-05-21,2020-07-02,534,4,221099.99971389773,0.0,0.0,0.0,0,history_starts_too_late
RILYG,2017-12-14,2023-12-28,1160,522,242967.00477600095,107.0,0.0,107.0,107,history_starts_too_late
RIGS,2015-01-02,2020-07-02,1385,4,674279.9989700317,12.0,6.0,6.0,12,history_starts_too_late
RIF,2015-01-02,2020-07-02,1385,4,609158.4864616394,34.0,17.0,17.0,34,history_starts_too_late
RHE,2016-02-16,2023-12-28,1886,22,14709.400224685667,18.0,0.0,18.0,18,history_starts_too_late
RH,2012-11-02,2023-12-28,2807,4,191785647.706604,2193.0,1048.0,1145.0,2193,history_starts_too_late
RGT,2013-10-09,2023-12-28,2573,4,74670.50223350525,46.0,20.0,26.0,46,history_starts_too_late
RGNX,2015-09-17,2020-07-02,1207,4,18366138.24615478,0.0,0.0,0.0,0,history_starts_too_late
RGLS,2012-10-09,2023-12-28,2823,5,30059.999918937683,707.0,301.0,406.0,707,history_starts_too_late
RGI,2015-01-02,2020-07-02,1384,4,996792.5201416016,108.0,54.0,54.0,108,history_starts_too_late
RFUN,2016-06-16,2020-07-02,987,5,25342.49973297119,0.0,0.0,0.0,0,history_starts_too_late
RFFC,2016-06-28,2023-12-28,1889,4,35200.39978027344,12.0,0.0,12.0,12,history_starts_too_late
RFEU,2016-04-14,2023-12-28,1941,4,6263.000106811523,6.0,0.0,6.0,6,history_starts_too_late
RFDA,2016-09-28,2023-12-28,1825,4,94164.14699554443,14.0,0.0,14.0,14,history_starts_too_late
RECS,2019-09-25,2023-12-28,1073,4,974971.0144042968,5.0,0.0,5.0,5,history_starts_too_late
ROSC,2015-03-24,2023-12-28,2208,4,31150.4487991333,11.0,0.0,11.0,11,history_starts_too_late
ROUS,2015-02-27,2023-12-28,2225,4,626827.4917602539,42.0,0.0,42.0,42,history_starts_too_late
SBFG,2015-01-05,2020-07-02,1332,6,107919.99559402466,82.0,0.0,82.0,82,history_starts_too_late
SBBA,2020-06-05,2020-07-02,20,3,256350.00038146976,772.0,0.0,772.0,772,history_starts_too_late
SAVE,2011-05-26,2020-07-02,2291,5,52937472.89180756,6297.0,3075.0,3222.0,6297,history_starts_too_late
SAQNU,2019-11-20,2020-06-30,73,26,67275.00247955324,0.0,0.0,0.0,0,history_starts_too_late
SAQN,2020-01-08,2020-07-02,82,9,130733.99896621704,0.0,0.0,0.0,0,history_starts_too_late
SAMG,2015-01-02,2020-07-02,1385,4,173948.99954795837,240.0,120.0,120.0,240,history_starts_too_late
SAMAU,2018-12-11,2020-06-18,184,31,30929.00104522705,0.0,0.0,0.0,0,history_starts_too_late
SALT,2013-12-12,2020-07-02,1650,4,2655269.072341919,1054.0,527.0,527.0,1054,history_starts_too_late
SAGE,2015-01-02,2020-07-02,1385,4,48141939.95513916,1705.0,629.0,1076.0,1704,history_starts_too_late
SAFM,2020-07-02,2020-07-02,1,0,48288308.5,2274.0,1137.0,1137.0,2172,history_starts_too_late
SAFE,2017-06-22,2020-07-02,763,4,7334347.459983826,0.0,0.0,0.0,0,history_starts_too_late
SAF,2018-08-29,2020-06-19,446,4,81118.99929046631,0.0,0.0,0.0,0,history_starts_too_late
SAEX,2013-05-28,2020-06-19,1012,943,174094.99868154526,1166.0,583.0,583.0,1166,history_starts_too_late
SACC,2019-11-12,2020-06-19,151,4,130324.00283813477,3.0,0.0,3.0,3,history_starts_too_late
SABR,2015-01-02,2020-07-02,1385,4,38315045.71743012,1375.0,438.0,937.0,1375,history_starts_too_late
RZB,2016-06-13,2023-12-28,1900,4,511382.98511505127,1.0,0.0,1.0,1,history_starts_too_late
RZA,2012-08-24,2020-06-19,1967,5,785779.9880981445,0.0,0.0,0.0,0,history_starts_too_late
SBIO,2014-12-31,2020-07-02,1386,4,1344360.4795455933,74.0,37.0,37.0,74,history_starts_too_late
RYZZ,2019-03-19,2020-05-28,297,4,2266.8325748443613,0.0,0.0,0.0,0,history_starts_too_late
SBLKZ,2017-11-13,2020-06-19,624,5,71161.99989318848,0.0,0.0,0.0,0,history_starts_too_late
SBPH,2016-05-06,2020-07-02,1046,4,138892.50028133392,0.0,0.0,0.0,0,history_starts_too_late
SCHO,2015-01-02,2020-07-02,1385,4,45344511.68117523,0.0,0.0,0.0,0,history_starts_too_late
SCHN,2015-01-02,2020-07-02,1385,4,3894449.8531341553,1514.0,757.0,757.0,1460,history_starts_too_late
SCHM,2011-01-13,2020-07-02,2383,5,19744184.60388184,355.0,174.0,181.0,355,history_starts_too_late
SCHJ,2019-10-11,2020-07-02,183,4,571404.6146392822,5.0,0.0,5.0,5,history_starts_too_late
SCHI,2019-10-11,2020-07-02,183,4,640895.99609375,0.0,0.0,0.0,0,history_starts_too_late
SCHH,2015-01-02,2020-07-02,1385,4,33827117.24853516,1136.0,455.0,681.0,1136,history_starts_too_late
SCHF,2015-01-02,2020-07-02,1385,4,106882006.57424924,833.0,343.0,490.0,819,history_starts_too_late
SCHE,2015-01-02,2020-07-02,1385,4,39815795.06816864,162.0,18.0,144.0,155,history_starts_too_late
SCHA,2015-01-02,2020-07-02,1385,4,26976824.52735901,215.0,15.0,200.0,210,history_starts_too_late
SCCO,2015-01-02,2020-07-02,1385,4,27262637.907218933,1559.0,440.0,1119.0,1551,history_starts_too_late
SCCB,2019-06-28,2020-07-02,249,4,59604.99801635743,3.0,0.0,3.0,3,history_starts_too_late
SC,2014-01-23,2020-07-02,1623,4,21148388.3685112,762.0,381.0,381.0,762,history_starts_too_late
SBUX,2015-01-02,2020-07-02,1385,4,645245822.0672607,8229.0,821.0,7408.0,8229,history_starts_too_late
SBT,2015-01-05,2020-07-02,1152,14,352702.9957294464,33.0,0.0,33.0,33,history_starts_too_late
SBSW,2013-02-11,2020-06-19,1853,4,25458000.191116333,0.0,0.0,0.0,0,history_starts_too_late
SBSI,2015-01-02,2020-07-02,1385,4,3434418.366622925,175.0,0.0,175.0,175,history_starts_too_late
SBS,2015-01-02,2020-07-02,1385,4,16487222.545909882,634.0,60.0,574.0,633,history_starts_too_late
SBOW,2017-01-03,2020-07-02,872,7,426906.0010433197,0.0,0.0,0.0,0,history_starts_too_late
ROSEU,2016-03-11,2023-12-28,892,469,0.0,0.0,0.0,0.0,0,history_starts_too_late
RYTM,2017-10-05,2023-12-28,1568,4,12455610.050582886,110.0,0.0,110.0,110,history_starts_too_late
RYB,2017-09-27,2020-07-02,696,4,68452.50152349472,0.0,0.0,0.0,0,history_starts_too_late
RUBY,2015-01-02,2023-12-28,1908,173,1396.7608233056949,52.0,0.0,52.0,52,history_starts_too_late
RUBI,2014-04-02,2020-07-02,1575,4,10986663.642573357,1180.0,590.0,590.0,1180,history_starts_too_late
RTRX,2012-11-14,2020-07-02,1889,16,5912864.453125,724.0,362.0,362.0,724,history_starts_too_late
RTL,2018-05-16,2020-05-21,469,6,3171.424599647522,0.0,0.0,0.0,0,history_starts_too_late
RSXJ,2015-01-02,2020-07-02,1379,4,73307.00206756592,666.0,333.0,333.0,666,history_starts_too_late
RSX,2015-01-02,2020-07-02,1385,4,128658925.20332336,3666.0,1833.0,1833.0,3612,history_starts_too_late
RSF,2019-06-13,2023-12-28,1145,4,110133.60052108765,22.0,0.0,22.0,22,history_starts_too_late
RRR,2016-04-27,2023-12-28,1932,4,17990981.987953186,291.0,0.0,291.0,290,history_starts_too_late
RRBI,2019-05-03,2023-12-28,1173,4,270458.5079193115,65.0,0.0,65.0,65,history_starts_too_late
RPTX,2020-06-19,2023-12-28,888,4,1148541.963481903,70.0,0.0,70.0,70,history_starts_too_late
RPRX,2020-06-16,2023-12-28,891,4,60118216.91322327,1055.0,433.0,622.0,1015,history_starts_too_late
RPLA,2015-12-08,2020-07-02,207,829,84968.0009841919,0.0,0.0,0.0,0,history_starts_too_late
RPD,2015-07-17,2023-12-28,2128,4,37971045.0050354,173.0,0.0,173.0,173,history_starts_too_late
RPAY,2018-07-17,2023-12-28,1373,4,4572607.107448578,115.0,0.0,115.0,115,history_starts_too_late
RPAR,2019-12-13,2023-12-28,1017,4,1508762.4969482422,11.0,0.0,11.0,11,history_starts_too_late
RPAI,2012-04-09,2020-07-02,2073,5,18047589.890813828,790.0,395.0,395.0,790,history_starts_too_late
ROYT,2015-01-02,2020-07-02,1385,4,238367.9988861084,0.0,0.0,0.0,0,history_starts_too_late
RUHN,2019-04-03,2020-07-02,316,4,954801.0120153428,0.0,0.0,0.0,0,history_starts_too_late
RYLD,2019-04-22,2023-12-28,1182,4,14050699.775028229,10.0,0.0,10.0,10,history_starts_too_late
RUN,2014-07-29,2023-12-28,2182,48,154704640.38181305,944.0,0.0,944.0,944,history_starts_too_late
RVI,2018-06-26,2020-07-02,508,4,2156609.017181397,0.0,0.0,0.0,0,history_starts_too_late
RYAM,2014-06-16,2023-12-28,2402,4,3181220.009338856,361.0,73.0,288.0,361,history_starts_too_late
RXN,2012-03-29,2020-07-02,2079,5,22456787.81433105,0.0,0.0,0.0,0,history_starts_too_late
RWVG,2019-01-16,2020-07-02,351,5,188702.59914398196,0.0,0.0,0.0,0,history_starts_too_late
RWUI,2019-01-16,2020-07-02,262,14,37781.69937133789,0.0,0.0,0.0,0,history_starts_too_late
RWSL,2019-01-16,2020-07-02,296,8,27151.000022888184,0.0,0.0,0.0,0,history_starts_too_late
RWLS,2019-01-16,2020-07-02,241,25,40248.60076904297,0.0,0.0,0.0,0,history_starts_too_late
RWLK,2014-09-12,2023-12-28,2340,4,85487.39815950394,1126.0,515.0,611.0,1126,history_starts_too_late
RWIU,2019-01-16,2020-07-02,229,20,26457.500457763672,0.0,0.0,0.0,0,history_starts_too_late
RWGV,2019-01-16,2020-07-02,365,5,351479.6974182129,0.0,0.0,0.0,0,history_starts_too_late
RWED,2019-01-16,2020-07-02,221,44,33367.7993774414,0.0,0.0,0.0,0,history_starts_too_late
RWDC,2019-01-16,2020-07-02,253,21,30484.499359130863,0.0,0.0,0.0,0,history_starts_too_late
RWCD,2019-01-16,2020-07-02,317,13,47934.30099487305,0.0,0.0,0.0,0,history_starts_too_late
RVRS,2017-11-02,2020-07-02,664,4,42958.8002204895,0.0,0.0,0.0,0,history_starts_too_late
RVNU,2013-06-04,2020-06-19,1678,7,263814.9995803833,142.0,71.0,71.0,142,history_starts_too_late
RVNC,2014-02-06,2023-12-28,2491,4,27552469.28863525,1191.0,496.0,695.0,1191,history_starts_too_late
RVMD,2020-02-13,2023-12-28,976,4,24710569.897174835,84.0,0.0,84.0,84,history_starts_too_late
RVLV,2019-06-07,2023-12-28,1149,4,22247772.520637512,297.0,0.0,297.0,297,history_starts_too_late
RUSL,2011-05-27,2020-07-02,2252,38,3376296.976089477,1072.0,536.0,536.0,1072,history_starts_too_late
SCHQ,2019-10-11,2020-07-02,182,4,660550.8443832397,0.0,0.0,0.0,0,history_starts_too_late
REAL,2019-06-28,2023-12-28,1134,4,5113452.892768383,85.0,0.0,85.0,85,history_starts_too_late
RDVT,2018-03-27,2023-12-28,1450,4,291147.5088119507,14.0,0.0,14.0,14,history_starts_too_late
PRTA,2012-12-21,2023-12-28,2773,4,22930618.642044067,252.0,0.0,252.0,252,history_starts_too_late
PRSP,2018-06-01,2020-07-02,526,4,19549936.464309696,0.0,0.0,0.0,0,history_starts_too_late
PRS,2018-08-22,2023-12-28,1347,4,600286.9895935059,22.0,0.0,22.0,22,history_starts_too_late
PRQR,2014-09-18,2023-12-28,2336,4,567775.0,867.0,384.0,483.0,867,history_starts_too_late
PRPO,2017-06-30,2023-12-28,1635,4,36899.25074577332,56.0,0.0,56.0,56,history_starts_too_late
PRPL,2015-10-29,2023-12-28,2055,4,2025178.51485014,169.0,0.0,169.0,169,history_starts_too_late
PROS,2019-07-25,2020-07-02,238,4,927392.5206184388,0.0,0.0,0.0,0,history_starts_too_late
PROG,2020-06-19,2020-07-02,10,3,3746685.071754456,0.0,0.0,0.0,0,history_starts_too_late
PRNT,2016-07-20,2023-12-28,1874,4,297041.2560462952,67.0,0.0,67.0,67,history_starts_too_late
PRNB,2018-09-14,2020-07-02,453,4,12775992.975616455,0.0,0.0,0.0,0,history_starts_too_late
PRLB,2012-02-24,2023-12-28,2981,5,4980848.433303833,1419.0,537.0,882.0,1419,history_starts_too_late
PRH,2013-03-27,2023-12-28,2167,781,836568.5013771058,13.0,1.0,12.0,13,history_starts_too_late
PREF,2017-07-06,2023-12-28,1632,4,2829840.6350135803,19.0,0.0,19.0,19,history_starts_too_late
PRAH,2015-01-02,2020-07-02,1385,4,41051470.57952881,1028.0,514.0,514.0,1028,history_starts_too_late
PQSV,2018-11-15,2020-07-02,69,106,4879.999923706055,0.0,0.0,0.0,0,history_starts_too_late
PQSG,2018-11-15,2020-07-02,106,61,4995.4999923706055,0.0,0.0,0.0,0,history_starts_too_late
PQLC,2018-10-18,2020-07-02,94,46,5312.5,0.0,0.0,0.0,0,history_starts_too_late
PRTH,2016-12-06,2023-12-28,1777,4,63727.49961614609,33.0,0.0,33.0,33,history_starts_too_late
PQIN,2018-12-10,2020-07-02,62,90,4982.250022888184,0.0,0.0,0.0,0,history_starts_too_late
PRTY,2015-04-16,2020-07-02,1314,4,7839634.361720083,0.0,0.0,0.0,0,history_starts_too_late
PSEP,2019-09-06,2020-07-02,187,6,97679.3981552124,0.0,0.0,0.0,0,history_starts_too_late
PTACU,2019-11-22,2020-07-02,92,9,17610.000038146973,0.0,0.0,0.0,0,history_starts_too_late
PTAC,2020-01-13,2020-07-02,72,13,173182.49473571777,0.0,0.0,0.0,0,history_starts_too_late
PT,2018-10-25,2023-12-28,1302,4,84388.5005235672,894.0,408.0,486.0,818,history_starts_too_late
PSXP,2015-01-02,2020-07-02,1385,4,23620193.251991272,1416.0,708.0,708.0,1416,history_starts_too_late
PSX,2012-04-12,2023-12-28,2948,5,312959924.18174744,1298.0,0.0,1298.0,1298,history_starts_too_late
PSV,2014-06-12,2020-07-02,1525,4,35375.248646736145,0.0,0.0,0.0,0,history_starts_too_late
PSTL,2019-05-15,2023-12-28,1165,4,1396909.4860076904,85.0,0.0,85.0,85,history_starts_too_late
PSTG,2015-10-06,2023-12-28,2072,4,109165980.69992064,656.0,0.0,656.0,656,history_starts_too_late
PSNL,2019-06-20,2023-12-28,1140,4,522125.0028908253,61.0,0.0,61.0,61,history_starts_too_late
PSN,2015-02-19,2023-12-28,1175,1449,22993758.289527893,275.0,0.0,275.0,275,history_starts_too_late
PSMM,2017-02-27,2020-07-02,592,58,16350.0,0.0,0.0,0.0,0,history_starts_too_late
PSMG,2017-02-27,2020-07-02,780,7,16902.049589157104,0.0,0.0,0.0,0,history_starts_too_late
PSMC,2017-02-28,2020-07-02,590,97,18104.69961166382,0.0,0.0,0.0,0,history_starts_too_late
PSMB,2017-02-28,2020-07-02,664,27,21807.600116729736,0.0,0.0,0.0,0,history_starts_too_late
PSJ,2015-01-02,2020-07-02,1384,4,3955205.527496338,0.0,0.0,0.0,0,history_starts_too_late
PSHG,2011-01-03,2023-12-28,3269,5,293323.4952569008,123.0,0.0,123.0,123,history_starts_too_late
PSET,2016-03-22,2023-12-28,1957,4,89354.99992370605,37.0,0.0,37.0,37,history_starts_too_late
PRVL,2019-06-20,2020-07-02,262,4,1300939.0052318573,0.0,0.0,0.0,0,history_starts_too_late
PTBD,2019-10-23,2020-07-02,175,4,967928.5287857056,0.0,0.0,0.0,0,history_starts_too_late
PQDI,2020-06-17,2023-12-28,890,4,1772.5000381469729,12.0,0.0,12.0,12,history_starts_too_late
PPTY,2018-03-27,2023-12-28,1450,4,166628.5014152527,5.0,0.0,5.0,5,history_starts_too_late
PLMR,2019-04-17,2023-12-28,1184,4,6719451.084136963,134.0,0.0,134.0,134,history_starts_too_late
PLL,2018-01-02,2023-12-28,1508,4,16486304.653167725,434.0,0.0,434.0,428,history_starts_too_late
PLIN,2015-01-22,2020-07-02,244,783,318128.9896309376,0.0,0.0,0.0,0,history_starts_too_late
PLCY,2017-10-17,2020-07-02,679,4,82339.7500038147,0.0,0.0,0.0,0,history_starts_too_late
PLAY,2014-10-10,2023-12-28,2320,4,36212259.8613739,4575.0,1542.0,3033.0,4575,history_starts_too_late
PLAN,2018-10-12,2020-07-02,433,4,108185377.93579102,0.0,0.0,0.0,0,history_starts_too_late
PJUN,2019-06-03,2020-07-02,228,8,109299.250125885,0.0,0.0,0.0,0,history_starts_too_late
PJUL,2018-08-09,2020-07-02,468,5,493143.9991950989,0.0,0.0,0.0,0,history_starts_too_late
PJH,2012-12-12,2020-07-02,1902,4,557278.4901618958,0.0,0.0,0.0,0,history_starts_too_late
PJAN,2019-01-03,2020-07-02,366,5,547157.7474594116,0.0,0.0,0.0,0,history_starts_too_late
PIXY,2017-06-30,2023-12-28,1635,4,301349.1569709778,64.0,0.0,64.0,64,history_starts_too_late
PIRS,2015-01-02,2023-12-28,2263,4,208583.0014884472,89.0,0.0,89.0,89,history_starts_too_late
PINS,2019-04-18,2023-12-28,1183,4,261279244.25086972,2374.0,0.0,2374.0,2374,history_starts_too_late
PING,2019-09-19,2020-07-02,199,4,15409439.66217041,0.0,0.0,0.0,0,history_starts_too_late
PINE,2019-11-22,2023-12-28,1031,4,1163031.9421768188,70.0,0.0,70.0,70,history_starts_too_late
PINC,2013-09-26,2023-12-28,2582,4,17893978.32584381,994.0,386.0,608.0,994,history_starts_too_late
PIH,2014-04-01,2020-07-02,1539,5,14316.000175476074,216.0,108.0,108.0,216,history_starts_too_late
PLNT,2015-08-06,2020-06-19,1227,4,92937927.47859956,0.0,0.0,0.0,0,history_starts_too_late
PPX,2013-03-18,2020-07-02,1833,9,473242.5000190736,0.0,0.0,0.0,0,history_starts_too_late
PLRX,2020-06-03,2023-12-28,900,4,10629033.713531494,112.0,0.0,112.0,112,history_starts_too_late
PLXP,2014-03-13,2020-07-02,1582,5,22624.000000953674,36.0,0.0,36.0,36,history_starts_too_late
PPSI,2013-05-03,2020-06-19,1439,43,10402.99973487854,430.0,215.0,215.0,430,history_starts_too_late
PPMC,2018-02-15,2020-07-02,292,28,2768.75,0.0,0.0,0.0,0,history_starts_too_late
PPLC,2015-01-09,2020-07-02,1100,27,198165.0966644287,0.0,0.0,0.0,0,history_starts_too_late
PPHI,2019-04-01,2023-12-28,1196,4,0.0,7723.0,0.0,7723.0,7723,history_starts_too_late
PPEM,2018-02-15,2023-12-28,607,932,16202.399444580078,2.0,0.0,2.0,2,history_starts_too_late
PPDM,2018-02-15,2020-07-02,270,35,3471.4000701904297,0.0,0.0,0.0,0,history_starts_too_late
PPD,2020-02-06,2020-07-02,103,4,25034099.300384525,0.0,0.0,0.0,0,history_starts_too_late
POTX,2019-09-27,2023-12-28,1071,4,171332.00254440308,42.0,0.0,42.0,42,history_starts_too_late
POST,2012-01-27,2023-12-28,3000,5,39162069.35501099,2888.0,1015.0,1873.0,2888,history_starts_too_late
POLA,2016-12-07,2023-12-28,1776,4,33519.49939131737,47.0,0.0,47.0,47,history_starts_too_late
POCT,2018-10-01,2020-07-02,442,4,1156454.0088653564,0.0,0.0,0.0,0,history_starts_too_late
PNTG,2019-10-01,2023-12-28,1069,4,1496587.5095367432,77.0,0.0,77.0,77,history_starts_too_late
PNNTG,2019-10-08,2020-07-02,177,6,92106.00032806396,0.0,0.0,0.0,0,history_starts_too_late
PMOM,2017-10-19,2020-07-01,304,48,13875.0,0.0,0.0,0.0,0,history_starts_too_late
PME,2011-08-02,2020-07-02,1868,58,22405.49967885017,512.0,256.0,256.0,512,history_starts_too_late
PMAR,2020-03-02,2020-07-02,87,4,411161.98539733887,0.0,0.0,0.0,0,history_starts_too_late
PLYA,2015-11-10,2020-07-02,1008,27,1875335.7321500776,214.0,0.0,214.0,214,history_starts_too_late
PLSE,2016-05-18,2023-12-28,1917,4,545494.5071816444,42.0,0.0,42.0,42,history_starts_too_late
RDVY,2014-01-07,2023-12-28,2512,4,30235044.946289062,294.0,51.0,243.0,294,history_starts_too_late
PTCT,2013-06-20,2023-12-28,2650,4,28033865.805530548,2359.0,988.0,1371.0,2359,history_starts_too_late
PTGX,2016-08-11,2023-12-28,1858,4,14219890.853214264,159.0,0.0,159.0,159,history_starts_too_late
QVAL,2014-10-22,2023-12-28,2312,4,574345.5011367798,165.0,52.0,113.0,165,history_starts_too_late
QUOT,2014-03-07,2020-06-19,1584,4,4273845.4436302185,0.0,0.0,0.0,0,history_starts_too_late
QUAL,2013-07-18,2023-12-28,2631,4,142364271.04797363,842.0,211.0,631.0,842,history_starts_too_late
QTWO,2014-03-20,2023-12-28,2462,4,15684695.570755005,789.0,297.0,492.0,789,history_starts_too_late
QTUM,2018-09-05,2023-12-28,1338,4,975001.992034912,30.0,0.0,30.0,30,history_starts_too_late
QTT,2018-09-14,2020-07-02,453,4,4121961.43553257,0.0,0.0,0.0,0,history_starts_too_late
QTS,2013-10-09,2020-07-02,1695,4,29067422.41897583,1386.0,693.0,693.0,1386,history_starts_too_late
QTRX,2017-12-07,2023-12-28,1524,4,5922489.923095703,204.0,0.0,204.0,204,history_starts_too_late
QTNT,2014-04-25,2020-07-02,1559,4,3076944.0996408463,708.0,354.0,354.0,708,history_starts_too_late
QSR,2014-12-11,2023-12-28,2277,4,77768600.12435913,3904.0,1619.0,2285.0,3904,history_starts_too_late
QRVO,2015-01-02,2023-12-28,2263,4,110850658.59069824,4212.0,1703.0,2509.0,4212,history_starts_too_late
QRFT,2019-05-21,2023-12-28,1161,4,12569.700050354004,7.0,0.0,7.0,7,history_starts_too_late
QQQE,2012-03-21,2023-12-28,2963,5,8826198.8986969,163.0,28.0,135.0,163,history_starts_too_late
QQH,2019-10-10,2023-12-28,1062,4,901224.4207382202,2.0,0.0,2.0,2,history_starts_too_late
QMOM,2015-12-02,2023-12-28,2032,4,470548.30436706543,20.0,0.0,20.0,20,history_starts_too_late
QMN,2012-10-04,2020-07-02,1681,13,21072.000122070312,56.0,28.0,28.0,56,history_starts_too_late
QMJ,2020-02-11,2020-07-02,94,7,57290.14911651611,0.0,0.0,0.0,0,history_starts_too_late
QVCD,2018-09-18,2023-12-28,1329,4,262696.0095882416,7775.0,0.0,7775.0,7775,history_starts_too_late
QLYS,2012-09-28,2023-12-28,2830,5,40443513.79699707,1917.0,761.0,1156.0,1917,history_starts_too_late
QVM,2015-02-27,2020-06-29,577,61,5302.500152587891,0.0,0.0,0.0,0,history_starts_too_late
QYLD,2013-12-12,2023-12-28,2528,4,62842482.27996826,246.0,51.0,195.0,246,history_starts_too_late
RDIV,2013-10-01,2023-12-28,2579,4,2679995.4822540283,193.0,55.0,138.0,193,history_starts_too_late
RDHL,2013-01-07,2023-12-28,2764,4,286293.7439069152,1403.0,651.0,752.0,1403,history_starts_too_late
RDFN,2017-07-28,2023-12-28,1616,4,26613630.977225304,75.0,0.0,75.0,75,history_starts_too_late
RCUS,2018-03-15,2023-12-28,1458,4,14411814.31722641,129.0,0.0,129.0,129,history_starts_too_late
RCM,2017-03-16,2023-12-28,1709,4,33199756.54716492,96.0,0.0,96.0,96,history_starts_too_late
RCKT,2015-02-18,2023-12-28,2232,4,13631707.54480362,98.0,0.0,98.0,98,history_starts_too_late
RCEL,2012-05-14,2023-12-28,2926,5,1797095.9510803225,52.0,0.0,52.0,52,history_starts_too_late
RC,2013-02-08,2020-06-19,1854,4,3390649.432897568,0.0,0.0,0.0,0,history_starts_too_late
RBUS,2017-09-22,2020-06-30,286,42,11363.800048828123,0.0,0.0,0.0,0,history_starts_too_late
RBNC,2012-10-10,2020-07-02,1359,32,330534.98792648315,0.0,0.0,0.0,0,history_starts_too_late
RBKB,2019-01-17,2023-12-28,1246,4,12834.500217437744,10.0,0.0,10.0,10,history_starts_too_late
RBIN,2017-09-22,2020-07-01,317,41,7369.49987411499,0.0,0.0,0.0,0,history_starts_too_late
RBB,2017-07-26,2023-12-28,1618,4,475933.505821228,66.0,0.0,66.0,66,history_starts_too_late
RARE,2014-01-31,2023-12-28,2495,4,25625235.38131714,1742.0,813.0,929.0,1742,history_starts_too_late
RAPT,2019-10-31,2023-12-28,1047,4,6555381.275939941,83.0,0.0,83.0,83,history_starts_too_late
RAFE,2019-12-19,2020-07-02,106,8,12298.150062561032,1.0,0.0,1.0,1,history_starts_too_late
RACE,2015-10-21,2020-07-02,1183,4,53115641.86096192,1132.0,0.0,1132.0,1132,history_starts_too_late
QWLD,2014-06-05,2020-06-19,999,30,75753.05099487305,60.0,30.0,30.0,60,history_starts_too_late
PTEU,2015-12-17,2020-07-02,1130,13,611311.0111236572,0.0,0.0,0.0,0,history_starts_too_late
QLVE,2019-07-16,2023-12-28,1123,4,6731.25,17.0,0.0,17.0,17,history_starts_too_late
QLV,2019-07-16,2023-12-28,1123,4,367132.6015472412,35.0,0.0,35.0,35,history_starts_too_late
PYPD,2020-06-26,2023-12-28,883,4,25002.599653720856,18.0,0.0,18.0,18,history_starts_too_late
PY,2016-03-22,2020-06-18,577,60,31309.74998474121,0.0,0.0,0.0,0,history_starts_too_late
PXS,2015-11-04,2023-12-28,2051,4,228858.4998369217,57.0,0.0,57.0,57,history_starts_too_late
PWS,2014-11-03,2023-12-28,1538,1096,82625.94804763794,3.0,0.0,3.0,3,history_starts_too_late
PVL,2011-11-03,2023-12-28,3057,5,271693.001973629,42.0,0.0,42.0,42,history_starts_too_late
PVG,2011-03-03,2020-07-02,2350,5,17440047.209215164,1626.0,813.0,813.0,1596,history_starts_too_late
PVBC,2015-07-16,2023-12-28,2129,4,500434.5000267029,39.0,0.0,39.0,39,history_starts_too_late
PVAL,2017-10-19,2023-12-28,947,329,710940.456199646,36.0,0.0,36.0,36,history_starts_too_late
PVAC,2016-11-15,2020-07-02,909,5,5524887.949371338,0.0,0.0,0.0,0,history_starts_too_late
PUTW,2016-02-25,2023-12-28,1975,4,311726.5015602112,13.0,0.0,13.0,13,history_starts_too_late
PUMP,2017-03-17,2023-12-28,1708,4,11083834.626436234,358.0,0.0,358.0,358,history_starts_too_late
PULS,2018-04-10,2023-12-28,1441,4,40756943.99719238,37.0,0.0,37.0,37,history_starts_too_late
PTON,2019-09-26,2023-12-28,1072,4,72598316.13960266,2105.0,0.0,2105.0,2105,history_starts_too_late
PTNQ,2015-06-12,2020-07-02,1274,4,3372480.060195923,0.0,0.0,0.0,0,history_starts_too_late
PTLC,2015-06-12,2023-12-28,2152,4,5521317.099380493,28.0,0.0,28.0,28,history_starts_too_late
PTLA,2013-05-22,2020-07-01,1791,4,20117385.341644287,1864.0,932.0,932.0,1864,history_starts_too_late
PTIN,2019-05-06,2020-07-02,294,4,588838.0045890808,0.0,0.0,0.0,0,history_starts_too_late
PYPE,2018-08-30,2020-07-02,202,44,4394.000053405762,0.0,0.0,0.0,0,history_starts_too_late
QLVD,2019-07-16,2023-12-28,1123,4,22988.25044631958,21.0,0.0,21.0,21,history_starts_too_late
PZT,2015-01-02,2020-07-02,1384,4,239420.0024604797,30.0,15.0,15.0,30,history_starts_too_late
QAT,2014-05-01,2023-12-28,2433,4,77283.50200653076,164.0,58.0,106.0,164,history_starts_too_late
QLTA,2012-02-16,2023-12-28,2986,5,3944444.397544861,113.0,50.0,63.0,113,history_starts_too_late
QLS,2015-03-24,2020-07-02,509,123,16179.44974899292,0.0,0.0,0.0,0,history_starts_too_late
QLC,2015-09-24,2023-12-28,2080,4,248114.00470733643,15.0,0.0,15.0,15,history_starts_too_late
QK,2019-11-05,2020-07-02,147,7,15967.500686645508,0.0,0.0,0.0,0,history_starts_too_late
QIWI,2013-05-03,2023-12-28,2683,4,0.0,1609.0,684.0,925.0,1609,history_starts_too_late
QINT,2018-09-18,2023-12-28,1329,4,370450.99925994873,19.0,0.0,19.0,19,history_starts_too_late
QGTA,2015-09-30,2020-07-02,781,69,14116.200256347654,0.0,0.0,0.0,0,history_starts_too_late
QGRO,2018-09-12,2023-12-28,1333,4,1999920.4710006716,73.0,0.0,73.0,73,history_starts_too_late
QFIN,2018-12-14,2023-12-28,1268,4,13406348.85931015,128.0,0.0,128.0,128,history_starts_too_late
QES,2018-02-09,2020-07-02,602,4,37268.49909424782,0.0,0.0,0.0,0,history_starts_too_late
QEMM,2014-06-05,2023-12-28,2409,4,98407.00073242188,112.0,49.0,63.0,112,history_starts_too_late
QEFA,2014-06-05,2023-12-28,2409,4,3743372.3766326895,47.0,15.0,32.0,47,history_starts_too_late
QED,2015-03-24,2020-07-02,631,51,12789.899826049805,0.0,0.0,0.0,0,history_starts_too_late
QDYN,2012-12-19,2020-07-02,1606,10,42146.50058746338,44.0,22.0,22.0,44,history_starts_too_late
QDF,2012-12-19,2020-06-19,1887,5,3630777.968788147,108.0,54.0,54.0,108,history_starts_too_late
QDEF,2012-12-19,2023-12-28,2775,4,369557.0066452026,125.0,49.0,76.0,125,history_starts_too_late
QD,2017-10-18,2023-12-28,1559,4,1203031.509774923,157.0,0.0,157.0,157,history_starts_too_late
QARP,2018-04-05,2023-12-28,1444,4,48875.39978027344,9.0,0.0,9.0,9,history_starts_too_late
STT,2015-01-02,2020-07-02,1385,4,162564868.44539642,0.0,0.0,0.0,0,history_starts_too_late
SCHR,2015-01-02,2020-07-02,1385,4,24156285.875701904,54.0,0.0,54.0,54,history_starts_too_late
SCHZ,2015-01-02,2020-07-02,1385,4,31041925.85468292,34.0,17.0,17.0,34,history_starts_too_late
SOJC,2017-11-28,2020-07-02,653,4,734374.896812439,2.0,0.0,2.0,2,history_starts_too_late
SOJB,2016-09-22,2020-07-02,951,4,1157439.0125274656,0.0,0.0,0.0,0,history_starts_too_late
SOJA,2015-10-09,2020-07-02,1191,4,1608538.516330719,0.0,0.0,0.0,0,history_starts_too_late
SOIL,2015-01-02,2020-07-02,1335,5,21907.49945640564,0.0,0.0,0.0,0,history_starts_too_late
SOI,2017-05-12,2020-07-02,791,4,4447402.043581009,178.0,0.0,178.0,178,history_starts_too_late
SOHOO,2017-10-10,2020-07-02,648,6,74945.50108909607,5908.0,0.0,5908.0,5908,history_starts_too_late
SOHON,2019-04-12,2020-07-02,306,4,76787.2010231018,2.0,0.0,2.0,2,history_starts_too_late
SOHOB,2016-09-07,2020-07-02,899,7,63637.50066757202,301.0,0.0,301.0,301,history_starts_too_late
SOHO,2015-01-02,2020-07-02,1385,4,243556.00669384009,891.0,362.0,529.0,891,history_starts_too_late
SOAC,2020-06-26,2020-07-02,5,3,215715.00835418704,0.0,0.0,0.0,0,history_starts_too_late
SO,2015-01-02,2020-07-02,1385,4,269956836.1600876,6647.0,2237.0,4410.0,6549,history_starts_too_late
SNX,2015-01-02,2020-07-02,1385,4,36402913.47732544,2981.0,1174.0,1807.0,2929,history_starts_too_late
SNV,2015-01-02,2020-07-02,1385,4,42084609.87701416,2525.0,937.0,1588.0,2322,history_starts_too_late
SNUG,2020-02-25,2020-07-02,72,5,50774.10144805908,0.0,0.0,0.0,0,history_starts_too_late
SNSR,2016-09-16,2020-07-02,955,4,1015651.4739990234,47.0,0.0,47.0,47,history_starts_too_late
SNR,2015-01-02,2020-07-02,1385,4,2493841.933250428,852.0,426.0,426.0,850,history_starts_too_late
SNPS,2015-01-02,2020-07-02,1385,4,141209690.93093872,2294.0,1147.0,1147.0,2232,history_starts_too_late
SOJD,2020-01-14,2020-07-02,119,4,4227567.115974426,2.0,0.0,2.0,2,history_starts_too_late
SNPE,2019-06-26,2020-07-02,256,4,343170.54901123047,28.0,0.0,28.0,28,history_starts_too_late
SOLO,2018-08-09,2020-07-02,478,4,450692.99035072327,182.0,0.0,182.0,182,history_starts_too_late
SON,2020-07-02,2020-07-02,1,0,14074070.977798462,2573.0,947.0,1626.0,2530,history_starts_too_late
SPHB,2011-05-05,2023-12-28,3184,5,34246845.57723999,794.0,287.0,507.0,794,history_starts_too_late
SPGP,2011-06-16,2020-07-02,2166,7,2931729.981994629,0.0,0.0,0.0,0,history_starts_too_late
SPGI,2015-01-02,2020-07-02,1385,4,333347096.2890625,0.0,0.0,0.0,0,history_starts_too_late
SPFF,2012-07-19,2023-12-28,2880,5,615688.5021686554,135.0,56.0,79.0,135,history_starts_too_late
SPDV,2017-11-29,2023-12-28,1530,4,168045.85361480713,3.0,0.0,3.0,3,history_starts_too_late
SPDN,2016-06-10,2023-12-28,1901,4,64775526.78852081,40.0,0.0,40.0,40,history_starts_too_late
SPCE,2017-09-29,2023-12-28,1572,4,35816858.57028961,1668.0,0.0,1668.0,1668,history_starts_too_late
SPBO,2011-04-07,2023-12-28,3203,5,5185142.416477203,3.0,0.0,3.0,3,history_starts_too_late
SPB,2015-01-02,2020-07-02,1385,4,22387125.24242401,1778.0,889.0,889.0,1750,history_starts_too_late
SPAQ,2018-10-02,2020-07-02,363,12,320656.00776672363,3.0,0.0,3.0,3,history_starts_too_late
SOYB,2015-01-02,2020-07-02,1385,4,507239.99605178833,117.0,0.0,117.0,117,history_starts_too_late
SOXX,2015-01-02,2020-07-02,1385,4,141453684.75646976,805.0,259.0,546.0,801,history_starts_too_late
SOXS,2015-01-02,2020-07-02,1385,4,88477998.02360535,908.0,403.0,505.0,854,history_starts_too_late
SOVB,2016-02-23,2020-07-02,1053,6,29814.00032043457,0.0,0.0,0.0,0,history_starts_too_late
SONO,2018-08-02,2020-07-02,483,4,17468024.93495941,266.0,0.0,266.0,266,history_starts_too_late
SONN,2015-01-07,2020-07-02,1349,6,277355.27534484863,71.0,0.0,71.0,71,history_starts_too_late
SONA,2015-01-05,2020-07-02,1382,4,740401.0259151459,0.0,0.0,0.0,0,history_starts_too_late
SOLY,2019-02-19,2020-07-02,347,4,2148609.056043625,0.0,0.0,0.0,0,history_starts_too_late
SPHY,2012-06-19,2023-12-28,2901,5,18294242.961978912,21.0,0.0,21.0,21,history_starts_too_late
SNP,2015-01-02,2020-07-02,1385,4,10537641.87850952,2140.0,1070.0,1070.0,1972,history_starts_too_late
SNN,2015-01-02,2020-07-02,1385,4,24155544.94934082,1731.0,708.0,1023.0,1680,history_starts_too_late
SMN,2015-01-02,2020-07-02,1374,6,113647.00212478638,310.0,146.0,164.0,221,history_starts_too_late
SMMV,2016-09-09,2020-07-02,948,6,3826852.5163650513,62.0,0.0,62.0,62,history_starts_too_late
SMMT,2015-03-05,2020-07-02,1315,6,70785.00202894211,103.0,0.0,103.0,103,history_starts_too_late
SMMF,2015-01-02,2020-07-02,1379,5,304239.001083374,464.0,159.0,305.0,460,history_starts_too_late
SMMD,2017-07-14,2020-07-02,692,6,334708.2986831665,135.0,0.0,135.0,135,history_starts_too_late
SMMCU,2019-06-20,2020-07-01,192,10,33078.000354766846,0.0,0.0,0.0,0,history_starts_too_late
SMMC,2019-08-06,2020-07-02,140,21,145041.50195121765,0.0,0.0,0.0,0,history_starts_too_late
SMM,2015-01-02,2020-07-02,1385,4,727087.9930257797,84.0,42.0,42.0,82,history_starts_too_late
SMLV,2015-01-02,2020-07-02,1381,5,1452982.502746582,428.0,51.0,377.0,428,history_starts_too_late
SMLF,2015-04-30,2020-07-02,1186,18,1714380.047607422,89.0,0.0,89.0,89,history_starts_too_late
SMIT,2015-01-02,2020-07-02,1204,14,27522.0006108284,353.0,169.0,184.0,353,history_starts_too_late
SMIN,2015-01-02,2020-07-02,1385,4,1580949.0039825442,116.0,35.0,81.0,116,history_starts_too_late
SMHI,2017-06-02,2020-06-19,768,4,337582.9963684082,0.0,0.0,0.0,0,history_starts_too_late
SMHB,2018-11-09,2020-07-02,402,11,523202.0118713379,2.0,0.0,2.0,2,history_starts_too_late
SMH,2015-01-02,2020-07-02,1385,4,556259819.3786621,2836.0,1418.0,1418.0,2592,history_starts_too_late
SMG,2015-01-02,2020-07-02,1385,4,45792772.009277344,3210.0,1197.0,2013.0,3103,history_starts_too_late
SMFG,2015-01-02,2020-07-02,1385,4,8640217.448353767,731.0,225.0,506.0,729,history_starts_too_late
SMOG,2015-01-02,2020-07-02,1373,18,258059.00802612305,28.0,0.0,28.0,28,history_starts_too_late
SNOA,2015-01-02,2020-07-02,1383,5,45852.00073719025,81.0,0.0,81.0,81,history_starts_too_late
SMP,2015-01-02,2020-07-02,1385,4,4212330.017852783,1384.0,482.0,902.0,1342,history_starts_too_late
SMRT,2020-07-02,2020-07-02,1,0,454912.2569812536,1718.0,754.0,964.0,1672,history_starts_too_late
SNMP,2015-01-02,2020-07-02,1379,5,43277.50024199486,28.0,0.0,28.0,28,history_starts_too_late
SNLN,2015-01-02,2020-07-02,1385,4,1243350.9704589844,108.0,54.0,54.0,108,history_starts_too_late
SNGXW,2020-07-01,2020-07-01,1,0,11.0,0.0,0.0,0.0,0,history_starts_too_late
SNFCA,2015-01-02,2020-07-02,1379,5,46237.49835491181,142.0,67.0,75.0,140,history_starts_too_late
SNES,2016-12-08,2020-07-02,896,4,528622.0051765442,0.0,0.0,0.0,0,history_starts_too_late
SNE,2015-01-02,2020-07-02,1385,4,69118325.14533997,0.0,0.0,0.0,0,history_starts_too_late
SNDX,2016-03-03,2020-07-02,1092,4,1358460.5014324188,235.0,0.0,235.0,235,history_starts_too_late
SNDR,2017-04-06,2020-07-02,816,4,12678015.51246643,307.0,0.0,307.0,307,history_starts_too_late
SNDL,2019-08-01,2020-07-02,233,4,2045720.009803772,817.0,0.0,817.0,817,history_starts_too_late
SNDE,2016-09-07,2020-07-02,910,9,186762.0007634163,0.0,0.0,0.0,0,history_starts_too_late
SND,2016-11-04,2020-07-02,920,4,473433.0111503601,121.0,0.0,121.0,121,history_starts_too_late
SNCR,2015-01-02,2020-07-02,1384,4,1905988.4653568263,1837.0,782.0,1055.0,1790,history_starts_too_late
SNBR,2015-01-02,2020-07-02,1385,4,16745975.173950195,0.0,0.0,0.0,0,history_starts_too_late
SNA,2015-01-02,2020-07-02,1385,4,67555631.64367676,626.0,0.0,626.0,624,history_starts_too_late
SMTS,2015-01-05,2020-07-02,1060,16,20618.150186538696,0.0,0.0,0.0,0,history_starts_too_late
SMTC,2015-01-02,2020-07-02,1385,4,20253896.46892548,465.0,0.0,465.0,464,history_starts_too_late
SMSI,2015-01-02,2020-07-02,1385,4,2689892.0421123505,819.0,377.0,442.0,789,history_starts_too_late
SMPL,2017-07-10,2020-07-02,752,4,21733294.955444336,797.0,282.0,515.0,797,history_starts_too_late
SMEZ,2015-01-02,2020-07-02,1325,5,47250.40016174317,88.0,44.0,44.0,88,history_starts_too_late
SPI,2016-01-20,2023-12-28,2000,4,75421.50265574455,200.0,0.0,200.0,200,history_starts_too_late
SPKEP,2020-07-02,2020-07-02,1,0,90972.3516254425,0.0,0.0,0.0,0,history_starts_too_late
STKL,2015-01-02,2020-07-02,1385,4,839688.0121350288,890.0,445.0,445.0,872,history_starts_too_late
STK,2015-01-02,2020-07-02,1385,4,1409959.0450286863,56.0,28.0,28.0,56,history_starts_too_late
STIM,2018-06-28,2020-07-02,507,4,550370.7453489304,0.0,0.0,0.0,0,history_starts_too_late
STG,2018-03-23,2020-07-02,570,4,27418.500828742985,0.0,0.0,0.0,0,history_starts_too_late
STE,2015-01-02,2020-07-02,1385,4,77862683.34579468,1136.0,568.0,568.0,1118,history_starts_too_late
STBA,2015-01-02,2020-07-02,1385,4,4476122.940826416,554.0,277.0,277.0,546,history_starts_too_late
STAY,2013-11-13,2020-07-02,1670,4,26278276.782989506,1212.0,606.0,606.0,1212,history_starts_too_late
STAR,2015-01-02,2020-07-02,1385,4,8057483.269309998,586.0,293.0,293.0,570,history_starts_too_late
STAG,2015-01-02,2020-07-02,1385,4,30629742.91229248,2284.0,1142.0,1142.0,2284,history_starts_too_late
SSUS,2020-01-17,2020-07-02,116,4,257124.49522018436,0.0,0.0,0.0,0,history_starts_too_late
SSTK,2012-10-11,2020-07-02,1943,5,6934846.264076233,636.0,318.0,318.0,636,history_starts_too_late
SSTI,2017-06-07,2020-07-02,774,4,3292702.0137786865,0.0,0.0,0.0,0,history_starts_too_late
SSSS,2015-01-02,2020-07-02,1382,6,610893.0022716522,0.0,0.0,0.0,0,history_starts_too_late
SSPY,2019-01-04,2020-07-02,353,7,60455.05199432373,0.0,0.0,0.0,0,history_starts_too_late
SSPKU,2019-08-08,2020-07-02,119,22,54118.04896259308,0.0,0.0,0.0,0,history_starts_too_late
SSP,2015-01-02,2020-07-02,1384,4,3726312.010288239,1352.0,676.0,676.0,1290,history_starts_too_late
SSNT,2012-04-17,2020-07-02,1567,21,22009.99983549118,0.0,0.0,0.0,0,history_starts_too_late
STKS,2015-01-02,2020-07-02,1326,11,133252.5015771389,0.0,0.0,0.0,0,history_starts_too_late
SSLY,2020-05-29,2020-07-02,18,5,4713.349914550783,0.0,0.0,0.0,0,history_starts_too_late
STL,2015-01-02,2020-07-02,1385,4,25730520.35598755,814.0,407.0,407.0,814,history_starts_too_late
STLG,2020-01-16,2020-07-02,78,17,2551.5000343322754,0.0,0.0,0.0,0,history_starts_too_late
STSA,2019-09-13,2020-07-02,203,4,960231.0075759888,0.0,0.0,0.0,0,history_starts_too_late
STRS,2015-01-02,2020-07-02,1332,11,176523.0019569397,180.0,90.0,90.0,176,history_starts_too_late
STRO,2018-09-27,2020-07-02,444,4,446974.013376236,0.0,0.0,0.0,0,history_starts_too_late
STRM,2015-01-02,2020-07-02,1384,4,41714.00060653687,508.0,254.0,254.0,498,history_starts_too_late
STRL,2015-01-02,2020-07-02,1385,4,1979639.0180587769,902.0,451.0,451.0,890,history_starts_too_late
STRA,2015-01-02,2020-07-02,1385,4,20937880.987548828,1868.0,934.0,934.0,1712,history_starts_too_late
STPZ,2015-01-02,2020-07-02,1385,4,1412023.9631652832,106.0,53.0,53.0,106,history_starts_too_late
STPP,2015-01-02,2020-06-29,790,25,10034.000015258787,100.0,50.0,50.0,100,history_starts_too_late
STOT,2016-04-14,2020-07-02,1012,5,571541.986846924,0.0,0.0,0.0,0,history_starts_too_late
STOR,2015-01-02,2020-07-02,1385,4,65894621.20456696,1784.0,892.0,892.0,1784,history_starts_too_late
STOK,2018-10-25,2020-07-02,264,237,3426275.922775269,0.0,0.0,0.0,0,history_starts_too_late
STNG,2015-01-02,2020-07-02,1385,4,31565668.346405037,1668.0,834.0,834.0,1668,history_starts_too_late
STND,2015-01-02,2020-07-02,1102,13,64662.00113296509,0.0,0.0,0.0,0,history_starts_too_late
STN,2015-01-02,2020-07-02,1385,4,1596584.0123176577,0.0,0.0,0.0,0,history_starts_too_late
STMB,2020-04-16,2020-06-30,33,12,2888.199996948242,0.0,0.0,0.0,0,history_starts_too_late
STM,2015-01-02,2020-07-02,1385,4,46714123.32420349,3078.0,1539.0,1539.0,3022,history_starts_too_late
STLV,2020-01-16,2020-07-02,75,7,2523.500061035156,0.0,0.0,0.0,0,history_starts_too_late
STLC,2017-11-09,2020-06-30,86,807,271293.8188076019,0.0,0.0,0.0,0,history_starts_too_late
SPKE,2015-01-02,2020-07-02,1385,4,944733.996295929,732.0,366.0,366.0,732,history_starts_too_late
SSKN,2015-01-02,2020-07-02,1385,4,52730.49976825714,0.0,0.0,0.0,0,history_starts_too_late
SRVR,2018-05-16,2020-07-02,536,4,3479599.102020264,0.0,0.0,0.0,0,history_starts_too_late
SPXN,2015-09-24,2020-07-02,436,63,17704.94956970215,0.0,0.0,0.0,0,history_starts_too_late
SPXE,2015-09-24,2023-12-28,2080,4,32376.20086669922,41.0,0.0,41.0,41,history_starts_too_late
SPUU,2014-05-28,2023-12-28,2415,4,1681044.4877624512,166.0,70.0,96.0,166,history_starts_too_late
SPTS,2011-12-01,2023-12-28,3038,5,66398618.47610474,60.0,0.0,60.0,60,history_starts_too_late
SPSM,2013-07-09,2023-12-28,2638,4,37930669.5022583,150.0,0.0,150.0,150,history_starts_too_late
SPSK,2019-12-31,2023-12-28,1006,4,1061961.9747161863,1.0,0.0,1.0,1,history_starts_too_late
SPRO,2017-11-02,2023-12-28,1548,4,398808.5005640984,627.0,245.0,382.0,627,history_starts_too_late
SPPP,2012-12-19,2023-12-28,2775,4,512039.9951934815,111.0,52.0,59.0,111,history_starts_too_late
SPOT,2018-04-03,2023-12-28,1446,4,217416266.64352417,2198.0,0.0,2198.0,2198,history_starts_too_late
SPNE,2015-06-17,2020-07-02,1266,5,1177071.4849472046,0.0,0.0,0.0,0,history_starts_too_late
SPN,2019-12-26,2020-07-02,131,4,421176.01289749146,0.0,0.0,0.0,0,history_starts_too_late
SPMV,2017-07-14,2023-12-28,1626,4,11190.60001373291,41.0,0.0,41.0,41,history_starts_too_late
SPMO,2015-10-12,2023-12-28,2068,4,1590131.995010376,56.0,0.0,56.0,56,history_starts_too_late
SPMD,2013-07-09,2023-12-28,2638,4,28377440.3011322,107.0,0.0,107.0,107,history_starts_too_late
SPLV,2011-05-05,2020-06-19,2297,5,203917947.78556824,0.0,0.0,0.0,0,history_starts_too_late
SPLP,2012-04-10,2023-12-28,2950,5,31220.00026702881,256.0,118.0,138.0,256,history_starts_too_late
SPLK,2012-04-19,2023-12-28,2943,5,164979996.1277008,3726.0,1142.0,2584.0,3726,history_starts_too_late
SPXV,2015-09-24,2023-12-28,2080,4,9487.45002746582,37.0,0.0,37.0,37,history_starts_too_late
SSB,2015-01-02,2020-07-02,1385,4,12864024.77645874,472.0,236.0,236.0,472,history_starts_too_late
SPYD,2015-10-22,2020-07-02,1182,4,22574913.56868744,0.0,0.0,0.0,0,history_starts_too_late
SQEW,2020-05-12,2020-07-02,36,4,66879.64820861816,0.0,0.0,0.0,0,history_starts_too_late
SRV,2015-01-23,2020-07-02,42,1342,2725887.98828125,114.0,57.0,57.0,114,history_starts_too_late
SRTS,2016-07-26,2020-07-02,951,6,72113.50026130676,0.0,0.0,0.0,0,history_starts_too_late
SRS,2015-01-02,2020-07-02,1385,4,621884.9773406982,112.0,56.0,56.0,112,history_starts_too_late
SRPT,2015-01-02,2020-07-02,1385,4,114417704.51278688,0.0,0.0,0.0,0,history_starts_too_late
SRNE,2015-01-02,2020-07-02,1385,4,9347410.417377949,872.0,436.0,436.0,872,history_starts_too_late
SRLP,2015-01-02,2020-07-02,1385,4,528359.5024108887,574.0,287.0,287.0,574,history_starts_too_late
SRLN,2013-04-04,2020-07-02,1826,4,19005580.62324524,92.0,46.0,46.0,92,history_starts_too_late
SRL,2015-01-02,2020-07-02,1382,4,43019.9990272522,0.0,0.0,0.0,0,history_starts_too_late
SREV,2015-01-02,2020-07-02,1385,4,244742.4935400486,696.0,348.0,348.0,696,history_starts_too_late
SRET,2015-03-17,2020-07-02,1326,5,4173122.0450401306,0.0,0.0,0.0,0,history_starts_too_late
SREA,2019-06-27,2020-07-02,257,4,2430775.43964386,0.0,0.0,0.0,0,history_starts_too_late
SRC,2012-09-20,2020-07-02,1958,5,38294631.36806488,1248.0,624.0,624.0,1248,history_starts_too_late
SRAX,2015-01-05,2020-07-02,1220,22,147060.00014543533,0.0,0.0,0.0,0,history_starts_too_late
SRACU,2019-11-08,2020-07-02,91,29,14675.92038345337,0.0,0.0,0.0,0,history_starts_too_late
SRAC,2020-01-02,2020-07-02,59,14,473785.0183486939,0.0,0.0,0.0,0,history_starts_too_late
SR,2015-01-02,2020-07-02,1385,4,18486493.70498657,806.0,403.0,403.0,770,history_starts_too_late
SQNS,2015-01-02,2020-07-02,1385,4,695940.0128126146,670.0,335.0,335.0,670,history_starts_too_late
SQ,2015-11-19,2020-07-02,1162,4,645368702.4478912,0.0,0.0,0.0,0,history_starts_too_late
SCHW,2015-01-02,2020-07-02,1385,4,379488362.9833221,76.0,38.0,38.0,76,history_starts_too_late
SMED,2015-01-02,2020-07-02,1381,5,255027.00612545013,832.0,416.0,416.0,824,history_starts_too_late
SMDV,2015-02-05,2020-07-02,1315,7,2990940.9801483154,213.0,0.0,213.0,213,history_starts_too_late
SFYX,2019-04-11,2020-07-02,310,4,63797.39990234375,0.0,0.0,0.0,0,history_starts_too_late
SFYF,2019-05-08,2020-07-02,266,8,9868.750095367432,16.0,0.0,16.0,16,history_starts_too_late
SFUN,2015-01-02,2020-07-02,1385,4,257370.00131607056,1752.0,876.0,876.0,1744,history_starts_too_late
SFTW,2019-12-20,2020-07-02,114,9,95687.50047683716,0.0,0.0,0.0,0,history_starts_too_late
SFNC,2015-01-02,2020-07-02,1385,4,11639327.232933044,617.0,291.0,326.0,611,history_starts_too_late
SFM,2015-01-02,2020-07-02,1385,4,34361168.04199219,2718.0,1359.0,1359.0,2718,history_starts_too_late
SFL,2015-01-02,2020-07-02,1385,4,7724666.57128334,1388.0,694.0,694.0,1354,history_starts_too_late
SFIX,2017-10-26,2020-07-02,660,22,48657259.416770935,0.0,0.0,0.0,0,history_starts_too_late
SFIG,2016-04-27,2020-07-02,542,54,78556.99996948242,0.0,0.0,0.0,0,history_starts_too_late
SFHY,2016-04-27,2020-07-02,677,41,86220.60070037842,0.0,0.0,0.0,0,history_starts_too_late
SFET,2018-08-17,2020-07-02,441,14,567720.0016021729,0.0,0.0,0.0,0,history_starts_too_late
SFBS,2015-01-02,2020-07-02,1385,4,4951998.021125793,480.0,198.0,282.0,480,history_starts_too_late
SFBC,2015-01-05,2020-07-01,1106,12,33461.99989318848,208.0,90.0,118.0,208,history_starts_too_late
SF,2015-01-02,2020-07-02,1385,4,20840121.474838257,1618.0,809.0,809.0,1530,history_starts_too_late
SERV,2015-01-02,2020-07-02,1385,4,47273215.49720764,818.0,409.0,409.0,810,history_starts_too_late
SENS,2015-12-22,2020-07-02,1100,26,1363644.5553272965,118.0,0.0,118.0,118,history_starts_too_late
SENEB,2015-01-02,2020-06-29,494,35,5888.0001068115225,98.0,49.0,49.0,98,history_starts_too_late
SG,2015-01-21,2020-07-02,473,251,22724.99990463257,124.0,0.0,124.0,124,history_starts_too_late
SENEA,2015-01-02,2020-07-02,1385,4,788540.0009155273,211.0,95.0,116.0,207,history_starts_too_late
SGA,2015-01-02,2020-07-02,1383,4,188784.50469970703,382.0,191.0,191.0,366,history_starts_too_late
SGC,2015-01-02,2020-07-02,1385,4,274859.5031738281,447.0,206.0,241.0,445,history_starts_too_late
SHLL,2019-04-22,2020-07-02,211,8,105469.99797821043,0.0,0.0,0.0,0,history_starts_too_late
SHG,2015-01-02,2020-07-02,1385,4,3165219.0521240234,316.0,158.0,158.0,308,history_starts_too_late
SHEN,2015-01-02,2020-07-02,1385,4,7398383.748245239,231.0,0.0,231.0,231,history_starts_too_late
SHE,2015-01-27,2020-07-02,1066,406,576161.4109039307,0.0,0.0,0.0,0,history_starts_too_late
SHAK,2015-01-30,2020-07-02,1366,4,78008871.49486542,0.0,0.0,0.0,0,history_starts_too_late
SH,2015-01-02,2020-07-02,1385,4,159854561.37800217,210.0,56.0,154.0,148,history_starts_too_late
SGU,2015-01-02,2020-07-02,1385,4,567319.9944019318,336.0,168.0,168.0,330,history_starts_too_late
SGRY,2015-10-01,2020-07-02,1197,4,4540126.498317719,98.0,0.0,98.0,98,history_starts_too_late
SGRP,2015-01-02,2020-07-02,1315,12,31067.99937486649,228.0,114.0,114.0,226,history_starts_too_late
SGOL,2015-01-02,2020-07-02,1385,4,8052822.819805145,2656.0,1328.0,1328.0,2542,history_starts_too_late
SGOC,2015-01-02,2020-07-02,1331,7,3511.000061035156,204.0,102.0,102.0,204,history_starts_too_late
SGMO,2015-01-02,2020-07-02,1385,4,14041185.494804384,2209.0,1021.0,1188.0,2191,history_starts_too_late
SGMA,2015-01-02,2020-07-02,1376,5,28162.999629974365,260.0,130.0,130.0,256,history_starts_too_late
SGH,2017-05-24,2020-07-02,783,4,6536413.010978699,0.0,0.0,0.0,0,history_starts_too_late
SGG,2015-01-02,2020-07-02,1369,7,112002.6496887207,1352.0,676.0,676.0,1138,history_starts_too_late
SGDM,2015-01-02,2020-07-02,1385,4,1052710.5251312256,106.0,53.0,53.0,106,history_starts_too_late
SGDJ,2015-03-31,2020-07-02,1325,4,689765.00415802,0.0,0.0,0.0,0,history_starts_too_late
SGBX,2017-06-22,2020-07-02,748,7,981347.4689245224,0.0,0.0,0.0,0,history_starts_too_late
SHLO,2015-01-02,2020-07-02,1385,4,137536.0005825758,788.0,394.0,394.0,786,history_starts_too_late
SELF,2015-01-02,2020-07-02,1374,5,65956.49712085724,0.0,0.0,0.0,0,history_starts_too_late
SEIX,2019-04-25,2020-07-02,133,74,2492.0000076293945,0.0,0.0,0.0,0,history_starts_too_late
SD,2016-10-04,2020-07-02,943,4,907672.5247979164,522.0,100.0,422.0,517,history_starts_too_late
SCYX,2015-01-02,2020-07-02,1376,6,485333.49502682686,802.0,401.0,401.0,802,history_starts_too_late
SCX,2015-01-02,2020-07-02,1385,4,74419.99950408936,139.0,54.0,85.0,139,history_starts_too_late
SCWX,2016-04-22,2020-07-02,1057,4,1659292.9700374603,0.0,0.0,0.0,0,history_starts_too_late
SCVX,2020-03-20,2020-07-02,51,19,47199.9979019165,0.0,0.0,0.0,0,history_starts_too_late
SCSC,2015-01-02,2020-07-02,1385,4,3417955.951499939,757.0,297.0,460.0,727,history_starts_too_late
SCS,2015-01-02,2020-07-02,1385,4,10556892.999219894,693.0,238.0,455.0,693,history_starts_too_late
SCPL,2019-05-03,2020-07-02,295,4,2978965.0548934937,0.0,0.0,0.0,0,history_starts_too_late
SCPH,2017-11-17,2020-07-02,659,4,303055.99467754364,0.0,0.0,0.0,0,history_starts_too_late
SCPE,2019-09-05,2020-07-02,117,14,40850.0,0.0,0.0,0.0,0,history_starts_too_late
SCON,2015-01-06,2020-07-02,1368,5,155639.49659019706,0.0,0.0,0.0,0,history_starts_too_late
SCM,2015-01-02,2020-07-02,1385,4,1275476.4907360077,342.0,171.0,171.0,342,history_starts_too_late
SCKT,2015-01-02,2020-07-02,1356,6,13690.999627113342,14.0,0.0,14.0,14,history_starts_too_late
SCIX,2015-05-19,2020-07-01,817,27,5636.250114440918,0.0,0.0,0.0,0,history_starts_too_late
SCIU,2015-05-13,2020-07-02,1196,13,112209.34448242188,0.0,0.0,0.0,0,history_starts_too_late
SCIJ,2015-05-21,2020-07-02,809,71,5585.900115966797,0.0,0.0,0.0,0,history_starts_too_late
SCID,2015-05-20,2020-07-02,961,25,10405.999755859377,0.0,0.0,0.0,0,history_starts_too_late
SDC,2019-09-12,2020-07-02,204,4,53347367.11707116,0.0,0.0,0.0,0,history_starts_too_late
SELB,2016-06-22,2020-07-02,1015,4,839932.0054531097,0.0,0.0,0.0,0,history_starts_too_late
SDEM,2015-03-17,2020-07-02,1288,6,116706.0022354126,29.0,0.0,29.0,29,history_starts_too_late
SDGR,2020-02-06,2020-07-02,103,4,46701650.53710938,175.0,0.0,175.0,175,history_starts_too_late
SEIC,2015-01-02,2020-07-02,1385,4,32248257.08694458,1644.0,584.0,1060.0,1622,history_starts_too_late
SEF,2015-01-02,2020-07-02,1384,4,384510.49785614014,19.0,0.0,19.0,18,history_starts_too_late
SEED,2015-01-02,2020-07-02,1385,4,64160.49966812134,815.0,384.0,431.0,680,history_starts_too_late
SECO,2017-09-22,2020-07-02,699,4,265528.9971113205,58.0,0.0,58.0,57,history_starts_too_late
SEB,2015-01-02,2020-07-02,1384,4,2032684.521484375,455.0,186.0,269.0,432,history_starts_too_late
SEAS,2013-04-19,2020-06-19,1806,4,36956759.98020172,74.0,37.0,37.0,74,history_starts_too_late
SEAC,2015-01-02,2020-07-02,1385,4,1057485.5252027512,1194.0,507.0,687.0,1172,history_starts_too_late
SE,2017-10-20,2020-07-02,679,4,153054748.74286652,1604.0,137.0,1467.0,1604,history_starts_too_late
SDYL,2015-01-02,2020-07-02,1239,9,119965.00015258788,100.0,50.0,50.0,100,history_starts_too_late
SDY,2015-01-02,2020-07-02,1385,4,54442683.69522095,1516.0,252.0,1264.0,1482,history_starts_too_late
SDVY,2017-11-03,2020-07-02,562,9,47892.49887466431,88.0,0.0,88.0,88,history_starts_too_late
SDS,2015-01-02,2020-07-02,1385,4,221634298.6603737,245.0,0.0,245.0,220,history_starts_too_late
SDRL,2015-01-02,2020-07-02,1385,4,1440458.004784584,238.0,119.0,119.0,238,history_starts_too_late
SDP,2015-01-02,2020-07-02,1342,6,102522.9991912842,456.0,209.0,247.0,446,history_starts_too_late
SDOG,2015-01-02,2020-07-02,1385,4,4980490.985679626,557.0,174.0,383.0,557,history_starts_too_late
SDIV,2015-01-02,2020-07-02,1385,4,5460013.583850861,0.0,0.0,0.0,0,history_starts_too_late
SDI,2018-03-07,2020-07-02,562,7,97919.70083713531,0.0,0.0,0.0,0,history_starts_too_late
SDG,2015-01-05,2020-07-02,1057,67,337418.49822998047,7.0,0.0,7.0,7,history_starts_too_late
SMDY,2020-01-17,2020-06-24,27,49,2914.900016784668,3.0,0.0,3.0,3,history_starts_too_late
SHM,2015-01-02,2020-07-02,1385,4,14132579.372978212,109.0,51.0,58.0,109,history_starts_too_late
SHOO,2015-01-02,2020-07-02,1385,4,20936161.01732254,1744.0,872.0,872.0,1658,history_starts_too_late
SLGN,2015-01-02,2020-07-02,1385,4,14086014.679527285,1754.0,671.0,1083.0,1707,history_starts_too_late
SLGL,2018-02-01,2020-07-02,607,4,128153.99494171144,50.0,0.0,50.0,50,history_starts_too_late
SLF,2015-01-02,2020-07-02,1385,4,21250448.35510254,1298.0,649.0,649.0,1266,history_starts_too_late
SLDB,2018-01-26,2020-07-02,613,4,1995577.5118470192,106.0,0.0,106.0,106,history_starts_too_late
SLCT,2015-01-02,2020-07-02,1343,5,239050.9998321533,154.0,77.0,77.0,154,history_starts_too_late
SLCA,2015-01-02,2020-07-02,1385,4,9455760.06513834,3207.0,1306.0,1901.0,3207,history_starts_too_late
SLB,2015-01-02,2020-07-02,1385,4,365679062.7813339,10907.0,3513.0,7394.0,10844,history_starts_too_late
SLAB,2015-01-02,2020-07-02,1385,4,29165168.39447021,0.0,0.0,0.0,0,history_starts_too_late
SKYY,2015-01-02,2020-07-02,1385,4,16213146.041488647,352.0,0.0,352.0,352,history_starts_too_late
SKYS,2015-01-02,2020-07-02,1368,5,47367.99956560135,254.0,127.0,127.0,254,history_starts_too_late
SKOR,2015-01-02,2020-07-02,1244,7,212662.0008468628,148.0,55.0,93.0,145,history_starts_too_late
SKM,2015-01-02,2020-07-02,1385,4,7186955.273246765,1127.0,400.0,727.0,1100,history_starts_too_late
SJT,2015-01-02,2020-07-02,1385,4,279436.49604320526,512.0,185.0,327.0,496,history_starts_too_late
SJNK,2015-01-02,2020-07-02,1385,4,66574540.11240005,841.0,308.0,533.0,841,history_starts_too_late
SJM,2015-01-02,2020-07-02,1385,4,98339624.60975648,4564.0,2282.0,2282.0,4414,history_starts_too_late
SJIJ,2019-09-18,2020-07-02,200,4,549657.3902130127,0.0,0.0,0.0,0,history_starts_too_late
SJI,2015-01-02,2020-07-02,1385,4,18240580.059432983,842.0,421.0,421.0,824,history_starts_too_late
SLM,2015-01-02,2020-07-02,1385,4,31982405.904412262,2462.0,936.0,1526.0,2304,history_starts_too_late
SJB,2015-01-02,2020-07-02,1385,4,1510517.0104980469,68.0,23.0,45.0,68,history_starts_too_late
SLMBP,2015-01-02,2020-07-02,1244,8,292909.0003967285,64.0,17.0,47.0,64,history_starts_too_late
SLP,2015-01-02,2020-07-02,1385,4,4605666.021347046,1122.0,435.0,687.0,1114,history_starts_too_late
SMDD,2015-01-02,2020-07-02,1316,8,251469.9953079224,40.0,12.0,28.0,40,history_starts_too_late
SMCI,2015-01-02,2020-07-02,1385,4,3983722.8836059575,814.0,0.0,814.0,814,history_starts_too_late
SMBC,2015-01-02,2020-07-02,1353,5,450730.0048828125,352.0,127.0,225.0,352,history_starts_too_late
SMB,2015-01-02,2020-07-02,1385,4,624975.4972457886,417.0,124.0,293.0,365,history_starts_too_late
SMAR,2018-04-27,2020-07-02,550,4,68285461.42654419,314.0,0.0,314.0,314,history_starts_too_late
SM,2015-01-02,2020-07-02,1385,4,29027147.08595276,3804.0,1426.0,2378.0,3678,history_starts_too_late
SLYV,2015-01-02,2020-07-02,1385,4,11572980.180740356,362.0,52.0,310.0,362,history_starts_too_late
SLYG,2015-01-02,2020-07-02,1385,4,7671778.8734436035,296.0,54.0,242.0,296,history_starts_too_late
SLY,2015-01-02,2020-07-02,1385,4,3796373.817443847,106.0,53.0,53.0,106,history_starts_too_late
SLX,2015-01-02,2020-07-02,1385,4,383949.0022659302,2129.0,859.0,1270.0,1957,history_starts_too_late
SLVP,2015-01-02,2020-07-02,1385,4,1060904.96635437,171.0,58.0,113.0,171,history_starts_too_late
SLVO,2015-01-02,2020-07-02,1385,4,72555.50079345703,130.0,50.0,80.0,130,history_starts_too_late
SLV,2015-01-02,2020-06-19,1376,4,273310263.1249428,10391.0,4012.0,6379.0,9653,history_starts_too_late
SLT,2018-05-16,2020-07-02,485,7,27993.55039596558,0.0,0.0,0.0,0,history_starts_too_late
SLS,2015-01-07,2020-07-02,1195,36,1310451.9772410393,67.0,0.0,67.0,67,history_starts_too_late
SLRC,2015-01-02,2020-07-02,1385,4,2184053.559064865,1002.0,445.0,557.0,976,history_starts_too_late
SLQD,2015-01-02,2020-07-02,1385,4,8706639.945983887,118.0,47.0,71.0,118,history_starts_too_late
SLNO,2015-01-02,2020-07-02,1384,4,220711.99926137924,72.0,0.0,72.0,72,history_starts_too_late
SHO,2015-01-02,2020-07-02,1385,4,27006718.83292198,1344.0,560.0,784.0,1302,history_starts_too_late
SJ,2019-11-12,2020-07-02,59,63,98358.00333023071,39.0,0.0,39.0,39,history_starts_too_late
SIXS,2020-05-11,2020-07-02,36,4,96597.2984313965,0.0,0.0,0.0,0,history_starts_too_late
SIGA,2015-01-02,2020-07-02,1377,12,916931.990146637,105.0,0.0,105.0,104,history_starts_too_late
SIG,2015-01-02,2020-07-02,1385,4,33632914.80674743,4131.0,1677.0,2454.0,4083,history_starts_too_late
SIFY,2015-01-02,2020-07-02,1385,4,39065.50025343895,573.0,248.0,325.0,551,history_starts_too_late
SIF,2015-01-02,2020-07-02,1274,7,8289.99992609024,160.0,80.0,80.0,154,history_starts_too_late
SIEB,2015-01-02,2020-07-02,1248,14,84191.00003242493,300.0,150.0,150.0,296,history_starts_too_late
SID,2015-01-02,2020-07-02,1385,4,9076512.851876022,1649.0,624.0,1025.0,1555,history_starts_too_late
SIC,2018-08-16,2020-07-02,470,5,857753.9873361588,0.0,0.0,0.0,0,history_starts_too_late
SIBN,2018-10-17,2020-07-02,430,4,2550041.964054108,272.0,0.0,272.0,269,history_starts_too_late
SHYL,2018-01-10,2020-07-02,606,6,81543.49842071533,0.0,0.0,0.0,0,history_starts_too_late
SHYG,2015-01-02,2020-07-02,1385,4,34876902.882003784,184.0,50.0,134.0,184,history_starts_too_late
SHYF,2019-12-02,2020-07-02,46,151,4256105.966949463,0.0,0.0,0.0,0,history_starts_too_late
SHYD,2015-01-02,2020-07-02,1385,4,1496582.9818725586,0.0,0.0,0.0,0,history_starts_too_late
SHY,2015-01-02,2020-07-02,1385,4,206078588.0622864,332.0,58.0,274.0,286,history_starts_too_late
SHW,2015-01-02,2020-07-02,1385,4,271365771.7224121,4754.0,1936.0,2818.0,4682,history_starts_too_late
SHV,2015-01-02,2020-07-02,1385,4,220484660.5674744,249.0,58.0,191.0,249,history_starts_too_late
SHSP,2015-01-02,2020-07-02,1378,5,610642.5082921982,0.0,0.0,0.0,0,history_starts_too_late
SHOP,2015-05-21,2020-07-02,1289,4,976362707.180786,56.0,0.0,56.0,56,history_starts_too_late
SIGI,2015-01-02,2020-07-02,1385,4,16788058.64906311,1212.0,393.0,819.0,1203,history_starts_too_late
SIZE,2015-01-02,2020-07-02,1332,6,6615836.904144287,160.0,10.0,150.0,160,history_starts_too_late
SII,2015-01-02,2020-07-02,1382,4,762475.0077247621,28.0,0.0,28.0,28,history_starts_too_late
SIL,2015-01-02,2020-07-02,1385,4,8746040.344905853,1973.0,836.0,1137.0,1848,history_starts_too_late
SIXL,2020-05-11,2020-07-02,33,4,97029.20150756836,0.0,0.0,0.0,0,history_starts_too_late
SIXH,2016-01-27,2020-07-02,38,1046,219738.14563751224,0.0,0.0,0.0,0,history_starts_too_late
SIVR,2015-01-02,2020-07-02,1385,4,3686339.918136596,4337.0,1515.0,2822.0,4321,history_starts_too_late
SIVBP,2019-12-13,2020-07-02,138,4,1024947.504901886,0.0,0.0,0.0,0,history_starts_too_late
SITM,2019-11-20,2020-07-02,155,4,2049404.927444458,130.0,0.0,130.0,130,history_starts_too_late
SITE,2016-05-12,2020-07-02,1043,4,26714521.20437622,180.0,0.0,180.0,180,history_starts_too_late
SITC,2015-01-02,2020-07-02,1385,4,15153176.74579668,164.0,0.0,164.0,164,history_starts_too_late
SIRI,2015-01-02,2020-07-02,1385,4,130200666.46823885,8154.0,3125.0,5029.0,7588,history_starts_too_late
SINO,2015-01-02,2020-07-02,1371,5,19189.99952673912,476.0,238.0,238.0,476,history_starts_too_late
SINA,2015-01-02,2020-07-02,1385,4,26379457.29351044,4444.0,2222.0,2222.0,4284,history_starts_too_late
SIMS,2017-12-27,2020-07-02,555,7,25944.90051269532,0.0,0.0,0.0,0,history_starts_too_late
SIMO,2015-01-02,2020-07-02,1385,4,10976364.53781128,2507.0,970.0,1537.0,2499,history_starts_too_late
SIM,2015-01-02,2020-07-01,1319,9,7547.999954223632,352.0,176.0,176.0,342,history_starts_too_late
SILV,2018-03-06,2020-07-02,587,4,3064644.9661254883,0.0,0.0,0.0,0,history_starts_too_late
SILK,2015-01-02,2020-07-02,1050,429,11276904.050445557,100.0,0.0,100.0,100,history_starts_too_late
SILJ,2015-01-02,2020-07-02,1381,5,4692181.086063385,84.0,0.0,84.0,84,history_starts_too_late
SILC,2015-01-02,2020-07-02,1385,4,639478.5043716431,808.0,350.0,458.0,804,history_starts_too_late
SIJ,2015-01-02,2020-07-02,1158,11,81266.99800491333,104.0,52.0,52.0,104,history_starts_too_late
HGH,2012-04-25,2020-07-02,2061,5,1279705.5033683777,4.0,2.0,2.0,4,history_starts_too_late
JELD,2017-01-27,2023-12-28,1742,4,6408393.351459503,0.0,0.0,0.0,0,history_starts_too_late
HFXI,2015-07-22,2023-12-28,2125,4,1333649.998283386,14.0,0.0,14.0,14,history_starts_too_late
DFPH,2020-06-04,2020-07-02,14,6,23930.400466918945,0.0,0.0,0.0,0,history_starts_too_late
DFP,2013-05-24,2023-12-28,2668,4,1178691.97807312,110.0,27.0,83.0,110,history_starts_too_late
DFNS,2020-03-27,2020-07-02,31,15,4889.999866485596,0.0,0.0,0.0,0,history_starts_too_late
DFNL,2017-01-12,2020-07-02,874,4,254873.49605560303,0.0,0.0,0.0,0,history_starts_too_late
DFND,2016-01-20,2020-07-02,800,17,56687.40005493164,0.0,0.0,0.0,0,history_starts_too_late
DFIN,2016-09-26,2023-12-28,1827,4,7543340.030860901,118.0,0.0,118.0,118,history_starts_too_late
ACEL,2017-08-24,2023-12-28,1597,4,2222671.980857849,72.0,0.0,72.0,72,history_starts_too_late
DFFN,2015-01-07,2020-07-02,960,54,523770.9953337908,0.0,0.0,0.0,0,history_starts_too_late
DEW,2015-01-02,2020-07-02,1384,5,171369.00539398193,76.0,38.0,38.0,74,history_starts_too_late
DEUS,2015-12-18,2020-07-02,1081,15,539312.9837036133,0.0,0.0,0.0,0,history_starts_too_late
DEUR,2017-12-12,2020-07-02,608,13,53408.50181579589,0.0,0.0,0.0,0,history_starts_too_late
DESP,2017-09-20,2023-12-28,1579,4,1328369.9827194214,113.0,0.0,113.0,113,history_starts_too_late
DELL,2016-08-17,2023-12-28,1854,4,197632774.5361328,1885.0,0.0,1885.0,1782,history_starts_too_late
DEF,2015-01-02,2020-07-02,1385,4,1028117.9958343506,108.0,54.0,54.0,106,history_starts_too_late
DFEB,2020-02-24,2020-07-02,91,4,3281992.017364502,0.0,0.0,0.0,0,history_starts_too_late
DFVL,2011-07-12,2020-07-02,2201,32,0.0,0.0,0.0,0.0,0,history_starts_too_late
DFVS,2015-01-02,2020-06-30,496,55,10128.499603271484,140.0,70.0,70.0,140,history_starts_too_late
DGAZ,2015-01-02,2020-07-02,1385,4,149556298.2620239,4964.0,2482.0,2482.0,4964,history_starts_too_late
DIVB,2017-11-09,2023-12-28,1543,4,1211752.515792847,84.0,0.0,84.0,84,history_starts_too_late
DIVA,2020-07-02,2020-07-02,1,0,27394.24599838257,0.0,0.0,0.0,0,history_starts_too_late
DIV,2013-03-12,2023-12-28,2720,4,2232730.980682373,237.0,0.0,237.0,237,history_starts_too_late
DINT,2018-03-05,2020-07-02,588,4,219791.4964675904,0.0,0.0,0.0,0,history_starts_too_late
DIET,2019-11-14,2020-05-21,130,4,33649.585750579834,0.0,0.0,0.0,0,history_starts_too_late
DIAX,2014-12-03,2023-12-28,2283,4,1131294.9778556824,144.0,56.0,88.0,144,history_starts_too_late
DIAL,2017-10-13,2023-12-28,1562,4,1727459.4884872437,29.0,0.0,29.0,29,history_starts_too_late
DHCNL,2020-07-02,2020-07-02,1,0,664336.3526439667,6900.0,0.0,6900.0,6900,history_starts_too_late
DHCNI,2019-07-05,2020-07-02,252,4,634679.9909591676,0.0,0.0,0.0,0,history_starts_too_late
DGRW,2013-05-22,2023-12-28,2670,4,31346538.15002441,816.0,267.0,549.0,816,history_starts_too_late
DGRS,2013-07-25,2023-12-28,2626,4,616409.4938278198,314.0,39.0,275.0,314,history_starts_too_late
DGRO,2014-06-12,2023-12-28,2404,4,75230442.48161316,502.0,41.0,461.0,502,history_starts_too_late
DGRE,2013-08-01,2023-12-28,2621,4,272560.50186157227,142.0,57.0,85.0,142,history_starts_too_late
DGLD,2011-10-17,2020-04-01,2128,5,2736927.5443077087,0.0,0.0,0.0,0,history_starts_too_late
DGBP,2017-12-12,2020-04-01,579,4,15011.199760437012,0.0,0.0,0.0,0,history_starts_too_late
DEEP,2019-12-23,2020-07-02,16,172,210281.5093994141,0.0,0.0,0.0,0,history_starts_too_late
DIVC,2014-09-16,2020-07-01,1397,91,0.0,0.0,0.0,0.0,0,history_starts_too_late
DEEF,2015-12-30,2020-07-02,951,34,145314.30101394653,0.0,0.0,0.0,0,history_starts_too_late
DEA,2015-02-06,2023-12-28,2239,4,10951224.580669403,346.0,0.0,346.0,346,history_starts_too_late
DBEU,2013-10-01,2023-12-28,2579,4,1160647.502326965,151.0,55.0,96.0,151,history_starts_too_late
DBEH,2019-12-18,2020-06-30,129,7,1011.97998046875,0.0,0.0,0.0,0,history_starts_too_late
DAX,2014-10-23,2023-12-28,2311,4,245298.0042457581,1554.0,49.0,1505.0,1553,history_starts_too_late
DAVA,2018-07-27,2023-12-28,1365,4,15621801.161956787,201.0,0.0,201.0,201,history_starts_too_late
DAUG,2019-11-07,2020-06-19,104,16,1363478.203868866,0.0,0.0,0.0,0,history_starts_too_late
DAUD,2017-12-12,2020-07-02,476,28,15832.199859619142,0.0,0.0,0.0,0,history_starts_too_late
DBEZ,2014-12-15,2023-12-28,2275,4,79833.35247039795,139.0,54.0,85.0,139,history_starts_too_late
DARE,2014-04-10,2023-12-28,2447,4,173642.70459413528,40.0,0.0,40.0,40,history_starts_too_late
DALI,2018-05-15,2023-12-28,1416,4,191309.89990234372,2.0,0.0,2.0,2,history_starts_too_late
DADA,2020-06-05,2023-12-28,898,4,8193133.31451416,147.0,0.0,147.0,147,history_starts_too_late
CZR,2012-02-08,2023-12-28,2992,5,126716695.87211607,1001.0,0.0,1001.0,1001,history_starts_too_late
CYCN,2019-03-18,2023-12-28,1206,4,26939.8001909256,41.0,0.0,41.0,41,history_starts_too_late
CYBR,2014-09-24,2020-06-19,1445,4,69892542.68722534,3600.0,1800.0,1800.0,3600,history_starts_too_late
CYB,2015-01-02,2020-07-02,1379,4,48070.00036239624,2026.0,1013.0,1013.0,1954,history_starts_too_late
DALT,2017-10-03,2023-12-28,1570,4,196324.9988555908,3.0,0.0,3.0,3,history_starts_too_late
DBGR,2011-06-09,2023-12-28,3160,5,3141.4999961853027,145.0,56.0,89.0,145,history_starts_too_late
ACGLP,2016-09-23,2020-07-02,950,4,1087855.9851646423,0.0,0.0,0.0,0,history_starts_too_late
DBJP,2011-06-09,2023-12-28,3160,5,813715.0144577026,216.0,47.0,169.0,216,history_starts_too_late
DDWM,2016-02-04,2023-12-28,1989,4,655391.4847373962,19.0,0.0,19.0,19,history_starts_too_late
DDOG,2019-09-19,2023-12-28,1077,4,347992332.3547363,1186.0,0.0,1186.0,1186,history_starts_too_late
ACES,2018-06-29,2023-12-28,1384,4,2413242.054748535,155.0,0.0,155.0,155,history_starts_too_late
DDIV,2014-03-11,2023-12-28,2469,4,103693.69964599608,33.0,0.0,33.0,33,history_starts_too_late
DDG,2015-01-02,2020-07-02,1151,25,30481.000518798828,102.0,51.0,51.0,102,history_starts_too_late
DCUE,2019-06-19,2020-07-02,263,4,6803278.481674194,0.0,0.0,0.0,0,history_starts_too_late
DCTH,2015-02-11,2023-12-28,1809,298,480490.4992341995,121.0,0.0,121.0,118,history_starts_too_late
DCOMP,2020-01-30,2023-12-28,986,4,149445.35179138184,5067.0,0.0,5067.0,5067,history_starts_too_late
ACGLO,2017-08-21,2023-12-28,1600,4,397920.9921836853,9014.0,0.0,9014.0,9014,history_starts_too_late
DCHF,2017-12-12,2020-07-02,280,47,2979.950046539306,0.0,0.0,0.0,0,history_starts_too_late
DBVT,2014-10-22,2020-04-01,1370,4,2042421.9772815704,1034.0,517.0,517.0,1034,history_starts_too_late
DBV,2015-01-02,2020-07-02,1352,6,17002.99997329712,268.0,134.0,134.0,252,history_starts_too_late
DBS,2015-01-02,2020-07-02,1276,6,22598.99969100952,148.0,74.0,74.0,148,history_starts_too_late
DBMF,2019-05-08,2023-12-28,1170,4,6870338.460922241,169.0,0.0,169.0,169,history_starts_too_late
DBLV,2015-01-02,2020-07-02,1373,6,64795.49903869629,0.0,0.0,0.0,0,history_starts_too_late
DEED,2020-04-30,2020-07-02,22,8,2559.749984741211,0.0,0.0,0.0,0,history_starts_too_late
CYAD,2015-06-19,2020-04-01,1205,4,131509.9973678589,0.0,0.0,0.0,0,history_starts_too_late
DIVO,2016-12-15,2023-12-28,1770,4,12750172.908592224,42.0,0.0,42.0,42,history_starts_too_late
DJCB,2019-10-25,2023-12-28,1051,4,2081.5000534057617,7635.0,0.0,7635.0,7635,history_starts_too_late
ACBI,2015-11-02,2020-06-19,1166,4,1320942.992591858,0.0,0.0,0.0,0,history_starts_too_late
DSE,2014-06-26,2020-07-02,1516,4,392096.3920533657,88.0,44.0,44.0,88,history_starts_too_late
DRW,2015-01-02,2020-07-02,1385,4,327716.00074768066,112.0,56.0,56.0,112,history_starts_too_late
DRUA,2016-07-25,2020-07-02,993,4,1238647.983455658,0.0,0.0,0.0,0,history_starts_too_late
DRTT,2014-01-28,2020-07-02,1620,4,94611.1988544464,0.0,0.0,0.0,0,history_starts_too_late
DRNA,2014-01-30,2020-07-02,1618,4,10461852.687358856,1006.0,503.0,503.0,1006,history_starts_too_late
DSKE,2015-12-18,2023-12-28,2020,4,1479050.9545326233,99.0,0.0,99.0,99,history_starts_too_late
DRIV,2018-04-17,2023-12-28,1436,4,2618226.0266304016,667.0,249.0,418.0,600,history_starts_too_late
DRADP,2019-09-13,2020-07-02,136,13,11094.499921798706,0.0,0.0,0.0,0,history_starts_too_late
DPST,2015-08-20,2023-12-28,2104,4,79430827.81448364,74.0,0.0,74.0,74,history_starts_too_late
DPHCW,2020-07-02,2020-07-02,1,0,179285.70565223694,0.0,0.0,0.0,0,history_starts_too_late
DPHCU,2019-02-28,2020-07-02,300,26,0.0,0.0,0.0,0.0,0,history_starts_too_late
DPHC,2019-04-17,2020-07-02,137,36,236289.0063285828,0.0,0.0,0.0,0,history_starts_too_late
DPG,2011-08-01,2023-12-28,3124,5,1207089.0201568604,36.0,0.0,36.0,36,history_starts_too_late
DRIO,2013-04-09,2023-12-28,2701,4,340382.99310207367,51.0,0.0,51.0,51,history_starts_too_late
DSL,2013-04-26,2023-12-28,2688,4,4238048.8647937775,91.0,0.0,91.0,91,history_starts_too_late
DSLV,2011-10-17,2020-07-02,2192,5,3861029.141902924,106.0,53.0,53.0,106,history_starts_too_late
DSTL,2018-10-24,2020-07-02,418,6,251968.50328445435,0.0,0.0,0.0,0,history_starts_too_late
DUSL,2017-05-03,2023-12-28,1676,4,658085.5033874512,23.0,0.0,23.0,23,history_starts_too_late
DUSA,2017-01-12,2020-07-02,874,4,273316.7014122009,0.0,0.0,0.0,0,history_starts_too_late
DURA,2018-10-31,2023-12-28,1298,4,245585.00566482544,22.0,0.0,22.0,22,history_starts_too_late
DUOT,2017-05-31,2020-06-19,629,35,21829.950201511383,0.0,0.0,0.0,0,history_starts_too_late
DUKH,2013-01-16,2020-07-02,1879,4,692012.5124931335,8.0,4.0,4.0,8,history_starts_too_late
DUKB,2018-10-18,2020-07-02,429,4,894051.019191742,0.0,0.0,0.0,0,history_starts_too_late
DTY,2016-12-08,2020-07-02,897,4,386152.9926300049,0.0,0.0,0.0,0,history_starts_too_late
DTW,2016-06-08,2020-07-02,574,656,465587.9894256592,0.0,0.0,0.0,0,history_starts_too_late
DTSS,2017-11-02,2023-12-28,1492,62,29843.700432032343,21.0,0.0,21.0,21,history_starts_too_late
DTQ,2012-10-03,2020-07-02,1949,5,290052.0034790039,0.0,0.0,0.0,0,history_starts_too_late
DTN,2015-01-02,2020-07-02,1385,4,1222972.505569458,200.0,100.0,100.0,182,history_starts_too_late
DTJ,2016-06-10,2020-07-02,1023,4,369813.98973464966,0.0,0.0,0.0,0,history_starts_too_late
DTEC,2017-12-29,2023-12-28,1509,4,239543.0061340332,66.0,0.0,66.0,66,history_starts_too_late
DTEA,2013-12-16,2020-07-02,1506,210,100672.49566316605,0.0,0.0,0.0,0,history_starts_too_late
DT,2019-08-01,2023-12-28,1111,4,101868742.77305605,333.0,0.0,333.0,333,history_starts_too_late
DOYU,2019-07-17,2023-12-28,1122,4,593312.9782438278,167.0,0.0,167.0,167,history_starts_too_late
DIVY,2015-01-02,2023-12-28,2134,186,75284.00011062622,79.0,30.0,49.0,79,history_starts_too_late
DOW,2019-03-20,2023-12-28,1204,4,226014132.2113037,8390.0,3645.0,4745.0,8042,history_starts_too_late
DOO,2015-01-02,2020-07-02,1385,4,251040.9963607788,50.0,25.0,25.0,48,history_starts_too_late
DMB,2013-04-26,2023-12-28,2688,4,546209.0087890625,177.0,56.0,121.0,177,history_starts_too_late
DMAY,2020-05-19,2023-12-28,910,4,338644.1947937012,1.0,0.0,1.0,1,history_starts_too_late
DMAC,2012-08-03,2023-12-28,2869,5,113205.0018787384,28.0,0.0,28.0,28,history_starts_too_late
DLY,2011-01-27,2023-12-28,1005,1302,2199354.9814224243,14.0,0.0,14.0,14,history_starts_too_late
DLTH,2015-11-20,2023-12-28,2039,4,472413.4947776794,249.0,0.0,249.0,249,history_starts_too_late
DLPNW,2020-07-02,2020-07-02,1,0,851.5500036254522,0.0,0.0,0.0,0,history_starts_too_late
DMDV,2018-11-28,2023-12-28,1279,4,2192.4499511718755,1.0,0.0,1.0,1,history_starts_too_late
DLPH,2011-11-17,2020-07-02,2106,92,20896512.81929016,2730.0,1365.0,1365.0,2730,history_starts_too_late
DKNGW,2020-07-02,2020-07-02,1,0,988640.0,0.0,0.0,0.0,0,history_starts_too_late
DKNG,2019-07-25,2023-12-28,1116,4,260401251.4069557,1891.0,0.0,1891.0,1891,history_starts_too_late
DKL,2012-11-02,2023-12-28,2807,4,1512445.008468628,1737.0,653.0,1084.0,1737,history_starts_too_late
DJUN,2020-06-22,2020-07-02,9,3,925297.9812622071,0.0,0.0,0.0,0,history_starts_too_late
DJPY,2017-12-12,2020-07-02,627,9,2403.850078582764,0.0,0.0,0.0,0,history_starts_too_late
DJD,2015-12-18,2023-12-28,2020,4,1167133.4712982178,119.0,0.0,119.0,119,history_starts_too_late
DLNG,2013-11-13,2023-12-28,2548,4,68969.9996471405,1204.0,525.0,679.0,1204,history_starts_too_late
DMPI,2013-02-22,2020-07-02,1854,4,147915.9013479948,0.0,0.0,0.0,0,history_starts_too_late
DMRE,2020-07-02,2020-07-02,1,0,4869.551376342773,0.0,0.0,0.0,0,history_starts_too_late
DMRI,2017-08-02,2020-07-02,574,23,19649.199676513672,0.0,0.0,0.0,0,history_starts_too_late
HFXJ,2015-07-22,2020-07-02,821,19,7923.599863052368,0.0,0.0,0.0,0,history_starts_too_late
DOGZ,2017-12-19,2023-12-28,1516,4,26777.89995193481,25.0,0.0,25.0,25,history_starts_too_late
DOCU,2018-04-27,2023-12-28,1428,4,159938375.7900238,1387.0,0.0,1387.0,1387,history_starts_too_late
DOC,2013-07-19,2023-12-28,2630,4,24060700.024032596,1454.0,544.0,910.0,1454,history_starts_too_late
DNOW,2014-05-20,2020-04-01,1478,4,8879113.854408264,638.0,319.0,319.0,638,history_starts_too_late
DNOV,2019-11-18,2023-12-28,1035,4,638671.489906311,8990.0,0.0,8990.0,8990,history_starts_too_late
DNLI,2017-12-08,2020-06-19,636,4,7077033.110046387,0.0,0.0,0.0,0,history_starts_too_late
DNKN,2015-01-02,2020-07-02,1385,4,52263180.21240234,4012.0,2006.0,2006.0,4012,history_starts_too_late
DNJR,2018-03-20,2020-07-02,514,92,29977.00029015541,0.0,0.0,0.0,0,history_starts_too_late
DMYT,2020-07-02,2020-07-02,1,0,211099.19605255127,0.0,0.0,0.0,0,history_starts_too_late
DMXF,2020-06-18,2023-12-28,889,4,1083228.4980773926,1.0,0.0,1.0,1,history_starts_too_late
DMTK,2017-08-10,2023-12-28,1607,4,797230.9826850891,85.0,0.0,85.0,85,history_starts_too_late
DMRS,2017-08-02,2020-07-02,553,42,26372.249603271484,0.0,0.0,0.0,0,history_starts_too_late
DMRM,2017-08-02,2020-07-02,548,48,22449.8498916626,0.0,0.0,0.0,0,history_starts_too_late
DMRL,2017-08-02,2020-07-02,642,17,105125.44784545898,0.0,0.0,0.0,0,history_starts_too_late
DOOO,2013-08-07,2023-12-28,2617,4,4312570.062637329,193.0,0.0,193.0,193,history_starts_too_late
CXSE,2012-09-20,2023-12-28,2836,5,980731.9869995116,61.0,0.0,61.0,61,history_starts_too_late
CXP,2013-10-10,2020-07-02,1694,4,11614734.621047972,572.0,286.0,286.0,572,history_starts_too_late
CWS,2016-09-21,2023-12-28,1830,4,335631.99462890625,49.0,0.0,49.0,49,history_starts_too_late
CNDT,2016-12-13,2023-12-28,1772,4,2897299.518585205,144.0,0.0,144.0,144,history_starts_too_late
CNCR,2015-10-14,2023-12-28,2066,4,25599.999809265137,60.0,0.0,60.0,60,history_starts_too_late
CNCE,2014-02-13,2020-04-01,1544,4,1431044.5362091064,606.0,303.0,303.0,606,history_starts_too_late
CNBS,2019-07-23,2023-12-28,1118,4,75233.40058326721,30.0,0.0,30.0,30,history_starts_too_late
CNAT,2013-07-25,2020-04-01,1684,4,195334.00564491743,0.0,0.0,0.0,0,history_starts_too_late
CMSD,2019-02-21,2023-12-28,1223,4,956770.0209617616,7.0,0.0,7.0,7,history_starts_too_late
CNFR,2015-08-13,2023-12-28,2109,4,2255.999994277954,70.0,0.0,70.0,70,history_starts_too_late
CMSC,2018-10-01,2020-07-02,379,92,324173.9959716797,0.0,0.0,0.0,0,history_starts_too_late
CMRX,2013-04-11,2023-12-28,2699,4,838753.9785563946,784.0,298.0,486.0,784,history_starts_too_late
CMLS,2018-08-01,2023-12-28,1362,4,449894.0050125122,168.0,0.0,168.0,167,history_starts_too_late
CMFNL,2020-07-02,2020-07-02,1,0,77355.52192687988,0.0,0.0,0.0,0,history_starts_too_late
CMDY,2018-04-05,2020-07-02,448,19,27102.299880981445,0.0,0.0,0.0,0,history_starts_too_late
CMCM,2014-05-08,2023-12-28,2428,4,32783.99993181229,1162.0,477.0,685.0,1162,history_starts_too_late
CMBS,2012-02-16,2023-12-28,2986,5,2166176.04637146,144.0,52.0,92.0,142,history_starts_too_late
CMSA,2018-03-13,2020-06-19,573,4,262894.50302124023,0.0,0.0,0.0,0,history_starts_too_late
CNFRL,2018-10-31,2020-06-30,314,14,30282.000160217285,0.0,0.0,0.0,0,history_starts_too_late
CNHI,2013-09-30,2023-12-28,2580,4,71863355.60131073,2110.0,691.0,1419.0,2110,history_starts_too_late
CNNB,2015-10-15,2023-11-03,2028,4,13795.000171661375,9.0,0.0,9.0,9,history_starts_too_late
COMM,2013-10-25,2023-12-28,2561,4,12080358.072042463,1570.0,578.0,992.0,1570,history_starts_too_late
COMB,2016-01-27,2023-12-28,1628,353,726169.0282821655,132.0,0.0,132.0,132,history_starts_too_late
COM,2015-01-02,2023-12-28,2187,17,1167425.0073432922,26.0,0.0,26.0,26,history_starts_too_late
COLL,2015-05-07,2023-12-28,2177,4,7175662.801265717,197.0,0.0,197.0,197,history_starts_too_late
COLD,2018-01-19,2023-12-28,1496,4,40099308.10871124,273.0,0.0,273.0,273,history_starts_too_late
CODX,2017-07-05,2020-06-19,746,4,343273.5056877136,0.0,0.0,0.0,0,history_starts_too_late
COCP,2012-02-22,2023-12-28,2983,5,58171.99913263322,31.0,0.0,31.0,31,history_starts_too_late
CNYA,2016-06-16,2023-12-28,1897,4,1778795.2522277832,7.0,0.0,7.0,7,history_starts_too_late
CNXT,2014-07-24,2020-06-19,1484,4,310465.29664993286,114.0,57.0,57.0,114,history_starts_too_late
CNXM,2014-09-25,2020-07-02,1453,4,5378262.010574341,0.0,0.0,0.0,0,history_starts_too_late
CNTG,2019-11-07,2023-12-28,1042,4,16211.700171232224,62.0,0.0,62.0,62,history_starts_too_late
CNST,2018-07-19,2020-07-02,493,4,10085299.911499023,0.0,0.0,0.0,0,history_starts_too_late
CNSP,2019-11-08,2020-04-01,99,4,186480.00240325928,0.0,0.0,0.0,0,history_starts_too_late
CNRG,2018-10-23,2020-06-19,399,11,238259.99450683597,0.0,0.0,0.0,0,history_starts_too_late
CNNE,2017-11-20,2023-12-28,1536,4,7348387.024116516,170.0,0.0,170.0,170,history_starts_too_late
CMBM,2019-06-26,2023-12-28,1136,4,1227829.9850463867,154.0,0.0,154.0,154,history_starts_too_late
COMT,2014-10-16,2023-12-28,2316,4,5487116.014862061,279.0,111.0,168.0,279,history_starts_too_late
CLXT,2017-07-05,2020-07-02,750,8,441974.99084472656,0.0,0.0,0.0,0,history_starts_too_late
CLSK,2013-03-07,2023-12-28,2723,4,36963366.49503708,229.0,0.0,229.0,229,history_starts_too_late
ACP,2011-01-27,2023-12-28,3252,5,1706253.9969444275,1558.0,757.0,801.0,1554,history_starts_too_late
CIFS,2017-08-08,2020-04-01,667,4,113043.00087690356,0.0,0.0,0.0,0,history_starts_too_late
CID,2015-08-20,2023-12-28,2104,4,9419.99988555908,13.0,0.0,13.0,13,history_starts_too_late
CIBR,2015-07-07,2023-12-28,2136,4,18152617.401123047,291.0,0.0,291.0,291,history_starts_too_late
CHX,2015-01-02,2023-12-28,2087,64,39153716.246414185,181.0,0.0,181.0,181,history_starts_too_late
CHWY,2019-06-14,2023-12-28,1144,4,138224109.98764038,1246.0,0.0,1246.0,1246,history_starts_too_late
CIICU,2019-12-13,2020-07-02,87,13,89045.94665336607,0.0,0.0,0.0,0,history_starts_too_late
CHUY,2012-07-24,2023-12-28,2877,5,3492562.951660156,498.0,0.0,498.0,498,history_starts_too_late
CHSCN,2014-03-06,2020-07-02,1594,4,411895.4936027527,20.0,10.0,10.0,20,history_starts_too_late
CHSCM,2014-09-10,2020-07-02,1464,4,564579.5085906982,16.0,8.0,8.0,16,history_starts_too_late
CHSCL,2015-01-15,2020-07-02,1376,4,798007.9800605774,0.0,0.0,0.0,0,history_starts_too_late
CHRA,2018-06-14,2020-07-02,517,4,60694.00131702423,0.0,0.0,0.0,0,history_starts_too_late
CHPMU,2019-11-22,2020-06-18,97,20,107099.99799728394,0.0,0.0,0.0,0,history_starts_too_late
CHPM,2020-01-10,2020-07-01,73,13,339648.0079650879,0.0,0.0,0.0,0,history_starts_too_late
CHSCO,2015-01-02,2020-07-02,1385,4,520128.0086517334,28.0,14.0,14.0,28,history_starts_too_late
CIL,2015-01-02,2023-12-28,2251,5,7968.400192260741,7.0,0.0,7.0,7,history_starts_too_late
CINR,2015-01-02,2020-07-02,1385,4,287344.4990158081,0.0,0.0,0.0,0,history_starts_too_late
CIO,2014-04-15,2023-12-28,2444,4,1798940.040588379,684.0,268.0,416.0,672,history_starts_too_late
CLSD,2016-06-02,2023-12-28,1907,4,117364.00275230408,87.0,0.0,87.0,87,history_starts_too_late
CLRG,2017-12-12,2023-12-13,1511,4,880.1772079467773,0.0,0.0,0.0,0,history_starts_too_late
CLPT,2012-05-22,2023-12-28,2920,5,533569.51212883,37.0,0.0,37.0,37,history_starts_too_late
CLPR,2017-02-10,2023-12-28,1732,4,211332.9988002777,86.0,0.0,86.0,86,history_starts_too_late
CLOU,2019-04-16,2023-12-28,1185,4,3233203.008747101,127.0,0.0,127.0,127,history_starts_too_late
CLNY,2015-01-02,2020-07-02,1385,4,11993110.00945568,1102.0,551.0,551.0,1096,history_starts_too_late
CLNC,2018-02-01,2020-07-02,609,4,4645112.009525299,0.0,0.0,0.0,0,history_starts_too_late
CLIX,2017-11-16,2020-06-19,651,4,331002.197265625,0.0,0.0,0.0,0,history_starts_too_late
CLIR,2012-04-25,2023-12-28,2939,5,34805.99994659424,389.0,174.0,215.0,389,history_starts_too_late
CLGN,2018-01-31,2023-12-28,1488,4,64640.99888801575,29.0,0.0,29.0,29,history_starts_too_late
CLEU,2020-05-08,2023-12-28,917,4,98035.34932136536,14.0,0.0,14.0,14,history_starts_too_late
CLDR,2017-04-28,2020-06-19,792,4,38740618.13707352,0.0,0.0,0.0,0,history_starts_too_late
CLBK,2018-04-20,2023-12-28,1433,4,2211527.9961586,7.0,0.0,7.0,7,history_starts_too_late
CKPT,2016-12-19,2023-12-28,1768,4,646929.4911146164,49.0,0.0,49.0,49,history_starts_too_late
CIZ,2014-10-01,2023-12-28,2327,4,111291.99838638306,43.0,5.0,38.0,43,history_starts_too_late
CLVS,2011-11-16,2020-07-02,2170,5,35429975.80900192,3322.0,1661.0,1661.0,3322,history_starts_too_late
CONE,2015-01-02,2020-07-02,1385,4,73535480.6022644,1130.0,565.0,565.0,1130,history_starts_too_late
COOP,2012-03-28,2023-12-28,2958,5,26195907.77835846,233.0,0.0,233.0,233,history_starts_too_late
CORP,2015-01-02,2020-07-02,1385,4,3917590.9671783447,0.0,0.0,0.0,0,history_starts_too_late
CTRM,2019-02-11,2023-12-28,1230,4,235936.70340776443,72.0,0.0,72.0,72,history_starts_too_late
CTR,2012-08-03,2023-12-28,2869,5,560664.0144348145,84.0,24.0,60.0,84,history_starts_too_late
CTMX,2015-10-08,2023-12-28,2070,4,456348.00199866295,119.0,0.0,119.0,119,history_starts_too_late
CTLT,2014-07-31,2023-12-28,2370,4,105011904.145813,1069.0,517.0,552.0,1069,history_starts_too_late
CTDD,2017-04-28,2020-07-02,738,92,1328971.981048584,0.0,0.0,0.0,0,history_starts_too_late
CTBB,2016-08-23,2020-07-02,972,4,2406715.017223358,0.0,0.0,0.0,0,history_starts_too_late
CTT,2013-12-12,2020-07-02,1650,4,1880074.4307041168,496.0,248.0,248.0,494,history_starts_too_late
CSWI,2015-09-30,2023-12-28,2076,4,9154744.678497314,7.0,0.0,7.0,7,history_starts_too_late
CSTR,2016-09-22,2023-12-28,1829,4,724040.007352829,7.0,0.0,7.0,7,history_starts_too_late
CSTL,2019-07-25,2023-12-28,1116,4,3782375.526237488,70.0,0.0,70.0,70,history_starts_too_late
CSTE,2012-03-22,2020-07-02,2084,5,1266421.5232372284,428.0,214.0,214.0,428,history_starts_too_late
CSSEP,2018-06-27,2023-12-28,1386,4,230488.5034561157,15.0,0.0,15.0,15,history_starts_too_late
CSSE,2017-08-07,2023-12-28,1603,10,234461.4945411682,112.0,0.0,112.0,112,history_starts_too_late
CSOD,2011-03-17,2020-04-01,2276,5,24220797.656822205,1208.0,604.0,604.0,1208,history_starts_too_late
CSWCL,2017-12-19,2020-07-02,575,92,54679.798221588135,0.0,0.0,0.0,0,history_starts_too_late
CTVA,2019-05-24,2023-12-28,1158,4,178460223.84262085,612.0,0.0,612.0,612,history_starts_too_late
CTXR,2014-10-02,2023-12-28,2326,4,780527.5121182203,56.0,0.0,56.0,56,history_starts_too_late
CTXRW,2020-07-02,2020-07-02,1,0,630.9000250697135,0.0,0.0,0.0,0,history_starts_too_late
CWK,2016-01-27,2023-12-28,1363,737,20322632.154655457,245.0,0.0,245.0,245,history_starts_too_late
ACI,2015-01-05,2023-12-28,1556,46,57952191.66307449,556.0,0.0,556.0,556,history_starts_too_late
CWH,2016-10-07,2023-12-28,1818,4,21841768.93377304,602.0,0.0,602.0,602,history_starts_too_late
CWEN,2015-05-15,2023-12-28,2171,4,22276795.92761993,7.0,0.0,7.0,7,history_starts_too_late
CWBR,2015-01-28,2023-12-28,2177,31,25689.499682188038,22.0,0.0,22.0,22,history_starts_too_late
ACIA,2016-05-13,2020-06-19,1033,4,30845527.626800537,0.0,0.0,0.0,0,history_starts_too_late
CVNA,2017-04-28,2023-12-28,1679,4,280198521.4237213,1294.0,0.0,1294.0,1294,history_starts_too_late
CVIA,2018-06-01,2020-06-19,517,4,463944.1481262445,0.0,0.0,0.0,0,history_starts_too_late
CVET,2020-07-02,2020-07-02,1,0,23007071.040117264,0.0,0.0,0.0,0,history_starts_too_late
CVEO,2014-05-19,2020-07-02,1543,4,347568.60342621803,542.0,271.0,271.0,542,history_starts_too_late
CURO,2017-12-07,2020-06-19,637,4,3380242.412567138,0.0,0.0,0.0,0,history_starts_too_late
CURE,2011-06-15,2023-12-28,3156,5,4387602.893447876,413.0,189.0,224.0,413,history_starts_too_late
CUE,2018-01-02,2023-12-28,1508,4,706305.9965133667,49.0,0.0,49.0,49,history_starts_too_late
CUBI,2012-03-14,2023-12-28,2968,5,11891646.180152891,807.0,271.0,536.0,807,history_starts_too_late
CTY,2013-05-24,2020-07-02,1727,92,1292385.9699249268,24.0,12.0,12.0,24,history_starts_too_late
CSML,2017-05-16,2020-06-19,780,4,308196.5087890625,0.0,0.0,0.0,0,history_starts_too_late
CSLT,2015-01-02,2020-07-02,1385,4,643775.4881799221,662.0,331.0,331.0,662,history_starts_too_late
CSFL,2015-01-02,2020-06-05,1366,4,12622420.21188736,560.0,280.0,280.0,538,history_starts_too_late
CSF,2015-01-02,2020-07-02,1375,5,353099.3953704834,66.0,33.0,33.0,66,history_starts_too_late
CPTAL,2017-07-06,2020-07-02,735,7,100455.15260696413,0.0,0.0,0.0,0,history_starts_too_late
CPTAG,2017-07-05,2020-07-02,723,5,71484.9988937378,0.0,0.0,0.0,0,history_starts_too_late
CPTA,2015-01-02,2020-07-02,1385,4,911747.462272644,984.0,492.0,492.0,984,history_starts_too_late
CPRI,2011-12-15,2023-12-28,3028,5,86677901.65596008,740.0,0.0,740.0,740,history_starts_too_late
CPLG,2018-06-01,2020-07-02,526,4,2204274.046611786,0.0,0.0,0.0,0,history_starts_too_late
CPER,2011-11-15,2023-12-28,3049,5,1302735.984802246,56.0,0.0,56.0,56,history_starts_too_late
CPAC,2012-02-22,2023-12-28,2983,5,21441.999340057373,288.0,120.0,168.0,288,history_starts_too_late
CPAAW,2020-06-19,2020-06-19,1,0,4250.00011920929,0.0,0.0,0.0,0,history_starts_too_late
CPAAU,2019-07-18,2020-04-01,179,4,24737.15990829468,0.0,0.0,0.0,0,history_starts_too_late
CPAA,2019-09-09,2020-07-02,102,20,124795.00107765198,0.0,0.0,0.0,0,history_starts_too_late
COWZ,2016-12-22,2023-12-28,1765,4,87893801.64470673,145.0,0.0,145.0,145,history_starts_too_late
COWNZ,2017-12-15,2020-07-02,640,4,206685.49556732175,0.0,0.0,0.0,0,history_starts_too_late
COWNL,2018-06-14,2020-04-01,453,4,219939.2526626587,2.0,1.0,1.0,2,history_starts_too_late
COUP,2016-10-06,2020-07-02,941,4,238677788.7283325,1470.0,735.0,735.0,1470,history_starts_too_late
COTY,2013-06-13,2023-12-28,2655,4,51929759.2880249,1385.0,0.0,1385.0,1385,history_starts_too_late
CRBN,2014-12-11,2023-12-28,2277,4,1182015.615081787,225.0,73.0,152.0,225,history_starts_too_late
DVLU,2018-09-14,2023-12-28,1331,4,23750.0,18.0,0.0,18.0,18,history_starts_too_late
CRBP,2014-10-27,2023-12-28,2309,4,133790.99578857422,175.0,0.0,175.0,175,history_starts_too_late
CREXW,2020-07-02,2020-07-02,1,0,183.26999840140343,0.0,0.0,0.0,0,history_starts_too_late
CSD,2015-01-02,2020-07-02,1385,4,210151.50184631348,174.0,87.0,87.0,152,history_starts_too_late
CSB,2015-01-02,2023-12-28,2241,8,1412703.0361175537,38.0,0.0,38.0,38,history_starts_too_late
CSA,2015-01-02,2023-12-28,2138,153,35323.19984436035,39.0,0.0,39.0,37,history_starts_too_late
ACIU,2016-09-23,2023-12-28,1828,4,160107.00298547745,112.0,0.0,112.0,112,history_starts_too_late
CRWD,2019-06-12,2023-12-28,1146,4,485337619.9947357,2483.0,0.0,2483.0,2483,history_starts_too_late
CRVS,2016-03-23,2023-12-28,1956,4,284414.9909734726,91.0,0.0,91.0,91,history_starts_too_late
CRTO,2013-10-30,2023-12-28,2558,4,5951013.120651245,1768.0,696.0,1072.0,1768,history_starts_too_late
CRSP,2016-10-19,2023-12-28,1810,4,57632611.75327301,1325.0,0.0,1325.0,1325,history_starts_too_late
CRSAU,2019-03-08,2020-06-19,185,15,68342.39948272707,0.0,0.0,0.0,0,history_starts_too_late
CRSA,2019-04-18,2020-07-02,209,13,185379.0020942688,0.0,0.0,0.0,0,history_starts_too_late
CROP,2015-01-02,2020-07-02,1247,7,9741.000366210938,108.0,54.0,54.0,108,history_starts_too_late
CROC,2012-07-19,2020-07-02,1863,8,58262.00256347656,116.0,58.0,58.0,116,history_starts_too_late
CRNX,2018-07-18,2023-12-28,1372,4,9848661.365270616,74.0,0.0,74.0,74,history_starts_too_late
CRNC,2019-09-16,2023-12-28,1080,4,8630861.407470703,164.0,0.0,164.0,164,history_starts_too_late
ACMR,2017-11-02,2023-12-28,1548,4,9186557.147407532,216.0,0.0,216.0,216,history_starts_too_late
CRDF,2019-11-08,2020-07-02,79,62,513810.0090742111,175.0,0.0,175.0,175,history_starts_too_late
CHNGU,2019-06-27,2020-07-02,251,5,1809825.0,0.0,0.0,0.0,0,history_starts_too_late
DVOL,2018-10-18,2023-12-28,1307,4,141931.999874115,18.0,0.0,18.0,18,history_starts_too_late
DVYA,2012-02-24,2023-12-28,2981,5,97684.49993133543,35.0,1.0,34.0,35,history_starts_too_late
FAAR,2016-05-23,2023-12-28,1914,4,672173.0116844177,7.0,0.0,7.0,7,history_starts_too_late
EZT,2015-02-04,2020-07-02,1362,4,130217.84877777104,2.0,1.0,1.0,2,history_starts_too_late
EYES,2014-11-19,2020-07-02,1414,4,363767.4956202507,804.0,402.0,402.0,804,history_starts_too_late
EYEN,2018-01-25,2023-12-28,1492,4,488194.0089821816,7.0,0.0,7.0,7,history_starts_too_late
EYEGW,2020-06-19,2020-06-19,1,0,2261.7599494457213,0.0,0.0,0.0,0,history_starts_too_late
EYEG,2015-02-13,2020-07-02,1356,4,196827.0050048828,0.0,0.0,0.0,0,history_starts_too_late
FALN,2016-06-21,2023-12-28,1894,4,18825292.83370972,31.0,0.0,31.0,31,history_starts_too_late
EYE,2017-10-27,2023-12-28,1552,4,23362999.680995945,224.0,0.0,224.0,224,history_starts_too_late
EXPI,2013-11-19,2023-12-28,2445,22,13095577.835559843,189.0,0.0,189.0,189,history_starts_too_late
EXPCU,2019-09-13,2020-07-02,102,14,68090.00005722046,0.0,0.0,0.0,0,history_starts_too_late
EXPC,2019-11-05,2020-07-02,98,16,489680.0181865692,0.0,0.0,0.0,0,history_starts_too_late
EWUS,2012-01-26,2023-12-28,3001,5,105798.00138473512,142.0,56.0,86.0,142,history_starts_too_late
EWRE,2015-08-14,2020-07-02,1058,20,143786.99913024902,0.0,0.0,0.0,0,history_starts_too_late
EWMC,2015-01-02,2020-07-02,1384,4,208199.99542236328,0.0,0.0,0.0,0,history_starts_too_late
EXTN,2015-10-27,2020-07-02,1179,4,1845653.4806013107,0.0,0.0,0.0,0,history_starts_too_late
FAMI,2018-02-16,2023-12-28,1476,4,67998.00029098988,54.0,0.0,54.0,54,history_starts_too_late
FANG,2012-10-12,2023-12-28,2820,5,262992680.37109372,3105.0,740.0,2365.0,3105,history_starts_too_late
FAT,2017-10-23,2023-12-28,1556,4,81979.99875545502,98.0,0.0,98.0,98,history_starts_too_late
FBZ,2011-04-19,2023-12-28,3195,5,13712.00008392334,1061.0,517.0,544.0,1061,history_starts_too_late
FBRX,2017-04-13,2023-12-28,1689,4,27356.60010576248,39.0,0.0,39.0,39,history_starts_too_late
FBND,2014-10-09,2023-12-28,2321,4,31165670.232200623,158.0,51.0,107.0,158,history_starts_too_late
FBM,2017-02-10,2020-07-02,854,4,4761888.862133026,0.0,0.0,0.0,0,history_starts_too_late
FBK,2014-07-02,2023-12-28,1939,425,4517081.056594849,196.0,0.0,196.0,196,history_starts_too_late
FBIOP,2017-10-26,2023-12-28,1541,19,163522.50022888184,1.0,0.0,1.0,1,history_starts_too_late
FBIO,2011-11-17,2023-12-28,3047,5,296674.1540822983,87.0,0.0,87.0,87,history_starts_too_late
FBHS,2011-09-16,2020-04-01,2149,5,67682031.31580353,1638.0,819.0,819.0,1638,history_starts_too_late
FBGX,2014-06-11,2023-12-28,2405,4,59647.35107421875,74.0,35.0,39.0,74,history_starts_too_late
FBCV,2020-06-05,2023-12-28,898,4,382147.24197387695,5.0,0.0,5.0,5,history_starts_too_late
FBCG,2020-06-05,2023-12-28,898,4,3895678.521823883,23.0,0.0,23.0,23,history_starts_too_late
FB,2012-05-18,2020-07-02,2044,5,3142081989.480591,866.0,433.0,433.0,866,history_starts_too_late
FAUS,2015-01-02,2020-07-02,552,29,6260.000038146973,0.0,0.0,0.0,0,history_starts_too_late
FAUG,2019-11-07,2020-06-19,121,9,101300.5027770996,0.0,0.0,0.0,0,history_starts_too_late
FATE,2013-10-01,2023-12-28,2579,4,9104628.929424286,1003.0,373.0,630.0,1003,history_starts_too_late
EWJV,2019-03-07,2020-07-02,235,17,20236.00006103516,0.0,0.0,0.0,0,history_starts_too_late
FCAL,2017-06-27,2023-12-28,1638,4,631113.9999389648,1.0,0.0,1.0,1,history_starts_too_late
EWGS,2012-01-26,2020-07-02,2007,13,96402.99949645996,110.0,55.0,55.0,110,history_starts_too_late
EVTC,2013-04-12,2023-12-28,2698,4,9511316.968536375,768.0,279.0,489.0,766,history_starts_too_late
EUDV,2015-09-11,2023-12-28,2089,4,4676.449966430664,36.0,0.0,36.0,36,history_starts_too_late
EUDG,2014-05-07,2023-12-28,2429,4,147884.3011856079,126.0,52.0,74.0,126,history_starts_too_late
ETX,2013-03-26,2023-12-28,2710,4,519231.52561187744,165.0,69.0,96.0,165,history_starts_too_late
ETTX,2018-09-26,2020-07-02,445,4,52386.5020275116,0.0,0.0,0.0,0,history_starts_too_late
ETSY,2015-04-16,2020-06-19,1305,4,157417488.38424683,0.0,0.0,0.0,0,history_starts_too_late
ETRN,2018-10-31,2023-12-28,1298,4,32744325.528907776,321.0,0.0,321.0,321,history_starts_too_late
EUFX,2012-07-16,2020-07-02,1991,13,22984.99965667725,104.0,52.0,52.0,104,history_starts_too_late
ETNB,2019-11-11,2023-12-28,1040,4,14667354.868125916,88.0,0.0,88.0,88,history_starts_too_late
ETHO,2015-11-19,2023-12-28,2040,4,241394.00367736816,18.0,0.0,18.0,18,history_starts_too_late
ESTC,2018-10-05,2023-12-28,1316,4,70679397.24941254,335.0,0.0,335.0,335,history_starts_too_late
ESTA,2018-07-19,2023-12-28,1371,4,7984980.225563049,67.0,0.0,67.0,67,history_starts_too_late
ESSCW,2020-06-19,2020-06-19,1,0,111649.67750443514,0.0,0.0,0.0,0,history_starts_too_late
ESSCU,2020-02-20,2020-06-30,71,7,143694.9977874756,0.0,0.0,0.0,0,history_starts_too_late
ESSC,2020-03-20,2020-07-02,51,6,141983.99505615234,0.0,0.0,0.0,0,history_starts_too_late
ETI-P,2019-09-04,2020-07-02,203,5,109891.99810028076,0.0,0.0,0.0,0,history_starts_too_late
EUMF,2016-02-04,2020-05-27,812,26,1279.226245880127,0.0,0.0,0.0,0,history_starts_too_late
EUMV,2015-01-02,2020-07-02,1375,6,114800.8005142212,104.0,52.0,52.0,104,history_starts_too_late
EURL,2014-01-22,2023-12-28,2502,4,423582.0080757141,135.0,57.0,78.0,135,history_starts_too_late
EVSTC,2016-02-26,2020-05-26,1033,55,0.0,0.0,0.0,0.0,0,history_starts_too_late
ABEQ,2020-01-22,2023-12-28,992,4,222107.0481300354,1.0,0.0,1.0,1,history_starts_too_late
EVOP,2018-05-23,2020-07-02,532,4,8715908.80651474,0.0,0.0,0.0,0,history_starts_too_late
EVOK,2013-09-25,2023-12-28,2583,4,20004.000383615494,731.0,334.0,397.0,731,history_starts_too_late
EVLMC,2016-04-07,2020-04-01,1004,4,0.0,0.0,0.0,0.0,0,history_starts_too_late
EVH,2015-06-05,2020-04-01,1215,4,9949819.324278831,0.0,0.0,0.0,0,history_starts_too_late
EVGBC,2016-04-07,2020-04-01,1004,4,0.0,0.0,0.0,0.0,0,history_starts_too_late
EVFM,2014-11-20,2023-12-28,2291,4,38223.99976038933,69.0,0.0,69.0,69,history_starts_too_late
EVER,2018-06-28,2023-12-28,1385,4,2823474.036693573,1312.0,527.0,785.0,1312,history_starts_too_late
EVBG,2016-09-16,2020-04-01,891,4,35822934.45663452,0.0,0.0,0.0,0,history_starts_too_late
EVA,2015-04-29,2023-12-28,2183,4,11901390.270853044,363.0,0.0,363.0,363,history_starts_too_late
EUSC,2015-03-04,2023-12-28,2222,4,119735.00347137453,16.0,0.0,16.0,16,history_starts_too_late
EUSB,2020-07-02,2023-12-28,879,4,1475567.9683685305,2748.0,0.0,2748.0,2748,history_starts_too_late
EURZ,2015-08-19,2020-07-01,412,175,6931.750011444092,0.0,0.0,0.0,0,history_starts_too_late
EURN,2015-01-26,2023-12-28,2248,4,23917734.86938477,169.0,0.0,169.0,169,history_starts_too_late
EWCO,2018-11-07,2020-07-02,412,4,97304.99925613403,0.0,0.0,0.0,0,history_starts_too_late
ESRT,2013-10-02,2023-12-28,2578,4,8372775.0,824.0,294.0,530.0,824,history_starts_too_late
FCAN,2020-07-02,2020-07-02,1,0,20236.916299819943,114.0,57.0,57.0,114,history_starts_too_late
FCOM,2013-10-24,2023-12-28,2562,4,2960082.980155945,178.0,40.0,138.0,178,history_starts_too_late
FGM,2012-02-17,2023-12-28,2985,5,21726.000595092773,134.0,53.0,81.0,134,history_starts_too_late
FGEN,2014-11-14,2023-12-28,2295,4,9463251.175117493,1336.0,515.0,821.0,1336,history_starts_too_late
FGBI,2012-08-13,2023-12-28,2863,5,148706.4995765686,97.0,0.0,97.0,97,history_starts_too_late
FG,2016-07-20,2020-04-01,932,4,6112996.012926102,0.0,0.0,0.0,0,history_starts_too_late
FFWM,2014-11-03,2023-12-28,2304,4,4876254.539012909,152.0,0.0,152.0,152,history_starts_too_late
FFTY,2015-04-09,2023-12-28,2197,4,1414427.927017212,37.0,0.0,37.0,37,history_starts_too_late
FHK,2012-02-24,2020-06-24,1418,38,7037.999725341797,142.0,71.0,71.0,142,history_starts_too_late
FFTI,2017-06-12,2020-07-02,771,4,1111407.9780578616,0.0,0.0,0.0,0,history_starts_too_late
FFSG,2017-10-26,2020-07-02,671,7,240192.0993804932,0.0,0.0,0.0,0,history_starts_too_late
FFR,2015-01-02,2020-07-02,1380,4,142597.49908447266,104.0,52.0,52.0,104,history_starts_too_late
FFIU,2017-08-21,2023-12-28,1600,4,35003.99932861329,7428.0,0.0,7428.0,7428,history_starts_too_late
FFHG,2020-07-02,2020-07-02,1,0,88698.00268363953,0.0,0.0,0.0,0,history_starts_too_late
FFEU,2018-03-27,2020-07-02,563,5,199262.99743652347,0.0,0.0,0.0,0,history_starts_too_late
FFEB,2020-02-24,2023-12-28,970,4,834680.0140380859,8718.0,0.0,8718.0,8718,history_starts_too_late
FFTG,2017-10-26,2020-07-02,671,7,313777.0971298218,0.0,0.0,0.0,0,history_starts_too_late
FHLC,2013-10-24,2023-12-28,2562,4,8405939.894104004,187.0,56.0,131.0,187,history_starts_too_late
FIBR,2015-02-26,2023-12-28,2226,4,100539.6011352539,2.0,0.0,2.0,2,history_starts_too_late
FID,2013-08-23,2023-12-28,2605,4,274042.5001144409,5.0,0.0,5.0,5,history_starts_too_late
FIVE,2012-07-19,2023-12-28,2880,5,124807709.5840454,3842.0,1196.0,2646.0,3842,history_starts_too_late
FIVA,2018-01-25,2023-12-28,1492,4,358611.5040779114,4.0,0.0,4.0,4,history_starts_too_late
FITE,2017-12-27,2023-12-28,1511,4,76938.59901428223,7.0,0.0,7.0,7,history_starts_too_late
FITBO,2019-09-13,2023-12-28,1081,4,408819.9962615968,7555.0,0.0,7555.0,7555,history_starts_too_late
FITBI,2013-12-06,2023-12-28,2532,4,999806.0049057008,29.0,10.0,19.0,29,history_starts_too_late
FIT,2015-06-17,2020-07-02,1271,4,32537481.00893497,0.0,0.0,0.0,0,history_starts_too_late
FISK,2013-10-08,2023-12-28,2574,4,0.0,2.0,0.0,2.0,2,history_starts_too_late
FINX,2016-09-13,2023-12-28,1836,4,1583575.0218391418,98.0,0.0,98.0,98,history_starts_too_late
FINV,2017-11-09,2023-12-28,1543,4,3690637.453222275,89.0,0.0,89.0,89,history_starts_too_late
FILL,2012-02-02,2023-12-28,2996,5,301728.4983634949,173.0,48.0,125.0,173,history_starts_too_late
FIHD,2016-02-24,2020-04-01,1034,4,2610103.7521362305,0.0,0.0,0.0,0,history_starts_too_late
FIF,2011-09-28,2023-12-28,3083,5,410733.9942932129,122.0,24.0,98.0,116,history_starts_too_late
FIEE,2016-02-18,2020-07-02,1092,5,81059.70001220703,0.0,0.0,0.0,0,history_starts_too_late
FIDU,2013-10-24,2023-12-28,2562,4,3074624.401473999,188.0,51.0,137.0,188,history_starts_too_late
FIDI,2018-01-25,2023-12-28,1492,4,218583.54444503784,7.0,0.0,7.0,7,history_starts_too_late
FFBW,2017-10-11,2023-12-28,1564,4,15594.011912345886,11.0,0.0,11.0,11,history_starts_too_late
FCNCP,2020-03-13,2020-06-19,69,4,1197000.0,0.0,0.0,0.0,0,history_starts_too_late
FF,2011-03-23,2023-12-28,3214,5,1689040.443468094,595.0,294.0,301.0,591,history_starts_too_late
FEUZ,2014-10-27,2023-12-28,2309,4,19605.50022125244,121.0,50.0,71.0,121,history_starts_too_late
FDNI,2018-11-09,2023-12-28,1291,4,52111.50026321411,13.0,0.0,13.0,13,history_starts_too_late
FDMO,2016-09-15,2023-12-28,1834,4,422969.99740600586,16.0,0.0,16.0,16,history_starts_too_late
FDLO,2016-09-15,2023-12-28,1834,4,1915923.030281067,26.0,0.0,26.0,26,history_starts_too_late
FDIV,2015-01-05,2023-12-28,1403,1175,252431.00471496585,52.0,15.0,37.0,52,history_starts_too_late
FDIS,2013-10-24,2023-12-28,2562,4,4129938.9850616455,281.0,53.0,228.0,281,history_starts_too_late
FDHY,2018-06-14,2023-12-28,1395,4,1007355.9719085692,12.0,0.0,12.0,12,history_starts_too_late
FDRR,2016-09-15,2023-12-28,1834,4,985691.9715881348,30.0,0.0,30.0,30,history_starts_too_late
FDG,2020-04-02,2020-06-19,55,4,620334.005355835,0.0,0.0,0.0,0,history_starts_too_late
FDEU,2015-09-24,2023-11-20,2054,4,477019.3914518356,0.0,0.0,0.0,0,history_starts_too_late
FCVT,2015-11-04,2023-12-28,2051,4,374443.0013656616,14.0,0.0,14.0,14,history_starts_too_late
FCTR,2018-08-02,2023-12-28,1361,4,629040.3422355652,39.0,0.0,39.0,39,history_starts_too_late
FCPT,2015-11-10,2023-12-28,2047,4,11213093.923568726,207.0,0.0,207.0,207,history_starts_too_late
FCPI,2019-11-07,2023-12-28,1042,4,602922.5112915039,13.0,0.0,13.0,13,history_starts_too_late
FCOR,2014-10-09,2023-12-28,2321,4,1067092.984008789,272.0,131.0,141.0,272,history_starts_too_late
FDEV,2019-03-01,2023-12-28,1217,4,103491.20140075684,8891.0,0.0,8891.0,8891,history_starts_too_late
FDT,2011-04-19,2023-12-28,3195,5,1734057.0184707642,15.0,0.0,15.0,15,history_starts_too_late
FDTS,2012-02-16,2023-12-28,2986,5,7988.999938964844,24.0,10.0,14.0,24,history_starts_too_late
FDUS,2011-06-21,2023-12-28,3152,5,1933542.0268058777,782.0,343.0,439.0,782,history_starts_too_late
FEUL,2018-05-22,2020-07-01,518,7,23108.399963378903,0.0,0.0,0.0,0,history_starts_too_late
FET,2012-04-12,2023-12-28,2948,5,1071391.5055274963,1025.0,450.0,575.0,1025,history_starts_too_late
FENY,2013-10-24,2023-12-28,2562,4,15297587.947559357,234.0,56.0,178.0,234,history_starts_too_late
FENG,2011-05-16,2023-12-28,3177,5,21113.500368595123,814.0,358.0,456.0,814,history_starts_too_late
FENC,2017-09-13,2023-12-28,1584,4,609544.006729126,51.0,0.0,51.0,51,history_starts_too_late
FEMS,2012-02-17,2023-12-28,2985,5,1790933.009338379,111.0,50.0,61.0,111,history_starts_too_late
FEMB,2014-11-05,2023-12-28,2302,4,1370618.2909965515,114.0,50.0,64.0,114,history_starts_too_late
FEM,2011-04-19,2023-12-28,3195,5,1503393.9891815186,128.0,55.0,73.0,128,history_starts_too_late
FEI,2012-11-28,2023-12-28,2790,4,772711.5062713623,88.0,29.0,59.0,88,history_starts_too_late
FEDU,2017-10-26,2023-12-28,1546,12,987.5,21.0,0.0,21.0,21,history_starts_too_late
FEAC,2020-04-27,2020-07-02,48,4,3006230.244207382,0.0,0.0,0.0,0,history_starts_too_late
FDVV,2016-09-15,2023-12-28,1834,4,6456175.52318573,49.0,0.0,49.0,49,history_starts_too_late
FDUSZ,2019-02-11,2020-07-02,351,4,96313.9986038208,0.0,0.0,0.0,0,history_starts_too_late
FDUSL,2020-07-02,2020-07-02,1,0,16669.297046661377,0.0,0.0,0.0,0,history_starts_too_late
FDUSG,2019-10-17,2020-07-02,167,5,76800.00114440918,0.0,0.0,0.0,0,history_starts_too_late
FEYE,2013-09-20,2020-06-19,1699,4,47845808.37893486,4032.0,2016.0,2016.0,4032,history_starts_too_late
ESQ,2017-06-27,2023-12-28,1638,4,931169.9977874756,73.0,0.0,73.0,73,history_starts_too_late
ESPR,2013-06-26,2023-12-28,2646,4,4177370.055687428,2028.0,858.0,1170.0,2028,history_starts_too_late
ESPO,2018-10-17,2023-12-28,1308,4,971328.5024642944,99.0,0.0,99.0,99,history_starts_too_late
EDOW,2017-08-09,2023-12-28,1608,4,688323.9995956421,30.0,0.0,30.0,30,history_starts_too_late
EDOG,2014-03-28,2023-12-28,2456,4,37085.50090789795,147.0,50.0,97.0,147,history_starts_too_late
EDNT,2018-05-03,2020-07-02,545,4,48988.99998664856,0.0,0.0,0.0,0,history_starts_too_late
EDIV,2011-02-24,2023-12-28,3233,5,789327.509021759,150.0,40.0,110.0,150,history_starts_too_late
EDIT,2016-02-03,2023-12-28,1990,4,13846386.100196838,672.0,0.0,672.0,672,history_starts_too_late
EDI,2012-10-26,2023-12-18,2803,5,242895.5762531757,50.0,25.0,25.0,50,history_starts_too_late
EDRY,2018-06-01,2023-12-28,1404,4,115424.4997024536,32.0,0.0,32.0,32,history_starts_too_late
EDEN,2015-01-02,2020-07-02,1384,4,304152.5037765503,48.0,24.0,24.0,46,history_starts_too_late
ECOW,2019-05-06,2020-06-30,159,22,10182.499885559082,0.0,0.0,0.0,0,history_starts_too_late
ECOR,2018-06-22,2020-06-19,502,4,279943.1466281414,0.0,0.0,0.0,0,history_starts_too_late
ECOM,2013-05-23,2020-06-19,1782,4,916664.989900589,868.0,434.0,434.0,868,history_starts_too_late
ECLN,2019-08-21,2020-07-02,166,12,7865.999984741211,0.0,0.0,0.0,0,history_starts_too_late
ECCY,2017-08-09,2020-07-02,728,4,54015.75164794922,0.0,0.0,0.0,0,history_starts_too_late
ECCX,2018-04-30,2023-12-28,997,593,58112.499713897705,1.0,0.0,1.0,1,history_starts_too_late
ECOZ,2020-06-26,2020-06-26,1,0,110.70760345458984,0.0,0.0,0.0,0,history_starts_too_late
ACA,2018-11-05,2023-12-28,1295,4,13324232.637023926,239.0,0.0,239.0,239,history_starts_too_late
EELV,2012-01-13,2023-12-28,3009,5,3342865.54479599,264.0,107.0,157.0,264,history_starts_too_late
EEMA,2012-02-09,2023-12-28,2991,5,2145443.980407715,157.0,54.0,103.0,157,history_starts_too_late
EGRX,2014-02-12,2023-12-28,2487,4,2474444.968605041,1471.0,602.0,869.0,1471,history_starts_too_late
EGIF,2020-07-02,2020-07-02,1,0,225816.7935714721,0.0,0.0,0.0,0,history_starts_too_late
EFL,2017-07-10,2020-07-02,742,15,549289.5046234131,0.0,0.0,0.0,0,history_starts_too_late
EFF,2013-06-26,2020-07-02,1768,4,259392.4973487854,300.0,150.0,150.0,300,history_starts_too_late
EFAX,2016-11-03,2020-07-02,807,15,127452.65102386476,0.0,0.0,0.0,0,history_starts_too_late
EFAV,2011-10-20,2023-12-28,3067,5,24437363.65509033,310.0,100.0,210.0,310,history_starts_too_late
EFAS,2016-12-16,2020-07-01,787,26,45088.39912414551,0.0,0.0,0.0,0,history_starts_too_late
EFAD,2014-08-21,2023-12-28,2355,4,228594.3473815918,69.0,15.0,54.0,69,history_starts_too_late
EEX,2017-04-28,2023-12-28,1679,4,203504.9960374832,68.0,0.0,68.0,68,history_starts_too_late
EET,2020-07-02,2020-07-02,1,0,379771.84701538086,100.0,50.0,50.0,100,history_starts_too_late
EEMX,2016-11-15,2020-07-02,756,27,105778.0481338501,0.0,0.0,0.0,0,history_starts_too_late
EEMV,2011-10-20,2023-12-28,3067,5,23337471.83265686,677.0,260.0,417.0,677,history_starts_too_late
EEMS,2011-08-18,2023-12-28,3111,5,907583.9973449708,27.0,0.0,27.0,27,history_starts_too_late
EEMO,2015-01-02,2020-07-02,1001,60,15956.999683380129,0.0,0.0,0.0,0,history_starts_too_late
EEMD,2017-11-30,2020-07-02,528,8,10761.000156402588,0.0,0.0,0.0,0,history_starts_too_late
ECCB,2016-10-11,2020-07-02,914,4,116993.5996055603,0.0,0.0,0.0,0,history_starts_too_late
EH,2019-12-12,2023-12-28,1018,4,10257867.51794815,63.0,0.0,63.0,63,history_starts_too_late
ECC,2014-10-08,2023-12-28,2322,4,4234093.481731415,1050.0,462.0,588.0,1050,history_starts_too_late
EBND,2011-02-24,2023-12-28,3233,5,5636576.9329071045,29.0,0.0,29.0,29,history_starts_too_late
DYFN,2020-06-26,2020-07-02,5,3,1660000.0,0.0,0.0,0.0,0,history_starts_too_late
DXGE,2015-01-02,2020-07-02,1373,4,55657.00092315674,110.0,55.0,55.0,110,history_starts_too_late
ACAM,2019-05-09,2020-07-02,194,29,115082.49950408936,0.0,0.0,0.0,0,history_starts_too_late
DWUS,2019-12-27,2020-07-02,113,4,107184.00268554686,0.0,0.0,0.0,0,history_starts_too_late
DWSH,2018-07-11,2023-12-28,1377,4,434781.9871902466,21.0,0.0,21.0,21,history_starts_too_late
DWPP,2017-01-04,2020-07-02,804,9,177177.00176239014,0.0,0.0,0.0,0,history_starts_too_late
DYHG,2020-07-02,2020-07-02,1,0,72625.1156616211,0.0,0.0,0.0,0,history_starts_too_late
DWMF,2018-08-10,2020-07-02,430,15,100064.99919891356,0.0,0.0,0.0,0,history_starts_too_late
DWLD,2017-01-12,2020-07-02,874,4,554359.9939346313,0.0,0.0,0.0,0,history_starts_too_late
DWFI,2016-06-14,2020-07-02,1016,5,318277.00386047363,0.0,0.0,0.0,0,history_starts_too_late
DWEQ,2019-12-27,2020-07-02,113,5,84985.00175476074,0.0,0.0,0.0,0,history_starts_too_late
DWAW,2020-07-02,2020-07-02,1,0,170515.00114440918,0.0,0.0,0.0,0,history_starts_too_late
DWAT,2015-01-02,2020-07-01,1049,15,6455.399894714356,50.0,25.0,25.0,50,history_starts_too_late
DWAS,2012-07-19,2023-12-28,2880,5,2497911.475753784,208.0,25.0,183.0,208,history_starts_too_late
DWMC,2018-07-11,2020-07-02,413,7,6392.649841308594,0.0,0.0,0.0,0,history_starts_too_late
DYLS,2015-12-23,2020-05-27,1102,6,280847.87125968933,0.0,0.0,0.0,0,history_starts_too_late
DYNF,2019-03-21,2023-12-28,1203,4,91742.449092865,35.0,0.0,35.0,35,history_starts_too_late
EAB,2015-01-02,2020-07-02,1384,4,120469.4993019104,2.0,1.0,1.0,2,history_starts_too_late
EBIZ,2018-11-30,2023-12-28,1277,4,71590.30227661133,43.0,0.0,43.0,43,history_starts_too_late
EBAYL,2016-03-10,2020-07-02,1087,4,1221313.4870529177,0.0,0.0,0.0,0,history_starts_too_late
EB,2018-09-20,2023-12-28,1327,4,8747483.321857452,165.0,0.0,165.0,165,history_starts_too_late
EAST,2017-01-03,2023-12-28,1759,4,24081.750116348267,101.0,0.0,101.0,101,history_starts_too_late
EASI,2018-06-14,2020-07-02,510,4,63287.75062561035,0.0,0.0,0.0,0,history_starts_too_late
EASG,2018-11-05,2023-12-28,1295,4,85330.50270080566,6.0,0.0,6.0,6,history_starts_too_late
EARS,2014-08-06,2020-07-02,1488,4,129131.5966963768,0.0,0.0,0.0,0,history_starts_too_late
EARN,2013-05-01,2023-12-28,2685,4,624525.4958868027,866.0,386.0,480.0,866,history_starts_too_late
EAOR,2020-06-18,2023-12-28,889,4,13403.500080108644,7458.0,0.0,7458.0,7458,history_starts_too_late
EAOM,2020-06-18,2023-12-28,889,4,2546.4499473571777,6906.0,0.0,6906.0,6906,history_starts_too_late
EAOK,2020-06-18,2023-12-28,889,4,2404.600048065185,1.0,0.0,1.0,1,history_starts_too_late
EAOA,2020-06-18,2023-12-28,889,4,14756.750106811523,8341.0,0.0,8341.0,8341,history_starts_too_late
EAGG,2018-10-23,2023-12-28,1304,4,9803441.916275024,30.0,0.0,30.0,30,history_starts_too_late
EAF,2015-01-13,2023-12-28,1442,1136,6081069.75069046,189.0,0.0,189.0,189,history_starts_too_late
EAE,2013-06-06,2020-04-01,1718,4,147172.50156402588,0.0,0.0,0.0,0,history_starts_too_late
EBON,2020-06-26,2023-12-28,883,4,108924.90062713625,121.0,0.0,121.0,121,history_starts_too_late
EIDX,2018-06-20,2020-07-02,513,4,5588973.040771484,0.0,0.0,0.0,0,history_starts_too_late
EIGI,2013-10-25,2020-04-01,1619,4,1716905.4722309113,752.0,376.0,376.0,752,history_starts_too_late
EIGR,2014-01-30,2023-12-28,2496,4,219125.000461936,63.0,0.0,63.0,63,history_starts_too_late
ERSX,2018-12-28,2023-12-28,1259,4,1280.649995803833,81.0,0.0,81.0,81,history_starts_too_late
EROS,2013-11-13,2020-07-02,1670,4,7319688.647216558,1394.0,697.0,697.0,1394,history_starts_too_late
ERA,2013-01-22,2020-06-11,1861,4,827715.5067324638,364.0,182.0,182.0,364,history_starts_too_late
EQX,2017-12-22,2023-12-28,1282,185,8456437.5,115.0,0.0,115.0,115,history_starts_too_late
EQRR,2017-07-25,2023-12-28,1619,4,147220.2003479004,53.0,0.0,53.0,53,history_starts_too_late
EQM,2012-06-27,2020-06-16,2005,5,25135502.266979218,1846.0,923.0,923.0,1846,history_starts_too_late
ERUS,2015-01-02,2020-07-02,1385,4,7419216.912841797,1368.0,684.0,684.0,1354,history_starts_too_late
EQH,2018-05-10,2023-12-28,1419,4,65269574.73106384,230.0,0.0,230.0,230,history_starts_too_late
EQAL,2014-12-24,2023-12-28,2268,4,1415429.3327331543,307.0,73.0,234.0,307,history_starts_too_late
EPZM,2013-05-31,2020-07-02,1786,4,12535273.37732315,1458.0,729.0,729.0,1458,history_starts_too_late
EPRT,2018-06-21,2023-12-28,1390,4,22292598.808670044,161.0,0.0,161.0,161,history_starts_too_late
EPRF,2016-05-24,2020-07-02,1023,6,98260.00213623048,0.0,0.0,0.0,0,history_starts_too_late
EPIX,2015-03-13,2023-12-28,2215,4,186144.0024614334,15.0,0.0,15.0,15,history_starts_too_late
EPAM,2012-02-08,2023-12-28,2992,5,114328576.42745972,2262.0,842.0,1420.0,2262,history_starts_too_late
EQBK,2015-11-11,2023-12-28,2046,4,983567.9941177368,84.0,0.0,84.0,84,history_starts_too_late
ERYP,2016-01-27,2020-07-01,660,638,2111.5999460220337,0.0,0.0,0.0,0,history_starts_too_late
ESBA,2013-10-02,2020-07-02,1637,92,105108.50110054016,2.0,1.0,1.0,2,history_starts_too_late
ESCR,2020-03-02,2020-06-30,79,5,4430.799865722656,24.0,12.0,12.0,24,history_starts_too_late
ESNT,2013-10-31,2023-12-28,2557,4,18535400.065612797,1550.0,607.0,943.0,1550,history_starts_too_late
ESNG,2020-02-11,2020-07-02,84,7,20966.94965362549,0.0,0.0,0.0,0,history_starts_too_late
ESML,2018-05-15,2023-12-28,1416,4,3578579.024887085,34.0,0.0,34.0,34,history_starts_too_late
ESI,2013-10-22,2023-12-28,2564,4,22029002.00910568,1904.0,840.0,1064.0,1728,history_starts_too_late
ESHY,2020-03-02,2020-07-02,86,4,42099.49989318848,0.0,0.0,0.0,0,history_starts_too_late
ESGV,2018-09-20,2023-12-28,1327,4,14240986.421585085,81.0,0.0,81.0,81,history_starts_too_late
ESGRP,2018-06-20,2020-07-02,513,4,549039.0040397644,0.0,0.0,0.0,0,history_starts_too_late
ESGRO,2018-11-14,2023-12-28,1288,4,146521.50163650513,8575.0,0.0,8575.0,8575,history_starts_too_late
ESGN,2016-07-21,2020-07-02,723,18,10432.24973678589,0.0,0.0,0.0,0,history_starts_too_late
ESGG,2016-07-15,2023-12-28,1877,4,121865.39840698242,38.0,0.0,38.0,38,history_starts_too_late
ESGE,2016-07-20,2023-12-28,1874,4,23611109.609889984,64.0,0.0,64.0,64,history_starts_too_late
ESGD,2016-08-25,2023-12-28,1848,4,21052005.711364742,122.0,0.0,122.0,122,history_starts_too_late
ESG,2016-07-14,2023-12-28,1878,4,184043.4501647949,84.0,0.0,84.0,82,history_starts_too_late
ABTX,2015-10-08,2020-07-02,1192,4,2836240.9885406494,0.0,0.0,0.0,0,history_starts_too_late
ESEB,2020-03-02,2023-12-28,965,4,6615.200042724609,7669.0,0.0,7669.0,7669,history_starts_too_late
EOLS,2018-02-08,2020-04-01,540,4,6550233.738517761,0.0,0.0,0.0,0,history_starts_too_late
ENVA,2014-11-13,2023-12-28,2296,4,8587927.440071106,1124.0,419.0,705.0,1124,history_starts_too_late
ENTX,2018-06-28,2023-12-28,1385,4,24581.499695777893,48.0,0.0,48.0,48,history_starts_too_late
ENTA,2013-03-21,2023-12-28,2713,4,4601747.560214996,1111.0,425.0,686.0,1111,history_starts_too_late
EMFM,2015-01-02,2020-07-02,1363,6,37079.50048446655,122.0,61.0,61.0,122,history_starts_too_late
EMDV,2016-01-27,2023-12-28,1995,4,23357.999801635742,53.0,0.0,53.0,53,history_starts_too_late
EMBD,2020-06-03,2020-07-02,21,3,2369640.0833129883,0.0,0.0,0.0,0,history_starts_too_late
EMAG,2020-07-02,2020-07-02,1,0,11302.200210571287,104.0,52.0,52.0,104,history_starts_too_late
ELVT,2017-04-06,2020-07-02,753,92,486022.00260162354,0.0,0.0,0.0,0,history_starts_too_late
ELU,2013-05-23,2020-07-02,1791,4,112933.00046920776,0.0,0.0,0.0,0,history_starts_too_late
ELJ,2017-11-27,2020-07-02,57,395,449.1960124075413,0.0,0.0,0.0,0,history_starts_too_late
ELF,2016-09-22,2023-12-28,1829,4,97758768.85910034,647.0,0.0,647.0,647,history_starts_too_late
ELAT,2020-01-23,2020-07-02,113,4,1746107.9948425293,0.0,0.0,0.0,0,history_starts_too_late
ELAN,2018-09-20,2020-06-19,440,4,99631333.73641968,0.0,0.0,0.0,0,history_starts_too_late
EKSO,2014-01-17,2020-04-01,1562,4,305531.9948196412,0.0,0.0,0.0,0,history_starts_too_late
EKAR,2018-02-13,2020-07-02,508,8,6388.950061798096,0.0,0.0,0.0,0,history_starts_too_late
EJUL,2020-07-02,2020-07-02,1,0,444729.8590393067,0.0,0.0,0.0,0,history_starts_too_late
EJAN,2020-01-02,2020-07-02,123,5,128304.00123596191,0.0,0.0,0.0,0,history_starts_too_late
EINC,2012-03-14,2023-12-28,2968,5,69765.0032043457,89.0,0.0,89.0,89,history_starts_too_late
EMHY,2015-01-02,2020-07-02,1385,4,3282413.4677886963,144.0,72.0,72.0,144,history_starts_too_late
DVP,2014-09-23,2020-07-02,1410,10,520985.4837417604,112.0,56.0,56.0,112,history_starts_too_late
EMMF,2020-07-02,2020-07-02,1,0,30043.28492164612,0.0,0.0,0.0,0,history_starts_too_late
EMO,2011-06-14,2023-12-28,3157,5,854693.0042266846,78.0,25.0,53.0,78,history_starts_too_late
ENT,2015-01-02,2020-07-02,1380,8,197375.0,920.0,460.0,460.0,900,history_starts_too_late
ENPH,2012-03-30,2023-12-28,2956,5,560912434.979248,3452.0,664.0,2788.0,3452,history_starts_too_late
ENOR,2012-01-24,2023-12-28,3003,5,113664.99614715576,153.0,54.0,99.0,153,history_starts_too_late
ENOB,2018-02-07,2020-07-02,605,4,185157.99655914307,0.0,0.0,0.0,0,history_starts_too_late
ENO,2016-03-24,2023-12-28,1955,4,146181.9995880127,5.0,0.0,5.0,5,history_starts_too_late
ENLV,2014-07-31,2023-12-28,2370,4,54982.70117044449,92.0,0.0,92.0,92,history_starts_too_late
ENJ,2012-12-05,2020-04-01,1843,4,33059.00039672852,0.0,0.0,0.0,0,history_starts_too_late
ENIC,2016-04-21,2023-12-28,1936,4,2191100.957024097,42.0,0.0,42.0,42,history_starts_too_late
ENFR,2013-11-01,2023-12-28,2556,4,356332.9975128174,117.0,55.0,62.0,117,history_starts_too_late
ENBL,2014-04-11,2020-07-02,1505,92,8467535.999751091,1054.0,527.0,527.0,1054,history_starts_too_late
ENBA,2018-04-26,2020-07-02,551,4,1197153.0051231384,0.0,0.0,0.0,0,history_starts_too_late
EMXC,2017-07-26,2023-12-28,1618,4,36076552.44808197,43.0,0.0,43.0,43,history_starts_too_late
EMTL,2016-04-27,2020-07-02,974,14,331264.0014648437,0.0,0.0,0.0,0,history_starts_too_late
EMSG,2018-12-06,2020-07-02,298,8,12974.499702453611,0.0,0.0,0.0,0,history_starts_too_late
EMQQ,2014-11-17,2023-12-28,2294,4,2079036.2049102783,308.0,58.0,250.0,308,history_starts_too_late
EMNT,2019-12-12,2020-07-02,137,4,201061.99645996097,0.0,0.0,0.0,0,history_starts_too_late
CHNG,2020-07-02,2020-07-02,1,0,27206028.756523136,0.0,0.0,0.0,0,history_starts_too_late
CHNA,2018-08-15,2020-07-02,464,5,87734.99794006349,102.0,51.0,51.0,102,history_starts_too_late
CHMI,2013-10-04,2023-12-28,2576,4,1383051.0161161425,1232.0,553.0,679.0,1232,history_starts_too_late
ATCXW,2020-07-02,2020-07-02,1,0,105778.86547029018,0.0,0.0,0.0,0,history_starts_too_late
ATCX,2019-08-20,2020-07-02,186,47,111065.00215530396,0.0,0.0,0.0,0,history_starts_too_late
ASPU,2020-07-02,2020-07-02,1,0,1388217.8636455536,0.0,0.0,0.0,0,history_starts_too_late
ASPN,2014-06-13,2023-12-28,2403,4,6268768.399238586,153.0,0.0,153.0,153,history_starts_too_late
ASND,2015-01-28,2020-04-01,1304,4,24462537.601470947,0.0,0.0,0.0,0,history_starts_too_late
ADSW,2016-10-06,2020-07-02,941,4,32413640.350723267,0.0,0.0,0.0,0,history_starts_too_late
ATEN,2014-03-21,2023-12-28,2461,4,8033488.993930817,976.0,376.0,600.0,976,history_starts_too_late
ASLN,2018-05-04,2023-12-28,1423,4,87573.50031137466,59.0,0.0,59.0,59,history_starts_too_late
ASHX,2015-10-21,2023-12-28,2061,4,2381.1999320983887,21.0,0.0,21.0,21,history_starts_too_late
ASHS,2014-05-21,2023-12-28,2419,4,57387.49837875366,167.0,59.0,108.0,167,history_starts_too_late
ASHR,2013-11-06,2023-12-28,2553,4,101775798.1822014,2502.0,1139.0,1363.0,2502,history_starts_too_late
ASET,2015-12-08,2023-12-28,2028,4,41529.60071563721,21.0,0.0,21.0,21,history_starts_too_late
ASC,2013-08-01,2023-12-28,2621,4,8528191.01524353,1054.0,359.0,695.0,1054,history_starts_too_late
ARYBU,2020-06-05,2020-07-02,20,3,1004370.025920868,0.0,0.0,0.0,0,history_starts_too_late
ASIX,2016-09-15,2023-12-28,1834,4,4545644.856548309,414.0,0.0,414.0,414,history_starts_too_late
ATEX,2015-02-03,2023-12-28,2242,4,4485082.122612,76.0,0.0,76.0,76,history_starts_too_late
ATH,2016-08-19,2020-07-02,973,4,56187663.47436905,0.0,0.0,0.0,0,history_starts_too_late
ATHM,2013-12-11,2023-12-28,2529,4,12260365.94467163,2643.0,1070.0,1573.0,2643,history_starts_too_late
AUBAP,2020-06-11,2020-07-02,16,3,2684928.182792664,0.0,0.0,0.0,0,history_starts_too_late
ADPT,2019-06-27,2023-12-28,1135,4,6727635.127544403,797.0,297.0,500.0,773,history_starts_too_late
ADRE,2015-01-02,2020-07-02,1384,5,201320.0002670288,106.0,53.0,53.0,106,history_starts_too_late
ADRO,2015-04-15,2020-07-02,1315,4,988897.025859356,0.0,0.0,0.0,0,history_starts_too_late
ATXI,2017-06-27,2023-12-28,1638,4,87432.50064551827,54.0,0.0,54.0,54,history_starts_too_late
ATUS,2017-06-22,2023-12-28,1641,4,10487934.86019373,414.0,0.0,414.0,414,history_starts_too_late
ATTO,2014-10-02,2020-07-02,1448,4,147942.99923181534,458.0,229.0,229.0,458,history_starts_too_late
ATRA,2014-10-16,2023-12-28,2316,4,2858937.791907788,1329.0,560.0,769.0,1329,history_starts_too_late
ATOS,2012-11-08,2023-12-28,2803,4,279112.492069602,228.0,0.0,228.0,228,history_starts_too_late
ATOM,2016-08-08,2023-12-28,1861,4,1055730.4969072342,81.0,0.0,81.0,81,history_starts_too_late
ATNX,2017-06-14,2020-07-02,769,4,7158006.607437134,0.0,0.0,0.0,0,history_starts_too_late
ATNM,2012-12-27,2023-12-28,2770,4,1324771.4925765991,682.0,309.0,373.0,682,history_starts_too_late
ATMP,2013-03-12,2023-12-28,2720,4,187340.49510955816,149.0,71.0,78.0,149,history_starts_too_late
ATKR,2016-06-10,2023-12-28,1901,4,52177776.849365234,311.0,0.0,311.0,311,history_starts_too_late
ATIF,2019-05-03,2023-12-28,1173,4,2804.0499806404114,16.0,0.0,16.0,16,history_starts_too_late
ARYAW,2020-07-01,2020-07-01,1,0,141606.74600601196,0.0,0.0,0.0,0,history_starts_too_late
AUG,2014-04-01,2020-07-02,1576,4,195938.9972805977,0.0,0.0,0.0,0,history_starts_too_late
ARYAU,2018-10-05,2020-07-01,413,8,1119.9999809265137,0.0,0.0,0.0,0,history_starts_too_late
ARVN,2018-09-27,2023-12-28,1322,4,10464569.844436646,129.0,0.0,129.0,129,history_starts_too_late
ARDS,2018-08-14,2020-06-19,464,4,30684.00020599365,0.0,0.0,0.0,0,history_starts_too_late
ARDC,2012-11-28,2023-12-28,2790,4,1062254.4905662537,1446.0,682.0,764.0,1446,history_starts_too_late
ARD,2017-03-15,2020-07-02,832,4,1393245.0622558594,0.0,0.0,0.0,0,history_starts_too_late
ARCT,2012-03-01,2023-12-28,2895,119,8622505.821037292,215.0,0.0,215.0,215,history_starts_too_late
ARCO,2011-04-14,2023-12-28,3198,5,7315316.056776047,1848.0,503.0,1345.0,1848,history_starts_too_late
ARCH,2016-01-04,2023-12-28,2006,4,50760444.42443848,516.0,0.0,516.0,516,history_starts_too_late
ARDX,2014-06-19,2023-12-28,2399,4,19317940.16842842,1133.0,465.0,668.0,1133,history_starts_too_late
ARCE,2018-09-26,2023-12-15,1315,4,960240.2635827065,0.0,0.0,0.0,0,history_starts_too_late
AR,2013-10-10,2023-12-28,2572,4,121857307.80496596,3609.0,1127.0,2482.0,3609,history_starts_too_late
AQUA,2017-10-26,2020-06-19,662,7,9826732.033967972,0.0,0.0,0.0,0,history_starts_too_late
AQST,2018-07-25,2023-12-28,1367,4,399539.990901947,121.0,0.0,121.0,121,history_starts_too_late
AQNB,2019-05-28,2023-12-28,1157,4,541689.9955749512,2.0,0.0,2.0,2,history_starts_too_late
AQNA,2018-10-23,2020-04-01,362,4,466944.99683380127,0.0,0.0,0.0,0,history_starts_too_late
AQMS,2015-07-31,2023-12-28,2118,4,287794.0022289753,65.0,0.0,65.0,65,history_starts_too_late
ARAV,2014-03-21,2023-12-28,2461,4,369263.9948129654,60.0,0.0,60.0,60,history_starts_too_late
AREC,2017-06-30,2023-12-28,1635,4,292937.49816417694,51.0,0.0,51.0,51,history_starts_too_late
ADVM,2014-07-31,2023-12-28,2370,4,241426.9973993301,128.0,0.0,128.0,128,history_starts_too_late
ARGD,2012-09-25,2023-12-28,2833,5,110031.00414276125,6821.0,0.0,6821.0,6821,history_starts_too_late
ARTL,2017-11-14,2023-12-28,1540,4,27577.50009298325,21.0,0.0,21.0,21,history_starts_too_late
ARQT,2020-01-31,2023-12-28,985,4,9487864.311885834,79.0,0.0,79.0,79,history_starts_too_late
ARPO,2017-08-08,2020-07-02,731,4,93174.50173199175,0.0,0.0,0.0,0,history_starts_too_late
ADT,2018-01-19,2023-12-28,1496,4,15422142.896223068,1803.0,616.0,1187.0,1803,history_starts_too_late
ARMR,2020-02-10,2023-12-28,979,4,46407.67982959747,4.0,0.0,4.0,4,history_starts_too_late
ARMK,2013-12-12,2023-12-28,2528,4,101855978.89905356,1892.0,711.0,1181.0,1892,history_starts_too_late
ARLO,2018-08-03,2023-12-28,1360,4,6280323.888206482,179.0,0.0,179.0,179,history_starts_too_late
ARKW,2014-09-30,2020-07-02,1446,5,7174310.692596436,44.0,22.0,22.0,44,history_starts_too_late
ARKQ,2014-09-30,2023-12-28,2328,4,4010808.992385864,409.0,60.0,349.0,409,history_starts_too_late
ARKK,2014-10-31,2023-12-28,2305,4,696479395.4137802,1415.0,58.0,1357.0,1415,history_starts_too_late
ADTX,2020-06-30,2023-12-28,881,4,117513.99916172028,43.0,0.0,43.0,43,history_starts_too_late
ARKG,2014-10-31,2023-12-28,2305,4,49114317.32997894,492.0,53.0,439.0,492,history_starts_too_late
ARKF,2019-02-04,2023-12-28,1235,4,11848251.53465271,315.0,0.0,315.0,315,history_starts_too_late
ARGX,2017-05-18,2023-12-28,1665,4,86821804.9407959,236.0,0.0,236.0,236,history_starts_too_late
ARGT,2011-03-03,2023-12-28,3228,5,846681.9791793823,1313.0,560.0,753.0,1313,history_starts_too_late
ARYA,2018-12-12,2020-06-19,248,13,29179.000854492184,0.0,0.0,0.0,0,history_starts_too_late
AQB,2017-01-09,2023-12-28,1755,4,147723.24516057968,53.0,0.0,53.0,53,history_starts_too_late
AUPH,2014-09-03,2023-12-28,2347,4,19225160.86325645,1049.0,521.0,528.0,1049,history_starts_too_late
AUTL,2018-06-22,2020-04-01,447,4,1378058.9545726776,0.0,0.0,0.0,0,history_starts_too_late
BBAX,2018-08-09,2023-12-28,1356,4,9763878.84902954,25.0,0.0,25.0,25,history_starts_too_late
ADAP,2015-05-06,2023-12-28,2178,4,477269.5061266422,236.0,0.0,236.0,236,history_starts_too_late
BAUG,2019-08-06,2020-07-02,221,5,150075.0,0.0,0.0,0.0,0,history_starts_too_late
BATT,2018-04-19,2023-12-28,1402,48,475714.0083312988,56.0,0.0,56.0,56,history_starts_too_late
BATRK,2016-04-18,2023-12-28,1939,4,5025752.613258362,35.0,0.0,35.0,35,history_starts_too_late
BATRA,2016-04-18,2023-12-28,1939,4,1572565.9965515137,26.0,0.0,26.0,26,history_starts_too_late
BBC,2014-12-17,2023-12-28,2273,4,24903.9496421814,624.0,250.0,374.0,623,history_starts_too_late
BATL,2019-12-24,2020-07-02,129,4,54918.00150871277,0.0,0.0,0.0,0,history_starts_too_late
ADCT,2020-05-18,2023-12-28,911,4,724104.5023798943,143.0,0.0,143.0,143,history_starts_too_late
BAPR,2019-04-01,2020-07-02,309,5,180292.7951812744,0.0,0.0,0.0,0,history_starts_too_late
BANX,2013-11-07,2023-12-28,2552,4,224229.00295257568,341.0,147.0,194.0,341,history_starts_too_late
BAND,2017-11-09,2023-12-28,1543,4,4329106.430339813,254.0,0.0,254.0,254,history_starts_too_late
BABA,2014-09-19,2023-12-28,2335,4,1545662718.6935425,14488.0,2863.0,11625.0,14488,history_starts_too_late
ADIL,2018-07-27,2023-12-28,1365,4,52389.00067806244,40.0,0.0,40.0,40,history_starts_too_late
BAR,2017-09-01,2023-12-28,1591,4,11931564.766788486,157.0,59.0,98.0,157,history_starts_too_late
BBCA,2018-08-09,2023-12-28,1356,4,9382937.50038147,32.0,0.0,32.0,32,history_starts_too_late
BBCP,2017-08-21,2023-12-28,1600,4,511810.0030899048,61.0,0.0,61.0,61,history_starts_too_late
BBDO,2012-03-13,2023-12-28,2969,5,44420.99986076355,366.0,112.0,254.0,366,history_starts_too_late
BCOV,2012-02-17,2023-12-28,2985,5,514015.0079488754,960.0,378.0,582.0,960,history_starts_too_late
BCM,2011-04-21,2020-07-02,2313,5,49900.001525878906,100.0,50.0,50.0,100,history_starts_too_late
BCI,2017-03-31,2023-12-28,1698,4,4921671.098518372,35.0,0.0,35.0,35,history_starts_too_late
BCEL,2019-06-20,2020-04-01,198,4,1635364.5078659058,0.0,0.0,0.0,0,history_starts_too_late
BCEI,2011-12-15,2020-07-02,2150,5,4296237.4804496765,0.0,0.0,0.0,0,history_starts_too_late
BCD,2017-03-31,2020-07-02,618,10,7284.000205993652,0.0,0.0,0.0,0,history_starts_too_late
BCC,2013-02-06,2020-04-01,1801,4,8062494.953155518,1230.0,615.0,615.0,1230,history_starts_too_late
BBUS,2019-03-13,2023-12-28,1209,4,4439308.577728272,21.0,0.0,21.0,21,history_starts_too_late
BBU,2016-06-01,2023-12-28,1908,4,170688.0048751831,125.0,0.0,125.0,125,history_starts_too_late
BBSA,2019-03-13,2020-07-02,330,4,97242.00057983398,0.0,0.0,0.0,0,history_starts_too_late
BBRE,2020-07-02,2020-07-02,1,0,625099.9057159424,0.0,0.0,0.0,0,history_starts_too_late
BBMC,2020-04-15,2020-06-19,45,5,6095.700073242188,0.0,0.0,0.0,0,history_starts_too_late
BBJP,2018-06-18,2023-12-28,1393,4,28887562.231826782,68.0,0.0,68.0,68,history_starts_too_late
BBIO,2019-06-27,2023-12-28,1135,4,30763642.624092106,202.0,0.0,202.0,202,history_starts_too_late
BBIN,2019-12-09,2020-07-02,131,5,255111.99378967285,0.0,0.0,0.0,0,history_starts_too_late
AZUL,2017-04-11,2023-12-28,1691,4,13850604.872703552,7.0,0.0,7.0,7,history_starts_too_late
AUSF,2018-08-28,2020-06-19,456,4,242818.9994812012,0.0,0.0,0.0,0,history_starts_too_late
AZRX,2016-10-11,2020-07-02,935,4,190490.69893062115,0.0,0.0,0.0,0,history_starts_too_late
AZEK,2020-06-12,2023-12-28,893,4,40299306.39772415,7.0,0.0,7.0,7,history_starts_too_late
ADNT,2016-10-17,2023-12-28,1812,4,28558155.35697937,349.0,0.0,349.0,349,history_starts_too_late
AVNS,2014-10-21,2023-12-28,2313,4,5800935.029506683,7.0,0.0,7.0,7,history_starts_too_late
AVLR,2018-06-15,2020-07-02,516,4,69479660.22491455,0.0,0.0,0.0,0,history_starts_too_late
AVH,2013-11-06,2020-04-01,1611,4,483997.00098633766,732.0,366.0,366.0,732,history_starts_too_late
AVGR,2015-01-30,2023-12-28,2244,4,50103.00015449524,168.0,0.0,168.0,168,history_starts_too_late
AVGOP,2020-07-02,2020-07-02,1,0,2407048.7475585938,0.0,0.0,0.0,0,history_starts_too_late
ADMS,2014-04-10,2020-07-02,1569,4,1604866.5033340454,1334.0,667.0,667.0,1334,history_starts_too_late
AVEO,2020-07-02,2020-07-02,1,0,2708639.3860445023,1960.0,980.0,980.0,1960,history_starts_too_late
AVDV,2019-09-26,2023-12-28,1072,4,14096315.331840515,7.0,0.0,7.0,7,history_starts_too_late
AVDE,2019-09-26,2023-12-28,1072,4,10059429.608154297,7.0,0.0,7.0,7,history_starts_too_late
AVCTW,2020-07-02,2020-07-02,1,0,34420.327716678374,0.0,0.0,0.0,0,history_starts_too_late
AVCT,2020-07-02,2020-07-02,1,0,930039.6375076772,0.0,0.0,0.0,0,history_starts_too_late
AVCO,2018-03-27,2020-07-02,538,8,172901.9988298416,7.0,0.0,7.0,7,history_starts_too_late
AVAL,2014-09-23,2023-12-28,2333,4,164051.9951224327,323.0,158.0,165.0,323,history_starts_too_late
AVEM,2019-09-19,2023-12-28,1077,4,13286790.872573853,7.0,0.0,7.0,7,history_starts_too_late
AVRO,2018-06-21,2023-12-28,1390,4,445880.0085544586,45.0,0.0,45.0,45,history_starts_too_late
AVTR,2019-05-17,2023-12-28,1163,4,122247099.92055891,7.0,0.0,7.0,7,history_starts_too_late
AVUS,2019-09-26,2023-12-28,1072,4,19210757.26737976,7.0,0.0,7.0,7,history_starts_too_late
AZBL,2020-07-02,2020-07-02,1,0,765930.1921844482,0.0,0.0,0.0,0,history_starts_too_late
AZBA,2020-06-26,2020-06-26,1,0,100.93319702148438,0.0,0.0,0.0,0,history_starts_too_late
AZAA,2020-06-04,2020-07-02,18,4,5005.699920654297,0.0,0.0,0.0,0,history_starts_too_late
ADMA,2013-10-17,2023-12-28,2567,4,6568841.853404045,805.0,399.0,406.0,805,history_starts_too_late
AYLA,2015-01-02,2020-07-02,47,1691,328000.0,0.0,0.0,0.0,0,history_starts_too_late
AY,2014-06-13,2023-12-28,2403,4,13098483.226585388,7.0,0.0,7.0,7,history_starts_too_late
AXTA,2014-11-12,2023-12-28,2297,4,59388580.181503296,1940.0,728.0,1212.0,1940,history_starts_too_late
ADME,2016-06-13,2023-12-28,1900,4,661262.8198623657,6.0,0.0,6.0,6,history_starts_too_late
AXSM,2015-11-19,2020-06-19,1153,4,41994501.88846588,0.0,0.0,0.0,0,history_starts_too_late
AXNX,2018-10-31,2023-12-28,1298,4,30941033.88710022,7.0,0.0,7.0,7,history_starts_too_late
AXLA,2019-05-09,2023-12-28,1169,4,47857.71077769995,62.0,0.0,62.0,62,history_starts_too_late
AXGT,2015-06-11,2020-07-02,1275,4,580795.4896450043,0.0,0.0,0.0,0,history_starts_too_late
AWTM,2019-01-29,2020-07-01,294,10,60563.99917602539,0.0,0.0,0.0,0,history_starts_too_late
AVYA,2017-12-19,2020-07-02,638,4,24363687.057065964,0.0,0.0,0.0,0,history_starts_too_late
AVUV,2019-09-26,2023-12-28,1072,4,35701093.52531433,7.0,0.0,7.0,7,history_starts_too_late
AZRE,2016-10-12,2020-07-02,928,6,196450.00352859497,0.0,0.0,0.0,0,history_starts_too_late
APYX,2019-01-02,2023-12-28,1257,4,460812.9937171936,66.0,0.0,66.0,66,history_starts_too_late
APY,2018-04-27,2020-06-18,540,4,16235408.75930786,0.0,0.0,0.0,0,history_starts_too_late
APXTU,2019-09-17,2020-06-18,146,12,63095.99847793579,0.0,0.0,0.0,0,history_starts_too_late
AIRTP,2019-06-11,2020-06-22,231,13,29879.99954223633,0.0,0.0,0.0,0,history_starts_too_late
AIRR,2014-03-11,2023-12-28,2469,4,2822535.460281372,258.0,0.0,258.0,258,history_starts_too_late
AIRG,2016-08-12,2023-12-28,1857,4,85528.49880456924,113.0,0.0,113.0,113,history_starts_too_late
AIQ,2018-05-16,2023-12-28,1415,4,7035292.024040222,371.0,151.0,220.0,325,history_starts_too_late
AINC,2011-06-07,2023-12-28,3116,24,17470.000076293945,442.0,189.0,253.0,442,history_starts_too_late
AIMT,2015-08-06,2020-07-02,1236,4,20386826.82571411,0.0,0.0,0.0,0,history_starts_too_late
AIW,2013-05-06,2020-07-02,1798,4,44397.000312805176,10.0,5.0,5.0,10,history_starts_too_late
AIKI,2015-01-02,2020-07-02,1337,56,103038.18504214288,0.0,0.0,0.0,0,history_starts_too_late
AIHS,2018-03-19,2023-12-28,1456,4,10639.300206303596,9.0,0.0,9.0,9,history_starts_too_late
AIH,2019-10-25,2023-12-28,1051,4,2804.000097513199,7.0,0.0,7.0,7,history_starts_too_late
AIF,2013-02-26,2023-12-28,2730,4,834756.0121536255,1554.0,743.0,811.0,1554,history_starts_too_late
AIEQ,2017-10-18,2023-12-28,1559,4,403390.6034469604,32.0,0.0,32.0,32,history_starts_too_late
AIC,2015-03-23,2023-12-28,2209,4,55663.44985961914,7.0,0.0,7.0,7,history_starts_too_late
AHH,2013-05-08,2023-12-28,2680,4,3010031.945085525,934.0,355.0,579.0,934,history_starts_too_late
AIIQ,2018-06-06,2020-06-19,495,4,23871.60062789917,0.0,0.0,0.0,0,history_starts_too_late
AIZP,2018-03-08,2020-06-19,568,5,546545.9953308105,0.0,0.0,0.0,0,history_starts_too_late
AJX,2015-02-13,2023-12-28,2234,4,706060.5062007904,83.0,0.0,83.0,83,history_starts_too_late
AKBA,2014-03-20,2023-12-28,2462,4,1363814.9688720703,479.0,140.0,339.0,479,history_starts_too_late
ALGR,2018-08-13,2020-04-01,412,4,4026.000022888184,0.0,0.0,0.0,0,history_starts_too_late
ALFA,2015-01-02,2020-07-02,1365,5,81242.49858856201,118.0,59.0,59.0,118,history_starts_too_late
ALEX,2012-06-14,2023-12-28,2904,5,4033483.505535126,896.0,349.0,547.0,876,history_starts_too_late
ALEC,2019-02-07,2023-12-28,1232,4,3362258.9812278748,102.0,0.0,102.0,102,history_starts_too_late
ALDX,2014-05-02,2023-12-28,2432,4,3999226.433563232,669.0,252.0,417.0,669,history_starts_too_late
ALACU,2018-10-24,2020-06-26,143,48,20159.999847412117,0.0,0.0,0.0,0,history_starts_too_late
ALACR,2012-03-08,2020-07-02,826,1444,0.0,0.0,0.0,0.0,0,history_starts_too_late
ALAC,2018-11-21,2020-07-02,258,26,33161.500072479255,0.0,0.0,0.0,0,history_starts_too_late
AL,2011-04-19,2023-12-28,3195,5,23721139.13040161,2654.0,1039.0,1615.0,2653,history_starts_too_late
AKUS,2020-06-26,2020-07-02,5,3,21783906.817245483,0.0,0.0,0.0,0,history_starts_too_late
AKTX,2014-01-06,2023-12-28,2513,4,42553.049948215485,119.0,0.0,119.0,119,history_starts_too_late
AKTS,2015-06-04,2023-12-28,2158,4,1258977.4995088575,78.0,0.0,78.0,78,history_starts_too_late
AKRO,2019-06-20,2023-12-28,1140,4,24548907.83519745,201.0,0.0,201.0,201,history_starts_too_late
AKER,2014-01-23,2020-07-02,1623,4,735791.4359092712,756.0,378.0,378.0,756,history_starts_too_late
AKCA,2017-07-05,2020-07-02,754,4,3640731.451416016,0.0,0.0,0.0,0,history_starts_too_late
AHCO,2018-05-31,2023-12-28,1405,4,11905198.536539078,133.0,0.0,133.0,133,history_starts_too_late
ALLE,2013-11-18,2023-12-28,2545,4,76331055.4069519,2059.0,654.0,1405.0,2059,history_starts_too_late
AHC,2015-01-02,2020-07-02,1385,4,73430.9984445572,438.0,219.0,219.0,428,history_starts_too_late
AGTC,2014-03-27,2020-07-02,1579,4,579881.9841742516,910.0,455.0,455.0,910,history_starts_too_late
AESE,2017-10-25,2020-07-02,532,18,128943.9999103546,0.0,0.0,0.0,0,history_starts_too_late
AFYA,2019-07-19,2023-12-28,1120,4,2718481.4967155457,126.0,0.0,126.0,126,history_starts_too_late
AFTY,2015-03-12,2023-12-28,2216,4,5234.850025177002,5.0,0.0,5.0,5,history_starts_too_late
AFT,2011-02-25,2023-12-28,3232,5,755981.0009002686,407.0,179.0,228.0,407,history_starts_too_late
AFSM,2019-12-04,2023-12-28,1024,4,2559.39998626709,5.0,0.0,5.0,5,history_starts_too_late
AFMD,2014-09-12,2023-12-28,2340,4,442829.109326005,1058.0,449.0,609.0,1058,history_starts_too_late
AERI,2013-10-25,2020-07-02,1683,4,16637176.904773712,440.0,220.0,220.0,440,history_starts_too_late
AFMC,2019-12-04,2023-12-28,1024,4,4889.500045776368,7.0,0.0,7.0,7,history_starts_too_late
AFIF,2018-10-02,2023-12-28,1319,4,166264.4992828369,2.0,0.0,2.0,2,history_starts_too_late
AFI,2016-03-17,2020-06-19,1073,4,794192.5176382065,0.0,0.0,0.0,0,history_starts_too_late
AFH,2013-02-12,2020-07-02,1861,4,50741.50015413761,662.0,331.0,331.0,662,history_starts_too_late
AFGH,2015-11-20,2020-07-02,1161,4,303249.50132369995,0.0,0.0,0.0,0,history_starts_too_late
AFGD,2020-06-04,2023-12-28,899,4,141486.00025177002,8399.0,0.0,8399.0,8399,history_starts_too_late
AFGC,2020-01-21,2023-12-28,993,4,129787.00304031372,1.0,0.0,1.0,1,history_starts_too_late
AFIN,2018-07-19,2020-07-02,493,4,5938012.957954407,0.0,0.0,0.0,0,history_starts_too_late
AGBA,2019-07-31,2023-12-28,1112,4,97744.99944448473,8.0,0.0,8.0,8,history_starts_too_late
AGBAR,2020-07-01,2020-07-01,1,0,20.81000059843063,0.0,0.0,0.0,0,history_starts_too_late
AGFS,2014-11-20,2020-07-02,1413,4,171305.5003285408,0.0,0.0,0.0,0,history_starts_too_late
AGT,2017-04-27,2020-07-02,793,5,54064.499855041504,0.0,0.0,0.0,0,history_starts_too_late
AGS,2018-01-26,2023-12-28,1491,4,1809577.4745225904,223.0,0.0,223.0,223,history_starts_too_late
AGRX,2014-05-23,2023-12-28,2417,4,108973.49967956544,1127.0,517.0,610.0,1127,history_starts_too_late
AGRO,2011-01-28,2023-12-28,3251,5,4585265.8272743225,870.0,306.0,564.0,870,history_starts_too_late
AGR,2015-12-17,2023-12-28,2021,4,23789669.492340088,446.0,0.0,446.0,446,history_starts_too_late
AGNCP,2020-02-05,2023-12-28,982,4,853634.0232849121,8.0,0.0,8.0,8,history_starts_too_late
AGNCO,2019-09-27,2023-12-28,1071,4,615737.9915237427,2.0,0.0,2.0,2,history_starts_too_late
AGNCN,2017-08-07,2023-12-28,1605,8,767047.9885101318,2.0,0.0,2.0,2,history_starts_too_late
AGNCM,2019-03-06,2023-12-28,1214,4,410315.993976593,2.0,0.0,2.0,2,history_starts_too_late
AGMH,2018-04-18,2023-12-28,1435,4,3644.0500676631927,8.0,0.0,8.0,8,history_starts_too_late
AGLE,2016-04-07,2023-12-28,1946,4,188208.7122888565,0.0,0.0,0.0,0,history_starts_too_late
AGIO,2013-07-24,2023-12-28,2627,4,10555217.12694168,2085.0,863.0,1222.0,2085,history_starts_too_late
AGGY,2015-07-09,2023-12-28,2134,4,4792561.30065918,22.0,0.0,22.0,22,history_starts_too_late
AGGP,2016-05-10,2020-07-02,1044,4,144617.0000076294,0.0,0.0,0.0,0,history_starts_too_late
AGFSW,2020-07-02,2020-07-02,1,0,3091.3049583230118,0.0,0.0,0.0,0,history_starts_too_late
AGZD,2013-12-18,2023-12-28,2524,4,1199917.4997329712,95.0,30.0,65.0,95,history_starts_too_late
ALLK,2018-07-19,2023-12-28,1371,4,3509501.942896843,92.0,0.0,92.0,92,history_starts_too_late
ALLO,2018-10-11,2023-12-28,1312,4,8453183.94935131,271.0,0.0,271.0,271,history_starts_too_late
ALLY,2014-01-28,2020-04-01,1556,4,102949933.7917328,1770.0,885.0,885.0,1770,history_starts_too_late
ANY,2013-08-12,2023-12-28,2614,4,212451.4608722925,535.0,227.0,308.0,535,history_starts_too_late
ANPC,2020-01-31,2020-06-19,86,4,19121.50020599365,0.0,0.0,0.0,0,history_starts_too_late
ANH,2015-01-02,2020-07-02,1385,4,2008046.4765429497,1226.0,613.0,613.0,1192,history_starts_too_late
ANGL,2012-04-11,2023-12-28,2949,5,40962441.55597687,1616.0,718.0,898.0,1616,history_starts_too_late
ANGI,2011-11-17,2023-12-28,3047,5,1457744.5342183113,628.0,100.0,528.0,628,history_starts_too_late
ANET,2014-06-06,2023-12-28,2408,4,364569567.5186157,5802.0,1659.0,4143.0,5802,history_starts_too_late
APAM,2013-03-07,2023-12-28,2723,4,17399732.19242096,1063.0,528.0,535.0,1063,history_starts_too_late
ANDAU,2019-01-29,2020-07-01,164,36,21000.499773025516,0.0,0.0,0.0,0,history_starts_too_late
ANCN,2019-02-12,2020-07-02,350,4,30677.500903606426,0.0,0.0,0.0,0,history_starts_too_late
ANAB,2017-01-26,2023-12-28,1743,4,3909089.969062806,161.0,0.0,161.0,161,history_starts_too_late
AMZA,2014-10-02,2023-12-28,2326,4,1202248.454093933,221.0,59.0,162.0,221,history_starts_too_late
AMUB,2015-12-08,2023-12-28,2028,4,3009.7999572753906,6.0,0.0,6.0,6,history_starts_too_late
AMU,2012-07-31,2020-07-02,1994,5,836064.0316009521,0.0,0.0,0.0,0,history_starts_too_late
AMTI,2020-06-05,2023-12-28,898,4,44078.49986851215,25.0,0.0,25.0,25,history_starts_too_late
ANDA,2019-03-06,2020-07-02,177,14,36072.00164794922,0.0,0.0,0.0,0,history_starts_too_late
APG,2014-12-04,2023-12-28,2140,12,22710970.218372345,165.0,0.0,165.0,165,history_starts_too_late
APHA,2015-03-18,2020-04-01,1270,4,23394337.07203865,0.0,0.0,0.0,0,history_starts_too_late
API,2015-11-23,2023-12-28,1670,99,1095430.4951548576,337.0,123.0,214.0,291,history_starts_too_late
APXT,2019-11-05,2020-07-02,120,12,406801.0090827942,0.0,0.0,0.0,0,history_starts_too_late
APVO,2016-07-20,2023-12-28,1874,4,84033.49941372871,49.0,0.0,49.0,49,history_starts_too_late
APTX,2018-06-21,2020-06-19,503,4,487303.002178669,0.0,0.0,0.0,0,history_starts_too_late
APTV,2011-11-17,2023-12-28,3047,5,177915493.16253662,645.0,0.0,645.0,645,history_starts_too_late
APTS,2011-04-01,2020-07-02,2329,5,4012427.573823928,0.0,0.0,0.0,0,history_starts_too_late
APRN,2017-06-29,2020-06-19,749,4,2907836.009073257,0.0,0.0,0.0,0,history_starts_too_late
APRE,2019-10-03,2023-12-28,1067,4,36379.49985265732,47.0,0.0,47.0,47,history_starts_too_late
ADXN,2020-01-29,2023-12-28,979,12,46866.99901342392,46.0,0.0,46.0,46,history_starts_too_late
APPN,2017-05-25,2023-12-28,1660,4,12279536.039543152,402.0,0.0,402.0,402,history_starts_too_late
APPF,2015-06-26,2023-12-28,2142,4,17654873.10180664,301.0,0.0,301.0,301,history_starts_too_late
APOP,2016-08-01,2020-07-02,973,11,165404.9944639206,0.0,0.0,0.0,0,history_starts_too_late
APO,2011-03-30,2023-12-28,3209,5,164724917.41485596,5060.0,1739.0,3321.0,5058,history_starts_too_late
APLT,2019-05-14,2023-12-28,1166,4,323952.4938762188,64.0,0.0,64.0,64,history_starts_too_late
APLS,2017-10-26,2023-12-28,1544,14,90973278.05490494,349.0,0.0,349.0,349,history_starts_too_late
APLE,2015-05-18,2023-12-28,2170,4,26722917.231416702,427.0,0.0,427.0,427,history_starts_too_late
AMTBB,2018-10-18,2020-07-02,393,6,17422.500228881836,0.0,0.0,0.0,0,history_starts_too_late
AMTB,2018-10-18,2023-12-28,1307,4,1199277.5177001953,98.0,0.0,98.0,98,history_starts_too_late
AMRS,2015-01-02,2020-07-02,1385,4,3905534.966361522,120.0,60.0,60.0,120,history_starts_too_late
AMRK,2014-03-17,2023-12-28,2465,4,6747119.982147217,331.0,162.0,169.0,331,history_starts_too_late
AMAL,2018-08-09,2023-12-28,1356,4,2265470.977306366,159.0,0.0,159.0,159,history_starts_too_late
AM,2014-11-05,2023-12-28,2302,4,23797076.94683075,2742.0,1023.0,1719.0,2644,history_starts_too_late
ALUS,2020-01-10,2020-07-02,109,5,335625.4947662353,0.0,0.0,0.0,0,history_starts_too_late
ALTY,2015-07-14,2023-12-28,2131,4,116158.49690437315,22.0,0.0,22.0,22,history_starts_too_late
ALTS,2015-01-02,2020-07-02,1305,8,18492.249488830566,34.0,17.0,17.0,34,history_starts_too_late
ALTR,2017-11-01,2023-12-28,1549,4,17181738.175201416,2681.0,1063.0,1618.0,2453,history_starts_too_late
ALTM,2018-11-12,2020-07-02,412,4,907659.9725723268,0.0,0.0,0.0,0,history_starts_too_late
ALTG,2019-04-25,2023-12-28,1179,4,2640130.549955368,56.0,0.0,56.0,56,history_starts_too_late
ALTA,2020-01-02,2020-07-02,3,181,594000.0,0.0,0.0,0.0,0,history_starts_too_late
AEFC,2019-10-24,2023-12-28,1052,4,828043.9782142639,2.0,0.0,2.0,2,history_starts_too_late
ALSN,2012-03-15,2023-12-28,2967,5,32087888.373947144,3381.0,1115.0,2266.0,3381,history_starts_too_late
ALRN,2017-06-29,2023-12-28,1636,4,31337.49943971634,33.0,0.0,33.0,33,history_starts_too_late
ALRM,2015-06-26,2023-12-28,2142,4,10999218.898963928,487.0,0.0,487.0,487,history_starts_too_late
ALPN,2015-06-17,2023-12-28,2149,4,1622116.0176753998,113.0,0.0,113.0,113,history_starts_too_late
ALNA,2017-11-02,2020-07-02,670,4,428390.9854471684,0.0,0.0,0.0,0,history_starts_too_late
AMBA,2012-10-10,2023-12-28,2822,5,29339511.6268158,1825.0,279.0,1546.0,1825,history_starts_too_late
BCOW,2019-01-09,2020-07-02,363,5,15114.249849319456,0.0,0.0,0.0,0,history_starts_too_late
AMBC,2013-05-01,2023-12-28,2685,4,5059808.545303345,857.0,362.0,495.0,857,history_starts_too_late
AMC,2013-12-18,2023-12-28,2524,4,134462333.47022533,6128.0,1071.0,5057.0,6128,history_starts_too_late
AMRHW,2020-07-02,2020-07-02,1,0,12677.391210906208,0.0,0.0,0.0,0,history_starts_too_late
AMRH,2015-05-08,2020-07-02,726,139,528844.4816112518,0.0,0.0,0.0,0,history_starts_too_late
AMPY,2012-04-20,2023-12-28,2942,5,3073962.5433444977,94.0,0.0,94.0,94,history_starts_too_late
AMPH,2014-06-25,2023-12-28,2395,4,15323623.89640808,631.0,158.0,473.0,599,history_starts_too_late
AMOM,2019-05-21,2023-12-28,1161,4,40830.90085983277,22.0,0.0,22.0,22,history_starts_too_late
AMNA,2015-01-07,2023-12-28,902,794,0.0,13.0,0.0,13.0,13,history_starts_too_late
AMHCW,2020-06-29,2020-06-29,1,0,2.0,0.0,0.0,0.0,0,history_starts_too_late
AMHCU,2019-11-20,2020-06-23,65,17,50847.00136184693,0.0,0.0,0.0,0,history_starts_too_late
AMHC,2020-01-10,2020-06-29,49,25,192034.9924087524,0.0,0.0,0.0,0,history_starts_too_late
AMH,2013-08-01,2023-12-28,2621,4,70465823.36177826,1377.0,505.0,872.0,1377,history_starts_too_late
AMCX,2011-06-16,2020-07-02,2277,5,22317954.09317017,640.0,320.0,320.0,640,history_starts_too_late
AMCR,2012-05-15,2020-06-19,2038,5,56717259.71045494,0.0,0.0,0.0,0,history_starts_too_late
AMCIU,2018-11-16,2020-06-30,361,18,0.0,0.0,0.0,0.0,0,history_starts_too_late
AMCI,2014-11-04,2020-07-02,1155,76,41063.49949836731,0.0,0.0,0.0,0,history_starts_too_late
AMCA,2017-08-11,2020-07-01,606,13,20302.09989547729,0.0,0.0,0.0,0,history_starts_too_late
AMBO,2018-06-01,2023-12-28,1404,4,5169.300026446581,35.0,0.0,35.0,33,history_starts_too_late
BCSF,2018-11-15,2023-12-28,1287,4,2435308.01115036,83.0,0.0,83.0,83,history_starts_too_late
BCX,2011-03-29,2023-12-28,3210,5,2277156.4386844635,33.0,0.0,33.0,33,history_starts_too_late
BCYC,2019-05-23,2023-12-28,1159,4,5550707.857131958,63.0,0.0,63.0,63,history_starts_too_late
CASA,2017-12-15,2023-12-28,1518,4,238670.00597715375,111.0,0.0,111.0,111,history_starts_too_late
CARZ,2011-05-10,2023-12-28,3181,5,172735.50338745117,543.0,146.0,397.0,543,history_starts_too_late
CARS,2017-06-01,2023-12-28,1656,4,6259893.961811066,179.0,0.0,179.0,179,history_starts_too_late
ACT,2017-12-13,2023-12-28,1217,441,4460686.988258362,4185.0,1760.0,2425.0,4185,history_starts_too_late
CARO,2014-05-14,2020-04-01,1482,4,2084309.073638916,80.0,40.0,40.0,80,history_starts_too_late
CARG,2017-10-12,2023-12-28,1563,4,18275655.953025814,298.0,0.0,298.0,298,history_starts_too_late
CATB,2015-06-25,2020-07-02,1265,4,572610.0186109543,0.0,0.0,0.0,0,history_starts_too_late
CARE,2015-01-02,2020-07-02,1343,6,927412.4839782716,0.0,0.0,0.0,0,history_starts_too_late
CAPL,2012-10-25,2023-12-28,2811,5,670678.5146713257,921.0,382.0,539.0,921,history_starts_too_late
CAPE,2015-01-02,2023-12-28,1773,641,503156.9893836975,106.0,29.0,77.0,105,history_starts_too_late
CANG,2018-07-26,2023-12-28,1366,4,52261.50009036064,58.0,0.0,58.0,58,history_starts_too_late
CANF,2012-11-06,2023-12-28,2805,4,42088.50020170212,1347.0,621.0,726.0,1347,history_starts_too_late
CANE,2011-09-19,2023-12-28,3090,5,762868.0072307587,95.0,0.0,95.0,95,history_starts_too_late
CAN,2019-11-20,2023-12-28,1033,4,5128072.467803955,203.0,0.0,203.0,203,history_starts_too_late
CARA,2014-01-31,2023-12-28,2495,4,2197558.912372589,412.0,20.0,392.0,412,history_starts_too_late
CATH,2016-04-26,2020-07-02,1033,5,413359.99584198,0.0,0.0,0.0,0,history_starts_too_late
CATM,2015-01-02,2020-07-02,1385,4,14682932.759284971,1588.0,794.0,794.0,1552,history_starts_too_late
CBAY,2014-02-03,2023-12-28,2494,4,16318214.377689362,1157.0,499.0,658.0,1157,history_starts_too_late
ACSI,2016-11-07,2023-12-28,1797,4,4646.549987792969,49.0,0.0,49.0,49,history_starts_too_late
CCAC,2020-04-23,2020-07-02,21,25,11820.000457763674,0.0,0.0,0.0,0,history_starts_too_late
CC,2015-03-05,2023-12-28,2172,22,31862003.443145752,1505.0,0.0,1505.0,1505,history_starts_too_late
CBTX,2017-11-08,2020-07-02,666,4,1128536.0107421875,0.0,0.0,0.0,0,history_starts_too_late
CBSHP,2014-06-16,2020-07-02,1524,4,131771.00133895874,24.0,12.0,12.0,24,history_starts_too_late
CBPO,2015-01-02,2020-07-02,1385,4,10265787.266540527,920.0,460.0,460.0,910,history_starts_too_late
CBON,2014-11-11,2023-12-28,2298,4,120261.25040054324,121.0,51.0,70.0,121,history_starts_too_late
CBNK,2018-09-26,2023-12-28,1323,4,331215.00062942505,267.0,88.0,179.0,261,history_starts_too_late
CBMG,2015-01-02,2020-07-02,1385,4,828764.984035492,490.0,245.0,245.0,490,history_starts_too_late
CBMB,2018-09-28,2020-04-01,379,4,37743.00003051758,0.0,0.0,0.0,0,history_starts_too_late
CBL,2015-01-02,2023-12-28,1927,488,1551186.440563202,304.0,0.0,304.0,304,history_starts_too_late
ACST,2012-02-07,2023-12-28,2993,5,33325.5,934.0,419.0,515.0,934,history_starts_too_late
CBIO,2015-01-02,2020-07-02,1365,9,852782.981300354,0.0,0.0,0.0,0,history_starts_too_late
CBH,2015-01-23,2023-12-28,1763,60,217257.004070282,22.0,0.0,22.0,22,history_starts_too_late
CBB,2015-01-02,2020-07-02,1385,4,5640919.902896881,1420.0,710.0,710.0,1402,history_starts_too_late
CALT,2018-01-02,2023-12-28,938,828,128051.75352096558,7.0,0.0,7.0,7,history_starts_too_late
CCAP,2016-11-14,2023-12-28,986,1098,1509751.969909668,107.0,0.0,107.0,107,history_starts_too_late
CALF,2017-06-19,2023-12-28,1644,4,22399539.08958435,62.0,0.0,62.0,62,history_starts_too_late
CALA,2014-10-02,2023-12-28,2326,4,140.32500209100527,1099.0,503.0,596.0,1099,history_starts_too_late
BUY,2015-01-12,2020-07-02,401,988,5821.350002288817,0.0,0.0,0.0,0,history_starts_too_late
BURL,2013-10-02,2023-12-28,2578,4,183504403.29666135,5226.0,1866.0,3360.0,5226,history_starts_too_late
BUL,2015-01-06,2020-07-02,270,522,5314.400005340576,0.0,0.0,0.0,0,history_starts_too_late
BUI,2011-11-23,2023-12-28,3043,5,1033523.9669799804,149.0,57.0,92.0,149,history_starts_too_late
BUG,2015-01-06,2023-12-28,1074,1691,3392822.031497956,7.0,0.0,7.0,7,history_starts_too_late
BTYS,2020-02-05,2020-07-02,44,12,4980.099868774414,0.0,0.0,0.0,0,history_starts_too_late
BUYZ,2020-02-27,2020-07-02,82,5,136277.40230560303,0.0,0.0,0.0,0,history_starts_too_late
BTU,2017-04-03,2023-12-28,1697,4,68533327.61306763,5830.0,2310.0,3520.0,5665,history_starts_too_late
ACTT,2019-05-14,2020-07-02,249,14,327563.9888763428,0.0,0.0,0.0,0,history_starts_too_late
BTEC,2016-08-22,2020-07-02,793,15,43893.89896392822,0.0,0.0,0.0,0,history_starts_too_late
BTAI,2018-03-08,2023-12-28,1463,4,8907887.115478516,134.0,0.0,134.0,134,history_starts_too_late
BSVN,2018-09-20,2023-12-28,1327,4,299552.00119018555,93.0,0.0,93.0,93,history_starts_too_late
ACTTU,2019-04-26,2020-06-24,249,24,10130.000114440918,0.0,0.0,0.0,0,history_starts_too_late
BSTZ,2019-06-26,2023-12-28,1136,4,4921424.010848999,40.0,0.0,40.0,40,history_starts_too_late
BTT,2012-08-30,2023-12-28,2850,5,2550165.485191345,291.0,109.0,182.0,291,history_starts_too_late
BV,2018-06-28,2023-12-28,1385,4,1893742.9619312289,1337.0,577.0,760.0,1337,history_starts_too_late
BVXV,2015-05-12,2020-07-02,1220,7,107592.00208187105,0.0,0.0,0.0,0,history_starts_too_late
BW,2014-08-11,2023-12-28,2354,17,2179606.5036535263,140.0,0.0,140.0,140,history_starts_too_late
CACG,2017-05-04,2020-07-02,794,4,376050.8514404297,0.0,0.0,0.0,0,history_starts_too_late
CABO,2015-06-11,2023-12-28,2153,4,35321235.6262207,335.0,0.0,335.0,335,history_starts_too_late
CABA,2019-10-25,2023-12-28,1051,4,5872950.547504425,14.0,0.0,14.0,14,history_starts_too_late
CAAP,2018-02-01,2023-12-28,1487,4,1084101.4760017395,48.0,0.0,48.0,48,history_starts_too_late
BZUN,2015-05-20,2023-12-28,2168,4,1825847.441983223,441.0,0.0,441.0,441,history_starts_too_late
BYSI,2017-03-09,2023-12-28,1714,4,57496.99924886227,70.0,0.0,70.0,70,history_starts_too_late
BYND,2019-05-02,2023-12-28,1174,4,24286478.374910355,1703.0,0.0,1703.0,1703,history_starts_too_late
BYLD,2014-04-24,2023-12-28,2438,4,330669.50187683105,63.0,28.0,35.0,63,history_starts_too_late
BY,2017-06-30,2023-12-28,1635,4,1900785.9695434573,137.0,0.0,137.0,137,history_starts_too_late
BXRX,2019-11-14,2023-12-28,1037,4,136165.7877497077,51.0,0.0,51.0,51,history_starts_too_late
BWZ,2015-01-02,2020-07-02,1385,4,728095.4907417296,120.0,60.0,60.0,118,history_starts_too_late
BWMX,2019-01-03,2023-12-28,1256,4,419628.0152320862,48.0,0.0,48.0,48,history_starts_too_late
BWL-A,2015-01-02,2020-06-19,968,18,8879.99997138977,0.0,0.0,0.0,0,history_starts_too_late
BWG,2012-03-28,2023-12-28,2958,5,386799.50370788574,377.0,163.0,214.0,377,history_starts_too_late
BWB,2018-03-14,2020-04-01,517,4,675711.9923114777,0.0,0.0,0.0,0,history_starts_too_late
CALB,2018-02-07,2023-12-28,1483,4,210368.49746704104,33.0,0.0,33.0,33,history_starts_too_late
CCB,2015-02-20,2023-12-28,1376,537,1663991.9692993164,49.0,0.0,49.0,49,history_starts_too_late
CCD,2014-08-18,2023-12-28,2278,119,1450752.0099639893,62.0,0.0,62.0,62,history_starts_too_late
CCH,2018-11-26,2020-04-01,339,4,15134.9995136261,0.0,0.0,0.0,0,history_starts_too_late
CGIX,2013-04-05,2020-07-02,1825,4,469408.5005998612,1078.0,539.0,539.0,1078,history_starts_too_late
CGC,2014-04-07,2023-12-28,2450,4,13798679.997673037,3333.0,0.0,3333.0,3332,history_starts_too_late
CGBD,2017-06-14,2023-12-28,1647,4,2739762.007331848,84.0,0.0,84.0,84,history_starts_too_late
CG,2012-05-03,2023-12-28,2933,5,77534107.8157425,3239.0,1000.0,2239.0,3239,history_starts_too_late
CFXA,2019-01-16,2020-07-02,367,4,2637787.0403289795,0.0,0.0,0.0,0,history_starts_too_late
CFX,2015-01-02,2020-07-02,1385,4,35462452.914237976,1972.0,986.0,986.0,1948,history_starts_too_late
CGRO,2020-06-29,2023-12-28,55,1202,2016.3000106811523,8640.0,0.0,8640.0,8640,history_starts_too_late
CFRX,2015-01-02,2020-07-02,1384,4,1017235.4866266252,0.0,0.0,0.0,0,history_starts_too_late
CFMS,2015-06-30,2020-07-02,1262,4,745329.2345911264,0.0,0.0,0.0,0,history_starts_too_late
CFG,2014-09-24,2023-12-28,2332,4,161361362.82806396,3254.0,1045.0,2209.0,3254,history_starts_too_late
CFFAW,2020-07-02,2020-07-02,1,0,67750.30043363571,0.0,0.0,0.0,0,history_starts_too_late
CFFA,2019-02-06,2020-07-02,343,6,43859.99870300294,0.0,0.0,0.0,0,history_starts_too_late
CFCV,2020-06-02,2020-07-02,22,4,5059.5001220703125,0.0,0.0,0.0,0,history_starts_too_late
CFBI,2017-04-28,2020-07-02,794,4,25557.49969482422,0.0,0.0,0.0,0,history_starts_too_late
CFO,2014-07-02,2023-12-28,2390,4,1839168.832206726,180.0,51.0,129.0,180,history_starts_too_late
CGROU,2020-05-01,2020-07-01,43,4,196019.99244689936,0.0,0.0,0.0,0,history_starts_too_late
CGROW,2020-07-01,2020-07-01,1,0,27106.200261116028,0.0,0.0,0.0,0,history_starts_too_late
CHAD,2015-06-17,2020-07-02,1271,4,505908.9987754822,0.0,0.0,0.0,0,history_starts_too_late
CHMA,2015-07-16,2020-07-02,1251,4,1554895.0587272644,0.0,0.0,0.0,0,history_starts_too_late
CHIU,2018-12-11,2020-07-02,221,17,4257.899951934815,0.0,0.0,0.0,0,history_starts_too_late
CHIS,2018-12-11,2020-07-02,337,34,49679.999351501465,0.0,0.0,0.0,0,history_starts_too_late
CHIR,2018-12-11,2023-12-28,1271,4,59175.00019073486,18.0,0.0,18.0,18,history_starts_too_late
CHIL,2018-12-11,2020-07-02,344,9,12591.300010681152,0.0,0.0,0.0,0,history_starts_too_late
CHIK,2018-12-11,2020-07-02,365,6,61402.79922485352,0.0,0.0,0.0,0,history_starts_too_late
CHIH,2018-12-11,2020-07-02,346,7,32637.049770355232,0.0,0.0,0.0,0,history_starts_too_late
CHGX,2017-10-10,2020-07-02,585,10,64691.200256347656,0.0,0.0,0.0,0,history_starts_too_late
CHGG,2013-11-13,2023-12-28,2548,4,29544093.630790707,2204.0,782.0,1422.0,2204,history_starts_too_late
CHFS,2012-07-09,2020-07-02,912,502,481453.0056357384,0.0,0.0,0.0,0,history_starts_too_late
CHEKZ,2020-07-02,2020-07-02,1,0,1207.449980266391,0.0,0.0,0.0,0,history_starts_too_late
CHEK,2015-03-04,2023-12-28,2222,4,67612.00089454651,50.0,0.0,50.0,50,history_starts_too_late
CHEF,2011-07-28,2023-12-28,3126,5,9550254.27312851,733.0,79.0,654.0,733,history_starts_too_late
CHAU,2015-01-02,2020-07-02,1336,23,5504540.946388245,0.0,0.0,0.0,0,history_starts_too_late
CHAQ,2020-06-22,2020-07-02,8,4,12963.750314712524,0.0,0.0,0.0,0,history_starts_too_late
CFA,2014-07-02,2023-12-28,2390,4,759567.4819946289,330.0,143.0,187.0,330,history_starts_too_late
CEZ,2015-01-08,2020-07-01,1137,18,24417.60005950928,0.0,0.0,0.0,0,history_starts_too_late
CETXP,2017-02-17,2020-07-02,628,15,1754.666703939438,0.0,0.0,0.0,0,history_starts_too_late
CETX,2015-06-25,2023-12-28,2143,4,113626.00088119508,35.0,0.0,35.0,35,history_starts_too_late
CDEV,2016-04-15,2020-07-02,1062,4,20233873.927021027,0.0,0.0,0.0,0,history_starts_too_late
CDC,2014-07-02,2023-12-28,2390,4,7269736.014938354,174.0,31.0,143.0,174,history_starts_too_late
CDAY,2018-04-26,2023-12-28,1429,4,77340903.06587219,223.0,0.0,223.0,223,history_starts_too_late
CCZ,2015-01-02,2023-12-28,1343,168,0.0,47.0,14.0,33.0,47,history_starts_too_late
CCXX,2020-04-03,2020-07-02,57,6,1391519.9489593504,0.0,0.0,0.0,0,history_starts_too_late
CCXI,2012-02-08,2020-07-02,2114,5,20651099.83997345,1150.0,575.0,575.0,1150,history_starts_too_late
CCX,2015-01-02,2020-07-02,343,1096,163959.0039730072,54.0,27.0,27.0,52,history_starts_too_late
CCS,2014-06-18,2023-12-28,2400,4,13736732.830810549,982.0,334.0,648.0,945,history_starts_too_late
CCRC,2015-12-21,2020-07-02,1124,5,29971.50011062622,0.0,0.0,0.0,0,history_starts_too_late
CCR,2015-07-01,2020-07-02,1261,4,359285.0068092346,0.0,0.0,0.0,0,history_starts_too_late
CCOR,2017-05-25,2020-07-02,781,4,366315.4909133911,0.0,0.0,0.0,0,history_starts_too_late
CCMP,2015-01-02,2020-07-02,1385,4,30494222.63488769,920.0,460.0,460.0,902,history_starts_too_late
CCLP,2011-06-15,2023-12-28,3156,5,64309.49918627739,654.0,297.0,357.0,654,history_starts_too_late
ACRX,2011-02-11,2023-12-28,3241,5,123126.49824023248,1863.0,840.0,1023.0,1863,history_starts_too_late
ACSG,2018-12-06,2020-07-02,269,39,7793.999862670898,0.0,0.0,0.0,0,history_starts_too_late
CDL,2015-07-08,2023-12-28,2135,4,1082686.5808486938,16.0,0.0,16.0,16,history_starts_too_late
BSMX,2012-09-26,2020-07-02,1954,5,3004539.063692093,378.0,189.0,189.0,378,history_starts_too_late
CDLX,2018-02-09,2023-12-28,1481,4,5020657.476425171,136.0,0.0,136.0,136,history_starts_too_late
CDNA,2014-07-17,2023-12-28,2380,4,7793690.987873077,1204.0,519.0,685.0,1204,history_starts_too_late
CERC,2015-10-15,2020-07-02,1184,4,297072.99633026123,0.0,0.0,0.0,0,history_starts_too_late
CEQP,2015-01-02,2020-07-02,1385,4,12078971.95777893,960.0,480.0,480.0,960,history_starts_too_late
ACRE,2012-04-27,2023-12-28,2937,5,5754565.837049484,788.0,310.0,478.0,788,history_starts_too_late
CEMB,2012-04-19,2020-07-02,2018,7,1257234.990119934,64.0,32.0,32.0,64,history_starts_too_late
CELP,2015-01-02,2020-07-02,1385,4,125708.99662971497,354.0,177.0,177.0,354,history_starts_too_late
CELC,2017-09-20,2023-12-28,1579,4,516690.0067806244,42.0,0.0,42.0,42,history_starts_too_late
CEIX,2017-11-14,2023-12-28,1540,4,41440634.37957764,345.0,0.0,345.0,345,history_starts_too_late
CEFS,2017-03-21,2020-07-02,828,4,181951.29795074463,0.0,0.0,0.0,0,history_starts_too_late
CEFD,2020-06-03,2023-12-28,900,4,61473.49891662598,7156.0,0.0,7156.0,7156,history_starts_too_late
ACRS,2015-10-06,2023-12-28,2072,4,5262307.614612579,7.0,0.0,7.0,7,history_starts_too_late
CEA,2015-01-02,2020-07-02,1385,4,416794.9924468994,708.0,354.0,354.0,644,history_starts_too_late
CDW,2013-06-27,2020-06-19,1758,4,112316125.39215088,1104.0,552.0,552.0,1104,history_starts_too_late
CDTX,2015-04-15,2023-12-28,2193,4,669616.005063057,74.0,0.0,74.0,74,history_starts_too_late
CDR,2015-01-02,2020-07-02,1385,4,819907.4959635735,808.0,404.0,404.0,776,history_starts_too_late
CDOR,2015-01-02,2020-07-02,1288,10,178201.00002288818,0.0,0.0,0.0,0,history_starts_too_late
CDMOP,2015-01-02,2020-07-02,1340,5,65575.1998901367,0.0,0.0,0.0,0,history_starts_too_late
FIVG,2019-03-05,2023-12-28,1215,4,1470286.0569000244,36.0,0.0,36.0,36,history_starts_too_late
BSMT,2019-09-25,2020-07-02,116,12,27970.24974822998,0.0,0.0,0.0,0,history_starts_too_late
BSMR,2019-09-26,2023-12-28,1072,4,368174.2486953736,8708.0,0.0,8708.0,8708,history_starts_too_late
BKLC,2020-04-09,2023-12-28,937,4,3108792.349243164,23.0,0.0,23.0,23,history_starts_too_late
BKIE,2016-02-19,2023-12-28,928,1526,989729.0176391602,6.0,0.0,6.0,6,history_starts_too_late
BKHY,2020-04-24,2020-07-01,43,5,204877.00500488284,0.0,0.0,0.0,0,history_starts_too_late
BKEPP,2012-03-05,2020-07-02,2097,5,118813.00339698792,54.0,27.0,27.0,54,history_starts_too_late
ACV,2015-05-21,2023-12-28,2167,4,654986.9809150696,60.0,0.0,60.0,56,history_starts_too_late
BKAG,2020-04-24,2023-12-28,927,4,1792910.9535217285,9.0,0.0,9.0,9,history_starts_too_late
BKLN,2011-03-03,2023-12-28,3228,5,143205215.873909,398.0,0.0,398.0,398,history_starts_too_late
BJUL,2018-08-29,2023-12-28,1342,4,631225.5029678345,11.0,0.0,11.0,11,history_starts_too_late
BJ,2018-06-28,2020-07-02,507,4,43994535.250377655,0.0,0.0,0.0,0,history_starts_too_late
BIZD,2013-02-12,2023-12-28,2739,4,4598068.529367447,646.0,56.0,590.0,646,history_starts_too_late
ACWF,2015-05-04,2020-06-19,1067,17,257815.49911499023,0.0,0.0,0.0,0,history_starts_too_late
BIPC,2020-03-31,2023-12-28,944,4,17272553.861618042,403.0,0.0,403.0,403,history_starts_too_late
BIOX,2018-03-22,2023-12-28,1453,4,594968.9905166626,69.0,0.0,69.0,69,history_starts_too_late
BIOC,2014-02-05,2020-04-01,1550,4,635861.4879339933,858.0,429.0,429.0,850,history_starts_too_late
BJAN,2019-01-03,2020-07-02,360,6,253230.44576644895,0.0,0.0,0.0,0,history_starts_too_late
BKSB,2015-01-05,2020-06-30,944,26,22583.81811195984,0.0,0.0,0.0,0,history_starts_too_late
BKSE,2020-04-13,2023-12-28,936,4,234060.20126342773,2.0,0.0,2.0,2,history_starts_too_late
BKU,2011-01-28,2023-12-28,3251,5,21323729.635047916,1845.0,637.0,1208.0,1845,history_starts_too_late
BMLP,2017-01-20,2020-07-01,849,7,13753.25002670288,0.0,0.0,0.0,0,history_starts_too_late
BMEZ,2020-01-29,2020-06-19,100,4,5989437.291622162,0.0,0.0,0.0,0,history_starts_too_late
BMCH,2015-01-02,2020-07-02,1374,18,9895841.453933716,0.0,0.0,0.0,0,history_starts_too_late
BMAY,2020-05-01,2023-12-28,922,4,221187.4949455261,5.0,0.0,5.0,5,history_starts_too_late
BMAR,2020-03-02,2023-12-28,965,4,141685.20126342773,2.0,0.0,2.0,2,history_starts_too_late
BLUE,2013-06-19,2023-12-28,2651,4,14423884.117996693,3985.0,1573.0,2412.0,3985,history_starts_too_late
BLRX,2011-07-27,2023-12-28,3127,5,451357.0106267929,1216.0,545.0,671.0,1216,history_starts_too_late
BLPH,2015-02-13,2023-12-28,2234,4,75407.27173486352,67.0,0.0,67.0,67,history_starts_too_late
BLOK,2020-07-02,2020-07-02,1,0,628978.3383808138,0.0,0.0,0.0,0,history_starts_too_late
BLNKW,2020-07-02,2020-07-02,1,0,1099503.7394042015,0.0,0.0,0.0,0,history_starts_too_late
BLMN,2012-08-08,2023-12-28,2866,5,33996984.06133652,523.0,0.0,523.0,523,history_starts_too_late
BLHY,2016-12-05,2023-12-28,1778,4,2090.6325454711914,0.0,0.0,0.0,0,history_starts_too_late
BLES,2017-02-28,2023-12-28,1721,4,382986.9983673096,17.0,0.0,17.0,17,history_starts_too_late
BLCN,2018-01-17,2023-12-28,1498,4,199497.49641418457,55.0,0.0,55.0,55,history_starts_too_late
BLCM,2014-12-18,2023-12-28,2272,4,11485.656178325416,1260.0,574.0,686.0,1260,history_starts_too_late
BILL,2014-07-21,2023-12-28,1164,884,170736477.90603638,476.0,0.0,476.0,476,history_starts_too_late
BMRG,2020-06-03,2020-07-02,18,4,1720750.4636764526,0.0,0.0,0.0,0,history_starts_too_late
BILI,2018-03-28,2023-12-28,1449,4,87714833.37259293,624.0,0.0,624.0,624,history_starts_too_late
BIBL,2017-10-31,2023-12-28,1550,4,984956.502342224,15.0,0.0,15.0,15,history_starts_too_late
BEST,2017-09-20,2023-12-28,1579,4,73656.0009598732,40.0,0.0,40.0,38,history_starts_too_late
BERY,2012-10-04,2023-12-28,2826,5,48872954.2640686,1841.0,585.0,1256.0,1841,history_starts_too_late
BEDU,2017-05-18,2023-12-28,1665,4,3985.999834537506,53.0,0.0,53.0,53,history_starts_too_late
BEAM,2020-02-06,2023-12-28,981,4,27194618.488121036,235.0,0.0,235.0,235,history_starts_too_late
BDXB,2020-05-21,2020-07-02,30,4,26966451.69868469,0.0,0.0,0.0,0,history_starts_too_late
BDXA,2017-05-11,2020-04-01,728,4,9896930.965805054,0.0,0.0,0.0,0,history_starts_too_late
BETZ,2020-06-04,2023-12-28,899,4,314023.81172180176,35.0,0.0,35.0,35,history_starts_too_late
BDTX,2020-01-30,2023-12-28,986,4,575267.9863452911,33.0,0.0,33.0,33,history_starts_too_late
ACWV,2011-10-20,2023-12-28,3067,5,15479061.394119265,201.0,24.0,177.0,201,history_starts_too_late
BDEC,2019-12-02,2020-07-02,143,4,197776.79901123047,0.0,0.0,0.0,0,history_starts_too_late
BDCZ,2015-10-12,2020-07-02,1190,4,21734.35010910034,0.0,0.0,0.0,0,history_starts_too_late
BDCY,2020-07-02,2020-07-02,1,0,10156.37966966629,0.0,0.0,0.0,0,history_starts_too_late
BDCX,2020-06-11,2020-07-02,14,5,26922.29976654053,0.0,0.0,0.0,0,history_starts_too_late
BDCS,2011-04-28,2020-07-02,2311,5,241611.99226379397,0.0,0.0,0.0,0,history_starts_too_late
BDRY,2018-03-22,2023-12-28,1453,4,1755017.9924964905,54.0,0.0,54.0,54,history_starts_too_late
BFAM,2013-01-25,2023-12-28,2751,4,30920990.46325684,1122.0,436.0,686.0,1122,history_starts_too_late
BFEB,2020-02-03,2020-07-02,103,4,130644.9979782105,0.0,0.0,0.0,0,history_starts_too_late
BFIT,2016-05-10,2023-12-28,1923,4,16180.750465393066,27.0,0.0,27.0,27,history_starts_too_late
BHVN,2017-05-04,2023-12-28,1115,813,16722199.98588562,316.0,0.0,316.0,316,history_starts_too_late
BHTG,2015-10-29,2020-07-02,956,33,24431.00043535233,0.0,0.0,0.0,0,history_starts_too_late
BHFAP,2019-03-18,2023-12-28,1206,4,656034.492111206,18.0,0.0,18.0,18,history_starts_too_late
BHFAO,2020-05-22,2020-07-02,29,4,2846802.0257949834,0.0,0.0,0.0,0,history_starts_too_late
BHFAL,2018-09-14,2023-12-28,1331,4,363165.0049209595,9614.0,0.0,9614.0,9614,history_starts_too_late
BH-A,2018-05-02,2023-12-28,1425,4,73951.7904663086,8541.0,0.0,8541.0,8541,history_starts_too_late
BGX,2011-01-27,2023-12-28,3252,5,505596.48590087896,43.0,0.0,43.0,43,history_starts_too_late
BGSF,2014-04-29,2023-12-28,2435,4,168903.005027771,756.0,260.0,496.0,756,history_starts_too_late
BGNE,2016-02-03,2023-12-28,1990,4,41511470.39794922,370.0,0.0,370.0,370,history_starts_too_late
BGIO,2017-02-24,2020-07-02,845,4,323962.0015144348,0.0,0.0,0.0,0,history_starts_too_late
BGH,2012-10-26,2023-12-28,2810,5,760110.0048065186,757.0,358.0,399.0,732,history_starts_too_late
BFYT,2019-09-09,2020-07-02,166,56,11116768.206691744,0.0,0.0,0.0,0,history_starts_too_late
BFST,2018-04-11,2023-12-28,1440,4,1114886.5204811096,77.0,0.0,77.0,77,history_starts_too_late
BFRA,2018-02-14,2020-06-30,417,23,4470.400047302246,0.0,0.0,0.0,0,history_starts_too_late
BFOR,2013-06-04,2023-12-28,2662,4,90453.00064086914,164.0,54.0,110.0,164,history_starts_too_late
BICK,2015-01-02,2020-07-02,1248,8,90767.99926757812,88.0,44.0,44.0,86,history_starts_too_late
BNDC,2016-12-13,2023-12-28,1772,4,412195.2026367188,8.0,0.0,8.0,8,history_starts_too_late
BNDW,2018-09-06,2023-12-28,1337,4,2308504.4998168945,14.0,0.0,14.0,14,history_starts_too_late
BNDX,2013-06-04,2023-12-28,2662,4,103195775.92964172,275.0,25.0,250.0,275,history_starts_too_late
BSCP,2015-10-09,2023-12-28,2069,4,13753424.921894072,20.0,0.0,20.0,20,history_starts_too_late
BSCO,2014-09-19,2023-12-28,2335,4,13711515.497398376,84.0,31.0,53.0,84,history_starts_too_late
BSCN,2014-09-17,2020-07-02,1448,5,4465712.660598755,0.0,0.0,0.0,0,history_starts_too_late
BSCM,2013-07-17,2020-07-02,1746,5,6680719.605445862,102.0,51.0,51.0,102,history_starts_too_late
BSCL,2015-01-02,2020-07-02,1385,4,6418824.10326004,102.0,51.0,51.0,102,history_starts_too_late
BSCE,2020-07-02,2020-07-02,1,0,25.76499938964844,0.0,0.0,0.0,0,history_starts_too_late
BSCQ,2016-09-22,2020-07-02,945,5,810006.2042236328,0.0,0.0,0.0,0,history_starts_too_late
BSBE,2018-10-10,2020-07-01,373,11,13318.175203323364,0.0,0.0,0.0,0,history_starts_too_late
BRZU,2013-04-10,2023-12-28,2700,4,4660102.035903931,1186.0,570.0,616.0,1186,history_starts_too_late
BRX,2013-10-30,2023-12-28,2558,4,45024154.42619324,1547.0,700.0,847.0,1547,history_starts_too_late
BRQS,2015-11-05,2020-04-01,1104,7,0.0,0.0,0.0,0.0,0,history_starts_too_late
BRPAW,2020-07-02,2020-07-02,1,0,9500.63728931546,0.0,0.0,0.0,0,history_starts_too_late
BRPAU,2017-11-20,2020-06-25,128,50,10524.999618530272,0.0,0.0,0.0,0,history_starts_too_late
BRPAR,2017-12-01,2020-07-02,231,41,2277.000041306017,0.0,0.0,0.0,0,history_starts_too_late
BSAE,2020-07-02,2020-07-02,1,0,153196.80416107178,0.0,0.0,0.0,0,history_starts_too_late
BSCS,2018-08-09,2020-07-02,470,6,316533.9912414551,0.0,0.0,0.0,0,history_starts_too_late
BSCT,2019-09-13,2020-07-02,135,97,109862.5020980835,0.0,0.0,0.0,0,history_starts_too_late
BSDE,2020-07-02,2020-07-02,1,0,107015.0922355652,0.0,0.0,0.0,0,history_starts_too_late
BSMQ,2019-09-26,2023-12-28,1072,4,476199.492931366,882.0,0.0,882.0,882,history_starts_too_late
BSMP,2019-09-26,2020-07-02,164,7,47115.24934768677,0.0,0.0,0.0,0,history_starts_too_late
BSMO,2019-09-26,2020-07-02,160,18,64930.836470603936,0.0,0.0,0.0,0,history_starts_too_late
BSMM,2019-09-27,2020-07-02,175,7,65559.00039672852,0.0,0.0,0.0,0,history_starts_too_late
BSML,2019-09-27,2020-07-02,148,6,47851.50079727173,0.0,0.0,0.0,0,history_starts_too_late
BSJR,2019-09-13,2020-07-02,128,97,93258.24127960204,0.0,0.0,0.0,0,history_starts_too_late
BSJP,2017-09-27,2020-07-02,690,5,721997.4956512451,0.0,0.0,0.0,0,history_starts_too_late
BSJO,2016-09-14,2020-07-02,948,5,1160143.5174942017,0.0,0.0,0.0,0,history_starts_too_late
BSJN,2015-10-14,2020-07-02,1152,13,2387398.982524872,0.0,0.0,0.0,0,history_starts_too_late
BSJM,2014-09-17,2020-07-02,1451,5,5013343.016052246,140.0,70.0,70.0,140,history_starts_too_late
BSJL,2014-09-17,2020-07-02,1455,5,6459032.469749451,100.0,50.0,50.0,100,history_starts_too_late
BSJK,2015-01-02,2020-07-02,1385,4,5005437.951755524,100.0,50.0,50.0,100,history_starts_too_late
BSIG,2014-10-09,2023-12-28,2321,4,3142428.0738830566,110.0,0.0,110.0,110,history_starts_too_late
BSGM,2014-10-30,2023-12-28,2306,4,197175.75303465128,48.0,0.0,48.0,48,history_starts_too_late
BSEP,2019-09-06,2020-07-01,148,8,24234.99965667725,0.0,0.0,0.0,0,history_starts_too_late
BRPA,2017-12-04,2020-06-19,597,34,0.0,0.0,0.0,0.0,0,history_starts_too_late
BRP,2019-10-24,2023-12-28,1052,4,8318403.610706329,409.0,151.0,258.0,409,history_starts_too_late
BROGW,2020-07-02,2020-07-02,1,0,2254.999980330467,10456.0,0.0,10456.0,10456,history_starts_too_late
BROG,2018-07-13,2023-12-28,1375,4,4597.999954223633,28.0,0.0,28.0,28,history_starts_too_late
BORR,2019-07-30,2020-06-19,226,4,251040.4962986708,0.0,0.0,0.0,0,history_starts_too_late
BOND,2012-03-01,2023-12-28,2977,5,21492392.950439453,198.0,0.0,198.0,198,history_starts_too_late
BOMN,2017-06-13,2020-07-02,770,4,1122043.9891815186,0.0,0.0,0.0,0,history_starts_too_late
BOKFL,2016-06-30,2020-07-02,1009,4,200091.1003112793,0.0,0.0,0.0,0,history_starts_too_late
BOIL,2011-10-06,2023-12-28,3077,5,248954573.208046,230.0,59.0,171.0,230,history_starts_too_late
BOCT,2018-10-01,2023-12-28,1320,4,326445.5106735229,3.0,0.0,3.0,3,history_starts_too_late
BNTX,2019-10-10,2023-12-28,1062,4,72060725.69732668,3251.0,0.0,3251.0,3251,history_starts_too_late
BNTC,2014-06-24,2023-12-28,2396,4,49510.61081182957,42.0,0.0,42.0,42,history_starts_too_late
BNOV,2019-11-01,2023-12-28,1046,4,192121.85487747192,2.0,0.0,2.0,2,history_starts_too_late
BNKU,2019-04-03,2023-12-28,1194,4,11996820.41592598,17.0,0.0,17.0,17,history_starts_too_late
BNKO,2019-04-03,2020-06-18,111,27,7058.200073242188,0.0,0.0,0.0,0,history_starts_too_late
BNKD,2019-04-04,2023-12-28,1193,4,2114867.5167560577,33.0,0.0,33.0,33,history_starts_too_late
BNGO,2018-08-21,2023-12-28,1348,4,4935529.165959358,271.0,0.0,271.0,271,history_starts_too_late
BNFT,2013-09-18,2020-04-01,1646,4,8104487.120437622,968.0,484.0,484.0,968,history_starts_too_late
BNED,2015-07-23,2023-12-28,2124,4,375039.992672205,140.0,0.0,140.0,140,history_starts_too_late
BOTZ,2016-09-13,2023-12-28,1836,4,22127584.761047363,185.0,0.0,185.0,185,history_starts_too_late
BSMS,2019-09-26,2020-07-02,91,32,25024.24962043763,0.0,0.0,0.0,0,history_starts_too_late
BOUT,2018-09-13,2023-12-28,1332,4,38241.00027084351,4.0,0.0,4.0,4,history_starts_too_late
BOXL,2017-11-30,2023-12-28,1529,4,89772.10467588902,78.0,0.0,78.0,78,history_starts_too_late
BRMK,2019-11-15,2020-07-02,158,4,8539637.172317505,0.0,0.0,0.0,0,history_starts_too_late
BRLIU,2020-06-24,2023-12-28,885,4,0.0,7270.0,0.0,7270.0,7270,history_starts_too_late
BRG,2014-03-28,2020-07-02,1578,4,1600389.0076637268,754.0,377.0,377.0,752,history_starts_too_late
BRBS,2012-09-25,2023-12-28,2833,5,291058.9906692505,7.0,0.0,7.0,7,history_starts_too_late
BRBR,2019-10-17,2023-12-28,1057,4,32987048.07548523,154.0,0.0,154.0,154,history_starts_too_late
BPYUP,2019-09-04,2020-07-02,172,56,579279.999256134,0.0,0.0,0.0,0,history_starts_too_late
BPYU,2019-09-04,2020-07-02,172,56,13391654.72688675,0.0,0.0,0.0,0,history_starts_too_late
BPYPP,2019-03-14,2023-12-28,1208,4,236608.8014602661,1.0,0.0,1.0,1,history_starts_too_late
BPYPO,2019-08-21,2023-12-28,1097,4,191440.00129699707,9979.0,0.0,9979.0,9979,history_starts_too_late
BPYPN,2020-02-11,2023-12-28,978,4,160499.5005607605,1.0,0.0,1.0,1,history_starts_too_late
BPY,2013-03-22,2020-07-02,1771,92,19236258.407211304,0.0,0.0,0.0,0,history_starts_too_late
BPRN,2017-05-31,2023-12-28,1657,4,284561.00521087646,95.0,0.0,95.0,95,history_starts_too_late
BPMX,2013-02-14,2020-04-01,1794,4,208747.39298820493,0.0,0.0,0.0,0,history_starts_too_late
BPMP,2017-10-26,2020-07-02,675,4,3468282.9842090607,0.0,0.0,0.0,0,history_starts_too_late
BPMC,2015-04-30,2023-12-28,2182,4,28236805.63678741,315.0,0.0,315.0,315,history_starts_too_late
BOX,2015-01-23,2023-12-28,2249,4,36364510.97698212,732.0,0.0,732.0,731,history_starts_too_late
FIVN,2014-04-04,2023-12-28,2451,4,75131626.57051086,1669.0,626.0,1043.0,1669,history_starts_too_late
AEYE,2013-04-26,2023-12-28,2688,4,120855.00111579896,81.0,0.0,81.0,81,history_starts_too_late
FPE,2013-02-12,2023-12-28,2739,4,29385993.342494965,167.0,53.0,114.0,167,history_starts_too_late
GHY,2012-12-24,2023-12-28,2772,4,1527547.5501537323,534.0,245.0,289.0,534,history_starts_too_late
GLADD,2018-11-08,2020-04-01,350,4,51510.00022888184,0.0,0.0,0.0,0,history_starts_too_late
FYLD,2013-12-03,2023-12-28,2535,4,759216.9967651367,74.0,27.0,47.0,74,history_starts_too_late
HCAT,2019-07-25,2020-04-01,174,4,9496877.72026062,0.0,0.0,0.0,0,history_starts_too_late
HCC,2017-04-11,2020-04-01,749,4,19603658.164978027,1094.0,547.0,547.0,1066,history_starts_too_late
FOVL,2019-03-21,2020-06-19,208,22,18798.899459838867,0.0,0.0,0.0,0,history_starts_too_late
FOX,2019-03-13,2023-12-28,1209,4,31117599.214172363,1627.0,657.0,970.0,1627,history_starts_too_late
FTHY,2020-06-26,2023-12-28,883,4,1106428.9805412292,17.0,0.0,17.0,17,history_starts_too_late
GWRS,2016-04-28,2020-04-01,989,4,204439.99948501587,0.0,0.0,0.0,0,history_starts_too_late
GOAT,2018-10-31,2020-07-02,403,5,30922.999572753903,0.0,0.0,0.0,0,history_starts_too_late
FYT,2011-04-20,2023-12-28,3194,5,609371.9947814941,151.0,24.0,127.0,151,history_starts_too_late
GSID,2020-05-19,2023-12-28,910,4,15455.850219726562,6737.0,0.0,6737.0,6737,history_starts_too_late
FTXL,2016-09-21,2023-12-28,1830,4,2654639.966201782,134.0,0.0,134.0,134,history_starts_too_late
HCCH,2018-07-18,2020-07-02,457,21,0.0,0.0,0.0,0.0,0,history_starts_too_late
GGZ,2014-06-12,2020-07-02,1526,4,192256.50067329407,76.0,38.0,38.0,76,history_starts_too_late
FOXA,2019-03-12,2023-12-28,1210,4,105749397.09014893,7513.0,3363.0,4150.0,7513,history_starts_too_late
FLOT,2011-06-17,2023-12-28,3154,5,64527594.09828186,389.0,54.0,335.0,389,history_starts_too_late
GSHD,2018-04-27,2023-12-28,1428,4,11724151.19972229,157.0,0.0,157.0,157,history_starts_too_late
FTXH,2016-09-22,2023-12-28,1829,4,109884.99870300292,90.0,0.0,90.0,90,history_starts_too_late
HCAP,2013-05-03,2020-07-02,1804,4,123845.99945545197,480.0,240.0,240.0,480,history_starts_too_late
FSMD,2019-02-28,2020-07-02,339,4,109110.59951782228,0.0,0.0,0.0,0,history_starts_too_late
GDDY,2015-03-31,2023-12-28,2203,4,84453503.76319885,579.0,0.0,579.0,579,history_starts_too_late
FNDA,2013-08-15,2023-12-28,2611,4,11708289.81513977,187.0,48.0,139.0,187,history_starts_too_late
FULC,2019-07-18,2023-12-28,1121,4,2417087.484753132,90.0,0.0,90.0,90,history_starts_too_late
GGM,2013-06-26,2020-07-02,1768,4,691773.9881515503,1234.0,617.0,617.0,1234,history_starts_too_late
GDS,2016-11-02,2023-12-28,1800,4,11505195.238161089,253.0,0.0,253.0,253,history_starts_too_late
GSIE,2015-11-10,2020-06-19,1160,4,6383489.173126221,0.0,0.0,0.0,0,history_starts_too_late
GXF,2020-07-02,2020-07-02,1,0,8347.976640701294,180.0,90.0,90.0,160,history_starts_too_late
FORK,2015-11-04,2020-06-19,1164,4,12493.999814987184,0.0,0.0,0.0,0,history_starts_too_late
HCA,2011-03-10,2023-12-28,3223,5,297167802.31018066,5487.0,1989.0,3498.0,5487,history_starts_too_late
FNDB,2013-08-15,2023-12-28,2611,4,1286480.497932434,72.0,21.0,51.0,72,history_starts_too_late
FTHI,2014-01-07,2023-12-28,2512,4,1552078.5026550293,159.0,20.0,139.0,159,history_starts_too_late
HCCHR,2020-07-02,2020-07-02,1,0,88814.78409576416,0.0,0.0,0.0,0,history_starts_too_late
FSRV,2019-12-30,2020-07-02,107,12,82740.00320434572,190.0,95.0,95.0,186,history_starts_too_late
FTXR,2016-09-22,2023-12-28,1829,4,142789.99614715576,134.0,0.0,134.0,134,history_starts_too_late
GLIBP,2012-08-17,2020-04-01,1917,5,105348.00138473512,0.0,0.0,0.0,0,history_starts_too_late
FTXN,2016-09-23,2023-12-28,1828,4,2027131.9664001467,168.0,0.0,168.0,168,history_starts_too_late
HCAC,2019-04-16,2020-07-02,261,8,106907.00244903564,52.0,26.0,26.0,52,history_starts_too_late
HCACU,2019-03-01,2020-07-01,176,37,101838.4531970024,0.0,0.0,0.0,0,history_starts_too_late
FYC,2011-04-20,2023-12-28,3194,5,593924.0005493164,203.0,51.0,152.0,203,history_starts_too_late
GLIBA,2012-08-10,2020-07-02,1986,5,26885595.558929443,0.0,0.0,0.0,0,history_starts_too_late
FLV,2020-04-02,2023-12-28,942,4,288494.8553085327,27.0,0.0,27.0,27,history_starts_too_late
FOUR,2020-06-05,2023-12-28,898,4,66988516.68128967,302.0,0.0,302.0,302,history_starts_too_late
GOAU,2017-06-29,2023-12-28,1636,4,440405.5067062378,28.0,0.0,28.0,28,history_starts_too_late
FSMB,2018-11-27,2023-12-28,1280,4,2072798.414993286,8662.0,0.0,8662.0,8662,history_starts_too_late
FLXN,2014-02-12,2020-04-01,1545,4,7975428.921365738,830.0,415.0,415.0,830,history_starts_too_late
FND,2017-04-27,2023-12-28,1680,4,121811054.84008788,394.0,0.0,394.0,394,history_starts_too_late
FSLF,2019-11-21,2020-07-02,60,63,443963.4977340698,0.0,0.0,0.0,0,history_starts_too_late
GNUS,2012-02-08,2020-07-02,1740,56,106116.4983451366,0.0,0.0,0.0,0,history_starts_too_late
GENY,2016-08-22,2020-07-02,836,10,62458.49933624267,0.0,0.0,0.0,0,history_starts_too_late
GWPH,2013-05-01,2020-07-02,1807,4,56445021.91314697,4478.0,2239.0,2239.0,4478,history_starts_too_late
FTXD,2016-10-11,2020-07-02,632,23,19970.25003433228,0.0,0.0,0.0,0,history_starts_too_late
FLYT,2020-02-13,2020-06-19,89,4,275886.0008239746,0.0,0.0,0.0,0,history_starts_too_late
FLM,2015-01-02,2020-07-02,1171,17,25022.500038146973,88.0,44.0,44.0,88,history_starts_too_late
FSKR,2020-06-17,2020-07-02,12,3,19927556.316137318,0.0,0.0,0.0,0,history_starts_too_late
GCP,2016-02-04,2020-07-02,1111,4,5325802.09941864,0.0,0.0,0.0,0,history_starts_too_late
GTO,2016-02-12,2023-12-28,1983,4,5895288.062667847,7.0,0.0,7.0,7,history_starts_too_late
GLPI,2013-10-14,2023-12-28,2570,4,57761180.83591461,426.0,0.0,426.0,426,history_starts_too_late
FLLV,2016-09-22,2023-12-28,1829,4,377878.5011291504,21.0,0.0,21.0,21,history_starts_too_late
FLLA,2018-10-11,2020-07-02,342,16,7944.000005722046,0.0,0.0,0.0,0,history_starts_too_late
FPEI,2017-08-23,2020-07-02,720,4,1320639.9876594543,0.0,0.0,0.0,0,history_starts_too_late
FMTX,2020-06-19,2020-07-02,10,3,11382992.2164917,0.0,0.0,0.0,0,history_starts_too_late
FPF,2013-05-24,2023-12-28,2668,4,2310532.964611053,102.0,29.0,73.0,102,history_starts_too_late
HCFT,2013-03-22,2020-07-02,1834,4,117326.99813842772,0.0,0.0,0.0,0,history_starts_too_late
GNTY,2017-05-09,2023-12-28,1672,4,521327.4942398071,97.0,0.0,97.0,97,history_starts_too_late
GNT,2011-01-27,2023-12-28,3252,5,213758.99918079376,74.0,0.0,74.0,74,history_starts_too_late
GSBD,2015-03-18,2023-12-28,2212,4,6601398.081684113,153.0,0.0,153.0,153,history_starts_too_late
GSEE,2020-05-19,2023-12-28,910,4,4039.599990844726,8966.0,0.0,8966.0,8966,history_starts_too_late
FNDC,2013-08-15,2023-12-28,2611,4,5278886.901855469,93.0,26.0,67.0,93,history_starts_too_late
FLMB,2017-09-05,2020-07-02,434,52,32888.249492645264,0.0,0.0,0.0,0,history_starts_too_late
HCCOU,2019-12-13,2020-07-02,104,10,62817.48265647888,0.0,0.0,0.0,0,history_starts_too_late
GWRE,2012-01-25,2023-12-28,3002,5,45582902.49404907,2145.0,866.0,1279.0,2145,history_starts_too_late
FTXG,2016-10-10,2023-12-28,1817,4,2072486.9903564453,183.0,0.0,183.0,183,history_starts_too_late
HCCHU,2018-07-09,2020-07-02,454,23,0.0,0.0,0.0,0.0,0,history_starts_too_late
FOXF,2013-08-08,2020-04-01,1674,4,12944269.417953491,1712.0,856.0,856.0,1712,history_starts_too_late
GSEW,2017-09-15,2023-12-28,1582,4,1212663.7186050415,21.0,0.0,21.0,21,history_starts_too_late
FLNG,2019-03-07,2023-12-28,1145,101,8811577.028083801,77.0,0.0,77.0,77,history_starts_too_late
GDAT,2019-03-07,2020-07-02,327,4,93347.9009628296,0.0,0.0,0.0,0,history_starts_too_late
GRAM,2013-07-24,2023-12-28,2573,81,11200.89994743466,407.0,170.0,237.0,407,history_starts_too_late
FLN,2011-04-20,2023-12-28,3194,5,95597.49813079834,127.0,54.0,73.0,127,history_starts_too_late
GPJA,2018-11-28,2023-12-28,1279,4,246834.00535583496,6.0,0.0,6.0,6,history_starts_too_late
GO,2019-06-20,2020-04-01,198,4,21213179.948043823,0.0,0.0,0.0,0,history_starts_too_late
FLMX,2017-11-06,2020-07-02,499,17,11546.249866485596,0.0,0.0,0.0,0,history_starts_too_late
FPA,2011-04-20,2023-12-28,3194,5,13327.500343322754,16.0,0.0,16.0,16,history_starts_too_late
GSEU,2016-03-04,2020-07-02,1050,7,48225.05044937134,0.0,0.0,0.0,0,history_starts_too_late
GAA,2014-12-10,2023-12-28,2278,4,131440.89975357056,84.0,31.0,53.0,84,history_starts_too_late
FPAC,2018-06-27,2020-07-02,508,4,556694.9822425842,0.0,0.0,0.0,0,history_starts_too_late
FSLY,2019-05-17,2023-12-28,1163,4,42853390.33207893,957.0,0.0,957.0,957,history_starts_too_late
FLMN,2017-10-30,2020-07-02,673,4,984581.0056805612,0.0,0.0,0.0,0,history_starts_too_late
FLMI,2017-09-15,2020-07-02,250,98,26055.00030517578,0.0,0.0,0.0,0,history_starts_too_late
AAAU,2018-08-15,2023-12-28,1352,4,23794665.935993195,7.0,0.0,7.0,7,history_starts_too_late
FNCL,2013-10-24,2023-12-28,2562,4,4392025.36239624,178.0,53.0,125.0,178,history_starts_too_late
FLZA,2018-10-11,2020-07-02,339,13,5607.9999923706055,0.0,0.0,0.0,0,history_starts_too_late
FUMB,2018-11-05,2020-07-02,347,11,243271.50602340692,0.0,0.0,0.0,0,history_starts_too_late
FSRVU,2019-11-01,2020-07-02,130,14,31238.919696807865,0.0,0.0,0.0,0,history_starts_too_late
AAMC,2012-12-13,2023-12-28,2344,627,465117.9922485352,288.0,132.0,156.0,288,history_starts_too_late
GSX,2012-09-24,2020-07-02,615,1182,52219175.22735596,0.0,0.0,0.0,0,history_starts_too_late
HAPP,2019-10-25,2020-07-02,173,4,497424.0082740784,0.0,0.0,0.0,0,history_starts_too_late
FLSP,2019-12-23,2020-07-02,124,4,470.9121961593629,0.0,0.0,0.0,0,history_starts_too_late
HACK,2014-11-12,2023-12-28,2297,4,3421006.971168518,1036.0,411.0,625.0,1036,history_starts_too_late
GSV,2012-06-08,2020-07-02,2030,5,450596.4961349964,0.0,0.0,0.0,0,history_starts_too_late
FNOV,2019-11-18,2020-07-02,157,4,609480.0109863281,0.0,0.0,0.0,0,history_starts_too_late
FTCH,2018-09-21,2023-12-28,1326,4,44619241.53357899,0.0,0.0,0.0,0,history_starts_too_late
HARP,2019-02-08,2023-12-28,1231,4,219630.4983973503,75.0,0.0,75.0,75,history_starts_too_late
FNWB,2015-01-30,2023-12-28,2244,4,108652.49953269958,59.0,0.0,59.0,59,history_starts_too_late
HASI,2013-04-18,2023-12-28,2694,4,22649262.2672081,1496.0,558.0,938.0,1496,history_starts_too_late
HAUD,2015-07-13,2020-07-02,570,26,8221.94995880127,0.0,0.0,0.0,0,history_starts_too_late
FLQM,2017-04-28,2023-12-28,1679,4,1494891.9792175293,31.0,0.0,31.0,31,history_starts_too_late
GSUM,2016-09-23,2020-06-19,941,4,64557.00032711029,0.0,0.0,0.0,0,history_starts_too_late
FVCB,2015-05-06,2023-12-28,2178,4,303111.9918823242,56.0,0.0,56.0,56,history_starts_too_late
GTES,2018-01-25,2023-12-28,1492,4,12122726.149749756,7.0,0.0,7.0,7,history_starts_too_late
FVC,2013-10-29,2023-12-28,2292,358,622806.6093444824,15.0,0.0,15.0,15,history_starts_too_late
FNGZ,2018-08-23,2020-07-02,457,6,36203.39984893799,0.0,0.0,0.0,0,history_starts_too_late
FVAL,2016-09-15,2020-07-02,956,4,936495.5152511596,0.0,0.0,0.0,0,history_starts_too_late
GPMT,2017-06-23,2023-12-28,1640,4,2500671.498775482,113.0,0.0,113.0,113,history_starts_too_late
GTEC,2018-08-08,2023-12-28,1357,4,69084.00068283081,61.0,0.0,61.0,61,history_starts_too_late
HAIL,2017-12-27,2023-12-28,1511,4,115594.10076141356,7.0,0.0,7.0,7,history_starts_too_late
FVL,2015-01-02,2020-07-02,1379,4,61900.49858093262,32.0,16.0,16.0,30,history_starts_too_late
FNI,2015-01-02,2020-07-02,1385,4,323299.9914169312,48.0,24.0,24.0,40,history_starts_too_late
GKOS,2015-06-25,2023-12-28,2143,4,25874201.84955597,416.0,0.0,416.0,416,history_starts_too_late
GLYC,2014-01-10,2023-12-28,2509,4,284940.99876880646,827.0,353.0,474.0,827,history_starts_too_late
FLRU,2018-02-08,2020-07-02,523,17,48971.89960479736,0.0,0.0,0.0,0,history_starts_too_late
FNJN,2013-08-22,2020-07-02,1728,4,86051.99978351593,744.0,372.0,372.0,744,history_starts_too_late
GLMD,2014-03-13,2020-06-19,1580,4,325150.5032300949,830.0,415.0,415.0,830,history_starts_too_late
FWONK,2014-07-08,2023-12-28,2387,4,54765447.873687744,128.0,0.0,128.0,128,history_starts_too_late
FWP,2015-01-02,2020-07-02,1381,4,52571.77674770355,476.0,238.0,238.0,476,history_starts_too_late
FLQS,2017-04-28,2023-12-28,1679,4,54625.502586364746,18.0,0.0,18.0,18,history_starts_too_late
HAUZ,2013-10-01,2023-12-28,2579,4,1182613.4713172913,7.0,0.0,7.0,7,history_starts_too_late
GDVD,2017-05-18,2023-12-28,1104,637,33296.99993133545,26.0,0.0,26.0,26,history_starts_too_late
FNK,2011-04-20,2023-12-28,3194,5,809095.9999084473,259.0,34.0,225.0,259,history_starts_too_late
GOODN,2019-09-26,2023-12-28,1072,4,107668.50242614746,7.0,3.0,4.0,7,history_starts_too_late
FNKO,2017-11-02,2023-12-28,1548,4,4535883.393716812,385.0,0.0,385.0,385,history_starts_too_late
FTDR,2018-09-13,2023-12-28,1332,4,19867015.935134888,139.0,0.0,139.0,139,history_starts_too_late
GOODM,2016-05-24,2020-07-02,1035,4,92843.9998626709,0.0,0.0,0.0,0,history_starts_too_late
FWONA,2013-01-10,2020-06-19,1874,4,3427316.572761536,0.0,0.0,0.0,0,history_starts_too_late
FWDB,2015-01-02,2020-07-02,1104,7,10242.000198364258,100.0,50.0,50.0,100,history_starts_too_late
FLSA,2018-10-11,2020-07-02,288,23,2827.000045776367,0.0,0.0,0.0,0,history_starts_too_late
FVRR,2019-06-13,2020-06-19,258,4,6276325.0,0.0,0.0,0.0,0,history_starts_too_late
FTEC,2013-10-24,2023-12-28,2562,4,24952559.231567383,191.0,0.0,191.0,191,history_starts_too_late
FTACU,2018-11-16,2020-07-02,379,14,4194.000053405762,0.0,0.0,0.0,0,history_starts_too_late
HAWX,2015-07-01,2023-12-28,2139,4,374227.9965400696,3.0,0.0,3.0,3,history_starts_too_late
FLQL,2017-04-28,2023-12-28,1679,4,1529717.5331115725,36.0,0.0,36.0,36,history_starts_too_late
FNGD,2018-01-23,2023-12-28,1494,4,72561274.84931946,32.0,0.0,32.0,32,history_starts_too_late
FUV,2017-09-21,2023-12-28,1578,4,119370.00162005424,122.0,0.0,122.0,122,history_starts_too_late
GSLC,2015-09-21,2020-06-19,1196,4,20404755.59463501,0.0,0.0,0.0,0,history_starts_too_late
FSTA,2013-10-24,2023-12-28,2562,4,4421706.009292603,831.0,348.0,483.0,831,history_starts_too_late
FLQH,2016-06-03,2020-07-02,875,9,21023.999786376957,0.0,0.0,0.0,0,history_starts_too_late
GOGO,2013-06-21,2023-12-28,2649,4,6878610.955381393,1683.0,607.0,1076.0,1683,history_starts_too_late
FUTU,2019-03-08,2023-12-28,1212,4,87796487.03842163,297.0,0.0,297.0,297,history_starts_too_late
GECCN,2019-06-21,2020-07-02,256,5,88089.50061798096,0.0,0.0,0.0,0,history_starts_too_late
FLQE,2016-06-03,2020-07-02,985,6,117879.7516822815,0.0,0.0,0.0,0,history_starts_too_late
GSLD,2019-11-22,2020-07-02,153,4,300240.00549316406,0.0,0.0,0.0,0,history_starts_too_late
FUSN,2016-03-14,2023-12-28,884,1565,186527.99911499023,58.0,0.0,58.0,58,history_starts_too_late
GTHX,2017-05-17,2023-12-28,1666,4,1986067.216551304,7.0,0.0,7.0,7,history_starts_too_late
FTGC,2013-10-23,2023-12-28,2563,4,17190480.381774902,156.0,50.0,106.0,156,history_starts_too_late
HBP,2015-01-02,2020-07-02,1383,4,29494.500368833546,294.0,147.0,147.0,294,history_starts_too_late
GTIP,2011-05-23,2020-07-02,1576,786,97802.99835205078,54.0,27.0,27.0,54,history_starts_too_late
GPRO,2014-06-26,2023-12-28,2394,4,5309847.044730186,6649.0,2312.0,4337.0,6649,history_starts_too_late
GSKY,2018-05-24,2020-07-02,531,4,4451858.514881134,0.0,0.0,0.0,0,history_starts_too_late
HBT,2019-10-11,2023-12-28,1061,4,611383.4928512573,63.0,0.0,63.0,63,history_starts_too_late
FLTW,2017-12-18,2020-07-02,488,29,22127.39953994751,0.0,0.0,0.0,0,history_starts_too_late
GEM,2015-09-29,2023-12-28,2077,4,2981894.5036888123,28.0,0.0,28.0,28,history_starts_too_late
FNDE,2013-08-15,2023-12-28,2611,4,12918200.094604492,156.0,50.0,106.0,156,history_starts_too_late
GLADL,2019-10-15,2020-06-29,170,6,63176.99947357178,0.0,0.0,0.0,0,history_starts_too_late
ABBV,2013-01-02,2023-12-28,2767,4,710980762.1826172,7204.0,753.0,6451.0,7204,history_starts_too_late
GECC,2016-11-04,2023-12-28,1798,4,186790.74811935425,42.0,0.0,42.0,42,history_starts_too_late
FVAC,2020-06-22,2020-07-02,9,3,251244.006729126,0.0,0.0,0.0,0,history_starts_too_late
FTAC,2019-01-25,2020-07-02,355,7,64516.00155830383,0.0,0.0,0.0,0,history_starts_too_late
GHSI,2019-04-05,2023-12-28,1192,4,31563.25032711029,42.0,0.0,42.0,42,history_starts_too_late
FLSW,2018-02-08,2020-07-02,463,26,54617.00143814087,0.0,0.0,0.0,0,history_starts_too_late
GYLD,2012-05-08,2023-12-28,2930,5,27312.50009536743,35.0,0.0,35.0,35,history_starts_too_late
HBANO,2016-03-28,2020-07-02,1076,4,851974.0049362183,0.0,0.0,0.0,0,history_starts_too_late
GTH,2014-03-14,2023-12-28,1135,57,48600.15041828156,22.0,0.0,22.0,22,history_starts_too_late
FLTB,2015-01-02,2020-07-02,1385,4,995318.9964294434,24.0,12.0,12.0,24,history_starts_too_late
FNGU,2018-01-23,2023-12-28,1494,4,293230925.8693695,48.0,0.0,48.0,48,history_starts_too_late
FSV,2015-06-02,2023-12-28,2160,4,7509363.543701172,157.0,0.0,157.0,157,history_starts_too_late
FNGS,2019-11-13,2023-12-28,1038,4,4038788.6583328247,59.0,0.0,59.0,59,history_starts_too_late
HBB,2017-09-26,2023-12-28,1575,4,141059.99522209167,57.0,0.0,57.0,57,history_starts_too_late
GDYN,2018-10-30,2023-12-28,1299,4,3983492.902946472,85.0,0.0,85.0,85,history_starts_too_late
FNGO,2018-08-23,2023-12-28,1346,4,859434.9859237671,4.0,0.0,4.0,4,history_starts_too_late
GOLF,2016-10-28,2023-12-28,1803,4,15861959.85107422,232.0,0.0,232.0,232,history_starts_too_late
FLTR,2011-04-26,2023-12-28,3191,5,10238149.766254423,171.0,53.0,118.0,171,history_starts_too_late
GXTG,2019-11-04,2020-07-02,149,6,40898.890213012695,0.0,0.0,0.0,0,history_starts_too_late
FOCS,2018-07-26,2020-07-02,488,4,6295076.9115448,0.0,0.0,0.0,0,history_starts_too_late
GXGX,2019-08-08,2020-07-02,149,15,150176.00173950195,0.0,0.0,0.0,0,history_starts_too_late
FSZ,2012-02-16,2023-12-28,2986,5,207494.9981689453,131.0,54.0,77.0,131,history_starts_too_late
FV,2014-03-06,2023-12-28,2472,4,8463061.971092224,175.0,29.0,146.0,174,history_starts_too_late
FPH,2017-05-10,2020-04-01,729,4,866006.495809555,0.0,0.0,0.0,0,history_starts_too_late
GLBY,2018-12-13,2020-05-27,364,4,5418.219871520996,0.0,0.0,0.0,0,history_starts_too_late
FM,2012-09-13,2023-12-28,2841,5,6537410.066699981,867.0,225.0,642.0,867,history_starts_too_late
FMF,2013-08-02,2023-12-28,2620,4,903304.0016174316,65.0,22.0,43.0,65,history_starts_too_late
GRIN,2018-06-18,2023-12-28,1393,4,346555.48152923584,95.0,0.0,95.0,94,history_starts_too_late
HDV,2011-03-31,2023-12-28,3208,5,54796772.79205322,1215.0,357.0,858.0,1215,history_starts_too_late
GHIV,2020-04-08,2020-07-02,45,6,33165.00062942505,0.0,0.0,0.0,0,history_starts_too_late
FMIL,2020-06-05,2020-06-19,11,3,542461.5182876588,0.0,0.0,0.0,0,history_starts_too_late
GIGB,2017-07-10,2020-07-02,747,6,1426614.5254135132,0.0,0.0,0.0,0,history_starts_too_late
GIGE,2019-05-08,2020-07-02,275,5,14150.900077819824,0.0,0.0,0.0,0,history_starts_too_late
GNAF,2018-10-19,2020-07-02,356,15,47263.99993896485,0.0,0.0,0.0,0,history_starts_too_late
HEBT,2016-12-27,2020-04-01,821,4,368557.5013875961,0.0,0.0,0.0,0,history_starts_too_late
HECCU,2020-06-09,2020-07-02,18,3,1725167.9740905762,0.0,0.0,0.0,0,history_starts_too_late
GMTA,2016-05-18,2020-04-01,975,4,239619.5065498352,0.0,0.0,0.0,0,history_starts_too_late
GOVT,2012-02-24,2020-07-02,2094,12,107217507.71141052,102.0,51.0,51.0,102,history_starts_too_late
HEEM,2014-09-25,2023-12-28,2331,4,260651.99632644656,110.0,50.0,60.0,110,history_starts_too_late
HELX,2018-10-30,2023-12-28,968,485,15098.750114440918,4967.0,0.0,4967.0,4967,history_starts_too_late
FSB,2014-07-14,2020-06-19,1480,14,1726353.5458564758,0.0,0.0,0.0,0,history_starts_too_late
GUSH,2015-05-29,2023-12-28,2162,4,44415503.96881104,93.0,0.0,93.0,93,history_starts_too_late
FLAX,2018-02-08,2020-07-02,514,11,20236.999797821045,0.0,0.0,0.0,0,history_starts_too_late
FRTA,2016-10-20,2020-07-02,931,4,2613812.5353217125,0.0,0.0,0.0,0,history_starts_too_late
GRNB,2017-03-07,2020-07-02,822,5,99650.2495765686,0.0,0.0,0.0,0,history_starts_too_late
FREQ,2019-10-03,2020-07-02,189,4,2145571.937561035,0.0,0.0,0.0,0,history_starts_too_late
HEPA,2014-02-11,2020-06-19,1226,85,743527.9961466788,0.0,0.0,0.0,0,history_starts_too_late
GNC,2011-04-01,2020-07-02,2327,5,2194604.9371242523,3188.0,1594.0,1594.0,3188,history_starts_too_late
GLOG,2012-03-30,2020-07-02,2078,5,4396561.444616318,1398.0,699.0,699.0,1398,history_starts_too_late
FMCI,2018-09-12,2020-07-02,452,5,147346.49748802185,0.0,0.0,0.0,0,history_starts_too_late
HDGE,2011-01-27,2023-12-28,3252,5,2400514.474773407,133.0,36.0,97.0,133,history_starts_too_late
GNFT,2019-03-27,2023-12-28,1199,4,30768.75107288361,54.0,0.0,54.0,54,history_starts_too_late
FRDM,2019-06-14,2023-12-28,1144,4,2677197.9915618896,21.0,0.0,21.0,21,history_starts_too_late
GNE,2011-10-26,2023-12-28,3063,5,1521162.480020523,639.0,275.0,364.0,639,history_starts_too_late
FREL,2015-02-05,2023-12-28,2240,4,6128593.8329696655,29.0,0.0,29.0,29,history_starts_too_late
HDIV,2020-02-27,2020-07-02,75,7,4447.999954223633,0.0,0.0,0.0,0,history_starts_too_late
FTV,2016-07-05,2023-12-28,1885,4,121355468.10302734,504.0,0.0,504.0,504,history_starts_too_late
HDMV,2016-08-29,2023-12-28,1846,4,77126.85070037842,6911.0,0.0,6911.0,6911,history_starts_too_late
GMAN,2019-03-07,2020-07-02,308,7,40303.99990081787,638.0,319.0,319.0,638,history_starts_too_late
GLOB,2014-07-18,2020-06-19,1492,4,30356668.57719421,844.0,422.0,422.0,844,history_starts_too_late
HDS,2013-06-27,2020-07-02,1767,4,47577701.35803223,1260.0,630.0,630.0,1260,history_starts_too_late
FLCA,2017-11-06,2023-12-28,1546,4,1001608.0207824708,24.0,0.0,24.0,24,history_starts_too_late
GRNVU,2019-11-19,2020-06-30,103,20,7314.999866485596,0.0,0.0,0.0,0,history_starts_too_late
GNCA,2014-02-05,2020-07-02,1614,4,367202.5024116039,1107.0,515.0,592.0,1107,history_starts_too_late
FLBR,2017-11-06,2020-07-02,649,8,56171.849727630615,0.0,0.0,0.0,0,history_starts_too_late
GRFS,2011-06-02,2023-12-28,3165,5,5754731.889724731,1035.0,407.0,628.0,1035,history_starts_too_late
GBDV,2019-12-27,2020-07-02,91,20,7124.400329589844,0.0,0.0,0.0,0,history_starts_too_late
FLBL,2018-06-01,2020-07-02,324,84,7477.500057220459,0.0,0.0,0.0,0,history_starts_too_late
FMCIU,2018-08-03,2020-04-01,418,4,0.0,0.0,0.0,0.0,0,history_starts_too_late
GRPN,2011-11-04,2023-12-28,3056,5,7303645.223140717,9878.0,4192.0,5686.0,9878,history_starts_too_late
GTX,2018-09-17,2023-12-28,1330,4,4500516.440844536,7.0,0.0,7.0,7,history_starts_too_late
FLAU,2017-11-06,2023-12-28,1546,4,66205.00087738037,15.0,0.0,15.0,15,history_starts_too_late
HEWY,2015-07-01,2020-07-02,698,46,18839.200592041016,0.0,0.0,0.0,0,history_starts_too_late
FJNK,2019-10-24,2020-07-02,50,40,2436.2500190734863,0.0,0.0,0.0,0,history_starts_too_late
GMHI,2019-03-25,2020-07-02,213,29,55550.0020980835,0.0,0.0,0.0,0,history_starts_too_late
GBUY,2019-03-07,2023-12-28,840,497,117606.8974494934,23.0,0.0,23.0,23,history_starts_too_late
FIYY,2018-03-27,2020-07-02,572,4,748314.4950866699,0.0,0.0,0.0,0,history_starts_too_late
GFLU,2020-03-05,2020-07-02,84,4,2755445.919799804,0.0,0.0,0.0,0,history_starts_too_late
GUNR,2011-09-22,2023-12-28,3087,5,26926420.90072632,183.0,0.0,183.0,183,history_starts_too_late
FIXD,2017-02-16,2023-12-28,1728,4,29243191.599082947,33.0,0.0,33.0,33,history_starts_too_late
GPAQU,2018-01-25,2020-06-19,562,37,0.0,0.0,0.0,0.0,0,history_starts_too_late
GMED,2012-08-03,2023-12-28,2869,5,61484523.04458618,1141.0,567.0,574.0,1141,history_starts_too_late
GRNQ,2018-04-17,2023-12-28,1397,57,23264.50003385544,35.0,0.0,35.0,35,history_starts_too_late
HFRO,2017-11-06,2023-12-28,1546,4,1760833.9160442352,48.0,0.0,48.0,48,history_starts_too_late
GTYH,2016-12-16,2020-07-02,707,26,415741.5153265,0.0,0.0,0.0,0,history_starts_too_late
FMK,2015-01-02,2020-07-02,1270,6,51912.00084686279,104.0,52.0,52.0,104,history_starts_too_late
GMDA,2018-10-26,2023-12-28,1301,4,1064508.010339737,98.0,0.0,98.0,98,history_starts_too_late
FRLG,2018-04-03,2020-07-02,568,4,3055651.963043213,0.0,0.0,0.0,0,history_starts_too_late
FRSX,2017-06-15,2023-12-28,1646,4,60208.43837702275,35.0,0.0,35.0,35,history_starts_too_late
FRPT,2014-11-07,2023-12-28,2300,4,37398166.95137024,1242.0,442.0,800.0,1206,history_starts_too_late
FTLS,2014-09-09,2023-12-28,2343,4,2781661.511421204,159.0,41.0,118.0,159,history_starts_too_late
FJP,2011-04-26,2023-12-28,3191,5,398464.9963378906,124.0,51.0,73.0,124,history_starts_too_late
GMS,2016-05-26,2023-12-28,1911,4,14688956.861114502,305.0,0.0,305.0,305,history_starts_too_late
HEWU,2015-07-20,2020-07-02,1096,13,62034.349155426025,0.0,0.0,0.0,0,history_starts_too_late
GPAQ,2018-03-12,2020-07-01,333,24,72031.24866485596,0.0,0.0,0.0,0,history_starts_too_late
HEQ,2011-05-27,2023-12-28,3168,5,332590.5058860779,27.0,0.0,27.0,27,history_starts_too_late
HESM,2017-04-05,2023-12-28,1695,4,14013451.926136017,223.0,0.0,223.0,223,history_starts_too_late
GURU,2012-06-05,2020-06-19,1989,8,139762.4979019165,86.0,43.0,43.0,86,history_starts_too_late
FJUN,2020-06-22,2023-12-28,887,4,787975.527381897,1.0,0.0,1.0,1,history_starts_too_late
GMRE,2016-06-30,2023-12-28,1887,4,3094335.0142478943,104.0,0.0,104.0,104,history_starts_too_late
HEWC,2015-07-01,2020-07-02,877,34,67841.84875488281,0.0,0.0,0.0,0,history_starts_too_late
HEWG,2014-02-18,2023-12-28,2484,4,70643.99871826172,150.0,54.0,96.0,150,history_starts_too_late
GMOM,2015-01-02,2023-12-28,2258,4,387818.1574821472,77.0,31.0,46.0,77,history_starts_too_late
GBLIZ,2015-08-28,2020-07-02,1220,4,129968.99814605711,0.0,0.0,0.0,0,history_starts_too_late
HEWI,2015-07-10,2020-07-02,1091,12,3759.3000411987305,0.0,0.0,0.0,0,history_starts_too_late
GHIVU,2020-01-24,2020-07-02,86,10,664734.2039842606,0.0,0.0,0.0,0,history_starts_too_late
GRNV,2019-12-09,2020-06-29,80,10,26567.99988746643,0.0,0.0,0.0,0,history_starts_too_late
HEWJ,2014-02-05,2023-12-28,2492,4,2490070.073032379,180.0,55.0,125.0,180,history_starts_too_late
GMLPP,2017-10-31,2020-04-01,608,4,369237.4989509583,0.0,0.0,0.0,0,history_starts_too_late
GMLP,2011-04-08,2020-04-01,2260,5,2344962.4989032745,1404.0,702.0,702.0,1404,history_starts_too_late
GFL,2014-07-21,2023-12-28,1007,962,35714602.014541626,106.0,0.0,106.0,106,history_starts_too_late
GMHIU,2019-02-01,2020-07-02,316,18,8931.999969482422,0.0,0.0,0.0,0,history_starts_too_late
HEWL,2015-07-23,2020-07-02,704,27,11533.399963378906,0.0,0.0,0.0,0,history_starts_too_late
FRGI,2012-04-26,2020-04-01,1996,5,2491048.531103134,0.0,0.0,0.0,0,history_starts_too_late
HEWP,2015-07-13,2020-06-19,1182,6,11926.199913024902,0.0,0.0,0.0,0,history_starts_too_late
HDG,2011-07-14,2023-12-28,3136,5,52046.50058746338,28.0,0.0,28.0,28,history_starts_too_late
FSBW,2012-07-10,2023-12-28,2887,5,425873.4879493714,448.0,152.0,296.0,448,history_starts_too_late
FLHK,2017-12-19,2020-07-02,512,21,13733.699989318848,0.0,0.0,0.0,0,history_starts_too_late
FRAK,2015-01-02,2020-07-02,1381,6,104435.00213623048,224.0,112.0,112.0,224,history_starts_too_late
FLCB,2019-09-19,2023-12-28,1077,4,1722698.0346679688,18.0,0.0,18.0,18,history_starts_too_late
FRAN,2011-07-22,2020-07-02,2252,5,998437.0131492616,2614.0,1307.0,1307.0,2614,history_starts_too_late
GARS,2013-03-27,2020-07-02,1831,4,214309.49721336365,576.0,288.0,288.0,576,history_starts_too_late
FPL,2014-03-27,2023-12-28,2457,4,276924.00472164154,645.0,280.0,365.0,597,history_starts_too_late
HDAW,2015-08-14,2023-12-28,2108,4,16106.299877166748,9.0,0.0,9.0,9,history_starts_too_late
FSK,2014-04-16,2023-12-28,2443,4,18958639.93873596,197.0,0.0,197.0,197,history_starts_too_late
GRUB,2014-04-04,2020-07-02,1573,4,135241890.50178528,4730.0,2365.0,2365.0,4730,history_starts_too_late
GAL,2012-04-26,2020-06-19,2014,10,378075.0087738037,96.0,48.0,48.0,96,history_starts_too_late
AAT,2011-01-13,2023-12-28,3261,5,7053230.883026123,329.0,0.0,329.0,329,history_starts_too_late
FMB,2014-05-15,2023-12-28,2423,4,9672478.580856323,31.0,0.0,31.0,31,history_starts_too_late
FLIN,2018-02-08,2020-07-02,583,6,62893.59970092773,0.0,0.0,0.0,0,history_starts_too_late
AAOI,2013-09-26,2023-12-28,2582,4,8517287.752628326,1722.0,452.0,1270.0,1722,history_starts_too_late
GOSS,2019-02-08,2020-07-02,353,4,5937737.282133102,0.0,0.0,0.0,0,history_starts_too_late
FPI,2014-04-11,2023-12-28,2446,4,4047460.4104995728,898.0,373.0,525.0,898,history_starts_too_late
FLGT,2016-09-29,2020-04-01,882,4,1132156.4930915833,0.0,0.0,0.0,0,history_starts_too_late
FSEA,2019-07-17,2020-07-02,242,4,31910.99996566772,0.0,0.0,0.0,0,history_starts_too_late
FLHY,2018-06-14,2020-07-02,394,35,30201.2996673584,0.0,0.0,0.0,0,history_starts_too_late
FPXI,2014-11-11,2023-12-28,2298,4,617061.9915008545,128.0,44.0,84.0,128,history_starts_too_late
FTSM,2014-08-06,2023-12-28,2366,4,79090812.59727478,159.0,51.0,108.0,159,history_starts_too_late
HCXY,2018-09-27,2023-12-28,1322,4,38311.99941635132,8137.0,0.0,8137.0,8137,history_starts_too_late
GRWG,2018-02-07,2020-04-01,541,4,553573.47676754,0.0,0.0,0.0,0,history_starts_too_late
FPXE,2018-10-08,2020-07-02,282,12,3886.000061035156,0.0,0.0,0.0,0,history_starts_too_late
HCR,2012-08-16,2020-07-02,1982,5,656349.9955721198,0.0,0.0,0.0,0,history_starts_too_late
GERM,2020-06-18,2023-12-28,889,4,31314.000606536865,18.0,0.0,18.0,18,history_starts_too_late
GNRSU,2020-02-11,2020-06-18,75,8,198580.54637908936,0.0,0.0,0.0,0,history_starts_too_late
FPRX,2013-09-18,2020-04-01,1646,4,1725420.5447554588,1176.0,588.0,588.0,1176,history_starts_too_late
HCRB,2020-02-20,2023-12-28,972,4,108100.10089874268,8722.0,0.0,8722.0,8722,history_starts_too_late
FTSL,2013-05-02,2023-12-28,2684,4,14373645.025253296,164.0,54.0,110.0,164,history_starts_too_late
GER,2014-09-26,2020-07-02,1452,4,1587923.9974975586,510.0,255.0,255.0,510,history_starts_too_late
GLG,2012-02-06,2020-07-02,2114,5,65630.99924325943,0.0,0.0,0.0,0,history_starts_too_late
GNRS,2020-05-21,2023-12-28,908,4,0.0453000021516292,6.0,0.0,6.0,6,history_starts_too_late
GAMR,2016-03-10,2023-12-28,1965,4,88850.30117034912,51.0,0.0,51.0,51,history_starts_too_late
FLIA,2018-06-01,2020-07-02,183,149,5056.000137329103,0.0,0.0,0.0,0,history_starts_too_late
FQAL,2016-09-16,2020-07-02,955,4,805529.5246124268,0.0,0.0,0.0,0,history_starts_too_late
GDMA,2018-11-15,2023-12-28,1287,4,126355.5009841919,8680.0,0.0,8680.0,8680,history_starts_too_late
GDNA,2019-03-07,2020-07-02,326,5,65671.10042572021,0.0,0.0,0.0,0,history_starts_too_late
GLDI,2013-01-29,2023-12-28,2749,4,388098.01483154297,140.0,50.0,90.0,140,history_starts_too_late
HCXZ,2018-05-04,2020-07-02,541,4,84834.75151062012,0.0,0.0,0.0,0,history_starts_too_late
GAINM,2016-09-21,2020-07-02,904,6,90706.75115585329,0.0,0.0,0.0,0,history_starts_too_late
GREK,2011-12-08,2023-12-28,3033,5,1895485.479927063,5104.0,2468.0,2636.0,5104,history_starts_too_late
FLGE,2014-06-11,2020-07-02,1527,4,1436960.971069336,76.0,38.0,38.0,76,history_starts_too_late
GLDM,2018-06-26,2023-12-28,1387,4,42602688.49334717,89.0,0.0,89.0,89,history_starts_too_late
GAINL,2018-08-23,2023-12-28,613,1065,198401.00450515747,7741.0,0.0,7741.0,7741,history_starts_too_late
GLOP,2014-05-07,2020-07-02,1551,4,2937928.4566402435,908.0,454.0,454.0,908,history_starts_too_late
GLPG,2012-02-27,2020-06-19,2093,5,23522369.010925293,0.0,0.0,0.0,0,history_starts_too_late
GVAL,2014-03-12,2023-12-28,2468,4,170007.99713134766,114.0,43.0,71.0,114,history_starts_too_late
GHYB,2017-09-25,2020-07-02,678,5,225262.1509552002,0.0,0.0,0.0,0,history_starts_too_late
FLCH,2017-11-06,2020-07-02,667,4,166573.6053466797,0.0,0.0,0.0,0,history_starts_too_late
HDEF,2015-08-18,2023-12-28,2106,4,4727055.111312866,25.0,0.0,25.0,25,history_starts_too_late
FSCT,2017-10-26,2020-04-01,611,4,18022888.58013153,0.0,0.0,0.0,0,history_starts_too_late
GNMA,2012-02-21,2023-12-28,2984,5,1809233.5376739504,141.0,54.0,87.0,141,history_starts_too_late
GNLN,2019-04-18,2023-12-28,1183,4,38463.74956011772,43.0,0.0,43.0,43,history_starts_too_late
FTLB,2015-01-02,2020-07-02,1167,12,26693.9998626709,38.0,19.0,19.0,38,history_starts_too_late
GRTS,2018-09-28,2020-07-02,443,4,1128083.9958190918,0.0,0.0,0.0,0,history_starts_too_late
GNK,2014-07-15,2023-12-28,2382,4,10653948.464632034,251.0,0.0,251.0,248,history_starts_too_late
GDP,2016-12-08,2020-07-02,897,4,153719.99988555908,1494.0,747.0,747.0,1492,history_starts_too_late
FTSI,2018-02-02,2020-07-02,608,4,1015852.028042078,0.0,0.0,0.0,0,history_starts_too_late
FLJP,2017-11-06,2020-07-02,656,5,607343.251991272,0.0,0.0,0.0,0,history_starts_too_late
GCOW,2016-02-23,2020-06-19,1089,5,654212.7987861633,0.0,0.0,0.0,0,history_starts_too_late
GVIP,2016-11-11,2020-07-02,915,4,261647.89352416992,0.0,0.0,0.0,0,history_starts_too_late
FLGB,2017-11-06,2020-07-02,572,25,128155.99727630617,0.0,0.0,0.0,0,history_starts_too_late
FMBIP,2020-06-10,2020-07-02,17,3,939105.0281524656,0.0,0.0,0.0,0,history_starts_too_late
FLDM,2011-02-10,2020-07-02,2364,5,3251933.9960098267,0.0,0.0,0.0,0,history_starts_too_late
FLEU,2016-11-11,2020-07-01,732,15,46975.35095214844,0.0,0.0,0.0,0,history_starts_too_late
GEVO,2011-02-09,2023-12-28,3243,5,6386080.051273108,2051.0,845.0,1206.0,2051,history_starts_too_late
FLEH,2017-11-06,2020-06-18,243,42,4820.199966430664,0.0,0.0,0.0,0,history_starts_too_late
FLEE,2020-07-02,2020-07-02,1,0,13345.72041130066,0.0,0.0,0.0,0,history_starts_too_late
GNPX,2018-03-29,2023-12-28,1448,4,137595.1037377119,30.0,0.0,30.0,30,history_starts_too_late
FMAY,2020-05-19,2020-07-02,32,4,600796.993637085,0.0,0.0,0.0,0,history_starts_too_late
FLDR,2018-06-18,2020-07-02,514,4,1564189.0283584597,0.0,0.0,0.0,0,history_starts_too_late
FLIY,2018-01-03,2020-07-02,461,35,13810.499954223633,0.0,0.0,0.0,0,history_starts_too_late
GWGH,2014-09-25,2020-07-02,1453,4,57281.99844360352,384.0,192.0,192.0,384,history_starts_too_late
HCM,2016-03-16,2023-12-28,1961,4,1881400.509595871,181.0,0.0,181.0,181,history_starts_too_late
UCC,2007-02-02,2023-12-28,4256,5,39417.50059127808,27.0,0.0,27.0,25,illiquid
PSCC,2010-04-07,2023-12-28,3457,5,385669.5106506348,291.0,55.0,236.0,291,illiquid
JHS,1980-03-17,2023-12-28,11040,7,195555.49683570865,110.0,55.0,55.0,110,illiquid
UFCS,1980-03-18,2023-12-28,11039,7,1620735.0087165833,739.0,260.0,479.0,731,illiquid
GDV,2003-11-25,2023-12-28,5057,5,3081123.122692108,382.0,105.0,277.0,379,illiquid
DHF,1998-04-27,2023-12-28,6462,7,716352.0030498505,138.0,24.0,114.0,137,illiquid
PSO,1996-11-18,2023-12-28,6823,7,2936553.976726532,1467.0,583.0,884.0,1407,illiquid
CJJD,2009-10-01,2023-12-28,3585,5,235623.9993065596,344.0,158.0,186.0,342,illiquid
UAVS,2007-05-21,2023-12-28,4182,5,208930.4938450455,54.0,0.0,54.0,54,illiquid
BBSI,1993-06-11,2023-12-28,7693,7,3199110.012435913,1119.0,416.0,703.0,1113,illiquid
DJCO,1986-06-11,2023-12-28,9464,7,533845.5139160156,297.0,122.0,175.0,287,illiquid
BCML,2005-11-10,2023-12-28,4563,5,446408.5041046143,83.0,0.0,83.0,83,illiquid
PSCD,2010-04-07,2023-12-28,3457,5,69055.99975585938,291.0,44.0,247.0,291,illiquid
PSTV,2001-07-11,2023-12-28,5653,7,83780.0989638567,131.0,0.0,131.0,130,illiquid
BCLI,2003-10-07,2023-12-28,5092,5,380387.5016987324,738.0,341.0,397.0,736,illiquid
BTA,2006-02-27,2023-12-28,4491,5,362902.9959201813,149.0,57.0,92.0,149,illiquid
PSF,2010-11-26,2023-12-28,3294,5,539234.9870681763,88.0,0.0,88.0,88,illiquid
DIG,2007-02-01,2023-12-28,4257,5,2760890.950012207,2800.0,935.0,1865.0,2724,illiquid
PSI,2005-06-23,2023-12-28,4661,5,2303828.9909362798,715.0,58.0,657.0,710,illiquid
UBCP,1993-03-02,2023-12-28,7764,7,31995.000457763672,204.0,91.0,113.0,200,illiquid
KOPN,1992-04-15,2023-12-28,7985,7,637454.9936413765,743.0,292.0,451.0,727,illiquid
KOSS,1980-03-17,2023-12-28,11040,7,62931.00060224533,543.0,184.0,359.0,533,illiquid
CLDT,2010-04-16,2023-12-28,3450,5,1978406.4883708956,1753.0,873.0,880.0,1749,illiquid
UBT,2010-01-21,2023-12-28,3509,5,1759489.4948005676,142.0,56.0,86.0,140,illiquid
PSL,2006-10-12,2023-12-28,4332,5,225134.0003967285,457.0,43.0,414.0,455,illiquid
UDN,2007-03-01,2023-12-28,4238,5,1805930.9783935547,3594.0,1669.0,1925.0,3468,illiquid
GLO,2006-05-02,2023-12-28,4446,5,958441.469335556,120.0,0.0,120.0,120,illiquid
KOP,2006-02-01,2023-12-28,4508,5,2877584.9296569824,1911.0,639.0,1272.0,1889,illiquid
PTH,2006-10-12,2023-12-28,4332,5,397815.0037765503,245.0,0.0,245.0,242,illiquid
DHS,2006-06-16,2023-12-28,4414,5,4409967.586135864,7.0,0.0,7.0,7,illiquid
BCBP,2003-10-15,2023-12-28,5086,5,655832.0028781891,505.0,171.0,334.0,503,illiquid
nx,1980-03-17,2023-12-28,11040,7,2931044.9895858765,0.0,0.0,0.0,0,illiquid
DHIL,1996-06-06,2023-12-28,6938,7,1804195.994567871,309.0,132.0,177.0,303,illiquid
ACCO,2005-08-17,2023-12-28,4623,5,2723101.546025276,1648.0,576.0,1072.0,1648,illiquid
PSR,2008-11-21,2023-12-28,3800,5,486789.5008087158,741.0,74.0,667.0,738,illiquid
BCH,2002-08-02,2023-12-28,5389,5,2404711.424255371,290.0,118.0,172.0,252,illiquid
SVT,1973-05-03,2023-12-28,12776,7,14648.50001335144,37.0,0.0,37.0,37,illiquid
UEIC,1993-02-12,2023-12-28,7775,7,828472.016620636,854.0,354.0,500.0,842,illiquid
PSCE,2010-04-07,2023-12-28,3457,5,1320833.5036468506,318.0,57.0,261.0,318,illiquid
PSCF,2010-04-07,2023-12-28,3457,5,56835.49957275391,466.0,74.0,392.0,466,illiquid
CKX,1999-07-13,2023-12-28,6157,7,7000.0,79.0,27.0,52.0,77,illiquid
PSCI,2010-04-07,2023-12-28,3457,5,258842.0021057129,281.0,54.0,227.0,281,illiquid
PTF,2006-10-12,2023-12-28,4332,5,698287.9968643188,341.0,40.0,301.0,339,illiquid
PSCM,2010-04-07,2023-12-28,3457,5,55093.49899291992,222.0,30.0,192.0,222,illiquid
DIT,1995-08-04,2023-12-28,7150,7,115100.4997253418,216.0,89.0,127.0,199,illiquid
FTK,2005-07-27,2023-12-28,4638,5,139987.3047463894,1461.0,629.0,832.0,1427,illiquid
PIO,2007-06-13,2023-12-28,4166,5,251568.00384521484,245.0,29.0,216.0,232,illiquid
PMF,2001-06-27,2023-12-28,5662,7,607946.5018749237,190.0,55.0,135.0,189,illiquid
GLL,2008-12-03,2023-12-28,3793,5,1858864.5252227783,1940.0,949.0,991.0,1867,illiquid
AZZ,1980-03-17,2023-12-28,11040,7,4244680.451774597,1421.0,707.0,714.0,1395,illiquid
GEOS,1997-11-21,2023-12-28,6567,7,260252.49519348145,464.0,187.0,277.0,464,illiquid
PJP,2005-06-23,2023-12-28,4661,5,503750.0,920.0,290.0,630.0,909,illiquid
tg,1989-07-05,2023-12-28,8689,7,1097123.9778757095,0.0,0.0,0.0,0,illiquid
PIZ,2008-01-07,2023-12-28,4023,5,343947.5016593933,103.0,21.0,82.0,102,illiquid
FSI,1999-10-12,2023-12-28,6093,7,38156.99992179871,682.0,283.0,399.0,681,illiquid
LARK,1994-03-28,2023-12-28,7492,7,60721.99989795685,258.0,107.0,151.0,258,illiquid
FSFG,2008-10-08,2023-12-28,3832,5,53417.000579833984,256.0,84.0,172.0,256,illiquid
nkx,2003-01-16,2023-12-28,5274,5,1194033.534526825,0.0,0.0,0.0,0,illiquid
PIN,2008-03-05,2023-12-28,3983,5,587007.0104598999,161.0,0.0,161.0,149,illiquid
USLM,1980-03-17,2023-12-28,11040,7,1252352.993774414,279.0,109.0,170.0,279,illiquid
DSS,1994-04-08,2023-12-28,7484,7,25391.099229454987,43.0,0.0,43.0,43,illiquid
PID,2005-09-15,2023-12-28,4603,5,3388526.979446411,620.0,56.0,564.0,618,illiquid
pgf,2006-12-01,2023-12-28,4297,5,3717582.459592819,0.0,0.0,0.0,0,illiquid
DSU,1998-03-30,2023-12-28,6481,7,1281151.4740943909,1437.0,705.0,732.0,1437,illiquid
BTZ,2006-12-22,2023-12-28,4282,5,2672694.0596580505,86.0,0.0,86.0,86,illiquid
DSWL,1995-07-19,2023-12-28,7162,7,6202.000200748444,209.0,94.0,115.0,199,illiquid
PKB,2005-10-26,2023-12-28,4574,5,801941.9843673706,3084.0,1275.0,1809.0,3061,illiquid
PKE,1980-03-17,2023-12-28,11040,7,922697.4872112274,657.0,271.0,386.0,623,illiquid
PLPC,1999-04-28,2023-12-28,6209,7,1939155.9692382808,287.0,107.0,180.0,281,illiquid
PLOW,2010-05-05,2023-12-28,3437,5,2615112.4351501465,1168.0,470.0,698.0,1160,illiquid
GENE,2005-09-06,2023-12-28,4610,5,60394.00027513504,990.0,465.0,525.0,988,illiquid
USA,1986-10-24,2023-12-28,9369,7,4045607.4351787567,1370.0,79.0,1291.0,1369,illiquid
CHW,2007-07-26,2023-12-28,4136,5,809493.9905405045,317.0,121.0,196.0,317,illiquid
PLG,2005-11-10,2023-12-28,4563,5,203526.00739002228,101.0,0.0,101.0,99,illiquid
USAP,1994-12-14,2023-12-28,7311,7,398318.4933662415,864.0,334.0,530.0,862,illiquid
USAS,2003-10-27,2023-12-28,5078,5,135350.0012256205,60.0,0.0,60.0,60,illiquid
PLBC,2002-12-11,2023-12-28,5298,5,305578.49712371826,271.0,107.0,164.0,269,illiquid
USCI,2010-08-10,2023-12-28,3370,5,623927.0137786865,153.0,52.0,101.0,153,illiquid
DRRX,2000-09-28,2023-12-28,5849,7,476488.0063295365,1258.0,582.0,676.0,1241,illiquid
LAKE,1986-09-09,2023-12-28,9402,7,211596.00105285645,2043.0,1018.0,1025.0,2021,illiquid
PKW,2006-12-20,2023-12-28,4284,5,3045270.906829834,772.0,216.0,556.0,772,illiquid
PKOH,1973-02-21,2023-12-28,12826,7,658670.9976196289,604.0,254.0,350.0,588,illiquid
CHT,2003-07-18,2023-12-28,5148,5,4026370.9337234497,817.0,287.0,530.0,795,illiquid
USEG,1980-03-17,2023-12-28,11040,7,70292.00011491776,485.0,193.0,292.0,478,illiquid
ACB,2000-01-03,2023-12-28,5997,8,3033457.9487353563,2632.0,0.0,2632.0,2632,illiquid
DSX,2005-03-23,2023-12-28,4725,5,1763414.0374541285,2704.0,1227.0,1477.0,2499,illiquid
PHX,1992-02-03,2023-12-28,8036,7,238557.00316429135,598.0,210.0,388.0,586,illiquid
UTF,2004-03-26,2023-12-28,4974,5,4180917.4513816833,221.0,57.0,164.0,220,illiquid
UTI,2003-12-18,2023-12-28,5041,5,634426.5017986298,1223.0,467.0,756.0,1192,illiquid
UTL,1985-03-07,2023-12-28,9782,7,2969805.4832458496,782.0,303.0,479.0,775,illiquid
AXR,1973-05-03,2023-12-28,12776,7,102632.99894332886,229.0,111.0,118.0,207,illiquid
UTSI,2000-03-03,2023-12-28,5994,7,7079.500186443329,589.0,263.0,326.0,571,illiquid
PFM,2005-09-15,2023-12-28,4603,5,1019728.4936904906,215.0,33.0,182.0,210,illiquid
UUU,1981-11-12,2023-12-28,10620,7,46267.998576164246,242.0,100.0,142.0,234,illiquid
PFL,2003-08-27,2023-12-28,5120,5,774360.9850883484,171.0,58.0,113.0,169,illiquid
CHMG,1999-01-04,2023-12-28,6288,7,408141.0079956055,355.0,117.0,238.0,355,illiquid
UVSP,1998-04-16,2023-12-28,6469,7,2009557.9733848567,460.0,171.0,289.0,454,illiquid
PFIE,2010-03-10,2023-12-28,3476,5,133115.00304937363,566.0,222.0,344.0,566,illiquid
PFI,2006-10-12,2023-12-28,4332,5,52519.99950408936,525.0,54.0,471.0,521,illiquid
FRPH,1986-07-02,2023-12-28,9449,7,500995.5041885376,181.0,78.0,103.0,181,illiquid
BUSE,1998-10-06,2023-12-28,6349,7,3034240.0093078613,506.0,179.0,327.0,500,illiquid
LCNB,1999-10-26,2023-12-28,6083,7,287537.49499320984,220.0,110.0,110.0,220,illiquid
CHN,1992-07-10,2023-12-28,7926,7,194872.9953289032,5482.0,2725.0,2757.0,5475,illiquid
DUG,2007-02-01,2023-12-28,4257,5,2346733.954524994,43.0,0.0,43.0,37,illiquid
PGC,1999-04-27,2023-12-28,6210,7,1617693.0114746094,459.0,180.0,279.0,447,illiquid
AEZS,2000-05-10,2023-12-28,5947,7,24582.00014829636,1398.0,618.0,780.0,1362,illiquid
FSD,2010-09-28,2023-12-28,3336,5,908999.5193004608,97.0,0.0,97.0,97,illiquid
PHO,2005-12-06,2023-12-28,4546,5,3575991.537094116,750.0,184.0,566.0,708,illiquid
DTD,2006-06-16,2023-12-28,4414,5,1543025.0259399414,421.0,129.0,292.0,417,illiquid
PHK,2003-04-25,2023-12-28,5206,5,1914195.489382744,719.0,327.0,392.0,698,illiquid
PHI,1973-05-03,2023-12-28,12776,7,1221026.0200500488,551.0,204.0,347.0,520,illiquid
GRF,2004-01-23,2023-12-28,5018,5,16264.999866485596,158.0,72.0,86.0,158,illiquid
USNA,1994-04-04,2023-12-28,7488,7,3606800.02746582,685.0,198.0,487.0,685,illiquid
URG,2008-07-25,2023-12-28,3884,5,1682629.4384121895,564.0,236.0,328.0,544,illiquid
PHD,2004-12-23,2023-12-28,4786,5,560801.5100002289,136.0,29.0,107.0,133,illiquid
PHB,2007-11-15,2023-12-28,4057,5,1727285.9811782837,322.0,114.0,208.0,300,illiquid
GF,1990-01-25,2023-12-28,8547,7,133384.00650024414,1192.0,584.0,608.0,1189,illiquid
UST,2010-02-02,2023-12-28,3501,5,176329.0023803711,167.0,34.0,133.0,166,illiquid
AYRO,2003-10-07,2023-12-28,5092,5,64008.960554122925,7.0,0.0,7.0,7,illiquid
PGP,2005-05-26,2023-12-28,4680,5,235485.9996557236,207.0,56.0,151.0,207,illiquid
JEQ,1992-08-14,2023-12-28,7901,7,105590.99926948547,82.0,41.0,41.0,82,illiquid
PGJ,2004-12-09,2023-12-28,4796,5,1215729.4818878174,6573.0,3114.0,3459.0,6521,illiquid
JFR,2004-03-25,2023-12-28,4975,5,2458245.960521698,260.0,130.0,130.0,260,illiquid
PRTS,2007-02-09,2023-12-28,4251,5,2691884.0366601944,1110.0,336.0,774.0,1096,illiquid
GENC,2003-07-15,2023-12-28,5151,5,292769.99831199646,86.0,0.0,86.0,86,illiquid
CIA,1980-12-04,2023-12-28,10858,7,120410.99877357484,273.0,119.0,154.0,249,illiquid
PRFZ,2006-09-18,2023-12-28,4350,5,3417382.9025268555,159.0,0.0,159.0,159,illiquid
UGP,1999-10-07,2023-12-28,6096,7,4175681.881415844,799.0,218.0,581.0,791,illiquid
FTAG,2010-03-31,2023-12-28,3461,5,50566.49980545044,40.0,0.0,40.0,40,illiquid
GLIN,2010-08-25,2023-12-28,3359,5,229041.0026550293,29.0,0.0,29.0,29,illiquid
DMF,1988-10-24,2023-12-28,8864,7,289949.0029335022,207.0,58.0,149.0,207,illiquid
PRA,1991-09-04,2023-12-28,8141,7,4456078.488826752,445.0,0.0,445.0,445,illiquid
DMLP,2003-02-03,2023-12-28,5263,5,2217579.4529914856,411.0,157.0,254.0,407,illiquid
DMO,2010-02-24,2023-12-28,3486,5,414742.4983978272,153.0,42.0,111.0,153,illiquid
FTA,2007-05-24,2023-12-28,4179,5,3892011.930084229,299.0,51.0,248.0,299,illiquid
DMRC,1999-12-02,2023-12-28,6057,7,2131281.555175781,574.0,250.0,324.0,569,illiquid
BBH,1999-11-23,2023-12-28,6063,7,940341.983795166,1056.0,353.0,703.0,1019,illiquid
BBGI,2000-02-11,2023-12-28,6008,7,18877.00000405312,469.0,208.0,261.0,461,illiquid
PPT,1988-02-19,2023-12-28,9036,7,629341.0026311874,246.0,58.0,188.0,245,illiquid
KTCC,1983-06-22,2023-12-28,10214,7,85194.99673843384,430.0,195.0,235.0,422,illiquid
KTF,1988-10-24,2023-12-28,8864,7,536464.0118598938,103.0,26.0,77.0,103,illiquid
FTC,2007-05-11,2023-12-28,4188,5,2886995.519638061,349.0,48.0,301.0,348,illiquid
KTH,2001-02-12,2023-12-28,5756,7,17775.0,7.0,0.0,7.0,7,illiquid
CIVB,1994-04-06,2023-12-28,7486,7,425567.0044898987,188.0,0.0,188.0,188,illiquid
DLS,2006-06-16,2023-12-28,4414,5,2615312.0346069336,166.0,57.0,109.0,164,illiquid
DJP,2006-10-30,2023-12-28,4320,5,2542324.442672729,165.0,58.0,107.0,156,illiquid
FTEK,1993-09-07,2023-12-28,7633,7,58521.000945568085,812.0,352.0,460.0,794,illiquid
UG,1980-03-17,2023-12-28,11040,7,43093.50028038025,261.0,121.0,140.0,257,illiquid
UGA,2008-02-28,2023-12-28,3987,5,1475711.0347747805,125.0,0.0,125.0,107,illiquid
KRMD,1994-04-05,2023-12-28,7487,7,142884.50524806976,35.0,0.0,35.0,35,illiquid
BBN,2010-08-30,2023-12-28,3356,5,3183273.042869568,71.0,0.0,71.0,71,illiquid
PRPH,1994-04-04,2023-12-28,7488,7,240324.00379180908,411.0,163.0,248.0,411,illiquid
PROV,1996-06-28,2023-12-28,6922,7,46772.000217437744,543.0,223.0,320.0,533,illiquid
DLA,2000-07-03,2023-12-28,5910,7,209557.00237751007,860.0,274.0,586.0,841,illiquid
DLHC,1986-05-29,2023-12-28,9473,7,230971.9973564148,350.0,131.0,219.0,350,illiquid
UGE,2007-02-01,2023-12-28,4257,5,40326.9980430603,106.0,32.0,74.0,103,illiquid
KRO,2003-12-09,2023-12-28,5048,5,1615947.4520683289,924.0,0.0,924.0,924,illiquid
DLPN,2006-11-02,2023-12-28,4317,5,49754.99886274338,40.0,0.0,40.0,40,illiquid
CIX,1998-03-06,2023-12-28,6498,5,116587.5,248.0,73.0,175.0,248,illiquid
PRK,1990-08-31,2023-12-28,8395,7,4340961.101531982,441.0,147.0,294.0,423,illiquid
DLX,1980-03-17,2023-12-28,11040,7,3369786.42911911,1025.0,408.0,617.0,1001,illiquid
KTN,2003-12-04,2023-12-28,5051,5,21648.00033569336,11.0,2.0,9.0,11,illiquid
BBDC,2007-02-22,2023-12-28,4243,5,3549463.9823913574,111.0,0.0,111.0,111,illiquid
refr,1986-07-08,2023-12-28,9446,7,32014.999824762344,0.0,0.0,0.0,0,illiquid
KYN,2004-09-28,2023-12-28,4847,5,3698832.406759262,1123.0,489.0,634.0,1103,illiquid
PNF,2001-06-27,2023-12-28,5662,7,91500.99909305573,180.0,54.0,126.0,180,illiquid
PMX,2002-10-29,2023-12-28,5328,5,737332.5239658356,186.0,55.0,131.0,185,illiquid
KZIA,1999-01-06,2023-12-28,6286,7,30848.999401926994,36.0,0.0,36.0,36,illiquid
PMO,1993-05-24,2023-12-28,7706,7,893913.0103111267,671.0,290.0,381.0,647,illiquid
PMM,1989-02-17,2023-12-28,8783,7,705769.0125703812,165.0,59.0,106.0,165,illiquid
PML,2002-06-26,2023-12-28,5415,5,1566465.983247757,213.0,54.0,159.0,213,illiquid
PTMN,2006-12-12,2023-12-28,4290,5,377120.9921836853,94.0,0.0,94.0,94,illiquid
SUNW,2010-03-10,2023-12-28,3476,5,921272.0013201236,119.0,0.0,119.0,119,illiquid
UONEK,2000-06-07,2023-12-28,5928,7,111376.002907753,26.0,0.0,26.0,26,illiquid
FSP,2005-06-02,2023-12-28,4676,5,1193897.4669575691,598.0,271.0,327.0,592,illiquid
JHI,1980-03-17,2023-12-28,11040,7,213999.99771118164,508.0,254.0,254.0,508,illiquid
PLX,1998-05-15,2023-12-28,6448,7,1252492.4998164177,1126.0,485.0,641.0,1098,illiquid
UPV,2010-05-07,2023-12-28,3435,5,16401.000022888184,44.0,16.0,28.0,42,illiquid
UPW,2007-02-01,2023-12-28,4257,5,55307.00149536133,109.0,11.0,98.0,106,illiquid
PNI,2002-06-26,2023-12-28,5415,5,179458.5018634796,181.0,54.0,127.0,181,illiquid
UNTY,1997-01-14,2023-12-28,6785,7,384779.50134277344,325.0,116.0,209.0,321,illiquid
PNNT,2007-04-19,2023-12-28,4204,5,1902995.0200080872,1362.0,604.0,758.0,1344,illiquid
KXI,2006-09-22,2023-12-28,4346,5,3679885.950279236,269.0,76.0,193.0,267,illiquid
FT,1988-09-26,2023-12-28,8884,7,243849.00512695312,430.0,161.0,269.0,380,illiquid
ULE,2008-11-25,2023-12-28,3798,5,130839.99547958374,40.0,0.0,40.0,35,illiquid
GPRK,2010-10-15,2023-12-28,3323,5,1856696.0149765012,772.0,270.0,502.0,772,illiquid
DNL,2006-06-16,2023-12-28,4414,5,2069345.9867477417,101.0,33.0,68.0,97,illiquid
BTO,1994-08-16,2023-12-28,7395,7,1581220.0106620789,108.0,0.0,108.0,107,illiquid
FSTR,1981-06-09,2023-12-28,10730,7,261952.5075912476,1248.0,472.0,776.0,1234,illiquid
DNP,1987-01-21,2023-12-28,9309,7,4989594.855976105,202.0,54.0,148.0,201,illiquid
CHY,2003-05-29,2023-12-28,5183,5,1727834.043884277,330.0,138.0,192.0,325,illiquid
BBAR,1993-11-24,2023-12-28,7577,7,3017802.9019355774,67.0,0.0,67.0,67,illiquid
CII,2004-05-26,2023-12-28,4932,5,1260008.0001831057,195.0,94.0,101.0,193,illiquid
SUP,1980-03-17,2023-12-28,11040,7,200904.99682426453,1666.0,629.0,1037.0,1632,illiquid
teo,1994-12-09,2023-12-28,7314,7,534530.9851169586,0.0,0.0,0.0,0,illiquid
GEL,1996-11-27,2023-12-28,6816,7,3742258.519172669,1646.0,655.0,991.0,1623,illiquid
POAI,2010-05-03,2023-12-28,3439,5,129863.9983177185,24.0,0.0,24.0,24,illiquid
UNB,1999-08-09,2023-12-28,6138,7,110208.00304412842,256.0,109.0,147.0,254,illiquid
CIG-C,2007-06-12,2023-12-28,4167,5,132766.779774189,6919.0,0.0,6919.0,6919,illiquid
UMDD,2010-02-11,2023-12-28,3494,5,242967.50164031985,49.0,21.0,28.0,49,illiquid
DHC,2000-02-23,2023-12-28,6001,7,3032910.0046634674,350.0,0.0,350.0,349,illiquid
TTNP,1996-01-18,2023-12-28,7035,7,11332.500013709068,54.0,0.0,54.0,54,illiquid
DGZ,2008-02-29,2023-12-28,3986,5,3581.4999580383296,140.0,57.0,83.0,138,illiquid
ROM,2007-02-01,2023-12-28,4257,5,2894566.422176361,24.0,0.0,24.0,21,illiquid
ACU,1980-03-17,2023-12-28,11040,7,176248.00367355347,560.0,248.0,312.0,548,illiquid
TAYD,1980-11-05,2023-12-28,10878,7,156206.9974899292,188.0,89.0,99.0,186,illiquid
BLIN,2007-06-29,2023-12-28,4154,5,32974.499452114105,849.0,372.0,477.0,849,illiquid
TATT,1987-03-31,2023-12-28,9261,7,25039.99915122986,39.0,0.0,39.0,39,illiquid
GCV,1995-03-31,2023-12-28,7237,7,99423.50022792816,61.0,23.0,38.0,61,illiquid
BLE,2002-07-30,2023-12-28,5392,5,1032449.4920730592,156.0,44.0,112.0,156,illiquid
GAB,1986-08-14,2023-12-28,9419,7,2325841.979455948,466.0,188.0,278.0,465,illiquid
CNTY,1993-11-10,2023-12-28,7587,7,404988.0012273789,1011.0,405.0,606.0,987,illiquid
BKYI,1997-02-21,2023-12-28,6758,7,10436.399990081787,22.0,0.0,22.0,22,illiquid
TMP,1986-06-02,2023-12-28,9471,7,2339363.0432128906,471.0,176.0,295.0,467,illiquid
TAST,2006-12-15,2023-12-28,4287,5,2575768.4290647507,1807.0,579.0,1228.0,1803,illiquid
BKTI,1980-03-18,2023-12-28,11039,7,83530.00164031982,25.0,0.0,25.0,25,illiquid
CTBI,1987-12-29,2023-12-28,9073,5,1692160.947418213,682.0,269.0,413.0,673,illiquid
BKT,1988-07-22,2023-12-28,8929,7,612082.4948787689,188.0,41.0,147.0,188,illiquid
CTG,1980-03-25,2023-12-22,11031,7,188861.1186504364,500.0,250.0,250.0,500,illiquid
CTHR,1997-11-14,2023-12-28,6572,7,45259.49965119362,394.0,178.0,216.0,387,illiquid
CSPI,1982-01-29,2023-12-28,10567,7,132662.0011329651,384.0,171.0,213.0,380,illiquid
BKSC,1986-10-23,2023-12-28,9370,7,46877.49977111816,284.0,125.0,159.0,282,illiquid
CODI,2006-05-18,2023-12-28,4434,5,2994022.574901581,2293.0,579.0,1714.0,2252,illiquid
CSM,2009-07-14,2023-12-28,3641,5,418635.50186157227,107.0,29.0,78.0,104,illiquid
GALT,2002-09-04,2023-12-28,5367,5,84214.00020122528,1363.0,637.0,726.0,1363,illiquid
BME,2005-03-29,2023-12-28,4722,5,1214662.523269653,135.0,41.0,94.0,135,illiquid
rnp,2003-06-25,2023-12-28,5164,5,2289515.5002593994,0.0,0.0,0.0,0,illiquid
GNSS,1994-04-04,2023-12-28,7488,7,106731.00170493126,67.0,0.0,67.0,67,illiquid
JSM,2003-12-30,2023-12-28,5034,5,234955.00965118408,6.0,3.0,3.0,6,illiquid
CRWS,2003-10-07,2023-12-28,5092,5,56134.99975204468,590.0,261.0,329.0,590,illiquid
RQI,2002-02-26,2023-12-28,5499,5,4096964.0776634216,211.0,53.0,158.0,210,illiquid
TIPT,2010-10-15,2023-12-28,3323,5,848455.5064201355,324.0,131.0,193.0,324,illiquid
BMA,2006-03-27,2023-12-28,4471,5,4929730.506038666,1354.0,500.0,854.0,1324,illiquid
TISI,1980-10-07,2023-12-28,10898,7,103423.99597167967,817.0,348.0,469.0,797,illiquid
CSBR,2007-02-02,2023-12-28,4256,5,38932.999086380005,63.0,0.0,63.0,63,illiquid
BLX,1992-09-24,2023-12-28,7873,7,1793955.0092697144,492.0,155.0,337.0,487,illiquid
BLW,2003-07-29,2023-12-28,5141,5,943240.9874916075,245.0,105.0,140.0,243,illiquid
TK,1995-07-20,2023-12-28,7161,7,3815022.063159943,191.0,0.0,191.0,190,illiquid
GAIN,2005-06-23,2023-12-28,4661,5,1395019.9924468994,1629.0,715.0,914.0,1619,illiquid
TKC,2000-07-11,2023-12-28,5905,7,1478180.014371872,969.0,398.0,571.0,933,illiquid
BRT,1973-05-03,2023-12-28,12777,5,772906.5127372742,585.0,222.0,363.0,577,illiquid
GAIA,1999-10-29,2023-12-28,6080,7,71828.99914979935,662.0,295.0,367.0,656,illiquid
CRT,1992-02-28,2023-12-28,8019,7,777379.9983978274,389.0,121.0,268.0,382,illiquid
BKN,1993-02-19,2023-12-28,7771,7,637797.9965686798,96.0,20.0,76.0,96,illiquid
RMT,1993-12-15,2023-12-28,7563,7,891553.9926528931,21.0,0.0,21.0,21,illiquid
GDL,2007-04-23,2023-12-28,4202,5,111930.49931526184,231.0,97.0,134.0,225,illiquid
BJK,2008-01-24,2023-12-28,4011,5,297998.4952926636,979.0,374.0,605.0,964,illiquid
CULP,1983-08-30,2023-12-28,10166,7,60139.99991416931,90.0,0.0,90.0,90,illiquid
GOEX,2010-11-04,2023-12-28,3309,5,87703.49969863892,23.0,0.0,23.0,23,illiquid
FXY,2007-02-13,2023-12-28,4249,5,4257655.081939697,2933.0,1335.0,1598.0,2741,illiquid
CUT,2007-11-09,2023-12-28,4061,5,96375.0,418.0,134.0,284.0,396,illiquid
JLS,2009-11-27,2023-12-28,3545,5,147835.50100326538,0.0,0.0,0.0,0,illiquid
BIS,2010-04-09,2023-12-28,3455,5,82724.00226593018,173.0,57.0,116.0,167,illiquid
CVCY,1999-03-08,2023-12-28,6245,7,427915.00635147095,548.0,193.0,355.0,548,illiquid
RIGL,2000-11-29,2023-12-28,5806,7,1804477.543473244,1373.0,626.0,747.0,1353,illiquid
CNET,2009-08-14,2023-12-28,3618,5,30282.001012563705,626.0,292.0,334.0,626,illiquid
KBWD,2010-12-02,2023-12-28,3290,5,1314018.9889907837,109.0,51.0,58.0,109,illiquid
RICK,1995-10-13,2023-12-28,7101,7,3296821.947860718,1082.0,492.0,590.0,1032,illiquid
RIBT,2003-10-01,2023-12-28,5096,5,18267.4998447299,396.0,186.0,210.0,396,illiquid
BIOL,1992-11-12,2023-12-28,7838,7,262841.0,662.0,305.0,357.0,662,illiquid
KBWP,2010-12-22,2023-12-28,3276,5,959279.9819946288,393.0,77.0,316.0,393,illiquid
TPZ,2009-07-29,2023-12-28,3630,5,151680.0018310547,56.0,0.0,56.0,55,illiquid
BKCC,2007-06-27,2023-12-28,4156,5,575691.4844989777,920.0,397.0,523.0,878,illiquid
RMTI,1998-01-27,2023-12-28,6524,7,491478.9985060693,1447.0,636.0,811.0,1441,illiquid
TPC,1973-05-03,2023-12-28,12776,7,1847212.485933304,1394.0,633.0,761.0,1364,illiquid
BSBR,2009-10-07,2023-12-28,3581,5,3586073.6186265945,1200.0,472.0,728.0,1166,illiquid
KAMN,1980-03-17,2023-12-28,11040,7,2300688.014984131,7.0,0.0,7.0,7,illiquid
TARO,1982-09-14,2023-12-28,10410,7,753366.019821167,712.0,279.0,433.0,712,illiquid
CTO,1980-03-17,2023-12-28,11040,7,1984574.0374565125,777.0,317.0,460.0,761,illiquid
FYX,2007-05-10,2023-12-28,4189,5,2306764.484024048,93.0,0.0,93.0,93,illiquid
TOK,2007-12-12,2023-12-28,4039,5,100544.00329589844,22.0,0.0,22.0,22,illiquid
rushb,1996-06-07,2023-12-28,6937,7,714753.0006408691,0.0,0.0,0.0,0,illiquid
CNSL,2005-07-22,2023-12-28,4641,5,1484051.5074253082,1181.0,521.0,660.0,1159,illiquid
RMCF,1986-02-11,2023-12-28,9547,7,42292.498898506165,482.0,213.0,269.0,468,illiquid
vuzi,2010-04-05,2023-12-28,3459,5,2456492.973744869,0.0,0.0,0.0,0,illiquid
CTRN,2005-05-18,2023-12-28,4686,5,2047304.9940109253,786.0,0.0,786.0,783,illiquid
CTSO,2006-08-08,2023-12-28,4378,5,167749.99991059303,634.0,277.0,357.0,634,illiquid
TOPS,2004-08-02,2023-12-28,4887,5,349145.32393169403,1241.0,575.0,666.0,1231,illiquid
JMM,1988-12-28,2023-12-28,8819,7,21854.00009155273,100.0,50.0,50.0,100,illiquid
TAOP,2006-09-22,2023-12-28,4346,5,35624.00093078613,24.0,0.0,24.0,24,illiquid
BKF,2007-11-20,2023-12-28,4054,5,213534.00421142575,145.0,59.0,86.0,139,illiquid
RLGT,2006-11-01,2023-12-28,4318,5,740162.9922151566,885.0,376.0,509.0,885,illiquid
CNOB,1994-04-04,2023-12-28,7488,7,2983458.078289032,541.0,189.0,352.0,541,illiquid
CUBA,1994-05-20,2023-12-28,7455,7,68490.50124883652,548.0,266.0,282.0,546,illiquid
TAIT,1995-04-19,2023-12-28,7225,7,29464.99960422516,240.0,103.0,137.0,240,illiquid
RSSS,2010-11-15,2023-12-28,3302,5,28291.499936580654,25.0,0.0,25.0,25,illiquid
GAM,1980-03-17,2023-12-28,11040,7,769694.0292358398,348.0,141.0,207.0,334,illiquid
GBLI,2003-12-16,2023-12-28,5043,5,74393.99833679199,559.0,213.0,346.0,555,illiquid
pbi,1972-06-01,2023-12-28,13006,7,4268800.462639332,0.0,0.0,0.0,0,illiquid
BOTJ,2000-08-10,2023-12-28,5883,7,26900.00033378601,164.0,64.0,100.0,164,illiquid
TCBK,1993-04-20,2023-12-28,7730,7,2770154.40864563,618.0,217.0,401.0,616,illiquid
TENX,1994-04-04,2023-12-28,7488,7,174624.49967861173,455.0,210.0,245.0,455,illiquid
BOSC,1996-04-02,2023-12-28,6983,7,28560.50007343292,514.0,236.0,278.0,506,illiquid
BRN,1973-02-21,2023-12-28,12826,7,46238.49973678589,30.0,0.0,30.0,30,illiquid
JOB,1980-03-17,2023-12-28,11040,7,119992.5012588501,210.0,105.0,105.0,206,illiquid
CPHI,2002-04-17,2023-12-28,5464,5,83084.5016476512,210.0,95.0,115.0,202,illiquid
pbhc,1995-11-16,2023-12-28,7077,7,12347.999811172484,0.0,0.0,0.0,0,illiquid
CPIX,2009-08-11,2023-12-28,3621,5,18895.50052881241,386.0,181.0,205.0,364,illiquid
GBF,2007-01-11,2023-12-28,4271,5,766676.9920349121,152.0,70.0,82.0,152,illiquid
CPLP,2007-03-30,2023-12-28,4217,5,413727.9890060425,140.0,0.0,140.0,140,illiquid
INDY,2009-11-20,2023-12-28,3549,5,2532395.048904419,3074.0,1439.0,1635.0,3058,illiquid
RZV,2006-03-07,2023-12-28,4485,5,817270.5146789551,176.0,0.0,176.0,175,illiquid
RZG,2006-03-07,2023-12-28,4485,5,121827.0004272461,225.0,43.0,182.0,222,illiquid
BOE,2005-05-26,2023-12-28,4680,5,1296725.0460624697,220.0,0.0,220.0,213,illiquid
INFU,2007-12-27,2023-12-28,4029,5,367212.0090484619,260.0,126.0,134.0,260,illiquid
TGB,1992-03-25,2023-12-28,8000,7,1157471.4982390404,91.0,0.0,91.0,84,illiquid
GBR,1993-03-25,2023-12-28,7747,7,14041.500145196916,622.0,294.0,328.0,612,illiquid
JOUT,1987-10-09,2023-12-28,9127,7,1960085.5253219604,820.0,410.0,410.0,816,illiquid
CORR,2007-02-02,2023-12-28,4256,5,42094.61733189225,806.0,403.0,403.0,806,illiquid
BRID,1980-03-17,2023-12-28,11040,7,37035.49966812134,158.0,72.0,86.0,152,illiquid
INSG,2000-11-16,2023-12-28,5814,7,380191.9915020466,98.0,0.0,98.0,98,illiquid
JPC,2003-03-31,2023-12-28,5224,5,2266172.5558519363,382.0,191.0,191.0,382,illiquid
BRF,2009-05-14,2023-12-28,3682,5,107416.49975776672,1355.0,619.0,736.0,1176,illiquid
GCBC,1999-06-30,2023-12-28,6165,7,318581.99253082275,251.0,84.0,167.0,251,illiquid
INSI,1980-03-17,2023-12-28,11040,7,201720.00045776367,8.0,0.0,8.0,8,illiquid
CONN,2003-11-25,2023-12-28,5057,5,709916.0135984421,2294.0,691.0,1603.0,2294,illiquid
TCX,1996-04-30,2023-12-28,6964,7,1209558.535861969,668.0,274.0,394.0,648,illiquid
GMF,2007-03-23,2023-12-28,4222,5,764533.0020904541,146.0,52.0,94.0,144,illiquid
INOD,1993-08-10,2023-12-28,7652,7,2857207.5505256653,301.0,126.0,175.0,295,illiquid
INO,1998-12-08,2023-12-28,6305,7,2974298.902603984,4750.0,1770.0,2980.0,4742,illiquid
TDF,1994-09-21,2023-12-28,7370,7,501675.5140304565,16.0,0.0,16.0,16,illiquid
BPTH,2008-03-04,2023-12-28,3984,5,44566.999262571335,992.0,468.0,524.0,990,illiquid
BPT,1989-05-23,2023-12-28,8718,7,1349530.4958820343,912.0,315.0,597.0,882,illiquid
wsbf,2005-10-05,2023-12-28,4589,5,898464.0063285828,0.0,0.0,0.0,0,illiquid
TCCO,1983-09-16,2023-12-28,10154,7,97.00000286102296,447.0,215.0,232.0,445,illiquid
JOF,1990-03-14,2023-12-28,8514,7,211550.49703121185,82.0,41.0,41.0,82,illiquid
COFS,2001-06-21,2023-12-28,5667,6,238989.00184631348,26.0,0.0,26.0,26,illiquid
CPSH,1994-04-05,2023-12-28,7487,7,61840.00134468079,22.0,0.0,22.0,22,illiquid
CPSI,2002-05-21,2023-12-28,5440,5,2145024.9752521515,1134.0,468.0,666.0,1114,illiquid
RVT,1986-11-19,2023-12-28,9351,7,3049726.4807224274,471.0,203.0,268.0,463,illiquid
RVP,2001-05-04,2023-12-28,5699,7,57720.99978923797,207.0,86.0,121.0,201,illiquid
CRESY,1997-03-19,2023-12-28,6740,7,925792.0032978058,447.0,180.0,267.0,433,illiquid
CREX,2006-11-27,2023-12-28,4301,5,56352.00133323669,33.0,0.0,33.0,33,illiquid
JPXN,2001-10-26,2023-12-28,5581,5,483458.99963378906,0.0,0.0,0.0,0,illiquid
THM,2007-05-01,2023-12-28,4196,5,31850.000575184826,246.0,101.0,145.0,230,illiquid
THMO,1987-06-05,2023-12-28,9215,7,58044.00053024292,63.0,0.0,63.0,63,illiquid
CRIS,2000-08-01,2023-12-28,5890,7,202982.00258612636,1102.0,459.0,643.0,1083,illiquid
CRMD,2010-05-13,2023-12-28,3431,5,1548456.514275074,685.0,339.0,346.0,685,illiquid
JQC,2003-06-26,2023-12-28,5163,5,2275171.542835236,48.0,24.0,24.0,48,illiquid
CRNT,2000-08-04,2023-12-28,5887,7,373004.49970960617,1141.0,474.0,667.0,1079,illiquid
TBNK,2009-07-13,2023-12-28,3642,5,267759.0079307556,440.0,176.0,264.0,440,illiquid
BMRC,1999-12-23,2023-12-28,6042,7,1313195.0187683103,643.0,232.0,411.0,627,illiquid
BMRA,1984-09-07,2023-12-28,9907,7,40911.49929761887,49.0,0.0,49.0,49,illiquid
THTX,2009-02-13,2023-12-28,3744,5,54578.49948108196,21.0,0.0,21.0,21,illiquid
RTH,2001-05-17,2023-12-28,5690,7,510719.9951171875,3278.0,1295.0,1983.0,3152,illiquid
JRS,2001-11-19,2023-12-28,5565,5,552645.4931020737,44.0,22.0,22.0,42,illiquid
THD,2008-04-01,2023-12-28,3965,5,4504989.57862854,86.0,0.0,86.0,79,illiquid
BNY,2001-07-27,2023-12-28,5641,7,441427.4989128113,317.0,129.0,188.0,307,illiquid
GASS,2005-10-06,2023-12-28,4588,5,717861.002278328,100.0,0.0,100.0,100,illiquid
GAU,2008-01-02,2023-12-28,4026,5,118440.9992992878,27.0,0.0,27.0,27,illiquid
pbd,2007-06-13,2023-12-28,4166,5,379026.9903182984,0.0,0.0,0.0,0,illiquid
CPSS,1992-10-22,2023-12-28,7853,7,265514.4926071167,487.0,205.0,282.0,484,illiquid
GCI,1985-07-01,2023-12-28,9702,7,1881526.0095357893,4301.0,1797.0,2504.0,4067,illiquid
TGS,1994-11-17,2023-12-28,7329,7,1986500.977420807,484.0,173.0,311.0,479,illiquid
GBAB,2010-10-28,2023-12-28,3314,5,900994.52791214,352.0,137.0,215.0,348,illiquid
pays,2007-10-10,2023-12-28,4083,5,270754.5046448708,0.0,0.0,0.0,0,illiquid
RXL,2007-02-01,2023-12-28,4257,5,154303.4999847412,166.0,56.0,110.0,162,illiquid
RXD,2007-02-01,2023-12-28,4257,5,33883.000469207764,132.0,58.0,74.0,130,illiquid
RWX,2006-12-19,2023-12-28,4285,5,1891592.0120239255,223.0,75.0,148.0,220,illiquid
CQQQ,2010-01-22,2023-12-28,3508,5,4554158.947563171,252.0,0.0,252.0,247,illiquid
INBK,2006-04-05,2023-12-28,4464,5,845360.4739189148,467.0,152.0,315.0,467,illiquid
RWO,2008-05-22,2023-12-28,3928,5,3812183.064651489,189.0,52.0,137.0,188,illiquid
retl,2010-07-14,2023-12-28,3389,5,2929572.0205783844,0.0,0.0,0.0,0,illiquid
CRAI,1998-04-24,2023-12-28,6463,7,3223919.456100464,1548.0,511.0,1037.0,1512,illiquid
ACNB,1994-04-04,2023-12-28,7488,7,345842.49420166016,193.0,58.0,135.0,193,illiquid
RWK,2008-03-07,2023-12-28,3981,5,1952866.0354614255,134.0,28.0,106.0,132,illiquid
wstl,1995-12-01,2023-12-28,7054,7,3827.5200719833374,0.0,0.0,0.0,0,illiquid
COHN,2004-03-17,2023-12-28,4981,5,34563.00001144409,24.0,0.0,24.0,24,illiquid
CVGW,2002-07-22,2023-12-28,5398,5,3613164.04247284,1388.0,538.0,850.0,1361,illiquid
TR,1980-03-17,2023-12-28,11040,7,4067849.9084472656,621.0,233.0,388.0,594,illiquid
RGS,1991-06-21,2023-12-28,8192,7,149681.0028886795,1002.0,467.0,535.0,954,illiquid
GLU,2004-05-26,2023-12-28,4932,5,200715.00277519223,185.0,58.0,127.0,183,illiquid
QNST,2010-02-11,2023-12-28,3494,5,3825720.5263137817,187.0,0.0,187.0,185,illiquid
QMCO,1999-08-02,2023-12-28,6143,7,152330.50245195627,48.0,0.0,48.0,48,illiquid
CLWT,1997-03-14,2023-12-28,6744,6,8086.000293493271,404.0,193.0,211.0,396,illiquid
FUSB,1999-01-11,2023-12-28,6283,7,18887.00008392334,52.0,0.0,52.0,52,illiquid
BELFA,1983-12-06,2023-12-28,10098,7,162417.99697875977,309.0,133.0,176.0,299,illiquid
FUND,1988-06-08,2023-12-28,8960,7,204757.99596309665,248.0,110.0,138.0,240,illiquid
CLW,2008-12-05,2023-12-28,3791,5,3225744.1528320312,1173.0,450.0,723.0,1147,illiquid
vpv,1993-06-10,2023-12-28,7694,7,305156.5041065216,0.0,0.0,0.0,0,illiquid
BSL,2010-05-26,2023-12-28,3422,5,497944.0167427063,191.0,58.0,133.0,189,illiquid
FUNC,1992-09-03,2023-12-28,7887,7,104933.9982032776,255.0,103.0,152.0,249,illiquid
swbi,1999-08-17,2023-12-28,6132,7,4951717.589378357,0.0,0.0,0.0,0,illiquid
GLTR,2010-10-22,2023-12-28,3318,5,2745335.5545043945,1132.0,538.0,594.0,1076,illiquid
TUP,1996-05-08,2023-12-28,6958,7,2995698.4929680824,2768.0,1123.0,1645.0,2686,illiquid
DES,2006-06-16,2023-12-28,4414,5,3910672.076416016,357.0,0.0,357.0,351,illiquid
TURN,1983-03-16,2023-12-28,10282,7,38020.49880027771,21.0,0.0,21.0,21,illiquid
GLT,1980-03-17,2023-12-28,11040,7,933129.9834251404,941.0,381.0,560.0,927,illiquid
TTI,1990-04-03,2023-12-28,8500,7,4938956.042587757,194.0,0.0,194.0,193,illiquid
TVC,1998-10-14,2023-12-28,6343,7,295164.9969100952,9.0,0.0,9.0,9,illiquid
QQQX,2007-02-01,2023-12-28,4257,5,2585651.0434150696,169.0,47.0,122.0,169,illiquid
DCO,1973-05-03,2023-12-28,12776,7,2969574.01676178,1094.0,442.0,652.0,1090,illiquid
SYPR,1994-05-18,2023-12-28,7457,7,23918.50017309189,368.0,169.0,199.0,360,illiquid
BFZ,2001-07-27,2023-12-28,5641,7,733115.0000572205,297.0,132.0,165.0,297,illiquid
TSI,1987-02-26,2023-12-28,9284,7,380838.5062217712,135.0,55.0,80.0,134,illiquid
rell,1983-10-28,2023-12-28,10124,7,1960922.503948212,0.0,0.0,0.0,0,illiquid
DBE,2007-01-05,2023-12-28,4275,5,601054.9945831299,1627.0,792.0,835.0,1623,illiquid
BFS,1993-08-19,2023-12-28,7645,7,1245770.9461212158,582.0,208.0,374.0,537,illiquid
CMCT,1993-12-17,2023-12-28,7561,7,40944.000256061554,140.0,49.0,91.0,140,illiquid
BFK,2001-07-27,2023-12-28,5641,7,1143687.960243225,648.0,306.0,342.0,647,illiquid
QUIK,1999-10-18,2023-12-28,6089,7,190731.0023546219,945.0,378.0,567.0,941,illiquid
QUAD,2010-07-06,2023-12-28,3395,5,613325.9821653366,1083.0,470.0,613.0,1082,illiquid
DBP,2007-01-05,2023-12-28,4275,5,508795.0107574463,136.0,57.0,79.0,132,illiquid
KINS,1999-10-26,2023-12-28,6083,7,18874.49972629547,632.0,260.0,372.0,626,illiquid
CMCO,1996-02-23,2023-12-28,7010,7,3045640.953636169,986.0,369.0,617.0,980,illiquid
BFIN,2005-06-28,2023-12-28,4658,5,91740.00096321106,452.0,170.0,282.0,452,illiquid
BFC,2000-01-03,2023-12-28,6013,7,1409185.0234985352,83.0,0.0,83.0,83,illiquid
CMCL,1984-11-19,2023-12-28,9856,7,602174.9832630157,39.0,0.0,39.0,39,illiquid
QRHC,2010-01-05,2023-12-28,3520,5,189219.9993610382,408.0,160.0,248.0,408,illiquid
QQXT,2007-05-07,2023-12-28,4192,5,661203.003692627,290.0,71.0,219.0,290,illiquid
RAND,1980-03-17,2023-12-28,11040,7,4040.999937057495,332.0,137.0,195.0,328,illiquid
TVE,1999-05-19,2023-12-28,6194,7,261057.49769210815,15.0,0.0,15.0,15,illiquid
SWZ,1987-08-19,2023-12-28,9163,7,114450.49810409546,359.0,162.0,197.0,358,illiquid
DGICB,1986-10-29,2023-12-28,9366,7,7197.499990463257,201.0,81.0,120.0,201,illiquid
PWFL,1999-06-30,2023-12-28,6165,7,172922.99708127975,71.0,0.0,71.0,71,illiquid
BDJ,2005-08-30,2023-12-28,4614,5,3677937.541818619,41.0,0.0,41.0,41,illiquid
TY,1980-03-17,2023-12-28,11040,7,1271592.008972168,156.0,29.0,127.0,152,illiquid
PW,1973-02-21,2023-12-28,12826,7,25364.99915421009,152.0,67.0,85.0,149,illiquid
PVI,2007-11-15,2023-12-28,4057,5,147293.4952735901,137.0,51.0,86.0,135,illiquid
TYG,2004-02-25,2023-12-28,4996,5,1010355.9923171996,701.0,319.0,382.0,690,illiquid
DGLY,2007-05-16,2023-12-28,4185,5,47496.99939727783,2185.0,1033.0,1152.0,2169,illiquid
DGP,2008-02-28,2023-12-28,3987,5,142585.50148010254,156.0,59.0,97.0,151,illiquid
ACOR,2006-02-10,2023-12-28,4501,5,91775.9979248047,3224.0,1383.0,1841.0,3138,illiquid
FTRI,2010-03-31,2023-12-28,3461,5,1258931.9612503052,7.0,0.0,7.0,7,illiquid
TYO,2009-04-16,2023-12-28,3702,5,573239.9859905243,157.0,57.0,100.0,155,illiquid
DGT,2000-10-02,2023-12-28,5847,7,679617.4961090088,134.0,56.0,78.0,133,illiquid
TZOO,2002-08-28,2023-12-28,5371,5,741115.0008201599,1523.0,653.0,870.0,1481,illiquid
JHX,2000-01-03,2023-12-28,6036,7,1121450.9815216064,590.0,295.0,295.0,562,illiquid
BCV,1980-03-17,2023-12-28,11040,7,238266.99180603027,147.0,59.0,88.0,147,illiquid
BSRR,1994-04-18,2023-12-28,7478,7,483302.4850845337,586.0,213.0,373.0,580,illiquid
DGICA,2003-07-03,2023-12-28,5158,5,429945.4986095429,592.0,254.0,338.0,588,illiquid
DFE,2006-06-16,2023-12-28,4414,5,639134.0019226074,371.0,148.0,223.0,364,illiquid
PWV,2005-03-03,2023-12-28,4739,5,1265022.4981307983,333.0,69.0,264.0,328,illiquid
TXMD,2007-05-09,2023-12-28,4190,5,78915.99750518799,1626.0,723.0,903.0,1626,illiquid
QCRH,1993-10-06,2023-12-28,7612,7,2596665.535736084,131.0,0.0,131.0,131,illiquid
DFJ,2006-06-16,2023-12-28,4414,5,703556.0203552246,1019.0,473.0,546.0,999,illiquid
KNDI,2007-09-04,2023-12-28,4109,5,403274.5129346848,2110.0,942.0,1168.0,2098,illiquid
QAI,2009-03-25,2023-12-28,3717,5,2107575.03490448,317.0,127.0,190.0,300,illiquid
TWI,1993-05-20,2023-12-28,7708,7,4138943.522548676,396.0,0.0,396.0,396,illiquid
QABA,2009-07-01,2023-12-28,3649,5,691471.5257644653,266.0,0.0,266.0,263,illiquid
GLQ,2005-04-27,2023-12-28,4701,5,425011.9974851608,158.0,42.0,116.0,158,illiquid
TWN,1986-12-16,2023-12-28,9333,7,226427.99978256223,59.0,26.0,33.0,55,illiquid
CLRB,2005-11-10,2023-12-28,4563,5,71941.00087881088,1046.0,492.0,554.0,1046,illiquid
PZC,2002-10-29,2023-12-28,5328,5,314572.4992752075,213.0,55.0,158.0,213,illiquid
PYN,2002-10-29,2023-12-28,5328,5,63731.50150775909,70.0,0.0,70.0,70,illiquid
SWKH,1999-09-23,2023-12-28,6106,7,100250.50296783449,7.0,0.0,7.0,7,illiquid
PXLW,2000-05-19,2023-12-28,5940,7,229424.504506588,154.0,0.0,154.0,154,illiquid
PXJ,2005-10-26,2023-12-28,4574,5,1174028.508090973,1285.0,56.0,1229.0,1282,illiquid
PXI,2006-10-12,2023-12-28,4332,5,538172.0001220703,322.0,0.0,322.0,319,illiquid
PXH,2007-09-28,2023-12-28,4091,5,3338163.414478302,113.0,24.0,89.0,109,illiquid
PXF,2007-06-25,2023-12-28,4158,5,2456429.906845093,103.0,28.0,75.0,103,illiquid
PWZ,2007-10-18,2023-12-28,4077,5,2515208.491230011,68.0,29.0,39.0,65,illiquid
KFS,1998-05-06,2023-12-28,6455,7,451853.49016189575,266.0,119.0,147.0,262,illiquid
BGFV,2002-06-25,2023-12-28,5416,5,1855828.488445282,2304.0,782.0,1522.0,2263,illiquid
BSET,1980-03-17,2023-12-28,11040,7,306312.504196167,845.0,345.0,500.0,833,illiquid
REW,2007-02-02,2023-12-28,4256,5,209489.99433517456,136.0,56.0,80.0,133,illiquid
CWCO,1995-01-25,2023-12-28,7284,7,2298153.5183906555,1198.0,364.0,834.0,1182,illiquid
KCE,2005-11-15,2023-12-28,4560,5,775544.998550415,595.0,58.0,537.0,593,illiquid
FXNC,1999-01-14,2023-12-28,6281,5,53596.50144577026,27.0,0.0,27.0,27,illiquid
BHK,2001-11-28,2023-12-28,5559,5,1704544.999885559,589.0,274.0,315.0,588,illiquid
RESP,2007-02-23,2023-12-28,4242,5,40131.0001373291,15.0,0.0,15.0,15,illiquid
FXL,2007-05-10,2023-12-28,4189,5,3040442.441940308,844.0,312.0,532.0,844,illiquid
ACHV,1995-10-12,2023-12-28,7102,7,322774.99854564667,42.0,0.0,42.0,42,illiquid
CXE,1989-02-17,2023-12-28,8783,7,261984.002161026,203.0,59.0,144.0,203,illiquid
CXH,1989-05-19,2023-12-28,8720,7,113223.0001449585,160.0,40.0,120.0,160,illiquid
TRNS,1977-12-05,2023-12-28,11616,7,3749475.924682617,448.0,178.0,270.0,442,illiquid
KELYA,1980-03-17,2023-12-28,11040,7,2486378.9288520813,1237.0,503.0,734.0,1189,illiquid
KELYB,1984-08-03,2023-12-28,9931,7,0.0,68.0,0.0,68.0,68,illiquid
GOOD,2003-08-14,2023-12-28,5129,5,2793694.437932968,298.0,0.0,298.0,298,illiquid
RELV,1993-03-15,2023-12-28,7584,7,0.0,225.0,109.0,116.0,221,illiquid
REK,2010-03-18,2023-12-28,3470,5,851849.4836807251,27.0,0.0,27.0,26,illiquid
REI,2007-04-10,2023-12-28,4211,5,3852483.009535074,680.0,288.0,392.0,680,illiquid
REX,1984-07-17,2023-12-28,9944,7,2383162.504386902,768.0,331.0,437.0,768,illiquid
BHE,1990-06-27,2023-12-28,8441,7,3705089.935302734,950.0,398.0,552.0,942,illiquid
FXP,2007-11-08,2023-12-28,4062,5,376943.4986114502,6238.0,3090.0,3148.0,6067,illiquid
REZ,2007-05-04,2023-12-28,4193,5,2648954.032897949,327.0,55.0,272.0,327,illiquid
FXU,2007-05-10,2023-12-28,4189,5,2233759.98916626,340.0,0.0,340.0,338,illiquid
RGP,2000-12-15,2023-12-28,5794,7,2543718.527507782,444.0,188.0,256.0,444,illiquid
CVLY,1994-04-05,2023-12-28,7487,7,263502.00119018555,287.0,123.0,164.0,285,illiquid
CVM,1983-12-08,2023-12-28,10096,7,321401.0045289993,1111.0,520.0,591.0,1074,illiquid
KBWY,2010-12-02,2023-12-28,3290,5,1132625.991439819,416.0,53.0,363.0,416,illiquid
TRC,1980-03-17,2023-12-28,11040,7,605992.5049781799,287.0,127.0,160.0,275,illiquid
RGCO,1994-02-01,2023-12-28,7530,7,383936.00025177,622.0,247.0,375.0,618,illiquid
BIMI,2006-10-18,2023-12-28,4328,5,45604.49892878533,28.0,0.0,28.0,28,illiquid
AAME,1980-03-17,2023-12-28,11040,7,6477.499955892563,200.0,87.0,113.0,192,illiquid
RFIL,1994-04-06,2023-12-28,7486,7,21934.000384807587,541.0,231.0,310.0,537,illiquid
RFI,1994-02-11,2023-12-28,7522,7,743870.0022220612,31.0,0.0,31.0,29,illiquid
TAC,2001-07-31,2023-12-28,5639,7,2867252.9941082,1224.0,430.0,794.0,1185,illiquid
BIB,2010-04-09,2023-12-28,3455,5,713466.9931411743,468.0,207.0,261.0,464,illiquid
CVY,2006-09-21,2023-12-28,4347,5,119596.49868011476,338.0,61.0,277.0,327,illiquid
BHV,2002-04-26,2023-12-28,5457,5,33951.99890136719,149.0,50.0,99.0,149,illiquid
GOL,2004-06-24,2023-12-28,4913,5,2880009.97710228,3322.0,1281.0,2041.0,3225,illiquid
BHLB,2000-06-28,2023-12-28,5913,7,4977258.075428009,922.0,295.0,627.0,906,illiquid
CWBC,1996-11-19,2023-12-28,6822,7,49173.99997711182,73.0,0.0,73.0,73,illiquid
CYAN,1991-05-21,2023-12-28,8214,7,6429.499998688698,258.0,120.0,138.0,250,illiquid
FXG,2007-05-10,2023-12-28,4189,5,3454299.9309539795,1050.0,350.0,700.0,1043,illiquid
BHB,1997-09-23,2023-12-28,6610,7,718259.9878311157,367.0,135.0,232.0,363,illiquid
RCON,2009-07-30,2023-12-28,3629,5,52131.00011050701,529.0,234.0,295.0,529,illiquid
RCMT,1983-09-12,2023-12-28,10158,7,860641.4926528931,340.0,129.0,211.0,330,illiquid
CZWI,2004-03-30,2023-12-28,4972,5,56470.0005531311,255.0,101.0,154.0,255,illiquid
RCKY,1993-02-03,2023-12-28,7782,7,707074.0003585815,959.0,455.0,504.0,951,illiquid
BGR,2004-12-23,2023-12-28,4786,5,902100.0099182128,123.0,46.0,77.0,123,illiquid
FXC,2006-06-26,2023-12-28,4408,5,1457895.509338379,225.0,88.0,137.0,213,illiquid
RCG,1996-04-30,2023-12-28,6964,7,5963.500022888184,154.0,75.0,79.0,154,illiquid
DAIO,1989-01-03,2023-12-28,8816,7,41317.99988746643,391.0,181.0,210.0,387,illiquid
BGI,2005-11-15,2023-12-28,4560,5,114332.00404644012,175.0,63.0,112.0,147,illiquid
DAKT,1994-02-10,2023-12-28,7523,7,2095884.0295791624,1050.0,426.0,624.0,1022,illiquid
FXA,2006-06-26,2023-12-28,4408,5,379021.4939117432,3619.0,1775.0,1844.0,3474,illiquid
TRX,2005-05-12,2023-12-28,4690,5,125592.4977838993,199.0,82.0,117.0,199,illiquid
RBCN,2007-11-16,2023-12-28,4056,5,1056.9999933242798,1058.0,515.0,543.0,973,illiquid
RBCAA,1998-07-22,2023-12-28,6402,7,730000.0,355.0,147.0,208.0,351,illiquid
RBBN,2000-05-25,2023-12-28,5936,7,1218704.9701809883,66.0,0.0,66.0,66,illiquid
TSBK,1998-01-13,2023-12-28,6533,7,513835.498046875,283.0,117.0,166.0,281,illiquid
KFFB,2005-03-03,2023-12-28,4739,5,8238.499879837036,182.0,72.0,110.0,180,illiquid
SZK,2007-02-01,2023-12-28,4257,5,44559.00039672852,129.0,57.0,72.0,127,illiquid
RCS,1994-03-18,2023-12-28,7498,7,542633.001613617,69.0,0.0,69.0,68,illiquid
KEQU,1980-03-17,2023-12-28,11040,7,16354.500102996826,361.0,164.0,197.0,355,illiquid
RDCM,1997-09-25,2023-12-28,6608,7,70114.99972343445,696.0,307.0,389.0,660,illiquid
TRS,2007-05-18,2023-12-28,4183,5,2733755.9412002563,1069.0,447.0,622.0,1023,illiquid
FXF,2006-06-26,2023-12-28,4408,5,1120626.527404785,3471.0,1714.0,1757.0,3404,illiquid
CYCC,2004-03-16,2023-12-28,4982,5,38657.92543172836,1045.0,486.0,559.0,1003,illiquid
TRST,1983-04-20,2023-12-28,10258,7,2144687.045288086,465.0,177.0,288.0,453,illiquid
TRT,1992-06-16,2023-12-28,7943,7,38093.5001373291,210.0,89.0,121.0,204,illiquid
RDWR,1999-09-30,2023-12-28,6101,7,2267867.5508499146,1040.0,484.0,556.0,934,illiquid
CYCCP,2005-11-30,2023-12-28,4550,5,17891.999626159668,103.0,40.0,63.0,99,illiquid
KEP,1994-10-27,2023-12-28,7344,7,1077184.9779129028,1009.0,318.0,691.0,992,illiquid
GDOT,2010-07-22,2023-12-28,3383,5,4954731.561470032,2367.0,1180.0,1187.0,2341,illiquid
CYD,1994-12-16,2023-12-28,7309,7,155830.00330924988,671.0,300.0,371.0,632,illiquid
RDOG,2008-05-22,2023-12-28,3928,5,18240.00072479248,23.0,0.0,23.0,23,illiquid
BH,1980-03-17,2023-12-28,11040,7,402019.5037841797,801.0,380.0,421.0,749,illiquid
CMTL,1980-03-17,2023-12-28,11040,7,1622631.9707870483,3101.0,1257.0,1844.0,3058,illiquid
BGY,2007-05-25,2023-12-28,4178,5,1139332.4641227722,223.0,92.0,131.0,223,illiquid
CMT,1988-09-16,2023-12-28,8890,7,1291445.523929596,272.0,0.0,272.0,272,illiquid
RDI,1983-12-13,2023-12-28,10093,7,39744.000852108,581.0,266.0,315.0,577,illiquid
CZA,2007-04-03,2023-12-28,4215,5,288254.4994354248,331.0,25.0,306.0,331,illiquid
CZNC,1994-04-05,2023-12-28,7487,7,387329.0124893189,274.0,104.0,170.0,272,illiquid
CMU,1987-03-19,2023-12-28,9269,7,179641.49899482727,156.0,55.0,101.0,156,illiquid
LCTX,1992-03-05,2023-12-28,8014,7,467568.0040597916,46.0,0.0,46.0,46,illiquid
PBE,2005-06-23,2023-12-28,4661,5,316338.50269317627,395.0,48.0,347.0,384,illiquid
UYM,2007-02-01,2023-12-28,4257,5,173738.9949798584,219.0,56.0,163.0,217,illiquid
WPS,2007-08-07,2023-12-28,4128,5,64139.99862670898,147.0,53.0,94.0,147,illiquid
EWX,2008-05-22,2023-12-28,3928,5,1449985.9958648682,33.0,0.0,33.0,28,illiquid
NCZ,2003-07-29,2023-12-28,5141,5,1489344.9892878532,474.0,192.0,282.0,470,illiquid
HBCP,2008-10-08,2023-12-28,3832,5,366885.005569458,372.0,126.0,246.0,368,illiquid
AMTX,2006-06-27,2023-12-28,4407,5,2300372.5249290466,579.0,219.0,360.0,579,illiquid
EWZS,2010-09-29,2023-12-28,3335,5,1422317.0014381409,58.0,0.0,58.0,57,illiquid
HBIO,2001-03-19,2023-12-28,5732,7,452416.0219669342,557.0,254.0,303.0,557,illiquid
usl,2007-12-06,2023-12-28,4043,5,473955.993270874,0.0,0.0,0.0,0,illiquid
AMTD,1997-03-04,2023-12-28,6751,7,183172.70629405972,6491.0,2668.0,3823.0,6194,illiquid
CDZI,1989-01-03,2023-12-28,8816,7,739003.985273838,384.0,147.0,237.0,381,illiquid
CDXS,2010-04-22,2023-12-28,3446,5,2232131.980419159,1041.0,408.0,633.0,1032,illiquid
NCA,1987-10-07,2023-12-28,9129,7,575580.5200576782,156.0,58.0,98.0,156,illiquid
NC,1977-06-17,2023-12-28,11733,7,399228.00521850586,635.0,264.0,371.0,597,illiquid
NBY,2007-10-26,2023-12-28,4071,5,48296.00125551224,913.0,431.0,482.0,907,illiquid
AMSWA,1983-02-28,2023-12-28,10294,7,1921321.9456672668,701.0,285.0,416.0,687,illiquid
EXG,2007-04-23,2023-12-28,4202,5,4174547.5667715073,114.0,28.0,86.0,114,illiquid
WSBC,1987-05-08,2023-12-28,9234,7,4644573.970794678,827.0,301.0,526.0,819,illiquid
NBSE,2004-05-28,2023-12-28,4930,5,59516.6796745956,71.0,0.0,71.0,71,illiquid
WPRT,2008-08-15,2023-12-28,3869,5,306011.99407577515,2239.0,941.0,1298.0,2145,illiquid
EWO,1996-03-18,2023-12-28,6994,7,183437.00132369995,505.0,232.0,273.0,453,illiquid
WLDN,2006-11-21,2023-12-28,4304,5,551411.4963054657,1215.0,426.0,789.0,1207,illiquid
usd,2007-02-01,2023-12-28,4257,5,3777230.031967163,0.0,0.0,0.0,0,illiquid
CEE,1990-02-28,2023-12-28,8524,7,94900.0,132.0,59.0,73.0,128,illiquid
WLFC,1996-09-18,2023-12-28,6866,7,372279.9968719482,276.0,131.0,145.0,271,illiquid
HTLD,1986-11-05,2023-12-28,9361,7,3216588.014602661,193.0,0.0,193.0,193,illiquid
WNEB,2002-05-02,2023-12-28,5453,5,314767.99268722534,51.0,0.0,51.0,51,illiquid
EVV,2003-06-11,2023-12-28,5174,5,2801138.534641266,210.0,56.0,154.0,209,illiquid
WPP,1987-12-29,2023-12-28,9072,7,4926358.506965637,1340.0,510.0,830.0,1333,illiquid
NEPT,2007-08-13,2023-12-28,4124,5,83623.00055027008,1258.0,567.0,691.0,1252,illiquid
EVX,2006-10-16,2023-12-28,4330,5,169394.50302124023,369.0,33.0,336.0,358,illiquid
NEON,1989-01-09,2023-12-28,8812,7,238935.99944114685,62.0,0.0,62.0,62,illiquid
NEN,1987-11-19,2023-12-28,9098,7,14034.99984741211,96.0,35.0,61.0,96,illiquid
WOOD,2008-06-25,2023-12-28,3905,5,632290.5223846436,320.0,54.0,266.0,320,illiquid
HAYN,2007-03-21,2023-12-28,4224,5,2295288.053512573,833.0,330.0,503.0,813,illiquid
EWK,1996-03-18,2023-12-28,6994,7,53968.00003051758,408.0,189.0,219.0,386,illiquid
EWN,1996-03-18,2023-12-28,6994,7,3723726.9367218018,526.0,235.0,291.0,507,illiquid
NEPH,2004-09-21,2023-12-28,4852,5,10974.9997317791,14.0,0.0,14.0,14,illiquid
EXI,2006-09-27,2023-12-28,4343,5,1059710.4839324951,65.0,29.0,36.0,65,illiquid
WSO-B,1980-03-17,2023-12-28,11040,7,0.0,8054.0,0.0,8054.0,8054,illiquid
AMSF,2005-11-18,2023-12-28,4557,5,3794539.972114563,380.0,0.0,380.0,380,illiquid
WVFC,1993-11-29,2023-12-28,7575,7,1250.5000114440918,62.0,24.0,38.0,62,illiquid
WVVI,1994-09-14,2023-12-28,7375,7,12528.999853134155,151.0,66.0,85.0,151,illiquid
EZM,2007-02-23,2023-12-28,4242,5,1190684.0175628662,272.0,25.0,247.0,267,illiquid
EZPW,1991-08-27,2023-12-28,8146,7,3642515.9439086914,1171.0,484.0,687.0,1123,illiquid
HSTM,2000-04-11,2023-12-28,5967,7,2163585.4846954346,851.0,362.0,489.0,841,illiquid
AMNB,1999-04-13,2023-12-28,6220,7,640490.5015945435,423.0,146.0,277.0,411,illiquid
pwod,1994-06-02,2023-12-28,7447,7,231312.504863739,0.0,0.0,0.0,0,illiquid
GJS,2006-04-28,2023-12-28,4448,5,15554.000186920166,23.0,1.0,22.0,23,illiquid
FAB,2007-05-11,2023-12-28,4188,5,448033.01162719727,753.0,13.0,740.0,753,illiquid
WWR,1998-01-12,2023-12-28,6534,7,149098.00124168396,40.0,0.0,40.0,40,illiquid
MYI,1992-04-13,2023-12-28,7987,7,1818643.0234909055,619.0,299.0,320.0,619,illiquid
FAD,2007-05-11,2023-12-28,4188,5,245105.49392700195,83.0,9.0,74.0,83,illiquid
MYE,1980-03-17,2023-12-28,11040,7,2308058.9303970337,952.0,348.0,604.0,942,illiquid
MYD,1991-12-16,2023-12-28,8069,7,1003841.9879436492,100.0,40.0,60.0,100,illiquid
WYY,1998-05-19,2023-12-28,6446,7,24246.00052833557,527.0,238.0,289.0,523,illiquid
FAM,2004-11-24,2023-12-28,4806,5,137599.50170516968,326.0,120.0,206.0,326,illiquid
MYN,1992-03-16,2023-12-28,8007,7,694019.4916248322,83.0,25.0,58.0,83,illiquid
NAC,1999-05-26,2023-12-28,6189,7,3410746.99678421,177.0,58.0,119.0,176,illiquid
EZJ,2009-06-05,2023-12-28,3667,5,88036.501121521,492.0,0.0,492.0,490,illiquid
EYPT,2005-01-27,2023-12-28,4763,5,3071032.9453468323,118.0,0.0,118.0,118,illiquid
NBN,1987-08-19,2023-12-28,9163,7,954546.0338592528,343.0,144.0,199.0,335,illiquid
WSR,2010-08-26,2023-12-28,3358,5,2668675.014448166,1488.0,625.0,863.0,1486,illiquid
AMSC,1991-12-12,2023-12-28,8071,7,1677021.997380257,278.0,40.0,238.0,268,illiquid
AMS,1984-07-03,2023-12-28,9953,7,23888.499748706818,7.0,0.0,7.0,7,illiquid
NBH,2002-10-22,2023-12-28,5333,5,525429.0141105652,209.0,55.0,154.0,208,illiquid
WTBA,1999-05-03,2023-12-28,6206,7,376911.9945526123,109.0,0.0,109.0,109,illiquid
NBB,2010-04-28,2023-12-28,3442,5,1048799.0146636963,50.0,0.0,50.0,50,illiquid
EXPR,2010-05-13,2023-12-28,3431,5,654936.5154266357,820.0,0.0,820.0,818,illiquid
NAZ,1992-11-19,2023-12-28,7833,7,184207.50656127933,214.0,92.0,122.0,214,illiquid
GJT,2007-08-01,2023-12-28,4132,5,17427.99987792969,18.0,1.0,17.0,18,illiquid
AMRN,1993-04-01,2023-12-28,7742,7,2216203.003257513,287.0,140.0,147.0,287,illiquid
NATH,1993-02-26,2023-12-28,7766,7,427522.4933624268,446.0,195.0,251.0,440,illiquid
CAMP,1983-12-13,2023-12-28,10093,7,274945.50243616104,1269.0,441.0,828.0,1259,illiquid
WTRE,2007-06-05,2023-12-28,4172,5,47417.0000076294,8680.0,0.0,8680.0,8680,illiquid
NAN,1999-05-26,2023-12-28,6189,7,578887.494802475,223.0,83.0,140.0,223,illiquid
AMPE,2010-03-31,2023-12-28,3461,5,34805.0,935.0,430.0,505.0,935,illiquid
NAK,2001-06-29,2023-12-28,5660,7,246804.9970634281,905.0,367.0,538.0,885,illiquid
NEWT,2000-09-27,2023-12-28,5850,7,2375018.084716797,1264.0,564.0,700.0,1257,illiquid
EVOL,1998-05-12,2023-12-28,6451,7,397.4999934434891,481.0,216.0,265.0,479,illiquid
ANIK,1993-05-03,2023-12-28,7721,7,1998862.9818916323,845.0,0.0,845.0,845,illiquid
WIW,2004-02-25,2023-12-28,4996,5,1443680.987548828,453.0,25.0,428.0,453,illiquid
APTO,1992-03-16,2023-12-28,8007,7,113882.99953341484,797.0,369.0,428.0,797,illiquid
NNI,2003-12-12,2023-12-28,5045,5,3696607.989501953,567.0,231.0,336.0,533,illiquid
NNBR,1994-03-15,2023-12-28,7501,7,196167.99154281616,77.0,0.0,77.0,77,illiquid
APT,1999-02-16,2023-12-28,6259,7,112599.00286197662,418.0,0.0,418.0,418,illiquid
NMZ,2003-11-20,2023-12-28,5060,5,3297663.963699341,103.0,27.0,76.0,101,illiquid
NMT,1993-03-18,2023-12-28,7752,7,137605.5025100708,206.0,84.0,122.0,206,illiquid
NMM,2007-11-13,2023-12-28,4059,5,1791094.0538406372,1772.0,796.0,976.0,1706,illiquid
NNVC,2005-10-26,2023-12-28,4574,5,29384.000051021576,854.0,406.0,448.0,854,illiquid
ETV,2005-06-28,2023-12-28,4658,5,2826824.559879303,140.0,29.0,111.0,134,illiquid
NMI,1988-05-04,2023-12-28,8984,7,145725.50144195557,88.0,28.0,60.0,82,illiquid
HUSA,2002-01-22,2023-12-28,5523,5,257168.00179481503,348.0,142.0,206.0,328,illiquid
ETY,2006-11-28,2023-12-28,4300,5,2652112.9871845245,152.0,29.0,123.0,152,illiquid
WEA,2002-03-27,2023-12-28,5478,5,321162.00337409973,70.0,0.0,70.0,70,illiquid
HURC,1980-08-27,2023-12-28,10926,7,380136.4933013916,351.0,150.0,201.0,346,illiquid
NLR,2007-08-15,2023-12-28,4122,5,565385.0002288818,344.0,57.0,287.0,332,illiquid
CEM,2010-06-25,2023-12-28,3401,5,1092426.9973754885,579.0,270.0,309.0,575,illiquid
ETW,2005-11-21,2023-12-28,4556,5,2275115.026140213,338.0,132.0,206.0,332,illiquid
NNY,1987-10-07,2023-12-28,9129,7,255577.0040035248,98.0,35.0,63.0,98,illiquid
GXG,2009-02-09,2023-12-28,3748,5,270780.0005912781,783.0,346.0,437.0,755,illiquid
NOAH,2010-11-10,2023-12-28,3305,5,741273.9850997925,1601.0,656.0,945.0,1593,illiquid
GWX,2007-04-26,2023-12-28,4199,5,1654996.0304260254,111.0,45.0,66.0,109,illiquid
CAE,1996-01-10,2023-12-28,7042,5,4050186.057472229,1375.0,505.0,870.0,1365,illiquid
NPK,1980-03-17,2023-12-28,11040,7,1435899.4785308838,296.0,120.0,176.0,260,illiquid
GXC,2007-03-23,2023-12-28,4222,5,3429975.881958008,6969.0,3335.0,3634.0,6910,illiquid
CAF,2006-09-28,2023-12-28,4342,5,299419.49791908264,154.0,40.0,114.0,150,illiquid
CENT,1992-07-15,2023-12-28,7923,7,1549639.5175933838,436.0,0.0,436.0,436,illiquid
ABIO,1997-08-08,2023-12-28,6641,7,41127.50061750412,252.0,100.0,152.0,252,illiquid
ETB,2005-04-27,2023-12-28,4701,5,797772.0026016235,186.0,57.0,129.0,186,illiquid
APWC,2003-07-15,2023-12-28,5151,5,4227.500075101852,144.0,67.0,77.0,144,illiquid
ETG,2004-01-29,2023-12-28,5014,5,1935188.4408950808,360.0,140.0,220.0,356,illiquid
NORW,2009-08-19,2023-12-28,3615,5,186386.00149154663,532.0,241.0,291.0,503,illiquid
NOM,1993-05-26,2023-12-28,7704,7,27196.00009918213,97.0,45.0,52.0,97,illiquid
LTRX,2000-08-04,2023-12-28,5887,7,456895.01366615295,205.0,99.0,106.0,205,illiquid
ETJ,2007-07-27,2023-12-28,4135,5,1129286.037731171,89.0,0.0,89.0,88,illiquid
HVT,1980-03-17,2023-12-28,11040,7,3098304.957008362,1289.0,494.0,795.0,1281,illiquid
HVT-A,1986-05-27,2023-12-28,9475,7,0.0,8630.0,0.0,8630.0,8630,illiquid
ETO,2004-05-26,2023-12-28,4932,5,702855.0110816956,122.0,26.0,96.0,114,illiquid
NL,1980-03-17,2023-12-28,11041,5,92509.50002670288,779.0,142.0,637.0,773,illiquid
HSON,2003-03-18,2023-12-28,5233,5,62818.9998626709,412.0,166.0,246.0,412,illiquid
NKTR,1994-05-03,2023-12-28,7468,7,1803069.0716475248,3497.0,1396.0,2101.0,3442,illiquid
EUM,2007-11-01,2023-12-28,4067,5,579144.013261795,127.0,52.0,75.0,123,illiquid
EVC,2000-08-02,2023-12-28,5889,7,1302375.9944915771,139.0,0.0,139.0,139,illiquid
EVF,1998-10-28,2023-12-28,6333,7,374513.0035400391,162.0,58.0,104.0,159,illiquid
LYTS,1985-03-12,2023-12-28,9779,7,2365347.9856491094,517.0,255.0,262.0,505,illiquid
EVG,2005-02-24,2023-12-28,4744,5,324779.9931049347,123.0,26.0,97.0,113,illiquid
CEI,2007-05-01,2023-12-28,4196,5,995807.5140982866,151.0,0.0,151.0,150,illiquid
EVGN,2010-10-15,2023-12-28,3323,5,66552.4981379509,473.0,200.0,273.0,473,illiquid
NGD,2004-11-18,2023-12-28,4810,5,2992130.0362944603,1525.0,608.0,917.0,1472,illiquid
WIA,2003-09-29,2023-12-28,5098,5,303125.01220703125,184.0,23.0,161.0,181,illiquid
AE,1975-02-07,2023-12-28,12329,7,280431.0018539429,524.0,135.0,389.0,517,illiquid
indl,2010-03-11,2023-12-28,3475,5,649872.025680542,0.0,0.0,0.0,0,illiquid
NFJ,2005-03-01,2023-12-28,4741,5,2092831.0382843015,219.0,92.0,127.0,209,illiquid
ANTE,2007-11-07,2023-12-28,4063,5,2665.500009059906,143.0,0.0,143.0,142,illiquid
WINT,1995-08-07,2023-12-28,7149,7,135323.99935531616,21.0,0.0,21.0,21,illiquid
EVN,1999-01-27,2023-12-28,6272,7,879238.9950275421,184.0,29.0,155.0,184,illiquid
HTY,2007-09-26,2023-12-28,4093,5,131371.50237560272,191.0,83.0,108.0,189,illiquid
NFBK,2007-11-08,2023-12-28,4062,5,1785045.5312728882,387.0,149.0,238.0,383,illiquid
EVI,1990-03-27,2023-12-28,8505,7,390208.51430892944,368.0,174.0,194.0,364,illiquid
EVBN,2002-04-16,2023-12-28,5465,5,341918.49212646484,64.0,0.0,64.0,64,illiquid
AOK,2008-11-19,2023-12-28,3802,5,3861307.53364563,138.0,47.0,91.0,137,illiquid
AOM,2008-11-11,2023-12-28,3808,5,4786025.535964966,150.0,50.0,100.0,150,illiquid
LWAY,1988-12-29,2023-12-28,8818,7,134001.4975786209,565.0,279.0,286.0,561,illiquid
EUO,2008-11-25,2023-12-28,3798,5,1073270.98903656,1446.0,692.0,754.0,1285,illiquid
pim,1988-04-19,2023-12-28,8995,7,229370.4958081245,0.0,0.0,0.0,0,illiquid
HALL,1989-09-18,2023-12-28,8637,7,23101.49946212769,993.0,388.0,605.0,983,illiquid
HAP,2008-11-11,2023-12-28,3808,5,344655.9913635254,222.0,72.0,150.0,199,illiquid
NIM,1992-09-21,2023-12-28,7876,7,192425.0061511993,357.0,57.0,300.0,357,illiquid
EUSA,2010-05-07,2023-12-28,3435,5,2249539.971923828,228.0,52.0,176.0,223,illiquid
NIE,2007-02-23,2023-12-28,4242,5,1402822.0239639282,29.0,0.0,29.0,29,illiquid
APDN,2003-07-15,2023-12-28,5151,5,55351.99918150902,112.0,0.0,112.0,112,illiquid
AACG,2008-01-29,2023-12-28,4008,5,10266.500133275986,49.0,0.0,49.0,49,illiquid
AP,1973-02-21,2023-12-28,12826,7,47651.50103569031,577.0,235.0,342.0,572,illiquid
NHTC,1995-06-22,2023-12-28,7180,7,63610.00008583069,49.0,0.0,49.0,49,illiquid
NHS,2003-07-29,2023-12-28,5141,5,824050.5163669586,148.0,25.0,123.0,146,illiquid
AOSL,2010-04-29,2023-12-28,3441,5,4669319.408798218,591.0,292.0,299.0,583,illiquid
WHG,2002-06-13,2023-12-28,5424,5,109971.50149345398,40.0,0.0,40.0,40,illiquid
WHLM,1996-07-30,2023-12-28,6901,7,6315.500056743622,137.0,60.0,77.0,135,illiquid
NHC,1987-01-02,2023-12-28,9322,7,2475546.996688843,515.0,185.0,330.0,486,illiquid
NKSH,1999-12-01,2023-12-28,6058,7,363810.4975700378,245.0,86.0,159.0,244,illiquid
MXI,2006-09-22,2023-12-28,4346,5,763230.0033569336,340.0,131.0,209.0,252,illiquid
MXF,1981-06-04,2023-12-28,10733,7,426145.00207901,122.0,42.0,80.0,122,illiquid
HSII,1999-04-27,2023-12-28,6210,7,2653579.527282715,1065.0,392.0,673.0,1053,illiquid
YTEN,2006-11-10,2023-12-28,4311,5,53539.9996638298,35.0,0.0,35.0,35,illiquid
MMU,1992-07-17,2023-12-28,7921,7,805774.4786739349,137.0,28.0,109.0,137,illiquid
MMT,1987-03-05,2023-12-28,9279,7,421289.9985313416,146.0,28.0,118.0,146,illiquid
YXI,2010-03-18,2023-12-28,3470,5,185831.99920654297,138.0,57.0,81.0,135,illiquid
ptn,1997-10-15,2023-12-28,6594,7,151294.00310516357,0.0,0.0,0.0,0,illiquid
CASS,1996-07-02,2023-12-28,6920,7,1833542.9862976077,341.0,110.0,231.0,331,illiquid
FFIC,1995-11-21,2023-12-28,7074,7,1788347.9986190796,140.0,0.0,140.0,140,illiquid
AIRT,1984-04-24,2023-12-28,10002,7,57542.49954223633,281.0,131.0,150.0,269,illiquid
pst,2008-05-22,2023-12-28,3928,5,1216318.978023529,0.0,0.0,0.0,0,illiquid
SPH,1996-02-29,2023-12-28,7006,7,2840989.560270309,1006.0,398.0,608.0,984,illiquid
psp,2006-10-24,2023-12-28,4324,5,955500.0012207032,0.0,0.0,0.0,0,illiquid
FLC,2003-08-27,2023-12-28,5120,5,402958.0019950866,379.0,162.0,217.0,379,illiquid
CCBG,1994-06-06,2023-12-28,7445,7,811685.9935760498,553.0,210.0,343.0,547,illiquid
AIA,2007-11-20,2023-12-28,4054,5,2061101.000213623,246.0,59.0,187.0,245,illiquid
FGB,2007-05-25,2023-12-28,4178,5,118658.99984836578,138.0,57.0,81.0,138,illiquid
AHT,2003-08-26,2023-12-28,5121,5,1792772.4912762642,2316.0,918.0,1398.0,2282,illiquid
FFNW,2007-10-10,2023-12-28,4083,5,59420.49961090088,115.0,0.0,115.0,115,illiquid
FFC,2003-01-30,2023-12-28,5265,5,1881372.4833011627,437.0,187.0,250.0,437,illiquid
SPEU,2002-10-21,2023-12-28,5334,5,1167479.9867630005,9.0,0.0,9.0,9,illiquid
FFA,2004-08-27,2023-12-28,4868,5,459021.4939117432,85.0,27.0,58.0,83,illiquid
CARV,1994-10-25,2023-12-28,7346,7,50290.0004863739,363.0,165.0,198.0,357,illiquid
AKO-B,1997-04-07,2023-12-28,6728,7,195642.49877929688,6815.0,0.0,6815.0,6815,illiquid
YCS,2008-11-25,2023-12-28,3798,5,905415.0058746338,3737.0,1840.0,1897.0,3677,illiquid
FEIM,1980-06-18,2023-12-28,10975,7,38294.999742507935,368.0,173.0,195.0,362,illiquid
AKO-A,1994-07-07,2023-12-28,7423,7,12385.000228881836,8191.0,0.0,8191.0,8191,illiquid
MOG-B,1980-03-17,2023-12-28,11040,7,0.0,2415.0,0.0,2415.0,2415,illiquid
MOFG,2008-01-29,2023-12-28,4008,5,630621.4982032776,562.0,208.0,354.0,558,illiquid
FEN,2004-06-25,2023-12-28,4912,5,689284.4939231873,604.0,286.0,318.0,590,illiquid
HOFT,2002-06-27,2023-12-28,5414,5,748938.0012512207,931.0,371.0,560.0,917,illiquid
HNW,2007-05-30,2023-12-28,4176,5,305533.4915161133,130.0,24.0,106.0,125,illiquid
HNRG,1994-04-06,2023-12-28,7486,7,1876090.0069236755,877.0,319.0,558.0,877,illiquid
CASI,1996-06-12,2023-12-28,6934,7,46507.49886035919,567.0,252.0,315.0,567,illiquid
MNOV,2006-12-08,2023-12-28,4292,5,36929.49924468994,1237.0,563.0,674.0,1233,illiquid
HNNA,2005-03-09,2023-12-28,4735,5,34996.00009918213,246.0,109.0,137.0,246,illiquid
FEX,2007-05-10,2023-12-28,4189,5,2406047.982788086,257.0,55.0,202.0,253,illiquid
MNDO,2000-08-08,2023-12-28,5885,7,44424.99911785126,29.0,0.0,29.0,28,illiquid
YORW,1999-05-03,2023-12-28,6206,7,1565876.0263442993,241.0,0.0,241.0,241,illiquid
psct,2010-04-07,2023-12-28,3457,5,420249.5027542114,0.0,0.0,0.0,0,illiquid
HOLI,2005-08-31,2023-12-28,4613,5,2846911.966609955,1087.0,437.0,650.0,1079,illiquid
FGD,2007-11-27,2023-12-28,4050,5,2442789.484596253,70.0,0.0,70.0,69,illiquid
AGZ,2008-11-11,2023-12-28,3808,5,2527002.0362854004,105.0,50.0,55.0,104,illiquid
dth,2006-06-16,2023-12-28,4414,5,1450097.9461669922,0.0,0.0,0.0,0,illiquid
CBD,1996-03-08,2023-12-28,7000,7,2537662.075948715,631.0,0.0,631.0,630,illiquid
AFK,2008-07-14,2023-12-28,3893,5,118800.00042915344,415.0,161.0,254.0,373,illiquid
ecns,2010-09-29,2023-12-28,3335,5,258619.9959754944,0.0,0.0,0.0,0,illiquid
grid,2009-11-17,2023-12-28,3552,5,4238958.018493652,0.0,0.0,0.0,0,illiquid
SPNS,1998-03-05,2023-12-28,6498,7,2868515.5497550964,572.0,218.0,354.0,567,illiquid
HHS,1993-11-04,2023-12-28,7591,7,204367.99688339236,1027.0,382.0,645.0,983,illiquid
dbb,2007-01-05,2023-12-28,4275,5,2168203.572750092,0.0,0.0,0.0,0,illiquid
SPOK,2004-11-17,2023-12-28,4811,5,2247914.9315834045,272.0,115.0,157.0,272,illiquid
CBFV,2003-10-07,2023-12-28,5092,5,61518.49908828737,320.0,118.0,202.0,320,illiquid
AEY,1996-05-30,2023-12-28,6943,7,21765.49954891205,383.0,184.0,199.0,375,illiquid
GIM,1988-03-17,2023-12-28,9017,7,872167.036819458,168.0,54.0,114.0,168,illiquid
fxd,2007-05-10,2023-12-28,4189,5,4261945.994567871,0.0,0.0,0.0,0,illiquid
FIW,2007-05-11,2023-12-28,4188,5,3574567.9725646973,378.0,43.0,335.0,372,illiquid
pnbk,1994-08-31,2023-12-28,7384,7,7960.000038146973,0.0,0.0,0.0,0,illiquid
AFB,2002-01-29,2023-12-28,5518,5,683514.9779319763,779.0,347.0,432.0,777,illiquid
GILT,1993-03-26,2023-12-28,7746,7,596019.0026283264,562.0,240.0,322.0,554,illiquid
GII,2007-01-31,2023-12-28,4258,5,1169347.4882125854,173.0,55.0,118.0,169,illiquid
crd-a,1990-07-31,2023-12-28,8418,7,504557.0177078247,0.0,0.0,0.0,0,illiquid
coda,2001-07-12,2023-12-28,5652,7,115600.0015258789,0.0,0.0,0.0,0,illiquid
AGX,1995-08-18,2023-12-28,7140,7,2505995.534133911,741.0,304.0,437.0,729,illiquid
CATO,1987-04-22,2023-12-28,9246,7,508425.50461292267,1747.0,768.0,979.0,1719,illiquid
AEMD,1999-03-04,2023-12-28,6247,7,44501.999855041504,61.0,0.0,61.0,61,illiquid
ZTR,1988-09-26,2023-12-28,8884,7,1433064.9934530258,161.0,28.0,133.0,157,illiquid
CBAT,2005-02-14,2023-12-28,4751,5,105997.49518632887,52.0,0.0,52.0,52,illiquid
ZYXI,2004-02-25,2023-12-28,4996,5,2332950.0213623047,105.0,0.0,105.0,105,illiquid
ades,2004-01-23,2023-12-28,5018,5,123398.99909496307,0.0,0.0,0.0,0,illiquid
AGM-A,1993-12-13,2023-12-28,7565,7,0.0,8507.0,0.0,8507.0,8507,illiquid
HIX,1998-05-22,2023-12-28,6443,7,711716.0136222839,181.0,53.0,128.0,181,illiquid
apei,2007-11-09,2023-12-28,4061,5,747950.0314950943,0.0,0.0,0.0,0,illiquid
HIO,1993-11-16,2023-12-28,7583,7,919010.0103139876,118.0,23.0,95.0,116,illiquid
AGD,2006-07-27,2023-12-28,4386,5,522378.9979934693,357.0,140.0,217.0,355,illiquid
bzq,2009-06-19,2023-12-28,3657,5,335479.99210357666,0.0,0.0,0.0,0,illiquid
catc,1999-01-05,2023-12-28,6287,7,2394583.9752197266,0.0,0.0,0.0,0,illiquid
cco,2005-11-14,2023-12-28,4561,5,3416999.9553442,0.0,0.0,0.0,0,illiquid
cew,2009-06-02,2023-12-28,3670,5,16954.999542236328,0.0,0.0,0.0,0,illiquid
HIHO,1996-12-11,2023-12-28,6807,7,10919.499599933624,36.0,0.0,36.0,36,illiquid
HEAR,2010-11-15,2023-12-28,3302,5,1602220.4996109009,2079.0,854.0,1225.0,2079,illiquid
ACTG,2002-12-16,2023-12-28,5295,5,780441.9970154762,2149.0,959.0,1190.0,2089,illiquid
CCM,2009-12-11,2023-12-28,3535,5,1119.9999809265137,450.0,190.0,260.0,439,illiquid
XTLB,2005-09-01,2023-12-28,4612,5,1387.5000178813934,317.0,155.0,162.0,317,illiquid
uve,2003-06-06,2023-12-28,5177,5,3028839.0522003174,0.0,0.0,0.0,0,illiquid
ALX,1973-02-21,2023-12-28,12826,7,2088538.0615234375,538.0,182.0,356.0,523,illiquid
XIN,2007-12-12,2023-12-28,4039,5,23579.000687599186,107.0,0.0,107.0,105,illiquid
MTRX,1990-09-26,2023-12-28,8378,7,867726.50411129,1504.0,602.0,902.0,1470,illiquid
MTR,1979-10-15,2023-12-28,11147,7,300845.9930419922,335.0,125.0,210.0,335,illiquid
FBIZ,2005-11-09,2023-12-28,4564,5,391511.00521087646,401.0,101.0,300.0,395,illiquid
AEF,1989-09-26,2023-12-28,8631,7,226851.99828147888,18.0,0.0,18.0,18,illiquid
CAPR,2007-02-13,2023-12-28,4249,5,387431.01004362106,134.0,0.0,134.0,134,illiquid
HQL,1992-05-01,2023-12-28,7974,7,1146692.02709198,521.0,247.0,274.0,513,illiquid
FBMS,2003-01-02,2023-12-28,5284,5,2694930.007171631,268.0,63.0,205.0,262,illiquid
uyg,2007-02-01,2023-12-28,4257,5,926366.9940948486,0.0,0.0,0.0,0,illiquid
MTEX,1999-02-16,2023-12-28,6259,7,12891.000413894652,405.0,180.0,225.0,401,illiquid
MTEM,2005-02-04,2023-12-28,4757,5,50375.824543476105,46.0,0.0,46.0,46,illiquid
HQH,1987-04-23,2023-12-28,9245,7,2230845.5661296844,596.0,278.0,318.0,590,illiquid
HPS,2003-06-17,2023-12-28,5170,5,773169.9976921082,171.0,41.0,130.0,168,illiquid
FBT,2006-06-23,2023-12-28,4409,5,3880888.0859375,1341.0,404.0,937.0,1276,illiquid
HQI,2003-10-07,2023-12-28,5092,5,332744.5053100586,79.0,0.0,79.0,79,illiquid
MUA,1993-07-16,2023-12-28,7669,7,857767.4915313721,141.0,58.0,83.0,140,illiquid
MUE,1999-03-09,2023-12-28,6244,7,559206.9959640503,145.0,41.0,104.0,145,illiquid
GJP,2007-12-27,2023-12-28,4029,5,0.0,17.0,0.0,17.0,17,illiquid
MXC,1994-05-03,2023-12-28,7468,7,31844.50092315674,268.0,122.0,146.0,263,illiquid
FANH,2007-11-01,2023-12-28,4067,5,211210.0001335144,101.0,0.0,101.0,101,illiquid
MVV,2006-06-21,2023-12-28,4411,5,471383.0129623413,116.0,34.0,82.0,114,illiquid
MVT,1993-04-12,2023-12-28,7736,7,451720.0130462647,17.0,0.0,17.0,17,illiquid
FARM,1980-03-17,2023-12-28,11040,7,171610.49332618713,786.0,336.0,450.0,775,illiquid
MVO,2007-01-19,2023-12-28,4266,5,518563.0100250244,239.0,94.0,145.0,231,illiquid
FARO,1997-09-18,2023-12-28,6613,7,2980717.047405243,778.0,332.0,446.0,766,illiquid
MVF,1988-09-23,2023-12-28,8885,7,778716.0066604614,596.0,290.0,306.0,596,illiquid
HRZN,2010-10-29,2023-12-28,3313,5,2518746.961688996,1178.0,484.0,694.0,1178,illiquid
HRTX,1987-08-26,2023-12-28,9158,7,3054032.9657256603,1072.0,430.0,642.0,1072,illiquid
MUX,1980-05-07,2023-12-28,11004,7,3043283.969902992,241.0,0.0,241.0,241,illiquid
FLNT,2007-12-28,2023-12-28,4028,5,72060.99724769592,90.0,0.0,90.0,90,illiquid
FAX,1986-04-17,2023-12-28,9502,7,1819521.028995514,580.0,232.0,348.0,564,illiquid
ycl,2008-12-09,2023-12-28,3789,5,708480.0009727478,0.0,0.0,0.0,0,illiquid
ABEO,1980-09-19,2023-12-28,10910,7,403241.5061235428,135.0,0.0,135.0,135,illiquid
MUJ,1998-03-12,2023-12-28,6493,7,1209688.5343551636,32.0,0.0,32.0,32,illiquid
MUI,2003-07-30,2023-12-28,5140,5,1705400.0144958496,37.0,0.0,37.0,36,illiquid
FC,1992-06-03,2023-12-28,7952,7,2455313.4328842163,232.0,0.0,232.0,232,illiquid
SPCB,2005-02-17,2023-12-28,4748,5,64913.49919438362,784.0,345.0,439.0,784,illiquid
MTA,2000-01-04,2023-12-28,6019,7,746225.0080108643,14.0,0.0,14.0,14,illiquid
FCAP,1999-01-04,2023-12-28,6289,5,76244.99940872194,207.0,80.0,127.0,207,illiquid
FDBC,1999-04-13,2023-12-28,6220,7,304520.5005645752,23.0,0.0,23.0,23,illiquid
FDD,2007-08-30,2023-12-28,4111,5,499421.9922065735,281.0,115.0,166.0,268,illiquid
ALIM,2010-04-22,2023-12-28,3446,5,54152.000522613525,1024.0,450.0,574.0,989,illiquid
HOV,1983-09-07,2023-12-28,10161,7,4728233.395767212,2713.0,1183.0,1530.0,2551,illiquid
zeus,1994-03-10,2023-12-28,7504,7,3986706.567955017,0.0,0.0,0.0,0,illiquid
FLIC,1987-01-12,2023-12-28,9316,7,1207536.5402698517,517.0,204.0,313.0,503,illiquid
ALCO,1973-05-03,2023-12-28,12776,7,707988.0083084106,534.0,208.0,326.0,525,illiquid
MRKR,2002-07-16,2023-12-28,5402,5,120917.99513578416,31.0,0.0,31.0,31,illiquid
MQY,1992-07-20,2023-12-28,7920,7,1898883.5475444796,61.0,20.0,41.0,61,illiquid
XSMO,2005-03-03,2023-12-28,4739,5,743822.9759216309,7.0,0.0,7.0,7,illiquid
CCNE,1994-04-04,2023-12-28,7488,7,967927.9571533204,504.0,178.0,326.0,491,illiquid
MPV,1988-10-24,2023-12-28,8864,7,179784.00030136108,138.0,55.0,83.0,138,illiquid
XSVM,2005-03-03,2023-12-28,4739,5,3216928.5514831543,36.0,0.0,36.0,36,illiquid
MPB,1997-12-04,2023-12-28,6559,7,729314.4865989685,344.0,129.0,215.0,336,illiquid
MPAA,1994-03-23,2023-12-28,7495,7,1019424.006152153,1002.0,419.0,583.0,1000,illiquid
MOV,1993-09-30,2023-12-28,7616,7,3653313.083457947,2046.0,841.0,1205.0,1996,illiquid
MQT,1992-09-21,2023-12-28,7876,7,435532.50527381897,71.0,27.0,44.0,71,illiquid
XPL,2006-09-06,2023-12-28,4358,5,25141.50040745735,96.0,28.0,68.0,91,illiquid
HOVNP,2005-11-30,2023-12-28,4550,5,37275.0,38.0,18.0,20.0,38,illiquid
HCKT,1998-05-28,2023-12-28,6440,7,2241899.909591675,873.0,326.0,547.0,869,illiquid
GJO,2005-11-21,2023-12-28,4556,5,15020.999908447266,39.0,11.0,28.0,39,illiquid
FCBC,1994-04-08,2023-12-28,7486,5,916487.996673584,429.0,159.0,270.0,425,illiquid
MSN,1994-09-01,2023-12-28,7383,7,2914.99995291233,225.0,102.0,123.0,213,illiquid
ALOT,1981-10-01,2023-12-28,10651,5,86519.99917030334,528.0,234.0,294.0,528,illiquid
XMMO,2005-03-03,2023-12-28,4739,5,3795472.1084594727,61.0,0.0,61.0,61,illiquid
XMVM,2005-03-03,2023-12-28,4739,5,578860.9825134277,30.0,0.0,30.0,30,illiquid
FLL,1993-08-17,2023-12-28,7647,7,606250.0,507.0,220.0,287.0,499,illiquid
FCO,1992-03-12,2023-12-28,8009,7,288605.9902667999,158.0,55.0,103.0,157,illiquid
MSD,1993-07-16,2023-12-28,7669,7,418019.4944381714,23.0,0.0,23.0,23,illiquid
HPI,2003-07-15,2023-12-28,5151,5,807175.5004882812,146.0,28.0,118.0,135,illiquid
XNTK,2000-10-02,2023-12-28,5847,7,1161822.0306396484,84.0,0.0,84.0,84,illiquid
MSB,1973-02-21,2023-12-28,12826,7,669455.9978485107,557.0,228.0,329.0,513,illiquid
XOMA,1986-06-06,2023-12-28,9467,7,448038.4991645813,1557.0,676.0,881.0,1501,illiquid
HPF,2002-11-26,2023-12-28,5308,5,606808.5067749023,86.0,0.0,86.0,86,illiquid
FCT,2004-05-26,2023-12-28,4932,5,686592.501783371,389.0,126.0,263.0,387,illiquid
ALLT,2006-11-16,2023-12-28,4307,5,149051.9998550415,1274.0,560.0,714.0,1257,illiquid
HCI,2008-09-15,2023-12-28,3849,5,3911563.9366149902,1359.0,472.0,887.0,1359,illiquid
ALRS,2003-03-20,2023-12-28,5231,5,564884.4879150391,148.0,0.0,148.0,148,illiquid
NQP,1991-02-21,2023-12-28,8276,7,562260.0038528442,28.0,0.0,28.0,28,illiquid
LUNA,2006-06-05,2023-12-28,4423,5,1178884.0190887451,7.0,0.0,7.0,7,illiquid
CHCI,2004-12-14,2023-12-28,4793,5,23247.999668121334,240.0,100.0,140.0,229,illiquid
EEV,2007-11-01,2023-12-28,4067,5,83680.00106811523,1681.0,831.0,850.0,1607,illiquid
FORR,1996-11-27,2023-12-28,6816,7,1481761.97385788,744.0,274.0,470.0,725,illiquid
VHC,1999-07-30,2023-12-28,6144,7,121387.50403404236,1468.0,671.0,797.0,1417,illiquid
OSUR,1986-11-17,2023-12-28,9353,7,3002623.521780968,1756.0,689.0,1067.0,1738,illiquid
VHI,1980-03-17,2023-12-28,11040,7,198477.00018882751,182.0,0.0,182.0,182,illiquid
LIVE,2002-01-29,2023-12-28,5518,5,108701.99813842772,920.0,457.0,463.0,906,illiquid
OSPN,1998-05-21,2023-12-28,6444,7,2967768.542289734,68.0,0.0,68.0,68,illiquid
FORD,1994-11-17,2023-12-28,7329,7,16148.999953269958,471.0,216.0,255.0,461,illiquid
FOR,2007-12-13,2023-12-28,4038,5,2886119.9717521667,907.0,378.0,529.0,845,illiquid
FONR,1981-10-29,2023-12-28,10630,7,156253.50012779236,382.0,176.0,206.0,366,illiquid
ltl,2008-05-22,2023-12-28,3928,5,4543.500137329102,0.0,0.0,0.0,0,illiquid
FOF,2006-11-28,2023-12-28,4300,5,560033.0017089844,90.0,23.0,67.0,86,illiquid
EFO,2009-06-04,2023-12-28,3668,5,76902.50072479248,107.0,50.0,57.0,107,illiquid
EFOI,1994-08-18,2023-12-28,7393,7,12645.690227866173,681.0,303.0,378.0,673,illiquid
GSIT,2007-03-29,2023-12-28,4218,5,303269.4971561432,492.0,233.0,259.0,424,illiquid
ORMP,2007-05-01,2023-12-28,4196,5,798152.5307893754,42.0,0.0,42.0,42,illiquid
EFR,2003-11-25,2023-12-28,5057,5,828924.0225791931,112.0,27.0,85.0,110,illiquid
FORTY,1997-10-20,2023-12-28,6591,7,14988.999938964844,236.0,104.0,132.0,232,illiquid
pht,2002-04-26,2023-12-28,5457,5,590728.9934635162,0.0,0.0,0.0,0,illiquid
EES,2007-02-23,2023-12-28,4242,5,1232579.4841766355,167.0,0.0,167.0,163,illiquid
OTTW,2007-05-09,2023-12-28,4190,5,2023.9999771118164,4.0,0.0,4.0,4,illiquid
EDF,2010-12-27,2023-12-28,3274,5,315599.49955940247,831.0,43.0,788.0,828,illiquid
EDN,2007-04-26,2023-12-28,4199,5,436561.9905471802,426.0,179.0,247.0,420,illiquid
AUDC,1999-05-28,2023-12-28,6187,7,1379168.501329422,961.0,346.0,615.0,947,illiquid
AUBN,1995-08-03,2023-12-28,7151,7,26603.00054550171,262.0,110.0,152.0,262,illiquid
GLDD,2006-12-27,2023-12-28,4280,5,2711196.486902237,207.0,0.0,207.0,207,illiquid
EDSA,2010-06-21,2023-12-28,3405,5,62704.99968528748,49.0,0.0,49.0,49,illiquid
EDUC,1980-03-18,2023-12-28,11039,7,19490.000462532043,47.0,0.0,47.0,47,illiquid
OXSQ,2003-11-24,2023-12-28,5058,5,619368.0019855499,42.0,0.0,42.0,42,illiquid
EDZ,2008-12-30,2023-12-28,3775,5,1858514.4718647003,35.0,0.0,35.0,32,illiquid
VGM,1992-02-19,2023-12-28,8025,7,1096887.9925727844,425.0,188.0,237.0,423,illiquid
EEA,1986-07-18,2023-12-28,9438,7,28907.998752593998,89.0,20.0,69.0,89,illiquid
OVLY,2003-10-15,2023-12-28,5086,5,423353.0041694641,200.0,79.0,121.0,198,illiquid
GLBZ,1999-11-10,2023-12-28,6072,7,14566.999983787537,184.0,76.0,108.0,178,illiquid
OVBC,1994-11-04,2023-12-28,7338,7,35990.00053405762,244.0,102.0,142.0,242,illiquid
virc,1980-03-18,2023-12-28,11039,7,109199.99794960022,0.0,0.0,0.0,0,illiquid
LINC,2005-06-23,2023-12-28,4661,5,522254.0010690689,737.0,365.0,372.0,673,illiquid
FOSL,1993-04-08,2023-12-28,7737,7,1080210.0138664246,4363.0,1812.0,2551.0,4235,illiquid
VGZ,1984-11-29,2023-12-28,9849,7,74711.99793815613,410.0,166.0,244.0,390,illiquid
VIOG,2010-09-09,2023-12-28,3349,5,1507334.4779968262,197.0,40.0,157.0,197,illiquid
ATRO,1980-03-17,2023-12-28,11040,7,1871939.951848984,1140.0,481.0,659.0,1110,illiquid
EFT,2004-07-26,2023-12-28,4892,5,904079.0030479432,370.0,150.0,220.0,364,illiquid
NR,1990-09-06,2023-12-28,8392,7,3303518.9764022827,1072.0,438.0,634.0,1041,illiquid
EHTH,2006-10-20,2023-12-28,4326,5,2143540.47703743,1888.0,791.0,1097.0,1868,illiquid
JCE,2007-03-28,2023-12-28,4219,5,545274.4832515717,92.0,46.0,46.0,92,illiquid
FNX,2007-05-10,2023-12-28,4189,5,2541329.92515564,208.0,22.0,186.0,206,illiquid
EIG,2007-01-31,2023-12-28,4258,5,4404727.621459961,1044.0,345.0,699.0,995,illiquid
GGN,2005-03-29,2023-12-28,4722,5,1668591.995859146,154.0,25.0,129.0,147,illiquid
ATHX,2007-06-12,2023-12-28,4167,5,107820.0179759562,1435.0,596.0,839.0,1407,illiquid
EIM,2002-08-28,2023-12-28,5371,5,1417590.0279045105,133.0,27.0,106.0,129,illiquid
VKI,1993-10-14,2023-12-28,7606,7,728775.9717941284,148.0,54.0,94.0,148,illiquid
EIS,2008-03-28,2023-12-28,3967,5,707080.5141448975,766.0,312.0,454.0,694,illiquid
VKQ,1991-11-21,2023-12-28,8085,7,1043654.0335655212,169.0,59.0,110.0,169,illiquid
VLGEA,1973-02-21,2023-12-28,12826,7,504912.0054244995,389.0,177.0,212.0,367,illiquid
ONCY,2001-10-05,2023-12-28,5596,5,536693.9936876297,859.0,402.0,457.0,844,illiquid
ONCT,2004-02-03,2023-12-28,5011,5,85681.5034046769,126.0,0.0,126.0,126,illiquid
ATHE,2003-09-29,2023-12-28,5098,5,12513.00036907196,78.0,0.0,78.0,78,illiquid
ELA,1992-03-18,2023-12-28,8005,7,178855.99505901337,31.0,0.0,31.0,31,illiquid
ELD,2010-08-09,2023-12-28,3371,5,211257.99674987796,932.0,393.0,539.0,886,illiquid
uis,1972-06-01,2023-12-28,13006,7,2568632.4622631078,0.0,0.0,0.0,0,illiquid
EHI,2003-07-29,2023-12-28,5141,5,342613.50269317627,65.0,29.0,36.0,65,illiquid
ABUS,2007-07-26,2023-12-28,4136,5,1439049.0058898926,187.0,0.0,187.0,187,illiquid
ATLO,2000-02-15,2023-12-28,6006,7,412430.48515319824,77.0,22.0,55.0,77,illiquid
EFU,2007-10-25,2023-12-28,4072,5,52069.50130462647,176.0,75.0,101.0,172,illiquid
tyd,2009-04-16,2023-12-28,3702,5,997203.4805297852,0.0,0.0,0.0,0,illiquid
EFZ,2007-10-25,2023-12-28,4072,5,1131508.4930419922,295.0,131.0,164.0,281,illiquid
VIOV,2010-09-09,2023-12-28,3349,5,3823122.031402588,261.0,34.0,227.0,261,illiquid
ORAN,1997-10-20,2023-12-28,6591,7,4051264.475059509,1576.0,450.0,1126.0,1576,illiquid
ATRI,1980-03-18,2023-12-28,11039,7,1893483.0001831052,450.0,179.0,271.0,436,illiquid
OPY,1982-10-06,2023-12-28,10394,7,2083375.5001068115,460.0,197.0,263.0,408,illiquid
OPTT,2007-04-25,2023-12-28,4200,5,75282.00135827065,1248.0,555.0,693.0,1233,illiquid
BWFG,2010-04-05,2023-12-28,3459,5,310574.4981765747,270.0,98.0,172.0,270,illiquid
OPRX,2007-11-28,2023-12-28,4049,5,1532149.5065689087,119.0,0.0,119.0,119,illiquid
ATNI,1991-11-14,2023-12-28,8090,7,1481673.4575271606,834.0,336.0,498.0,810,illiquid
EGPT,2010-02-18,2023-12-28,3490,5,138804.00352478027,1144.0,509.0,635.0,1090,illiquid
OPOF,1999-01-11,2023-12-28,6283,7,52073.0016708374,191.0,74.0,117.0,189,illiquid
IBIO,2008-08-19,2023-12-28,3867,5,221659.00185108185,925.0,459.0,466.0,925,illiquid
OPK,1995-11-02,2023-12-28,7087,7,3260790.993577242,4168.0,1740.0,2428.0,4164,illiquid
EGY,1993-01-29,2023-12-28,7785,7,4226853.056430817,1148.0,427.0,721.0,1144,illiquid
AC,2007-12-27,2023-12-28,4017,9,225802.49252319336,476.0,0.0,476.0,476,illiquid
OPHC,2003-06-23,2023-12-28,5166,5,10484.499979019163,229.0,113.0,116.0,227,illiquid
rave,1993-09-01,2023-12-28,7636,7,65674.99988079071,0.0,0.0,0.0,0,illiquid
VFL,1993-02-19,2023-12-28,7771,7,289417.5076007843,189.0,76.0,113.0,189,illiquid
EDD,2007-04-24,2023-12-28,4201,5,758487.5004053116,78.0,22.0,56.0,77,illiquid
EDC,2008-12-30,2023-12-28,3775,5,2396699.981689453,1995.0,966.0,1029.0,1827,illiquid
PDT,1989-12-15,2023-12-28,8574,7,1396647.0383167267,468.0,205.0,263.0,446,illiquid
PDS,1996-11-15,2023-12-28,6824,7,3602045.976257324,1319.0,539.0,780.0,1300,illiquid
VBFC,1996-04-01,2023-12-28,6984,7,5450.0,58.0,25.0,33.0,56,illiquid
PDN,2007-09-28,2023-12-28,4091,5,779273.0018615723,98.0,24.0,74.0,95,illiquid
VBIV,2010-04-26,2023-12-28,3444,5,253820.25316381452,856.0,373.0,483.0,856,illiquid
CHIM,2010-01-14,2023-12-28,3513,5,5553.499889373779,155.0,55.0,100.0,151,illiquid
DXLG,1987-06-02,2023-12-28,9218,7,2329673.930168152,156.0,0.0,156.0,156,illiquid
DXPE,1998-05-07,2023-12-28,6454,7,2176097.937774658,412.0,0.0,412.0,412,illiquid
PDEX,1986-08-07,2023-12-28,9424,7,38768.000507354736,237.0,105.0,132.0,227,illiquid
DXYN,1986-11-25,2023-12-28,9347,7,18428.999769687653,413.0,181.0,232.0,409,illiquid
GROW,1985-04-24,2023-12-28,9749,7,60255.000829696655,108.0,0.0,108.0,107,illiquid
FRD,1980-03-17,2023-12-28,11040,7,203097.0006465912,276.0,120.0,156.0,274,illiquid
PCYO,1994-04-13,2023-12-28,7481,7,541166.0138130188,471.0,182.0,289.0,471,illiquid
ICCC,1987-05-05,2023-12-28,9237,7,37728.49934101105,404.0,193.0,211.0,398,illiquid
AVNW,1987-05-19,2023-12-28,9227,7,1918119.0035820007,595.0,294.0,301.0,555,illiquid
PCTI,1999-08-10,2023-12-22,6134,7,190200.2013683319,902.0,390.0,512.0,888,illiquid
DZSI,2003-11-14,2023-12-28,5064,5,789175.9908914566,64.0,0.0,64.0,64,illiquid
VBF,1982-12-21,2023-12-28,10341,7,402960.0005626679,190.0,53.0,137.0,190,illiquid
tile,1983-04-14,2023-12-28,10262,7,2387655.969238281,0.0,0.0,0.0,0,illiquid
PEBK,1985-10-16,2023-12-28,9628,7,157425.0002861023,177.0,85.0,92.0,173,illiquid
PEBO,1993-02-10,2023-12-28,7777,7,2863570.975589752,571.0,201.0,370.0,567,illiquid
PFC,1993-07-20,2023-12-28,7667,7,2593062.533378601,235.0,0.0,235.0,235,illiquid
AXGN,1986-12-17,2023-12-28,9332,7,1683605.9930801392,909.0,451.0,458.0,909,illiquid
PFBC,1999-08-19,2023-12-28,6130,7,4924898.476028442,955.0,335.0,620.0,939,illiquid
PEZ,2006-10-12,2023-12-28,4332,5,41216.99981689453,315.0,23.0,292.0,307,illiquid
LCUT,1991-06-05,2023-12-28,8204,7,248520.50626277924,594.0,234.0,360.0,586,illiquid
AXDX,1994-04-07,2023-12-28,7485,7,123196.49824619292,739.0,366.0,373.0,739,illiquid
CHIX,2010-01-22,2023-12-28,3508,5,95157.99722671507,155.0,56.0,99.0,151,illiquid
FRI,2007-05-10,2023-12-28,4189,5,478901.0074615479,223.0,52.0,171.0,219,illiquid
PCQ,2001-06-27,2023-12-28,5662,7,526783.4981918335,227.0,75.0,152.0,226,illiquid
PESI,1992-12-08,2023-12-28,7821,7,478383.00375938416,503.0,219.0,284.0,499,illiquid
PEO,1980-03-17,2023-12-28,11040,7,1118843.983459473,481.0,197.0,284.0,459,illiquid
DWX,2008-02-20,2023-12-28,3993,5,1055444.9867248535,198.0,58.0,140.0,196,illiquid
PEJ,2005-06-23,2023-12-28,4661,5,2300882.4995040894,1346.0,418.0,928.0,1311,illiquid
AWRE,1996-08-09,2023-12-28,6893,7,26163.00058364868,225.0,109.0,116.0,221,illiquid
VALU,1983-05-10,2023-12-28,10244,7,82159.5006942749,341.0,139.0,202.0,327,illiquid
AWP,2007-04-26,2023-12-28,4199,5,1119646.0047602654,461.0,227.0,234.0,459,illiquid
PED,2003-05-02,2023-12-28,5201,5,86754.99856472015,316.0,126.0,190.0,312,illiquid
AWF,1993-07-27,2023-12-28,7662,7,1829519.496679306,509.0,251.0,258.0,505,illiquid
DWSN,1990-03-26,2023-12-28,8506,7,5485.000115633011,545.0,226.0,319.0,535,illiquid
OMEX,1999-10-26,2023-12-28,6083,7,136345.50193548205,523.0,232.0,291.0,519,illiquid
DZZ,2008-02-28,2023-12-28,3987,5,12388.499689102173,4717.0,2343.0,2374.0,4657,illiquid
PCN,2001-12-19,2023-12-28,5544,5,1837575.0027656555,178.0,40.0,138.0,171,illiquid
GRX,2007-06-19,2023-12-28,4162,5,323506.0057640076,388.0,179.0,209.0,386,illiquid
GSAT,2006-11-02,2023-12-28,4317,5,4278726.170021296,1175.0,584.0,591.0,1165,illiquid
CHII,2009-12-01,2023-12-28,3543,5,4210.000038146973,139.0,45.0,94.0,135,illiquid
mnsb,2005-09-06,2023-12-28,4610,5,319672.99880981445,0.0,0.0,0.0,0,illiquid
EBTC,2005-02-14,2023-12-28,4751,5,404192.0087814331,288.0,114.0,174.0,288,illiquid
VEON,1996-11-15,2023-12-28,6824,7,644621.0,159.0,0.0,159.0,159,illiquid
GSBC,1989-12-15,2023-12-28,8574,7,1206411.0038757324,400.0,110.0,290.0,393,illiquid
JCTCF,1996-04-12,2023-12-28,6976,7,10608.000349998474,180.0,90.0,90.0,176,illiquid
vlt,1989-04-21,2023-12-28,8740,7,152298.50101470947,0.0,0.0,0.0,0,illiquid
ECF,1986-06-23,2023-12-28,9456,7,297637.0038986206,149.0,59.0,90.0,149,illiquid
CHIE,2010-01-22,2023-12-28,3508,5,53267.000102996826,142.0,54.0,88.0,136,illiquid
VERU,1999-02-11,2023-12-28,6261,7,1387813.0059957504,162.0,0.0,162.0,162,illiquid
FPAY,2010-04-05,2023-12-28,3459,5,21441.999796032906,59.0,0.0,59.0,59,illiquid
PALL,2010-01-08,2023-12-28,3517,5,3461839.465713501,2435.0,1134.0,1301.0,2091,illiquid
mna,2009-11-17,2023-12-28,3552,5,1682496.9671249392,0.0,0.0,0.0,0,illiquid
EDAP,1997-08-01,2023-12-28,6646,7,445787.4929904938,1035.0,404.0,631.0,1013,illiquid
CHIC,2010-01-22,2023-12-28,3508,5,8751.000022888184,21.0,0.0,21.0,21,illiquid
mntx,2005-02-15,2023-12-28,4750,5,104638.50028514862,0.0,0.0,0.0,0,illiquid
EBMT,2000-04-06,2023-12-28,5970,7,83050.99868774414,389.0,148.0,241.0,389,illiquid
GCC,2008-01-24,2023-12-28,4011,5,742060.5125427246,3613.0,1763.0,1850.0,3590,illiquid
EBF,1980-03-17,2023-12-28,11040,7,1679690.5433654785,529.0,223.0,306.0,507,illiquid
PCM,1993-08-27,2023-12-28,7639,7,197787.9948616028,215.0,76.0,139.0,215,illiquid
PCK,2002-06-26,2023-12-28,5415,5,410099.9952554703,92.0,0.0,92.0,91,illiquid
EAD,2003-02-26,2023-12-28,5247,5,1104656.013393402,134.0,22.0,112.0,132,illiquid
LEDS,2010-12-09,2023-12-28,3285,5,17966.999995708466,1243.0,590.0,653.0,1229,illiquid
LEE,1980-03-17,2023-12-28,11041,7,109313.49844932556,672.0,306.0,366.0,658,illiquid
PCF,1987-07-09,2023-12-28,9192,7,361490.0060653687,186.0,53.0,133.0,186,illiquid
PCEF,2010-02-19,2023-12-28,3489,5,1947389.9995803835,612.0,51.0,561.0,608,illiquid
FRBK,1988-11-08,2023-12-28,8853,7,342143.21939980984,300.0,118.0,182.0,290,illiquid
ICAD,1984-12-13,2023-12-28,9839,7,270177.99335718155,592.0,254.0,338.0,582,illiquid
AVK,2003-04-30,2023-12-28,5203,5,1091656.0211658478,63.0,28.0,35.0,63,illiquid
PBT,1980-10-24,2023-12-28,10885,7,2620721.019744873,492.0,170.0,322.0,470,illiquid
FRAF,1994-04-06,2023-12-28,7486,7,106032.000541687,20.0,0.0,20.0,20,illiquid
FRA,2003-10-29,2023-12-28,5076,5,1543754.0444374084,562.0,151.0,411.0,558,illiquid
GRVY,2005-02-08,2023-12-28,4755,5,1189297.9703903198,566.0,228.0,338.0,564,illiquid
PBP,2007-12-27,2023-12-28,4029,5,299267.99612045294,121.0,0.0,121.0,119,illiquid
LEO,1987-09-23,2023-12-28,9139,7,893711.9956254959,757.0,327.0,430.0,747,illiquid
PBJ,2005-06-23,2023-12-28,4661,5,1537845.546722412,1468.0,487.0,981.0,1430,illiquid
FPX,2006-05-24,2023-12-28,4430,5,2188608.945465088,780.0,201.0,579.0,768,illiquid
FRBA,2010-10-15,2023-12-28,3323,5,408360.51330566406,322.0,105.0,217.0,322,illiquid
OMER,2009-10-08,2023-12-28,3580,5,1545164.0192985537,1996.0,885.0,1111.0,1992,illiquid
TCI,1985-03-07,2023-12-28,9782,7,126103.99980545044,188.0,85.0,103.0,184,illiquid
FNCB,1999-10-26,2023-12-28,6083,7,71888.99972438812,25.0,0.0,25.0,25,illiquid
ARMP,1994-05-20,2023-12-28,7455,7,23468.499875068665,41.0,0.0,41.0,41,illiquid
CFFI,1998-05-07,2023-12-28,6454,7,327561.5104675293,313.0,132.0,181.0,307,illiquid
EOI,2004-10-27,2023-12-28,4826,5,955993.5137748718,91.0,42.0,49.0,89,illiquid
NTIC,1992-03-27,2023-12-28,7998,7,82075.00038146973,731.0,299.0,432.0,727,illiquid
NTGR,2003-07-31,2023-12-28,5139,5,2758726.9997119904,1812.0,697.0,1115.0,1755,illiquid
NWLI,1975-11-17,2023-12-28,12133,7,3407427.053833008,279.0,115.0,164.0,275,illiquid
CAAS,2003-03-24,2023-12-28,5229,5,261634.002494812,1110.0,442.0,668.0,1007,illiquid
NWPX,1995-11-30,2023-12-28,7068,7,996812.4953269958,805.0,336.0,469.0,797,illiquid
NTG,2010-07-29,2023-12-28,3378,5,476208.0099105835,610.0,290.0,320.0,604,illiquid
EOD,2007-03-28,2023-12-28,4219,5,341502.00991630554,200.0,85.0,115.0,198,illiquid
ENZL,2010-09-02,2023-12-28,3353,5,385260.99433898926,493.0,201.0,292.0,469,illiquid
NXC,1992-06-19,2023-12-28,7940,7,129244.49744224548,28.0,0.0,28.0,28,illiquid
NXJ,2002-09-12,2023-12-28,5361,5,798603.9814949036,257.0,99.0,158.0,257,illiquid
NXN,1992-06-19,2023-12-28,7940,7,63786.001014709465,113.0,42.0,71.0,113,illiquid
AROW,1980-09-18,2023-12-28,10911,7,1001668.4970855712,538.0,198.0,340.0,525,illiquid
IAE,2007-03-28,2023-12-28,4219,5,151601.99966430664,128.0,47.0,81.0,125,illiquid
IAF,1985-12-16,2023-12-28,9586,7,216884.99269485477,151.0,57.0,94.0,151,illiquid
ASA,1978-01-03,2023-12-28,11597,7,598432.9915523529,1525.0,737.0,788.0,1481,illiquid
AADR,2010-07-21,2023-12-28,3384,5,50743.00003051758,141.0,32.0,109.0,140,illiquid
IAK,2006-05-05,2023-12-28,4443,5,2822644.4679260254,796.0,167.0,629.0,786,illiquid
FMBH,1999-03-16,2023-12-28,6239,7,1229952.9941558838,98.0,0.0,98.0,98,illiquid
ERH,2004-04-28,2023-12-28,4952,5,164639.99795913696,168.0,50.0,118.0,167,illiquid
ENSV,1994-04-13,2023-12-28,7481,7,80284.3982487917,277.0,114.0,163.0,277,illiquid
EOT,2009-05-27,2023-12-28,3674,5,516035.99195480347,127.0,25.0,102.0,126,illiquid
CEV,1999-01-27,2023-12-28,6272,7,172930.00326156616,162.0,58.0,104.0,162,illiquid
ARTW,1980-03-17,2023-12-28,11040,7,13152.499771118164,288.0,137.0,151.0,276,illiquid
VXRT,1981-12-11,2023-12-28,10600,7,804820.0214445591,410.0,0.0,410.0,410,illiquid
JAN,1991-11-07,2023-12-28,8095,7,30590.500283241272,0.0,0.0,0.0,0,illiquid
ESEA,2006-05-05,2023-12-28,4443,5,531544.0017700195,1007.0,418.0,589.0,972,illiquid
JAKK,1996-05-02,2023-12-28,6962,7,1771850.501728058,1812.0,906.0,906.0,1758,illiquid
ENZ,1980-06-12,2023-12-28,10979,7,187785.99623441696,1103.0,444.0,659.0,1091,illiquid
LOAN,1999-05-13,2023-12-28,6198,7,83967.50078201294,337.0,165.0,172.0,337,illiquid
FMNB,1999-01-04,2023-12-28,6289,5,1093142.0063495636,409.0,140.0,269.0,409,illiquid
AAU,2005-12-20,2023-12-28,4536,5,30687.499660998576,198.0,85.0,113.0,178,illiquid
wf,2003-10-01,2023-12-28,5096,5,1066450.0247955322,0.0,0.0,0.0,0,illiquid
xtnt,2010-07-01,2023-12-28,3397,5,30672.00014591217,0.0,0.0,0.0,0,illiquid
LPTH,1996-02-22,2023-12-28,7011,7,55353.99982333183,461.0,227.0,234.0,459,illiquid
CFBK,1998-12-30,2023-12-28,6290,7,27801.00030899048,224.0,70.0,154.0,222,illiquid
GURE,2006-10-23,2023-12-28,4325,5,30637.500774860386,461.0,220.0,241.0,461,illiquid
EQL,2009-07-07,2023-12-28,3646,5,667371.4988708496,51.0,0.0,51.0,49,illiquid
VTWG,2010-09-22,2023-12-28,3340,5,2060482.07321167,159.0,48.0,111.0,159,illiquid
VTN,1992-05-13,2023-12-28,7966,7,322787.49895095825,129.0,44.0,85.0,129,illiquid
VTWV,2010-09-22,2023-12-28,3340,5,2711784.447860718,256.0,41.0,215.0,255,illiquid
LPL,2004-07-22,2023-12-28,4894,5,848099.9686002731,1161.0,577.0,584.0,1117,illiquid
VVI,2004-06-22,2023-12-28,4915,5,2459383.445835113,677.0,257.0,420.0,675,illiquid
EQWL,2006-12-01,2023-12-28,4297,5,1907699.478149414,56.0,0.0,56.0,56,illiquid
NTWK,1998-09-25,2023-12-28,6356,7,16189.4996881485,706.0,308.0,398.0,696,illiquid
GUT,1999-07-12,2023-12-28,6158,7,788283.9909553528,133.0,26.0,107.0,132,illiquid
ERC,2003-06-25,2023-12-28,5164,5,501344.9988365173,189.0,43.0,146.0,186,illiquid
CAC,1997-10-08,2023-12-28,6599,7,1406285.0147247314,527.0,193.0,334.0,507,illiquid
pie,2008-01-07,2023-12-28,4023,5,486332.0122718812,0.0,0.0,0.0,0,illiquid
NUV,1987-06-17,2023-12-28,9207,7,3321728.57170105,121.0,22.0,99.0,121,illiquid
EPV,2009-06-19,2023-12-28,3657,5,2561934.496116638,4271.0,2121.0,2150.0,4214,illiquid
ARKR,1985-12-13,2023-12-28,9587,7,49902.49881744385,414.0,185.0,229.0,408,illiquid
EPM,1996-04-11,2023-12-28,6977,7,2116371.955943108,968.0,231.0,737.0,947,illiquid
NTIP,2003-11-24,2023-12-28,5058,5,11876.000154018402,323.0,148.0,175.0,323,illiquid
EPOL,2010-05-26,2023-12-28,3422,5,4305436.458873749,650.0,262.0,388.0,630,illiquid
ADX,1980-03-17,2023-12-28,11040,7,2512377.9315948486,493.0,206.0,287.0,481,illiquid
VTHR,2010-09-22,2023-12-28,3340,5,2900321.0037231445,81.0,25.0,56.0,80,illiquid
NUW,2009-02-25,2023-12-28,3737,5,475045.00131607056,110.0,25.0,85.0,109,illiquid
FMN,2002-12-20,2023-12-28,5291,5,282697.5006103516,698.0,315.0,383.0,696,illiquid
NVGS,2007-01-09,2023-12-28,4273,5,1722837.0479106903,659.0,259.0,400.0,659,illiquid
ESCA,1980-03-17,2023-12-28,11040,7,260238.5027885437,456.0,170.0,286.0,452,illiquid
EPSN,2007-11-15,2023-12-28,4057,5,397086.9900465012,31.0,0.0,31.0,31,illiquid
EPU,2009-06-22,2023-12-28,3656,5,415716.4952278137,986.0,395.0,591.0,892,illiquid
NVEC,1995-05-23,2023-12-28,7201,7,2484252.06451416,477.0,177.0,300.0,468,illiquid
CEVA,2002-11-01,2023-12-28,5325,5,2765321.062850952,1358.0,552.0,806.0,1327,illiquid
NVIV,2010-11-15,2023-12-28,3302,5,25732.000613212585,41.0,0.0,41.0,41,illiquid
GTN-A,1993-03-17,2023-12-28,7753,7,8412.999773025513,8583.0,0.0,8583.0,8583,illiquid
NTZ,1993-05-13,2023-12-28,7713,7,14179.500150680542,100.0,0.0,100.0,99,illiquid
ASG,1986-03-06,2023-12-28,9531,7,876387.5135183334,63.0,0.0,63.0,62,illiquid
BYM,2002-10-29,2023-12-28,5328,5,673388.4918689728,56.0,0.0,56.0,56,illiquid
EMD,2003-12-04,2023-12-28,5051,5,1442898.9902496338,753.0,338.0,415.0,747,illiquid
ESLT,1996-11-27,2023-12-28,6816,7,4516925.964355469,1185.0,433.0,752.0,1169,illiquid
CERS,1997-01-31,2023-12-28,6772,7,2659929.0103793144,1513.0,699.0,814.0,1493,illiquid
OGEN,2004-02-25,2023-12-28,4996,5,32066.00046157837,576.0,259.0,317.0,576,illiquid
BYFC,1996-01-09,2023-12-28,7042,7,38881.999113082886,181.0,80.0,101.0,173,illiquid
ASTC,1995-12-21,2023-12-28,7053,7,33217.5012588501,693.0,319.0,374.0,683,illiquid
ASTE,1986-06-18,2023-12-28,9459,7,3953722.5231170654,1716.0,611.0,1105.0,1684,illiquid
ASUR,1992-04-07,2023-12-28,7991,7,2405722.009754181,1342.0,404.0,938.0,1334,illiquid
ASYS,1983-08-09,2023-12-28,10181,7,248732.4903011322,1074.0,460.0,614.0,985,illiquid
ESP,1980-03-17,2023-12-28,11040,7,94233.00018310548,397.0,128.0,269.0,376,illiquid
NRT,1980-03-17,2023-12-28,11040,7,1003480.5066108704,251.0,90.0,161.0,245,illiquid
ELTK,1997-01-22,2023-12-28,6779,7,159319.50149536133,598.0,281.0,317.0,594,illiquid
weys,1980-03-17,2023-12-28,11040,7,287203.00521850586,0.0,0.0,0.0,0,illiquid
GTE,2005-12-21,2023-12-28,4535,5,2141900.459218025,1050.0,443.0,607.0,1025,illiquid
VMO,1992-06-03,2023-12-28,7952,7,1254488.0086898804,644.0,297.0,347.0,643,illiquid
CGW,2007-05-14,2023-12-28,4187,5,2035230.443954468,246.0,58.0,188.0,243,illiquid
NRO,2003-10-29,2023-12-28,5076,5,425512.01055049896,241.0,74.0,167.0,240,illiquid
ELP,1997-07-30,2023-12-28,6648,7,3204359.786344528,257.0,0.0,257.0,256,illiquid
NRK,2003-01-16,2023-12-28,5274,5,1590210.053730011,232.0,87.0,145.0,232,illiquid
NRIM,1990-11-15,2023-12-28,8342,7,897902.0141601562,580.0,214.0,366.0,580,illiquid
FLXS,1980-03-17,2023-12-28,11040,7,128908.49704742432,499.0,204.0,295.0,495,illiquid
ESSA,2007-04-04,2023-12-28,4214,5,213241.49680137637,285.0,93.0,192.0,283,illiquid
ELOX,1998-12-11,2023-12-28,6302,7,115280.10938382147,40.0,0.0,40.0,40,illiquid
ELMD,2010-08-13,2023-12-28,3367,5,107851.4991760254,369.0,167.0,202.0,367,illiquid
WASH,1987-06-08,2023-12-28,9214,7,2900569.493675232,118.0,0.0,118.0,118,illiquid
FNLC,1999-07-14,2023-12-28,6156,7,283747.4961280823,259.0,103.0,156.0,253,illiquid
FLWS,1999-08-03,2023-12-28,6142,7,3839956.543922424,1320.0,538.0,782.0,1292,illiquid
OLP,1983-04-25,2023-12-28,10256,5,1129606.016254425,655.0,274.0,381.0,646,illiquid
xpp,2009-06-04,2023-12-28,3668,5,145605.00049591064,0.0,0.0,0.0,0,illiquid
NRP,2002-10-11,2023-12-28,5340,5,1113732.504272461,1207.0,488.0,719.0,1173,illiquid
OFLX,2005-08-01,2023-12-28,4635,5,1171339.9810791016,322.0,125.0,197.0,320,illiquid
ASRV,1985-01-30,2023-12-28,9807,7,25770.500540733337,221.0,89.0,132.0,219,illiquid
CET,1980-03-17,2023-12-28,11040,7,593789.9894714355,52.0,0.0,52.0,51,illiquid
OCN,1996-09-25,2023-12-28,6861,7,647035.9912872314,3373.0,1515.0,1858.0,3344,illiquid
VOXX,1992-03-16,2023-12-28,8007,7,588433.9868545532,1102.0,455.0,647.0,1087,illiquid
CGEN,2000-08-11,2023-12-28,5882,7,217844.50025260448,710.0,287.0,423.0,687,illiquid
ulh,2005-02-11,2023-12-28,4752,5,1039541.0146713256,0.0,0.0,0.0,0,illiquid
CGA,2008-04-16,2023-12-28,3954,5,12580.499970912932,528.0,250.0,278.0,512,illiquid
OCFC,1996-07-03,2023-12-28,6919,7,4251346.487188339,710.0,259.0,451.0,700,illiquid
GLBS,2008-03-11,2023-12-28,3979,5,67436.9970023632,1042.0,504.0,538.0,1042,illiquid
ENG,1995-01-20,2023-12-28,7286,7,55885.52026605606,355.0,174.0,181.0,351,illiquid
ODC,1980-03-19,2023-12-28,11038,7,937902.0149230956,503.0,207.0,296.0,489,illiquid
JBK,2004-04-05,2023-12-28,4968,5,0.0,2.0,1.0,1.0,2,illiquid
OBLG,1995-06-19,2023-12-28,7183,7,102050.49833506346,21.0,0.0,21.0,21,illiquid
ASM,2005-11-21,2023-12-28,4556,5,282780.0048351288,127.0,0.0,127.0,127,illiquid
OESX,2007-12-19,2023-12-28,4034,5,55111.50088310242,818.0,374.0,444.0,816,illiquid
LSBK,2006-04-05,2023-12-28,4464,5,10886.00025177002,173.0,83.0,90.0,173,illiquid
VRA,2010-10-21,2023-12-28,3319,5,1191665.4797554016,2418.0,1036.0,1382.0,2396,illiquid
EML,1980-03-17,2023-12-28,11040,7,90592.5012588501,397.0,155.0,242.0,389,illiquid
EMKR,1997-03-06,2023-12-28,6749,7,189338.99812996387,158.0,0.0,158.0,158,illiquid
EMIF,2009-06-19,2023-12-28,3657,5,15242.500400543213,153.0,31.0,122.0,144,illiquid
GTIM,1992-07-09,2023-12-28,7927,7,31991.501092910767,805.0,364.0,441.0,799,illiquid
ARAY,2007-02-08,2023-12-28,4252,5,1099428.9911866188,1871.0,671.0,1200.0,1871,illiquid
SQM,1993-09-21,2020-07-02,6702,7,20412364.58930969,1560.0,780.0,780.0,1492,price_ends_before_test_end(2020_freeze_or_delist)
BRKS,1995-02-02,2020-07-02,6399,7,17147523.174476624,1074.0,537.0,537.0,1056,price_ends_before_test_end(2020_freeze_or_delist)
IRL,1990-03-30,2020-04-01,7560,7,66334.5006942749,546.0,273.0,273.0,540,price_ends_before_test_end(2020_freeze_or_delist)
IPGP,2006-12-13,2020-04-01,3347,5,59474781.23931885,1600.0,800.0,800.0,1580,price_ends_before_test_end(2020_freeze_or_delist)
SSY,1980-03-18,2020-07-02,8852,19,8830.000093579292,320.0,160.0,160.0,308,price_ends_before_test_end(2020_freeze_or_delist)
IRET,1997-10-17,2020-06-19,5707,5,4599535.032272339,870.0,435.0,435.0,856,price_ends_before_test_end(2020_freeze_or_delist)
SPTL,2007-05-30,2020-06-19,3243,14,26274868.04599762,0.0,0.0,0.0,0,price_ends_before_test_end(2020_freeze_or_delist)
IRDM,2008-03-20,2020-07-02,3094,5,17039634.61837769,1104.0,552.0,552.0,1090,price_ends_before_test_end(2020_freeze_or_delist)
ISIG,1991-06-25,2020-07-02,7312,7,7030.000042915344,212.0,106.0,106.0,210,price_ends_before_test_end(2020_freeze_or_delist)
IPHI,2010-11-12,2020-07-02,2425,5,67985531.30168915,0.0,0.0,0.0,0,price_ends_before_test_end(2020_freeze_or_delist)
GIX,1999-09-27,2020-07-02,4857,437,18850.79984664917,0.0,0.0,0.0,0,price_ends_before_test_end(2020_freeze_or_delist)
IRM,1996-02-01,2020-07-02,6147,7,76856457.08141327,0.0,0.0,0.0,0,price_ends_before_test_end(2020_freeze_or_delist)
IPG,1980-03-17,2020-07-02,10162,7,74633170.47519684,2686.0,1343.0,1343.0,2558,price_ends_before_test_end(2020_freeze_or_delist)
BVSN,1996-06-21,2020-04-01,5985,7,18896.0002720356,494.0,247.0,247.0,494,price_ends_before_test_end(2020_freeze_or_delist)
STAA,1992-02-24,2020-07-02,7143,7,12328094.187736511,814.0,407.0,407.0,800,price_ends_before_test_end(2020_freeze_or_delist)
ITP,2007-10-01,2020-04-01,3148,5,11117.000341415403,0.0,0.0,0.0,0,price_ends_before_test_end(2020_freeze_or_delist)
ITOT,2004-01-23,2020-07-02,4137,5,104353028.46012115,116.0,58.0,58.0,116,price_ends_before_test_end(2020_freeze_or_delist)
IPI,2008-04-22,2020-06-19,3063,5,1188586.4897042513,894.0,447.0,447.0,796,price_ends_before_test_end(2020_freeze_or_delist)
IRBT,2005-11-09,2020-04-01,3622,5,56954873.33221436,2908.0,1454.0,1454.0,2850,price_ends_before_test_end(2020_freeze_or_delist)
IRIX,1996-02-16,2020-07-02,6136,7,63643.500673770905,498.0,249.0,249.0,496,price_ends_before_test_end(2020_freeze_or_delist)
SPXS,2008-11-19,2020-06-19,2915,5,145097242.77920723,60.0,30.0,30.0,60,price_ends_before_test_end(2020_freeze_or_delist)
GJH,2004-05-05,2020-07-02,4046,5,4970.0000286102295,0.0,0.0,0.0,0,price_ends_before_test_end(2020_freeze_or_delist)
IRCP,2003-11-05,2020-07-02,4192,5,41167.00146198273,0.0,0.0,0.0,0,price_ends_before_test_end(2020_freeze_or_delist)
SSYS,1994-10-21,2020-07-02,6464,7,11876905.498886108,4126.0,2063.0,2063.0,4106,price_ends_before_test_end(2020_freeze_or_delist)
CAI,2000-01-03,2020-07-02,5121,7,2130362.9450798035,0.0,0.0,0.0,0,price_ends_before_test_end(2020_freeze_or_delist)
SQBG,2004-09-22,2020-06-19,2589,159,47127.50038802624,846.0,423.0,423.0,846,price_ends_before_test_end(2020_freeze_or_delist)
CATS,2003-12-15,2020-07-02,4166,5,2097942.9679870605,0.0,0.0,0.0,0,price_ends_before_test_end(2020_freeze_or_delist)
GLP,2005-09-29,2020-06-19,3706,5,1697803.47738266,1018.0,509.0,509.0,998,price_ends_before_test_end(2020_freeze_or_delist)
ITRI,1993-11-05,2020-07-02,6712,7,17994976.371765137,1876.0,938.0,938.0,1746,price_ends_before_test_end(2020_freeze_or_delist)
SSRM,1996-08-01,2020-07-02,6021,7,21452270.217895508,0.0,0.0,0.0,0,price_ends_before_test_end(2020_freeze_or_delist)
ISSC,2000-08-04,2020-07-02,5009,7,79377.00009346008,258.0,129.0,129.0,254,price_ends_before_test_end(2020_freeze_or_delist)
IRR,2006-10-25,2020-07-02,3445,5,388418.5108304024,174.0,87.0,87.0,172,price_ends_before_test_end(2020_freeze_or_delist)
ISHG,2009-01-28,2020-07-02,2836,6,110012.00256347656,0.0,0.0,0.0,0,price_ends_before_test_end(2020_freeze_or_delist)
BZM,2002-04-26,2020-07-02,4578,5,31581.00004196167,106.0,53.0,53.0,106,price_ends_before_test_end(2020_freeze_or_delist)
BXG,1985-11-21,2020-07-02,7548,1667,385637.50200271606,0.0,0.0,0.0,0,price_ends_before_test_end(2020_freeze_or_delist)
BSAC,1994-10-31,2020-06-19,6455,7,7823011.102485657,380.0,190.0,190.0,380,price_ends_before_test_end(2020_freeze_or_delist)
BSD,1999-08-25,2020-07-02,5248,7,251737.50400543213,56.0,28.0,28.0,52,price_ends_before_test_end(2020_freeze_or_delist)
SRI,1997-10-10,2020-07-02,5718,7,5075218.547916412,702.0,351.0,351.0,672,price_ends_before_test_end(2020_freeze_or_delist)
ITB,2006-05-05,2020-07-02,3565,5,103364882.93361664,2408.0,1204.0,1204.0,2314,price_ends_before_test_end(2020_freeze_or_delist)
ITA,2006-05-05,2020-07-02,3565,5,34729094.162750244,924.0,462.0,462.0,890,price_ends_before_test_end(2020_freeze_or_delist)
IT,1993-10-05,2020-07-02,6735,7,68755552.73895264,3622.0,1811.0,1811.0,3100,price_ends_before_test_end(2020_freeze_or_delist)
IOVA,2010-05-27,2020-06-19,2450,31,31767569.64225769,0.0,0.0,0.0,0,price_ends_before_test_end(2020_freeze_or_delist)
GJR,2007-12-27,2020-06-19,3101,25,0.0,2.0,1.0,1.0,2,price_ends_before_test_end(2020_freeze_or_delist)
INVA,2004-10-05,2020-04-01,3900,5,8342483.004522324,0.0,0.0,0.0,0,price_ends_before_test_end(2020_freeze_or_delist)
BTN,2000-12-19,2020-07-02,4914,7,27640.00021219253,396.0,198.0,198.0,374,price_ends_before_test_end(2020_freeze_or_delist)
ISBC,2005-10-12,2020-07-02,3706,5,17653218.443965912,776.0,388.0,388.0,760,price_ends_before_test_end(2020_freeze_or_delist)
IOSP,1998-05-13,2020-07-02,5572,7,9118234.05532837,1102.0,551.0,551.0,1096,price_ends_before_test_end(2020_freeze_or_delist)
INVE,1997-10-07,2020-07-02,5445,13,160491.99647903442,768.0,384.0,384.0,764,price_ends_before_test_end(2020_freeze_or_delist)
IOR,1986-11-05,2020-07-02,8449,13,2621.0000038146973,0.0,0.0,0.0,0,price_ends_before_test_end(2020_freeze_or_delist)
IOO,2000-12-08,2020-07-02,4919,7,2946327.496147156,0.0,0.0,0.0,0,price_ends_before_test_end(2020_freeze_or_delist)
INVH,2005-10-25,2020-04-01,2712,244,99660228.99951936,0.0,0.0,0.0,0,price_ends_before_test_end(2020_freeze_or_delist)
SRT,1997-06-19,2020-07-02,5783,7,279419.99158859253,350.0,175.0,175.0,344,price_ends_before_test_end(2020_freeze_or_delist)
IONS,1991-05-17,2020-07-02,7338,7,52039521.53587341,0.0,0.0,0.0,0,price_ends_before_test_end(2020_freeze_or_delist)
SSD,1994-05-26,2020-07-02,6496,7,18522864.71557617,898.0,449.0,449.0,860,price_ends_before_test_end(2020_freeze_or_delist)
BTG,2008-06-24,2020-04-01,2964,5,21579683.188164234,616.0,308.0,308.0,616,price_ends_before_test_end(2020_freeze_or_delist)
SSBI,2006-07-14,2020-07-02,3143,13,32744.99979019165,170.0,85.0,85.0,170,price_ends_before_test_end(2020_freeze_or_delist)
BXMX,2004-10-27,2020-06-19,3939,5,2462299.9720573425,46.0,23.0,23.0,46,price_ends_before_test_end(2020_freeze_or_delist)
INWK,2006-08-16,2020-07-02,3494,5,459708.51368904114,742.0,371.0,371.0,732,price_ends_before_test_end(2020_freeze_or_delist)
IO,1991-04-02,2020-07-02,7371,7,903188.5124444962,972.0,486.0,486.0,954,price_ends_before_test_end(2020_freeze_or_delist)
BXS,1985-10-16,2020-07-02,8751,5,11380452.08530426,1134.0,567.0,567.0,1072,price_ends_before_test_end(2020_freeze_or_delist)
ISRG,2000-06-16,2020-06-19,5034,7,339073703.23791504,0.0,0.0,0.0,0,price_ends_before_test_end(2020_freeze_or_delist)
IRWD,2010-02-03,2020-07-02,2622,5,17555508.2549572,1690.0,845.0,845.0,1682,price_ends_before_test_end(2020_freeze_or_delist)
BSA,2002-08-07,2020-07-02,3698,625,295774.50590133667,0.0,0.0,0.0,0,price_ends_before_test_end(2020_freeze_or_delist)
INUV,1998-08-04,2020-06-19,5506,7,72183.99934396146,600.0,300.0,300.0,592,price_ends_before_test_end(2020_freeze_or_delist)
ITCB,2005-02-25,2020-07-02,3865,5,44047.00051546097,0.0,0.0,0.0,0,price_ends_before_test_end(2020_freeze_or_delist)
INTU,1993-03-12,2020-07-02,6878,7,338495449.9801636,3908.0,1954.0,1954.0,3740,price_ends_before_test_end(2020_freeze_or_delist)
CAJ,1980-03-17,2020-07-02,10162,7,7876550.094795227,1058.0,529.0,529.0,974,price_ends_before_test_end(2020_freeze_or_delist)
GLUU,2007-03-22,2020-07-02,3345,5,18434955.29165268,2832.0,1416.0,1416.0,2824,price_ends_before_test_end(2020_freeze_or_delist)
IPB,2004-01-20,2020-07-02,3136,19,26274.499702453613,4.0,2.0,2.0,4,price_ends_before_test_end(2020_freeze_or_delist)
STC,1973-02-21,2020-07-02,11420,10,5226595.562648773,610.0,305.0,305.0,594,price_ends_before_test_end(2020_freeze_or_delist)
ITM,2007-12-06,2020-07-02,3150,5,6169875.0831604,274.0,137.0,137.0,258,price_ends_before_test_end(2020_freeze_or_delist)
SSO,2006-06-21,2020-07-02,3533,5,243725980.72357175,112.0,56.0,56.0,112,price_ends_before_test_end(2020_freeze_or_delist)
GLV,2004-07-28,2020-06-19,4003,5,385056.4903259277,90.0,45.0,45.0,90,price_ends_before_test_end(2020_freeze_or_delist)
IPAR,1988-02-04,2020-07-02,8168,7,6322471.454238892,1396.0,698.0,698.0,1364,price_ends_before_test_end(2020_freeze_or_delist)
ITIC,1986-12-03,2020-07-02,8464,7,869519.5083618164,282.0,141.0,141.0,280,price_ends_before_test_end(2020_freeze_or_delist)
BSQR,1999-10-20,2023-12-15,6079,7,37484.6770336628,400.0,200.0,200.0,386,price_ends_before_test_end(2020_freeze_or_delist)
ITI,1994-01-04,2020-06-19,6663,7,706006.0034990311,0.0,0.0,0.0,0,price_ends_before_test_end(2020_freeze_or_delist)
BSTC,1991-11-14,2020-07-02,7212,7,2424158.4957122803,616.0,308.0,308.0,612,price_ends_before_test_end(2020_freeze_or_delist)
BSE,2002-10-29,2020-07-02,4450,5,117606.49690628052,114.0,57.0,57.0,114,price_ends_before_test_end(2020_freeze_or_delist)
SRCL,1996-08-23,2020-07-02,5991,7,35224326.49555206,1522.0,761.0,761.0,1458,price_ends_before_test_end(2020_freeze_or_delist)
SQQQ,2010-02-11,2020-07-02,2615,5,483392579.5658111,206.0,103.0,103.0,188,price_ends_before_test_end(2020_freeze_or_delist)
IR,1980-03-17,2020-07-02,10162,7,53760076.36470795,3204.0,1602.0,1602.0,3054,price_ends_before_test_end(2020_freeze_or_delist)
SRTY,2010-02-11,2020-07-02,2615,5,16699034.443187712,2636.0,1318.0,1318.0,2632,price_ends_before_test_end(2020_freeze_or_delist)
IRS,1994-12-20,2020-07-02,6429,7,283135.99759340286,398.0,199.0,199.0,376,price_ends_before_test_end(2020_freeze_or_delist)
SSNC,2010-03-31,2020-07-02,2583,5,86564345.58105469,0.0,0.0,0.0,0,price_ends_before_test_end(2020_freeze_or_delist)
SRDX,1998-03-04,2020-07-02,5621,7,3062644.5974349976,1320.0,660.0,660.0,1270,price_ends_before_test_end(2020_freeze_or_delist)
IP,1962-01-02,2020-07-02,14727,7,118506455.54008484,4294.0,2147.0,2147.0,3908,price_ends_before_test_end(2020_freeze_or_delist)
INT,1986-08-28,2020-07-02,8532,5,14303945.815467834,0.0,0.0,0.0,0,price_ends_before_test_end(2020_freeze_or_delist)
ISR,2005-11-10,2020-07-02,3685,5,148406.5033465624,690.0,345.0,345.0,644,price_ends_before_test_end(2020_freeze_or_delist)
INTG,1980-03-17,2020-07-01,10141,7,25856.50043487549,42.0,21.0,21.0,40,price_ends_before_test_end(2020_freeze_or_delist)
GLAD,2002-08-02,2020-06-19,4502,5,1396063.5420799255,990.0,495.0,495.0,988,price_ends_before_test_end(2020_freeze_or_delist)
INTT,1997-06-17,2020-07-02,5800,7,70434.99827384949,446.0,223.0,223.0,434,price_ends_before_test_end(2020_freeze_or_delist)
SSL,1982-04-26,2020-07-02,8497,16,5200058.121776581,1288.0,644.0,644.0,1256,price_ends_before_test_end(2020_freeze_or_delist)
SRE,1998-06-29,2020-07-02,5540,7,192215365.91758728,3272.0,1636.0,1636.0,3152,price_ends_before_test_end(2020_freeze_or_delist)
ITGR,2000-09-29,2020-04-01,4906,7,14664171.76208496,0.0,0.0,0.0,0,price_ends_before_test_end(2020_freeze_or_delist)
IQI,1992-09-22,2020-07-02,6997,7,1186640.4912471771,86.0,43.0,43.0,86,price_ends_before_test_end(2020_freeze_or_delist)
ISNS,1995-05-05,2020-07-02,6334,7,15727.500557899475,370.0,185.0,185.0,366,price_ends_before_test_end(2020_freeze_or_delist)
GLRE,2007-05-24,2020-04-01,3237,5,1573078.5732746124,1724.0,862.0,862.0,1716,price_ends_before_test_end(2020_freeze_or_delist)
MFNC,2000-03-17,2020-07-02,5106,7,175394.99888420105,274.0,137.0,137.0,270,price_ends_before_test_end(2020_freeze_or_delist)
BREW,1995-08-17,2020-07-02,6263,7,2314407.0665359497,882.0,441.0,441.0,882,price_ends_before_test_end(2020_freeze_or_delist)
GTY,1973-05-03,2020-06-19,11890,7,3731236.5858078,646.0,323.0,323.0,632,price_ends_before_test_end(2020_freeze_or_delist)
ARL,1982-04-21,2020-07-02,9633,7,42119.999742507935,206.0,103.0,103.0,202,price_ends_before_test_end(2020_freeze_or_delist)
HZO,1998-06-03,2020-07-02,5558,7,3356881.574964524,924.0,462.0,462.0,920,price_ends_before_test_end(2020_freeze_or_delist)
GTT,2006-11-29,2020-07-02,3421,5,5279710.723257065,768.0,384.0,384.0,768,price_ends_before_test_end(2020_freeze_or_delist)
ARNA,2000-07-28,2020-07-02,5014,7,22723914.317321777,4090.0,2045.0,2045.0,3836,price_ends_before_test_end(2020_freeze_or_delist)
ARNC,1962-01-02,2020-07-02,14664,92,81753280.48334122,0.0,0.0,0.0,0,price_ends_before_test_end(2020_freeze_or_delist)
GTS,2007-12-07,2020-07-02,3164,5,3956714.1214370728,736.0,368.0,368.0,724,price_ends_before_test_end(2020_freeze_or_delist)
ARTNA,1994-04-28,2020-04-01,6529,7,381171.00257873535,580.0,290.0,290.0,572,price_ends_before_test_end(2020_freeze_or_delist)
IAI,2006-05-05,2020-06-19,3556,5,1141509.9975585938,470.0,235.0,235.0,438,price_ends_before_test_end(2020_freeze_or_delist)
IAT,2006-05-05,2020-06-19,3556,5,4818168.159103394,708.0,354.0,354.0,682,price_ends_before_test_end(2020_freeze_or_delist)
ASFI,1995-11-14,2020-07-02,6201,7,30413.000988960262,336.0,168.0,168.0,318,price_ends_before_test_end(2020_freeze_or_delist)
IBA,1997-09-19,2020-06-19,5725,7,276773.0020523071,0.0,0.0,0.0,0,price_ends_before_test_end(2020_freeze_or_delist)
IBCP,2010-02-02,2020-06-19,2614,5,1811125.4917144773,460.0,230.0,230.0,448,price_ends_before_test_end(2020_freeze_or_delist)
ASMB,2010-12-17,2020-04-01,2337,5,4021054.4314384456,518.0,259.0,259.0,518,price_ends_before_test_end(2020_freeze_or_delist)
ASNA,1983-05-04,2020-04-01,9306,7,2892780.0075531006,2712.0,1356.0,1356.0,2712,price_ends_before_test_end(2020_freeze_or_delist)
HYUP,2009-01-02,2020-07-02,442,810,28633.799743652344,0.0,0.0,0.0,0,price_ends_before_test_end(2020_freeze_or_delist)
HYT,2003-05-29,2020-06-19,4296,5,4948983.574008942,1528.0,764.0,764.0,1528,price_ends_before_test_end(2020_freeze_or_delist)
ARGO,1986-11-14,2020-07-02,8476,7,8979644.020843506,0.0,0.0,0.0,0,price_ends_before_test_end(2020_freeze_or_delist)
GV,1974-04-09,2020-07-02,11653,7,131157.0015192032,0.0,0.0,0.0,0,price_ends_before_test_end(2020_freeze_or_delist)
GYC,2005-11-21,2020-06-29,3655,7,23918.000030517574,2.0,1.0,1.0,2,price_ends_before_test_end(2020_freeze_or_delist)
HWBK,1999-07-20,2020-07-02,5275,5,199399.4964599609,182.0,91.0,91.0,176,price_ends_before_test_end(2020_freeze_or_delist)
HWC,1991-06-04,2020-06-19,7318,7,16149920.971488953,0.0,0.0,0.0,0,price_ends_before_test_end(2020_freeze_or_delist)
HWCC,2006-06-15,2020-04-01,3473,5,120843.49842071532,410.0,205.0,205.0,404,price_ends_before_test_end(2020_freeze_or_delist)
HWKN,1980-03-18,2020-07-02,10161,7,1202436.004257202,292.0,146.0,146.0,292,price_ends_before_test_end(2020_freeze_or_delist)
AQN,2007-12-12,2020-04-01,2587,624,5907786.530351639,0.0,0.0,0.0,0,price_ends_before_test_end(2020_freeze_or_delist)
HXL,1980-03-17,2020-04-01,10098,7,37135312.34970093,1780.0,890.0,890.0,1754,price_ends_before_test_end(2020_freeze_or_delist)
ASPS,2009-08-06,2020-07-02,2746,5,1211216.989850998,1022.0,511.0,511.0,1012,price_ends_before_test_end(2020_freeze_or_delist)
HYB,1988-02-19,2020-06-19,8149,7,612562.4935626984,58.0,29.0,29.0,58,price_ends_before_test_end(2020_freeze_or_delist)
HYD,2009-02-05,2020-07-02,2872,5,26175960.86578369,562.0,281.0,281.0,534,price_ends_before_test_end(2020_freeze_or_delist)
ARC,2005-02-04,2020-07-02,3879,5,113286.99792027472,588.0,294.0,294.0,588,price_ends_before_test_end(2020_freeze_or_delist)
GWB,2005-02-15,2020-07-02,3245,464,9898732.133674622,472.0,236.0,236.0,472,price_ends_before_test_end(2020_freeze_or_delist)
HYG,2007-04-11,2020-07-02,3332,5,1887999756.414795,4956.0,2478.0,2478.0,4894,price_ends_before_test_end(2020_freeze_or_delist)
GVP,1995-07-27,2020-06-19,6269,7,17345.999836921692,318.0,159.0,159.0,306,price_ends_before_test_end(2020_freeze_or_delist)
HYI,2010-10-27,2020-07-02,2437,5,1120067.0065879822,260.0,130.0,130.0,258,price_ends_before_test_end(2020_freeze_or_delist)
HYLD,2010-12-01,2020-07-02,2411,5,657242.9985046387,110.0,55.0,55.0,110,price_ends_before_test_end(2020_freeze_or_delist)
ARA,2000-01-03,2020-07-02,5022,92,1005320.5170631408,0.0,0.0,0.0,0,price_ends_before_test_end(2020_freeze_or_delist)
GYRO,1995-08-18,2020-04-01,6198,7,1842.0000076293943,0.0,0.0,0.0,0,price_ends_before_test_end(2020_freeze_or_delist)
ASR,2000-09-28,2020-04-01,4907,7,8941425.177001953,616.0,308.0,308.0,550,price_ends_before_test_end(2020_freeze_or_delist)
ASRVP,1998-06-03,2020-07-02,5530,8,10940.00015258789,0.0,0.0,0.0,0,price_ends_before_test_end(2020_freeze_or_delist)
AVD,1987-03-03,2020-04-01,8339,7,1445641.9897079468,888.0,444.0,444.0,870,price_ends_before_test_end(2020_freeze_or_delist)
GSB,2003-09-09,2020-04-01,4170,5,1177964.9913311005,388.0,194.0,194.0,368,price_ends_before_test_end(2020_freeze_or_delist)
AVID,1993-03-12,2020-07-02,6878,7,2459443.4656620026,1384.0,692.0,692.0,1354,price_ends_before_test_end(2020_freeze_or_delist)
GRU,2008-02-15,2020-07-02,3115,5,6562.500143051148,104.0,52.0,52.0,104,price_ends_before_test_end(2020_freeze_or_delist)
AVXL,2006-08-02,2020-04-01,3291,61,1170433.0294132233,0.0,0.0,0.0,0,price_ends_before_test_end(2020_freeze_or_delist)
ICFI,2006-09-28,2020-07-02,3464,5,8850151.861572266,956.0,478.0,478.0,936,price_ends_before_test_end(2020_freeze_or_delist)
AWX,1998-06-23,2020-04-01,5480,7,19421.000093221664,322.0,161.0,161.0,322,price_ends_before_test_end(2020_freeze_or_delist)
AX,2005-03-16,2020-04-01,3788,5,7629428.426456451,0.0,0.0,0.0,0,price_ends_before_test_end(2020_freeze_or_delist)
AXAS,1991-05-07,2020-04-01,7282,7,554564.4982203841,1658.0,829.0,829.0,1628,price_ends_before_test_end(2020_freeze_or_delist)
AXE,1984-07-19,2020-04-01,9000,7,13663864.07546997,1180.0,590.0,590.0,1158,price_ends_before_test_end(2020_freeze_or_delist)
ICL,2000-12-15,2020-07-02,3037,399,692815.5202746391,820.0,410.0,410.0,820,price_ends_before_test_end(2020_freeze_or_delist)
ADMP,1995-08-14,2020-07-02,6266,7,550152.0032852888,1046.0,523.0,523.0,1046,price_ends_before_test_end(2020_freeze_or_delist)
AXL,1999-01-29,2020-04-01,5328,7,17178682.432603836,2626.0,1313.0,1313.0,2522,price_ends_before_test_end(2020_freeze_or_delist)
ICLR,1998-05-15,2020-07-02,5570,7,38149471.83609009,1314.0,657.0,657.0,1290,price_ends_before_test_end(2020_freeze_or_delist)
AXO,2000-08-25,2020-07-02,4777,24,36584.10034179688,0.0,0.0,0.0,0,price_ends_before_test_end(2020_freeze_or_delist)
GSC,2007-12-27,2020-06-18,3115,8,2230.0000190734863,894.0,447.0,447.0,892,price_ends_before_test_end(2020_freeze_or_delist)
AUY,2004-01-12,2020-07-02,4085,92,50404830.56342602,3764.0,1882.0,1882.0,3514,price_ends_before_test_end(2020_freeze_or_delist)
AUTO,1999-03-26,2020-07-02,5290,92,40565.00065326691,0.0,0.0,0.0,0,price_ends_before_test_end(2020_freeze_or_delist)
IBND,2010-05-20,2020-06-19,2536,5,656139.4837379456,102.0,51.0,51.0,102,price_ends_before_test_end(2020_freeze_or_delist)
VMW,2007-08-14,2023-11-21,4098,5,149509681.77270126,8208.0,4104.0,4104.0,7682,price_ends_before_test_end(2020_freeze_or_delist)
AT,2009-12-03,2020-07-02,2601,92,681734.9776983261,1146.0,573.0,573.0,1142,price_ends_before_test_end(2020_freeze_or_delist)
ATAX,1986-04-02,2020-04-01,8571,7,738732.9923629761,332.0,166.0,166.0,328,price_ends_before_test_end(2020_freeze_or_delist)
ATCO,2007-07-05,2020-07-02,2249,28,56067.32466518879,0.0,0.0,0.0,0,price_ends_before_test_end(2020_freeze_or_delist)
ATGE,1991-06-21,2020-04-01,7250,7,14980149.153137209,0.0,0.0,0.0,0,price_ends_before_test_end(2020_freeze_or_delist)
GSS,2001-09-26,2020-07-02,4725,5,1628087.0050787926,896.0,448.0,448.0,844,price_ends_before_test_end(2020_freeze_or_delist)
GSP,2006-06-07,2020-07-02,3543,5,121236.00215911864,104.0,52.0,52.0,104,price_ends_before_test_end(2020_freeze_or_delist)
ADS,2001-06-15,2020-07-02,4792,7,86479747.18112946,1874.0,937.0,937.0,1666,price_ends_before_test_end(2020_freeze_or_delist)
GSM,2009-07-30,2020-06-19,2742,5,320985.0006401539,0.0,0.0,0.0,0,price_ends_before_test_end(2020_freeze_or_delist)
IBKC,1995-04-07,2020-07-01,6353,7,20806520.6615448,860.0,430.0,430.0,836,price_ends_before_test_end(2020_freeze_or_delist)
ATRS,1996-10-03,2020-07-02,5977,7,3736568.005502224,1088.0,544.0,544.0,1088,price_ends_before_test_end(2020_freeze_or_delist)
ATV,2007-05-03,2020-07-02,3313,5,27522.000312805176,534.0,267.0,267.0,494,price_ends_before_test_end(2020_freeze_or_delist)
ATVI,1993-10-25,2020-07-02,6721,7,401890342.203331,3906.0,1953.0,1953.0,3642,price_ends_before_test_end(2020_freeze_or_delist)
AU,1998-08-05,2020-04-01,5450,7,59615211.82956696,3878.0,1939.0,1939.0,3542,price_ends_before_test_end(2020_freeze_or_delist)
GSH,1996-05-13,2020-04-01,6013,7,353812.50529289246,126.0,63.0,63.0,122,price_ends_before_test_end(2020_freeze_or_delist)
AUMN,2009-05-07,2020-04-01,2745,5,51297.999060153954,314.0,157.0,157.0,308,price_ends_before_test_end(2020_freeze_or_delist)
ATLC,1999-04-23,2020-07-02,5271,92,100848.00033569336,180.0,90.0,90.0,180,price_ends_before_test_end(2020_freeze_or_delist)
ICON,1990-01-22,2020-06-19,7663,7,108893.99970173836,1762.0,881.0,881.0,1714,price_ends_before_test_end(2020_freeze_or_delist)
HAFC,1994-04-06,2020-06-19,6599,7,2820076.494026184,712.0,356.0,356.0,684,price_ends_before_test_end(2020_freeze_or_delist)
APEX,1993-06-03,2020-07-02,6736,12,37795.51886320114,0.0,0.0,0.0,0,price_ends_before_test_end(2020_freeze_or_delist)
HMG,1973-02-21,2020-07-02,10315,32,1317.0000076293943,28.0,14.0,14.0,28,price_ends_before_test_end(2020_freeze_or_delist)
HDSN,1994-11-01,2020-06-19,6454,7,244163.999080658,662.0,331.0,331.0,652,price_ends_before_test_end(2020_freeze_or_delist)
HMI,2000-01-10,2020-07-02,4152,32,3715053.98349762,0.0,0.0,0.0,0,price_ends_before_test_end(2020_freeze_or_delist)
HMN,1991-11-15,2020-04-01,7147,7,6057483.366394043,634.0,317.0,317.0,614,price_ends_before_test_end(2020_freeze_or_delist)
HMNF,1994-06-30,2020-07-02,6548,7,31500.0,0.0,0.0,0.0,0,price_ends_before_test_end(2020_freeze_or_delist)
AIMC,2006-12-15,2020-06-19,3400,5,11188465.582084656,960.0,480.0,480.0,940,price_ends_before_test_end(2020_freeze_or_delist)
HMSY,1992-12-18,2020-07-02,6935,7,16841168.443012238,1268.0,634.0,634.0,1250,price_ends_before_test_end(2020_freeze_or_delist)
AINV,2004-04-06,2020-06-19,4080,5,6718704.888916016,668.0,323.0,345.0,606,price_ends_before_test_end(2020_freeze_or_delist)
HMY,1994-05-17,2020-07-02,6580,7,21311412.74678707,1506.0,753.0,753.0,1454,price_ends_before_test_end(2020_freeze_or_delist)
AIRI,2000-10-04,2020-06-19,4958,7,50360.00197529793,0.0,0.0,0.0,0,price_ends_before_test_end(2020_freeze_or_delist)
HNGR,1986-02-21,2020-07-02,8662,7,4096429.845809937,0.0,0.0,0.0,0,price_ends_before_test_end(2020_freeze_or_delist)
AJRD,1981-02-02,2020-07-02,9940,7,24714471.23775482,0.0,0.0,0.0,0,price_ends_before_test_end(2020_freeze_or_delist)
HNP,1994-10-06,2020-07-02,6481,7,344940.5111312866,716.0,358.0,358.0,700,price_ends_before_test_end(2020_freeze_or_delist)
AKG,2008-01-02,2020-04-01,3084,5,280083.99599790573,638.0,319.0,319.0,638,price_ends_before_test_end(2020_freeze_or_delist)
HDB,2001-07-20,2020-06-19,4759,7,85865620.61653137,1610.0,805.0,805.0,1492,price_ends_before_test_end(2020_freeze_or_delist)
AHPI,1992-01-14,2020-07-02,7172,7,18487.99993991852,404.0,190.0,214.0,402,price_ends_before_test_end(2020_freeze_or_delist)
HMC,1980-03-17,2020-07-02,10162,7,16630446.022033691,4640.0,2320.0,2320.0,4376,price_ends_before_test_end(2020_freeze_or_delist)
HLX,1997-07-01,2020-07-02,5790,7,8502333.037757874,1278.0,639.0,639.0,1246,price_ends_before_test_end(2020_freeze_or_delist)
HLM-P,1997-10-01,2020-07-02,5008,696,81533.91255760193,0.0,0.0,0.0,0,price_ends_before_test_end(2020_freeze_or_delist)
AFC,2007-04-17,2020-07-02,3328,5,357214.008140564,34.0,17.0,17.0,34,price_ends_before_test_end(2020_freeze_or_delist)
HGSH,2008-03-24,2020-07-02,3093,5,6277.499967813492,301.0,146.0,155.0,301,price_ends_before_test_end(2020_freeze_or_delist)
HFWA,1998-05-07,2020-06-19,5567,7,3606974.9393463135,472.0,236.0,236.0,442,price_ends_before_test_end(2020_freeze_or_delist)
gres,2009-10-27,2023-12-13,3557,5,117760.3339996338,0.0,0.0,0.0,0,price_ends_before_test_end(2020_freeze_or_delist)
HHC,2010-11-05,2020-04-01,2366,5,23283248.21777344,1024.0,512.0,512.0,1024,price_ends_before_test_end(2020_freeze_or_delist)
HFC,1980-03-17,2020-07-02,10162,7,77860094.62957382,2818.0,1409.0,1409.0,2818,price_ends_before_test_end(2020_freeze_or_delist)
HHT,2008-11-11,2020-07-02,2930,5,140875.9998202324,0.0,0.0,0.0,0,price_ends_before_test_end(2020_freeze_or_delist)
AKRX,2002-08-02,2020-04-01,4447,5,4968977.96087265,3000.0,1500.0,1500.0,2970,price_ends_before_test_end(2020_freeze_or_delist)
HFBL,2007-06-20,2020-04-01,3219,5,3788.000106811523,180.0,90.0,90.0,180,price_ends_before_test_end(2020_freeze_or_delist)
HIL,2004-08-12,2020-07-02,4001,5,210875.99835395813,826.0,413.0,413.0,806,price_ends_before_test_end(2020_freeze_or_delist)
AGN,1989-06-22,2020-04-01,7755,7,456623083.2206726,4834.0,2417.0,2417.0,4658,price_ends_before_test_end(2020_freeze_or_delist)
HJV,2007-03-27,2020-04-01,3278,5,16551.500153541565,6.0,3.0,3.0,6,price_ends_before_test_end(2020_freeze_or_delist)
HEP,2004-07-08,2023-11-30,4885,5,3278601.43533516,1266.0,633.0,633.0,1250,price_ends_before_test_end(2020_freeze_or_delist)
HEDJ,2010-01-15,2020-06-19,2588,7,23291754.053878784,2030.0,1015.0,1015.0,2030,price_ends_before_test_end(2020_freeze_or_delist)
HLIO,1997-01-09,2020-07-02,5910,7,3191695.0813293457,0.0,0.0,0.0,0,price_ends_before_test_end(2020_freeze_or_delist)
HLIT,1995-05-23,2020-06-19,6314,7,4216049.904084206,978.0,489.0,489.0,948,price_ends_before_test_end(2020_freeze_or_delist)
HIFS,1988-12-14,2020-06-19,7941,7,673387.5053405762,258.0,129.0,129.0,252,price_ends_before_test_end(2020_freeze_or_delist)
HUD,2007-09-26,2020-07-02,611,2620,2597930.554056168,0.0,0.0,0.0,0,price_ends_before_test_end(2020_freeze_or_delist)
HD,1981-09-22,2020-06-19,9770,7,939814690.6730652,8906.0,4453.0,4453.0,8210,price_ends_before_test_end(2020_freeze_or_delist)
HON,1970-01-02,2020-06-19,12731,7,465963290.9210205,0.0,0.0,0.0,0,price_ends_before_test_end(2020_freeze_or_delist)
HSY,1980-03-17,2020-07-02,10162,7,151524527.0805359,3386.0,1693.0,1693.0,3206,price_ends_before_test_end(2020_freeze_or_delist)
AMRB,1999-01-04,2020-07-02,5407,7,31207.49931335449,200.0,100.0,100.0,174,price_ends_before_test_end(2020_freeze_or_delist)
HT,1999-01-21,2020-04-01,5334,7,5140203.447055817,1322.0,661.0,661.0,1242,price_ends_before_test_end(2020_freeze_or_delist)
HBNC,2002-01-09,2020-04-01,4589,5,1150372.546958923,486.0,243.0,243.0,480,price_ends_before_test_end(2020_freeze_or_delist)
HTBK,1998-07-20,2020-06-19,5517,7,2109334.0358257294,438.0,219.0,219.0,434,price_ends_before_test_end(2020_freeze_or_delist)
HBMD,2007-10-09,2020-07-02,3206,5,353703.9993286133,196.0,98.0,98.0,196,price_ends_before_test_end(2020_freeze_or_delist)
HTD,2004-02-25,2020-06-19,4109,5,1823715.5194282527,114.0,57.0,57.0,114,price_ends_before_test_end(2020_freeze_or_delist)
ANAT,1975-11-17,2020-04-01,11191,7,4336345.919036865,294.0,147.0,147.0,284,price_ends_before_test_end(2020_freeze_or_delist)
WMC,1998-07-31,2023-12-05,6379,7,221251.22679042816,1518.0,759.0,759.0,1518,price_ends_before_test_end(2020_freeze_or_delist)
ANGO,2004-06-01,2020-04-01,3987,5,3608883.554840088,80.0,40.0,40.0,80,price_ends_before_test_end(2020_freeze_or_delist)
ANIX,1983-10-07,2020-04-01,9197,7,171155.50419092178,0.0,0.0,0.0,0,price_ends_before_test_end(2020_freeze_or_delist)
ANTM,2001-10-30,2020-07-02,4701,5,387615712.5,5116.0,2558.0,2558.0,5116,price_ends_before_test_end(2020_freeze_or_delist)
AOBC,1999-08-17,2020-04-01,5190,7,6138034.016609192,0.0,0.0,0.0,0,price_ends_before_test_end(2020_freeze_or_delist)
AOD,2007-04-23,2020-04-01,3260,5,2188774.053668976,398.0,199.0,199.0,398,price_ends_before_test_end(2020_freeze_or_delist)
APEN,2007-05-01,2020-07-02,3318,5,19502.499920129776,0.0,0.0,0.0,0,price_ends_before_test_end(2020_freeze_or_delist)
AMP,2005-09-15,2020-04-01,3661,5,125121466.45736694,3258.0,1629.0,1629.0,3140,price_ends_before_test_end(2020_freeze_or_delist)
AMOV,2001-02-08,2020-07-02,4879,7,47115.0007724762,112.0,56.0,56.0,104,price_ends_before_test_end(2020_freeze_or_delist)
AMOT,1980-10-20,2020-04-01,9947,7,1451221.9375610352,184.0,92.0,92.0,176,price_ends_before_test_end(2020_freeze_or_delist)
AEB,2005-11-23,2020-07-02,3676,5,410259.99279022217,10.0,5.0,5.0,10,price_ends_before_test_end(2020_freeze_or_delist)
ALBO,2007-05-11,2020-07-02,3310,5,1566754.551029205,0.0,0.0,0.0,0,price_ends_before_test_end(2020_freeze_or_delist)
ALJJ,1996-04-03,2020-07-02,6104,7,20271.99986129999,15.0,0.0,15.0,15,price_ends_before_test_end(2020_freeze_or_delist)
ALO,2007-12-28,2020-06-30,3065,29,117224.99631047247,0.0,0.0,0.0,0,price_ends_before_test_end(2020_freeze_or_delist)
AEGN,1981-12-03,2020-06-19,9719,7,1932559.94758606,944.0,472.0,472.0,942,price_ends_before_test_end(2020_freeze_or_delist)
HCHC,2009-07-13,2020-07-02,2764,5,507969.0094232559,856.0,428.0,428.0,856,price_ends_before_test_end(2020_freeze_or_delist)
HPR,2004-12-10,2020-07-02,3917,5,1020801.9868180156,0.0,0.0,0.0,0,price_ends_before_test_end(2020_freeze_or_delist)
ALSK,1999-11-18,2020-07-02,5188,7,177429.9983382225,598.0,299.0,299.0,554,price_ends_before_test_end(2020_freeze_or_delist)
HOMB,2006-06-23,2020-06-19,3522,5,11764491.615962982,978.0,489.0,489.0,946,price_ends_before_test_end(2020_freeze_or_delist)
HCCI,2008-03-12,2020-04-01,3036,5,1093934.9933624268,452.0,226.0,226.0,448,price_ends_before_test_end(2020_freeze_or_delist)
ygyi,2010-04-05,2023-12-05,3443,5,0.0,0.0,0.0,0.0,0,price_ends_before_test_end(2020_freeze_or_delist)
ALXN,1996-02-28,2020-07-02,6129,7,203868998.02856445,1874.0,937.0,937.0,1874,price_ends_before_test_end(2020_freeze_or_delist)
ALYA,1996-09-27,2020-04-01,5917,7,25989.000284671783,0.0,0.0,0.0,0,price_ends_before_test_end(2020_freeze_or_delist)
AMAG,1986-06-11,2020-07-02,8586,7,5752331.612443924,1560.0,780.0,780.0,1560,price_ends_before_test_end(2020_freeze_or_delist)
HSC,1980-03-17,2020-07-02,10162,7,10929376.562309263,1364.0,682.0,682.0,1338,price_ends_before_test_end(2020_freeze_or_delist)
HSKA,1997-07-01,2020-07-02,5790,7,5535981.862640381,654.0,327.0,327.0,648,price_ends_before_test_end(2020_freeze_or_delist)
AMK,2000-01-03,2020-06-19,4244,850,3173923.948574066,0.0,0.0,0.0,0,price_ends_before_test_end(2020_freeze_or_delist)
HRC,1972-06-01,2020-07-02,12128,7,46998248.42338563,1620.0,810.0,810.0,1578,price_ends_before_test_end(2020_freeze_or_delist)
BRKL,1998-03-25,2020-07-02,5606,7,3503398.6413002014,452.0,226.0,226.0,438,price_ends_before_test_end(2020_freeze_or_delist)
AXTI,1998-05-21,2020-04-01,5502,7,723202.5067806243,888.0,444.0,444.0,866,price_ends_before_test_end(2020_freeze_or_delist)
AYI,2001-12-03,2020-04-01,4614,5,41809192.99163818,2396.0,1198.0,1198.0,2352,price_ends_before_test_end(2020_freeze_or_delist)
IHT,1973-02-21,2020-07-02,11946,7,1675.9999632835388,226.0,113.0,113.0,216,price_ends_before_test_end(2020_freeze_or_delist)
IID,2007-09-26,2020-07-02,3215,5,163283.99753570557,50.0,25.0,25.0,50,price_ends_before_test_end(2020_freeze_or_delist)
IIF,1994-02-18,2020-07-02,6639,7,828982.506942749,88.0,44.0,44.0,84,price_ends_before_test_end(2020_freeze_or_delist)
BIF,1980-03-17,2020-07-02,10162,7,1651549.5245933533,270.0,135.0,135.0,266,price_ends_before_test_end(2020_freeze_or_delist)
III,2007-02-12,2020-07-02,3372,5,179222.99764156342,714.0,357.0,357.0,656,price_ends_before_test_end(2020_freeze_or_delist)
BIO,1980-02-27,2020-04-01,10111,7,61006868.25714111,1895.0,945.0,950.0,1871,price_ends_before_test_end(2020_freeze_or_delist)
IIIN,1992-03-17,2020-07-02,7128,7,1498115.0483131409,564.0,282.0,282.0,552,price_ends_before_test_end(2020_freeze_or_delist)
IIM,1993-02-19,2020-07-02,6893,7,1443909.0106964111,50.0,25.0,25.0,46,price_ends_before_test_end(2020_freeze_or_delist)
IIN,1973-02-21,2020-07-02,11949,5,1359873.477268219,540.0,270.0,270.0,534,price_ends_before_test_end(2020_freeze_or_delist)
BITA,2010-11-18,2020-07-02,2421,5,5066913.044500351,1946.0,973.0,973.0,1936,price_ends_before_test_end(2020_freeze_or_delist)
IIVI,1987-10-02,2020-07-02,8254,7,45668117.75093079,1588.0,794.0,794.0,1574,price_ends_before_test_end(2020_freeze_or_delist)
IJJ,2000-07-28,2020-07-02,5006,7,14348755.319213867,108.0,54.0,54.0,108,price_ends_before_test_end(2020_freeze_or_delist)
IJK,2000-07-28,2020-07-02,5014,7,16777159.405517576,50.0,25.0,25.0,44,price_ends_before_test_end(2020_freeze_or_delist)
IJR,2000-05-26,2020-07-02,5057,7,282953237.1360779,2126.0,1063.0,1063.0,2090,price_ends_before_test_end(2020_freeze_or_delist)
BKEP,2010-12-31,2020-07-02,2392,5,144031.50025606155,590.0,295.0,295.0,590,price_ends_before_test_end(2020_freeze_or_delist)
BHF,2007-09-11,2020-06-19,2440,554,38570608.4022522,0.0,0.0,0.0,0,price_ends_before_test_end(2020_freeze_or_delist)
BHAT,2007-11-26,2020-06-19,2206,542,191970.5015182495,0.0,0.0,0.0,0,price_ends_before_test_end(2020_freeze_or_delist)
IHI,2006-05-05,2020-07-02,3565,5,49648722.0451355,602.0,301.0,301.0,566,price_ends_before_test_end(2020_freeze_or_delist)
IHG,2003-04-10,2020-07-02,4338,5,11721577.346420288,0.0,0.0,0.0,0,price_ends_before_test_end(2020_freeze_or_delist)
TTM,2004-09-27,2020-07-02,3969,5,15831673.509526253,3126.0,1563.0,1563.0,3034,price_ends_before_test_end(2020_freeze_or_delist)
GOOGL,2004-08-19,2020-04-01,3932,5,1754444878.741455,3508.0,1754.0,1754.0,3508,price_ends_before_test_end(2020_freeze_or_delist)
IGOV,2009-01-30,2020-07-02,2870,5,6059636.954116821,0.0,0.0,0.0,0,price_ends_before_test_end(2020_freeze_or_delist)
IGR,2004-02-25,2020-07-02,4118,5,2429277.9723882675,338.0,169.0,169.0,338,price_ends_before_test_end(2020_freeze_or_delist)
BFO,2003-09-29,2020-04-01,4156,5,86454.99906539917,126.0,63.0,63.0,126,price_ends_before_test_end(2020_freeze_or_delist)
TSU,1998-11-16,2020-07-02,5442,7,14044939.781808851,782.0,391.0,391.0,766,price_ends_before_test_end(2020_freeze_or_delist)
IGSB,2007-01-11,2020-07-02,3393,5,74029382.09762573,0.0,0.0,0.0,0,price_ends_before_test_end(2020_freeze_or_delist)
TOWN,1999-05-05,2020-06-19,5066,13,3402164.946556092,328.0,164.0,164.0,322,price_ends_before_test_end(2020_freeze_or_delist)
IGT,1990-03-26,2020-06-19,7619,7,23574036.280298237,2640.0,1320.0,1320.0,2466,price_ends_before_test_end(2020_freeze_or_delist)
IGV,2001-07-17,2020-07-02,4764,7,150131221.09985352,628.0,314.0,314.0,604,price_ends_before_test_end(2020_freeze_or_delist)
BGCP,1999-12-10,2020-04-01,5109,7,9284758.984351158,1364.0,682.0,682.0,1328,price_ends_before_test_end(2020_freeze_or_delist)
BGG,1973-02-21,2020-07-02,11948,7,3950954.944229126,1264.0,632.0,632.0,1244,price_ends_before_test_end(2020_freeze_or_delist)
IHC,1982-03-29,2020-07-02,9649,7,325116.0009384155,272.0,136.0,136.0,266,price_ends_before_test_end(2020_freeze_or_delist)
TRXC,1991-08-07,2020-07-02,4724,116,2628024.51389134,1202.0,601.0,601.0,1202,price_ends_before_test_end(2020_freeze_or_delist)
IHF,2006-05-05,2020-07-02,3565,5,8339107.509613037,506.0,253.0,253.0,466,price_ends_before_test_end(2020_freeze_or_delist)
BGT,2004-08-30,2020-07-02,3989,5,890703.0069351196,258.0,129.0,129.0,256,price_ends_before_test_end(2020_freeze_or_delist)
BFY,2002-07-30,2020-07-02,4514,5,142207.99922943115,84.0,42.0,42.0,84,price_ends_before_test_end(2020_freeze_or_delist)
IGM,2001-03-19,2020-07-02,4845,7,9359970.050048828,106.0,53.0,53.0,106,price_ends_before_test_end(2020_freeze_or_delist)
IJS,2000-07-28,2020-07-02,5002,8,25353209.13848877,106.0,53.0,53.0,106,price_ends_before_test_end(2020_freeze_or_delist)
BKI,1995-11-22,2020-07-02,1616,5927,54192950.94947815,0.0,0.0,0.0,0,price_ends_before_test_end(2020_freeze_or_delist)
BMTC,1985-08-07,2020-07-02,8798,7,2010905.5015563965,418.0,209.0,209.0,414,price_ends_before_test_end(2020_freeze_or_delist)
BMY,1972-06-01,2020-07-02,12128,7,,5056.0,2528.0,2528.0,4670,price_ends_before_test_end(2020_freeze_or_delist)
IMV,2009-10-09,2020-07-02,2701,5,103261.49978637695,0.0,0.0,0.0,0,price_ends_before_test_end(2020_freeze_or_delist)
GNMK,2010-05-28,2020-07-02,2542,5,1951268.950510025,882.0,441.0,441.0,880,price_ends_before_test_end(2020_freeze_or_delist)
BNSO,1989-06-27,2020-07-02,7807,13,3562.999927997589,88.0,44.0,44.0,84,price_ends_before_test_end(2020_freeze_or_delist)
BOCH,1999-11-03,2020-07-02,5199,7,243927.00662612915,350.0,175.0,175.0,338,price_ends_before_test_end(2020_freeze_or_delist)
INFI,2000-07-28,2020-07-02,5014,7,107521.49839699268,1703.0,698.0,1005.0,1694,price_ends_before_test_end(2020_freeze_or_delist)
BOOM,1989-01-05,2020-04-01,7872,7,12431177.062034609,0.0,0.0,0.0,0,price_ends_before_test_end(2020_freeze_or_delist)
BOSS,2000-01-04,2023-12-13,2791,441,7201.872510910035,0.0,0.0,0.0,0,price_ends_before_test_end(2020_freeze_or_delist)
BPFH,1994-02-14,2020-07-02,6643,7,4317854.031825066,566.0,283.0,283.0,506,price_ends_before_test_end(2020_freeze_or_delist)
GMO,2005-02-17,2020-04-01,3806,5,46607.99918845295,560.0,280.0,280.0,510,price_ends_before_test_end(2020_freeze_or_delist)
BPOPM,2008-11-19,2020-04-01,2860,5,66449.99895095825,50.0,25.0,25.0,50,price_ends_before_test_end(2020_freeze_or_delist)
BPOPN,2003-12-02,2020-07-02,4149,6,110836.49682998656,46.0,23.0,23.0,46,price_ends_before_test_end(2020_freeze_or_delist)
BQH,2002-04-26,2020-07-02,4577,5,39140.00110626221,42.0,21.0,21.0,42,price_ends_before_test_end(2020_freeze_or_delist)
INS,1987-01-02,2020-07-02,8328,7,2686198.924446106,468.0,234.0,234.0,464,price_ends_before_test_end(2020_freeze_or_delist)
IMOS,2003-07-03,2020-04-01,4216,5,252067.5087928772,872.0,436.0,436.0,838,price_ends_before_test_end(2020_freeze_or_delist)
IMO,1980-03-17,2020-07-02,10162,7,8396942.180252075,964.0,482.0,482.0,954,price_ends_before_test_end(2020_freeze_or_delist)
IMMU,1984-04-12,2020-07-02,9085,7,34920917.39501953,2268.0,1134.0,1134.0,2236,price_ends_before_test_end(2020_freeze_or_delist)
IMMR,1999-11-12,2020-07-02,5192,7,1573204.022884369,0.0,0.0,0.0,0,price_ends_before_test_end(2020_freeze_or_delist)
BKK,2003-09-29,2020-07-02,4220,5,644928.4860134125,116.0,58.0,58.0,116,price_ends_before_test_end(2020_freeze_or_delist)
IKNX,1994-04-05,2020-07-02,6599,7,6205.499839782715,152.0,76.0,76.0,150,price_ends_before_test_end(2020_freeze_or_delist)
ILF,2001-10-26,2020-06-19,4655,6,31810476.75819397,924.0,462.0,462.0,874,price_ends_before_test_end(2020_freeze_or_delist)
ILMN,2000-07-28,2020-07-02,5014,7,305344838.9755249,5448.0,2724.0,2724.0,5370,price_ends_before_test_end(2020_freeze_or_delist)
ILTB,2009-12-09,2020-06-19,2522,12,2197147.952270508,40.0,20.0,20.0,40,price_ends_before_test_end(2020_freeze_or_delist)
GNW,2004-05-25,2020-06-19,4046,5,14002051.403307917,2746.0,1373.0,1373.0,2558,price_ends_before_test_end(2020_freeze_or_delist)
BLDP,1995-11-08,2020-04-01,6141,7,6417023.859930038,40.0,20.0,20.0,40,price_ends_before_test_end(2020_freeze_or_delist)
IJT,2000-07-28,2020-06-19,4997,7,14706008.05053711,116.0,58.0,58.0,116,price_ends_before_test_end(2020_freeze_or_delist)
IMAX,1994-06-10,2020-07-02,6563,7,7938514.305067064,3044.0,1522.0,1522.0,2872,price_ends_before_test_end(2020_freeze_or_delist)
BLK,1999-10-01,2020-04-01,5158,7,241686649.15924072,7978.0,3989.0,3989.0,7576,price_ends_before_test_end(2020_freeze_or_delist)
BLKB,2004-07-26,2020-04-01,3950,5,18374960.500335693,542.0,271.0,271.0,540,price_ends_before_test_end(2020_freeze_or_delist)
BLL,1973-02-21,2020-07-02,11949,7,143807772.6211548,2254.0,1127.0,1127.0,2166,price_ends_before_test_end(2020_freeze_or_delist)
IMGN,1989-11-17,2020-07-02,7711,7,7746060.556650162,0.0,0.0,0.0,0,price_ends_before_test_end(2020_freeze_or_delist)
IMH,1995-11-21,2020-07-02,6196,7,90133.00198316574,0.0,0.0,0.0,0,price_ends_before_test_end(2020_freeze_or_delist)
IMKTA,1987-09-22,2020-07-02,8261,7,3448031.378936767,804.0,402.0,402.0,792,price_ends_before_test_end(2020_freeze_or_delist)
BLU,2000-10-24,2020-07-02,4929,7,1023878.1521043776,0.0,0.0,0.0,0,price_ends_before_test_end(2020_freeze_or_delist)
IMBI,1991-07-03,2020-06-19,7297,7,264000.0,0.0,0.0,0.0,0,price_ends_before_test_end(2020_freeze_or_delist)
AXU,2006-09-08,2020-07-02,3478,5,2338807.435363531,530.0,265.0,265.0,518,price_ends_before_test_end(2020_freeze_or_delist)
IGLB,2009-12-09,2020-07-02,2630,6,13680976.53388977,0.0,0.0,0.0,0,price_ends_before_test_end(2020_freeze_or_delist)
BELFB,1998-07-10,2020-07-02,5469,92,610179.518032074,0.0,0.0,0.0,0,price_ends_before_test_end(2020_freeze_or_delist)
GPX,1980-05-08,2020-04-01,10061,7,475496.49777412415,610.0,305.0,305.0,604,price_ends_before_test_end(2020_freeze_or_delist)
BASI,1997-11-25,2020-07-02,5687,7,98027.99899578094,340.0,170.0,170.0,324,price_ends_before_test_end(2020_freeze_or_delist)
GPS,1980-03-17,2020-06-19,10154,7,100431808.43105316,6192.0,3096.0,3096.0,5718,price_ends_before_test_end(2020_freeze_or_delist)
IDRA,1996-01-25,2020-07-02,6152,7,297622.0013141632,1150.0,575.0,575.0,1142,price_ends_before_test_end(2020_freeze_or_delist)
IDT,2001-05-16,2020-04-01,4749,7,667848.5073328018,744.0,372.0,372.0,720,price_ends_before_test_end(2020_freeze_or_delist)
IDV,2007-06-21,2020-06-19,3273,5,25325298.440361023,422.0,211.0,211.0,416,price_ends_before_test_end(2020_freeze_or_delist)
IDX,2009-01-20,2020-07-02,2878,5,132065.99464416504,1116.0,558.0,558.0,958,price_ends_before_test_end(2020_freeze_or_delist)
IDXG,1998-05-20,2020-07-02,5567,7,321781.9969177246,0.0,0.0,0.0,0,price_ends_before_test_end(2020_freeze_or_delist)
BBBY,1992-06-05,2020-07-02,7072,7,76795589.91179466,3326.0,1663.0,1663.0,3026,price_ends_before_test_end(2020_freeze_or_delist)
IDXX,1991-06-21,2020-07-02,7314,7,130048482.67059326,2046.0,1023.0,1023.0,2018,price_ends_before_test_end(2020_freeze_or_delist)
GPRE,2006-03-15,2020-06-19,3592,5,6403835.010051727,1546.0,773.0,773.0,1486,price_ends_before_test_end(2020_freeze_or_delist)
IEA,2009-12-11,2020-07-02,2651,5,103173.50013256072,0.0,0.0,0.0,0,price_ends_before_test_end(2020_freeze_or_delist)
BBF,2001-07-27,2020-07-02,4763,7,242362.0032787323,118.0,59.0,59.0,118,price_ends_before_test_end(2020_freeze_or_delist)
BBI,1993-03-10,2020-07-02,6880,7,130024.99595284462,0.0,0.0,0.0,0,price_ends_before_test_end(2020_freeze_or_delist)
IEC,1993-02-12,2020-07-02,6897,7,155668.99480819702,448.0,224.0,224.0,436,price_ends_before_test_end(2020_freeze_or_delist)
IDN,1999-11-19,2020-07-02,5187,7,481649.00345802313,606.0,303.0,303.0,584,price_ends_before_test_end(2020_freeze_or_delist)
GRA,1982-01-04,2020-07-02,9708,7,27749804.71420288,0.0,0.0,0.0,0,price_ends_before_test_end(2020_freeze_or_delist)
GRAF,2000-04-11,2020-07-02,4667,238,53092.49968528748,0.0,0.0,0.0,0,price_ends_before_test_end(2020_freeze_or_delist)
BANR,1995-11-01,2020-04-01,6146,7,8851618.090629578,862.0,431.0,431.0,818,price_ends_before_test_end(2020_freeze_or_delist)
GRIF,1997-06-18,2020-06-19,5790,7,145314.50386047363,254.0,127.0,127.0,250,price_ends_before_test_end(2020_freeze_or_delist)
AYTU,2008-09-25,2020-04-01,2899,5,191622.0000386238,0.0,0.0,0.0,0,price_ends_before_test_end(2020_freeze_or_delist)
ICUI,1992-03-31,2020-04-01,7054,7,31778989.546203613,1532.0,766.0,766.0,1520,price_ends_before_test_end(2020_freeze_or_delist)
IDA,1973-02-21,2020-07-02,11948,7,28507179.99572754,1058.0,529.0,529.0,1032,price_ends_before_test_end(2020_freeze_or_delist)
IDCC,1981-11-12,2020-07-02,9742,7,13351600.274848938,0.0,0.0,0.0,0,price_ends_before_test_end(2020_freeze_or_delist)
AZPN,1994-10-26,2020-06-19,6458,7,52390194.0284729,1454.0,727.0,727.0,1446,price_ends_before_test_end(2020_freeze_or_delist)
ITRN,2005-09-28,2020-07-02,3716,5,1199414.0285491943,552.0,276.0,276.0,538,price_ends_before_test_end(2020_freeze_or_delist)
BBK,2002-04-26,2020-07-02,4579,5,307030.0055027008,40.0,20.0,20.0,40,price_ends_before_test_end(2020_freeze_or_delist)
IDE,2010-02-02,2020-06-19,2614,5,870327.5122642517,0.0,0.0,0.0,0,price_ends_before_test_end(2020_freeze_or_delist)
GRC,1980-03-17,2020-07-02,10162,7,1656953.9646148682,744.0,372.0,372.0,718,price_ends_before_test_end(2020_freeze_or_delist)
IDHQ,2007-06-13,2020-06-19,3179,6,293183.99715423584,102.0,51.0,51.0,102,price_ends_before_test_end(2020_freeze_or_delist)
BAC,1973-02-21,2020-07-02,11949,7,1562389712.0939257,3622.0,1811.0,1811.0,3622,price_ends_before_test_end(2020_freeze_or_delist)
BAF,2002-10-29,2020-07-02,4450,5,240893.0019378662,82.0,41.0,41.0,82,price_ends_before_test_end(2020_freeze_or_delist)
BAL,2008-06-25,2020-07-02,3027,5,92817.00019836426,1338.0,669.0,669.0,1222,price_ends_before_test_end(2020_freeze_or_delist)
BANF,1990-03-26,2020-04-01,7564,7,2729063.025856018,628.0,314.0,314.0,608,price_ends_before_test_end(2020_freeze_or_delist)
BANFP,2004-03-16,2020-04-01,4040,5,5569.999885559083,0.0,0.0,0.0,0,price_ends_before_test_end(2020_freeze_or_delist)
IDEX,2007-05-23,2020-04-01,3237,5,544098.0014115572,0.0,0.0,0.0,0,price_ends_before_test_end(2020_freeze_or_delist)
IGIB,2007-01-11,2020-07-02,3389,5,55507315.58151245,0.0,0.0,0.0,0,price_ends_before_test_end(2020_freeze_or_delist)
BBL,2003-06-25,2020-04-01,4222,5,52152477.490234375,1392.0,696.0,696.0,1358,price_ends_before_test_end(2020_freeze_or_delist)
GPM,2005-08-26,2020-07-02,3738,5,989132.0093631744,114.0,57.0,57.0,114,price_ends_before_test_end(2020_freeze_or_delist)
BDL,1973-02-21,2020-07-02,11946,7,11765.499830245972,204.0,102.0,102.0,200,price_ends_before_test_end(2020_freeze_or_delist)
IGA,2005-10-27,2020-07-02,3695,5,592204.4968128204,46.0,23.0,23.0,44,price_ends_before_test_end(2020_freeze_or_delist)
BDR,1995-12-14,2020-07-02,6179,7,5362.9998207092285,210.0,105.0,105.0,204,price_ends_before_test_end(2020_freeze_or_delist)
BDSI,2002-07-25,2020-07-02,4517,5,4181081.6301107407,1578.0,789.0,789.0,1562,price_ends_before_test_end(2020_freeze_or_delist)
IGC,2006-05-24,2020-07-02,3552,5,236673.00623357296,1054.0,527.0,527.0,1044,price_ends_before_test_end(2020_freeze_or_delist)
BDX,1973-02-21,2020-04-01,11884,7,308780734.6862793,4994.0,2497.0,2497.0,4822,price_ends_before_test_end(2020_freeze_or_delist)
IGD,2005-03-29,2020-07-02,3844,5,2623627.0082712173,0.0,0.0,0.0,0,price_ends_before_test_end(2020_freeze_or_delist)
TWMC,1986-07-24,2020-07-02,7787,12,111366.50187969208,458.0,229.0,229.0,446,price_ends_before_test_end(2020_freeze_or_delist)
TWIN,1980-03-17,2020-06-19,9430,10,340485.4967594147,560.0,280.0,280.0,548,price_ends_before_test_end(2020_freeze_or_delist)
IGE,2001-11-30,2020-07-02,4628,13,5216421.956920624,70.0,35.0,35.0,70,price_ends_before_test_end(2020_freeze_or_delist)
TVTY,1991-08-13,2020-07-02,7258,7,10775434.302520752,0.0,0.0,0.0,0,price_ends_before_test_end(2020_freeze_or_delist)
GORO,2006-09-14,2020-07-02,3474,5,3822974.4215130806,966.0,483.0,483.0,960,price_ends_before_test_end(2020_freeze_or_delist)
IGI,2009-07-01,2020-04-01,2707,5,468385.4965209961,0.0,0.0,0.0,0,price_ends_before_test_end(2020_freeze_or_delist)
TUES,1999-04-22,2020-07-02,5335,7,240032.00305104256,964.0,482.0,482.0,938,price_ends_before_test_end(2020_freeze_or_delist)
TU,1996-06-11,2020-06-19,5112,126,14882854.126739502,2118.0,1059.0,1059.0,2082,price_ends_before_test_end(2020_freeze_or_delist)
BDGE,1999-01-12,2020-04-01,5340,7,1045251.9832611084,348.0,174.0,174.0,346,price_ends_before_test_end(2020_freeze_or_delist)
IFS,2000-01-03,2020-07-02,4711,517,1465552.5069236755,0.0,0.0,0.0,0,price_ends_before_test_end(2020_freeze_or_delist)
IFN,1994-02-15,2020-07-02,6642,7,1864116.986370087,268.0,134.0,134.0,258,price_ends_before_test_end(2020_freeze_or_delist)
IFGL,2007-12-27,2020-07-02,3151,5,1359985.04447937,102.0,51.0,51.0,102,price_ends_before_test_end(2020_freeze_or_delist)
GPL,2006-05-31,2020-07-02,3548,5,755541.4968967438,702.0,351.0,351.0,702,price_ends_before_test_end(2020_freeze_or_delist)
GPK,1992-12-10,2020-06-19,6932,7,45050542.44704247,1362.0,681.0,681.0,1340,price_ends_before_test_end(2020_freeze_or_delist)
IEO,2006-05-05,2020-07-02,3565,5,5630786.936378479,1932.0,966.0,966.0,1856,price_ends_before_test_end(2020_freeze_or_delist)
BBX,1996-03-12,2020-04-01,4878,19,683566.0046577454,558.0,279.0,279.0,518,price_ends_before_test_end(2020_freeze_or_delist)
IEP,1987-07-23,2020-07-02,8304,7,6165981.018066406,2142.0,1071.0,1071.0,2118,price_ends_before_test_end(2020_freeze_or_delist)
ACY,1998-01-20,2020-07-02,5651,7,30265.00039100647,338.0,169.0,169.0,332,price_ends_before_test_end(2020_freeze_or_delist)
IESC,1998-01-28,2020-07-02,5645,7,512053.4903526306,302.0,151.0,151.0,298,price_ends_before_test_end(2020_freeze_or_delist)
BBQ,1996-11-04,2020-07-02,5955,7,48715.50178527832,0.0,0.0,0.0,0,price_ends_before_test_end(2020_freeze_or_delist)
IEV,2000-07-28,2020-06-19,5005,7,11967049.913215635,0.0,0.0,0.0,0,price_ends_before_test_end(2020_freeze_or_delist)
IEZ,2006-05-05,2020-07-02,3565,5,1092850.537109375,932.0,466.0,466.0,848,price_ends_before_test_end(2020_freeze_or_delist)
BCOM,2007-11-01,2020-07-02,3189,5,7410.499984025955,482.0,241.0,241.0,482,price_ends_before_test_end(2020_freeze_or_delist)
BCOR,1998-12-15,2020-07-02,5422,7,6689768.026924133,1088.0,544.0,544.0,1088,price_ends_before_test_end(2020_freeze_or_delist)
IFEU,2007-12-27,2020-07-02,2970,6,87089.99862670898,0.0,0.0,0.0,0,price_ends_before_test_end(2020_freeze_or_delist)
IFF,1974-12-17,2020-04-01,11423,7,126852311.97662354,2246.0,1123.0,1123.0,2190,price_ends_before_test_end(2020_freeze_or_delist)
BCS,1986-09-09,2020-04-01,8460,7,23180666.513371468,0.0,0.0,0.0,0,price_ends_before_test_end(2020_freeze_or_delist)
BCTF,2000-05-22,2020-04-01,4991,7,10062.0002746582,0.0,0.0,0.0,0,price_ends_before_test_end(2020_freeze_or_delist)
IEX,1989-06-02,2020-07-02,7833,7,69726083.18328857,1506.0,753.0,753.0,1506,price_ends_before_test_end(2020_freeze_or_delist)
ITT,1995-12-15,2020-07-02,6179,7,35673181.84051514,2258.0,1129.0,1129.0,2096,price_ends_before_test_end(2020_freeze_or_delist)
CRHM,2008-06-24,2020-07-02,3028,5,143336.9997739792,0.0,0.0,0.0,0,price_ends_before_test_end(2020_freeze_or_delist)
SPRT,2000-07-19,2020-07-02,5021,7,85308.99884700775,552.0,276.0,276.0,550,price_ends_before_test_end(2020_freeze_or_delist)
EGOV,1999-07-15,2020-07-02,5277,7,7511188.409614563,760.0,380.0,380.0,742,price_ends_before_test_end(2020_freeze_or_delist)
OPNT,2009-12-02,2020-07-02,2664,5,222004.00295257568,0.0,0.0,0.0,0,price_ends_before_test_end(2020_freeze_or_delist)
OPBK,2005-08-08,2020-04-01,3688,5,214707.5089454651,0.0,0.0,0.0,0,price_ends_before_test_end(2020_freeze_or_delist)
LKQ,2003-10-06,2020-06-19,4206,5,66141696.15478516,0.0,0.0,0.0,0,price_ends_before_test_end(2020_freeze_or_delist)
LL,2007-11-09,2020-06-19,3174,5,10186559.961795809,4646.0,2323.0,2323.0,4578,price_ends_before_test_end(2020_freeze_or_delist)
LLEX,2009-10-26,2020-07-02,2689,5,239377.50324904916,480.0,240.0,240.0,480,price_ends_before_test_end(2020_freeze_or_delist)
LLIT,2010-04-22,2020-07-02,2568,5,24969.49918270111,0.0,0.0,0.0,0,price_ends_before_test_end(2020_freeze_or_delist)
LLNW,2007-06-08,2020-07-02,3291,5,5125347.409915924,1442.0,721.0,721.0,1362,price_ends_before_test_end(2020_freeze_or_delist)
LM,1983-08-01,2020-06-19,9300,7,28356659.30480957,3518.0,1759.0,1759.0,3328,price_ends_before_test_end(2020_freeze_or_delist)
ELC,2010-10-13,2020-07-02,2413,11,120793600.0,0.0,0.0,0.0,0,price_ends_before_test_end(2020_freeze_or_delist)
ELGX,1996-06-20,2020-07-02,6050,7,397764.4962966442,1258.0,629.0,629.0,1234,price_ends_before_test_end(2020_freeze_or_delist)
OMCL,2001-08-09,2020-06-19,4745,7,19384176.63116455,1288.0,644.0,644.0,1256,price_ends_before_test_end(2020_freeze_or_delist)
OMC,1980-03-17,2020-06-19,10153,7,132131914.99176024,2970.0,1485.0,1485.0,2858,price_ends_before_test_end(2020_freeze_or_delist)
OMAB,2006-11-29,2020-06-19,3412,5,2967535.974884033,720.0,360.0,360.0,682,price_ends_before_test_end(2020_freeze_or_delist)
ELLO,1995-10-06,2020-06-30,6205,7,10713.499927520752,150.0,75.0,75.0,150,price_ends_before_test_end(2020_freeze_or_delist)
ELS,1993-02-25,2020-04-01,6825,7,38697212.49847412,1132.0,566.0,566.0,1118,price_ends_before_test_end(2020_freeze_or_delist)
ELSE,1981-06-09,2020-07-02,9789,92,2904.0000915527344,98.0,49.0,49.0,90,price_ends_before_test_end(2020_freeze_or_delist)
OIS,2001-02-09,2020-06-19,4870,7,6574416.4623737335,1232.0,616.0,616.0,1204,price_ends_before_test_end(2020_freeze_or_delist)
OIIM,2000-08-31,2020-07-02,4990,7,32583.999353647232,418.0,209.0,209.0,408,price_ends_before_test_end(2020_freeze_or_delist)
OIH,2001-02-26,2020-07-02,4869,7,116767000.90370178,3288.0,1644.0,1644.0,3026,price_ends_before_test_end(2020_freeze_or_delist)
OIA,1988-09-19,2020-06-19,8002,7,533139.0051841736,56.0,28.0,28.0,56,price_ends_before_test_end(2020_freeze_or_delist)
ELY,1992-02-28,2020-07-02,7140,7,17773759.797668457,2008.0,1004.0,1004.0,1926,price_ends_before_test_end(2020_freeze_or_delist)
EMAN,2000-01-21,2020-04-01,5081,7,30830.99977225065,478.0,239.0,239.0,476,price_ends_before_test_end(2020_freeze_or_delist)
EMCF,1999-03-08,2020-04-01,5303,7,22882.99903869629,238.0,119.0,119.0,238,price_ends_before_test_end(2020_freeze_or_delist)
LMNR,2003-10-07,2020-06-19,4205,5,870054.0124893188,918.0,459.0,459.0,918,price_ends_before_test_end(2020_freeze_or_delist)
FOE,1980-03-17,2020-07-02,10162,7,7594376.148319244,1228.0,614.0,614.0,1208,price_ends_before_test_end(2020_freeze_or_delist)
EGF,2005-10-27,2020-04-01,3631,5,44693.00155639648,0.0,0.0,0.0,0,price_ends_before_test_end(2020_freeze_or_delist)
EGAN,1999-09-23,2020-06-19,5219,7,1041502.501153946,904.0,452.0,452.0,904,price_ends_before_test_end(2020_freeze_or_delist)
ORBC,2006-11-06,2020-07-02,3437,5,2573118.011069298,638.0,319.0,319.0,634,price_ends_before_test_end(2020_freeze_or_delist)
EBSB,2008-01-23,2020-07-02,3134,5,2303050.542640686,416.0,208.0,208.0,414,price_ends_before_test_end(2020_freeze_or_delist)
EC,2008-09-18,2020-04-01,2904,5,10644941.796183586,1568.0,784.0,784.0,1458,price_ends_before_test_end(2020_freeze_or_delist)
LFVN,1994-04-08,2020-06-19,3970,539,1117167.9859161377,520.0,260.0,260.0,520,price_ends_before_test_end(2020_freeze_or_delist)
ECHO,2009-10-02,2020-07-02,2706,5,4339715.485954285,0.0,0.0,0.0,0,price_ends_before_test_end(2020_freeze_or_delist)
ECOL,1984-05-09,2020-04-01,9049,7,7176658.943557739,922.0,461.0,461.0,900,price_ends_before_test_end(2020_freeze_or_delist)
ECON,2010-09-14,2020-06-19,2459,5,835144.5183753967,178.0,89.0,89.0,160,price_ends_before_test_end(2020_freeze_or_delist)
LGI,2004-04-28,2020-07-02,4074,5,599406.9855213165,116.0,58.0,58.0,116,price_ends_before_test_end(2020_freeze_or_delist)
ECT,2010-07-01,2020-07-02,2519,5,32114.999932050705,210.0,105.0,105.0,204,price_ends_before_test_end(2020_freeze_or_delist)
PAI,1980-03-17,2020-06-19,10136,7,311264.4922733307,110.0,55.0,55.0,110,price_ends_before_test_end(2020_freeze_or_delist)
PAE,2006-10-09,2020-07-02,2359,916,2170681.089401245,0.0,0.0,0.0,0,price_ends_before_test_end(2020_freeze_or_delist)
PACW,2000-06-05,2023-11-30,5909,7,41631124.61164856,946.0,473.0,473.0,926,price_ends_before_test_end(2020_freeze_or_delist)
LGL,1980-03-17,2020-06-19,10153,7,129040.9948348999,0.0,0.0,0.0,0,price_ends_before_test_end(2020_freeze_or_delist)
EMF,1987-02-26,2020-07-02,8406,7,524087.9997253418,46.0,23.0,23.0,44,price_ends_before_test_end(2020_freeze_or_delist)
PAC,2006-02-27,2020-06-19,3596,13,6764121.59614563,0.0,0.0,0.0,0,price_ends_before_test_end(2020_freeze_or_delist)
OXM,1980-03-17,2020-06-19,10042,8,8472081.301689148,1420.0,710.0,710.0,1378,price_ends_before_test_end(2020_freeze_or_delist)
EEH,2007-08-02,2020-05-22,3190,51,0.0,100.0,50.0,50.0,100,price_ends_before_test_end(2020_freeze_or_delist)
OTTR,1973-02-21,2020-06-19,11923,7,4615178.540039063,776.0,388.0,388.0,772,price_ends_before_test_end(2020_freeze_or_delist)
OTEL,2004-12-16,2020-07-02,3860,6,31448.99969100952,310.0,155.0,155.0,310,price_ends_before_test_end(2020_freeze_or_delist)
OSTK,2002-05-30,2020-07-02,4556,5,29483265.15879631,4024.0,2012.0,2012.0,3906,price_ends_before_test_end(2020_freeze_or_delist)
OSN,2010-12-21,2020-07-02,2397,5,44750.99917650223,490.0,245.0,245.0,490,price_ends_before_test_end(2020_freeze_or_delist)
OSK,1985-10-02,2020-06-19,8751,7,44383596.69799805,2556.0,1278.0,1278.0,2474,price_ends_before_test_end(2020_freeze_or_delist)
OSBC,1993-11-16,2020-06-19,6696,7,889802.4899959564,382.0,191.0,191.0,378,price_ends_before_test_end(2020_freeze_or_delist)
ORRF,1999-05-13,2020-06-19,5311,7,299993.5089111328,272.0,136.0,136.0,268,price_ends_before_test_end(2020_freeze_or_delist)
ORN,2007-12-20,2020-06-19,3146,5,492188.0241394043,988.0,494.0,494.0,974,price_ends_before_test_end(2020_freeze_or_delist)
EFSC,2003-07-15,2020-04-01,4209,5,3723009.949493408,616.0,308.0,308.0,614,price_ends_before_test_end(2020_freeze_or_delist)
ORI,1980-03-17,2020-06-19,10153,7,34166275.08087158,1754.0,877.0,877.0,1698,price_ends_before_test_end(2020_freeze_or_delist)
LHCG,2005-06-09,2020-07-02,3793,5,29761451.91345215,1190.0,595.0,595.0,1162,price_ends_before_test_end(2020_freeze_or_delist)
LMNX,2000-04-06,2020-07-02,5092,7,5946733.307170868,1608.0,804.0,804.0,1564,price_ends_before_test_end(2020_freeze_or_delist)
FNHC,1998-11-05,2020-07-02,5449,7,757374.0037918091,828.0,328.0,500.0,828,price_ends_before_test_end(2020_freeze_or_delist)
OFC,1991-12-31,2020-07-02,7181,7,17862560.552215576,1020.0,510.0,510.0,980,price_ends_before_test_end(2020_freeze_or_delist)
NUVA,2004-05-13,2020-07-02,4063,5,36428936.15608215,2752.0,1376.0,1376.0,2636,price_ends_before_test_end(2020_freeze_or_delist)
LORL,2005-07-27,2020-04-01,3696,5,1579030.0188064575,342.0,171.0,171.0,328,price_ends_before_test_end(2020_freeze_or_delist)
LOV,2006-02-14,2020-07-02,3512,7,496624.5087146759,468.0,234.0,234.0,464,price_ends_before_test_end(2020_freeze_or_delist)
EQIX,2000-08-11,2020-04-01,4940,7,200431096.9482422,3938.0,1969.0,1969.0,3748,price_ends_before_test_end(2020_freeze_or_delist)
NUO,1991-10-17,2020-06-19,7193,7,341210.0016593933,56.0,28.0,28.0,54,price_ends_before_test_end(2020_freeze_or_delist)
NUM,1991-10-17,2020-07-02,7225,7,333528.0023574829,0.0,0.0,0.0,0,price_ends_before_test_end(2020_freeze_or_delist)
EQS,1992-09-11,2020-07-02,7000,7,4047.9999780654903,90.0,45.0,45.0,88,price_ends_before_test_end(2020_freeze_or_delist)
ERI,2000-01-03,2020-07-02,4543,441,82172354.43668365,0.0,0.0,0.0,0,price_ends_before_test_end(2020_freeze_or_delist)
NTUS,2001-07-31,2020-06-19,4746,7,5184115.935325623,0.0,0.0,0.0,0,price_ends_before_test_end(2020_freeze_or_delist)
ESBK,1986-06-18,2020-07-02,8580,5,58162.00094223023,92.0,46.0,46.0,86,price_ends_before_test_end(2020_freeze_or_delist)
NTP,1990-11-26,2020-07-02,7436,7,144471.99544906616,254.0,127.0,127.0,254,price_ends_before_test_end(2020_freeze_or_delist)
NTN,1991-08-29,2020-07-02,7039,8,9269.99990940094,344.0,172.0,172.0,342,price_ends_before_test_end(2020_freeze_or_delist)
LOGM,2009-07-01,2020-07-02,2771,5,42426030.27839661,2068.0,1034.0,1034.0,2016,price_ends_before_test_end(2020_freeze_or_delist)
FMBI,1983-04-12,2020-07-02,9386,7,9820026.300525663,772.0,386.0,386.0,740,price_ends_before_test_end(2020_freeze_or_delist)
LQDT,2006-02-27,2020-06-19,3604,5,508971.98073863983,0.0,0.0,0.0,0,price_ends_before_test_end(2020_freeze_or_delist)
FMAO,2006-01-30,2020-04-01,3568,5,237140.9978866577,0.0,0.0,0.0,0,price_ends_before_test_end(2020_freeze_or_delist)
NSL,1999-10-27,2020-06-19,5195,7,910604.0072917938,58.0,29.0,29.0,54,price_ends_before_test_end(2020_freeze_or_delist)
LSI,1995-06-21,2020-07-02,6303,7,36423823.64616394,0.0,0.0,0.0,0,price_ends_before_test_end(2020_freeze_or_delist)
FLY,2007-09-28,2020-07-02,3150,92,2559084.482669831,1024.0,512.0,512.0,1014,price_ends_before_test_end(2020_freeze_or_delist)
LTM,1997-11-07,2020-07-02,5699,7,6083915.015649796,1222.0,611.0,611.0,1202,price_ends_before_test_end(2020_freeze_or_delist)
NPV,1993-03-18,2020-06-19,6848,7,268366.0057067871,138.0,69.0,69.0,128,price_ends_before_test_end(2020_freeze_or_delist)
ESTE,1994-04-18,2020-07-02,6600,7,768579.0196657181,788.0,394.0,394.0,788,price_ends_before_test_end(2020_freeze_or_delist)
NPN,2009-04-28,2020-07-02,2559,8,19950.50024986267,0.0,0.0,0.0,0,price_ends_before_test_end(2020_freeze_or_delist)
ESXB,2006-09-06,2020-07-02,3480,5,224354.5052528381,0.0,0.0,0.0,0,price_ends_before_test_end(2020_freeze_or_delist)
NPA,2004-07-15,2020-07-02,3204,640,1975.0,0.0,0.0,0.0,0,price_ends_before_test_end(2020_freeze_or_delist)
NP,2004-11-17,2020-07-02,3933,5,5297812.498664856,706.0,353.0,353.0,680,price_ends_before_test_end(2020_freeze_or_delist)
ABMD,1987-07-29,2020-07-02,8237,92,124285976.10168456,478.0,239.0,239.0,478,price_ends_before_test_end(2020_freeze_or_delist)
PB,1998-11-12,2020-06-19,5358,7,35983164.13459778,1056.0,528.0,528.0,1056,price_ends_before_test_end(2020_freeze_or_delist)
EPC,2000-03-27,2020-04-01,5036,7,19841861.22131348,0.0,0.0,0.0,0,price_ends_before_test_end(2020_freeze_or_delist)
EOS,2005-01-27,2020-07-02,3885,5,2064062.014579773,532.0,266.0,266.0,530,price_ends_before_test_end(2020_freeze_or_delist)
OEG,2005-04-08,2020-07-02,1701,809,1699.7100303769112,0.0,0.0,0.0,0,price_ends_before_test_end(2020_freeze_or_delist)
EMMS,1994-02-23,2020-04-01,6573,7,63584.884214401245,470.0,235.0,235.0,438,price_ends_before_test_end(2020_freeze_or_delist)
EMP,2000-01-03,2020-07-02,4835,279,1474911.9981765747,0.0,0.0,0.0,0,price_ends_before_test_end(2020_freeze_or_delist)
LMST,2006-09-22,2020-04-01,3404,5,42714.00032043457,0.0,0.0,0.0,0,price_ends_before_test_end(2020_freeze_or_delist)
EMX,2007-08-28,2020-04-01,3171,5,122670.5006480217,0.0,0.0,0.0,0,price_ends_before_test_end(2020_freeze_or_delist)
OCC,1996-04-02,2020-06-19,6095,7,10289.999866485596,278.0,139.0,139.0,278,price_ends_before_test_end(2020_freeze_or_delist)
ENDP,2000-07-18,2020-07-02,4959,92,24458727.33078003,4896.0,2448.0,2448.0,4888,price_ends_before_test_end(2020_freeze_or_delist)
LNDC,1996-02-15,2020-06-19,6128,7,1269117.504072189,780.0,390.0,390.0,756,price_ends_before_test_end(2020_freeze_or_delist)
ENIA,1993-10-20,2020-04-01,6660,7,9849399.55778122,0.0,0.0,0.0,0,price_ends_before_test_end(2020_freeze_or_delist)
OBCI,1981-03-27,2020-06-19,9893,7,43223.50066900253,288.0,144.0,144.0,284,price_ends_before_test_end(2020_freeze_or_delist)
OBAS,1999-04-07,2020-04-01,5282,7,2289.0000343322754,0.0,0.0,0.0,0,price_ends_before_test_end(2020_freeze_or_delist)
OAS,2010-06-17,2020-06-19,2520,5,31201322.943001986,2656.0,1328.0,1328.0,2652,price_ends_before_test_end(2020_freeze_or_delist)
EPAY,1999-02-12,2020-07-02,5382,7,11218015.552425385,0.0,0.0,0.0,0,price_ends_before_test_end(2020_freeze_or_delist)
O,1994-10-18,2020-07-02,6473,7,140408558.0669403,3723.0,779.0,2944.0,3723,price_ends_before_test_end(2020_freeze_or_delist)
NYT,1973-05-03,2020-06-19,11889,7,49700036.47956848,3172.0,1586.0,1586.0,2996,price_ends_before_test_end(2020_freeze_or_delist)
NYMX,1997-12-22,2020-07-02,5669,7,210844.001698494,626.0,313.0,313.0,610,price_ends_before_test_end(2020_freeze_or_delist)
FMY,2005-05-26,2020-06-19,3793,5,68762.50057220459,108.0,54.0,54.0,108,price_ends_before_test_end(2020_freeze_or_delist)
FMO,2004-12-23,2020-07-02,3908,5,1246904.979467392,58.0,29.0,29.0,46,price_ends_before_test_end(2020_freeze_or_delist)
ENX,2002-08-28,2020-04-01,4429,5,316055.9955596924,78.0,39.0,39.0,78,price_ends_before_test_end(2020_freeze_or_delist)
NXQ,1992-05-21,2020-07-02,7082,7,391553.9985179901,118.0,59.0,59.0,118,price_ends_before_test_end(2020_freeze_or_delist)
NXPI,2010-08-06,2020-06-19,2485,5,324251357.5016022,2228.0,1114.0,1114.0,2206,price_ends_before_test_end(2020_freeze_or_delist)
NXP,1992-03-19,2020-06-19,7117,7,516651.9819259644,796.0,398.0,398.0,796,price_ends_before_test_end(2020_freeze_or_delist)
NXGN,1982-12-01,2020-06-19,8546,29,3706376.909351349,0.0,0.0,0.0,0,price_ends_before_test_end(2020_freeze_or_delist)
NWN,1973-02-21,2020-06-19,11930,7,10438583.246612549,824.0,412.0,412.0,804,price_ends_before_test_end(2020_freeze_or_delist)
LODE,2010-07-21,2020-06-19,2497,5,236812.49372661117,306.0,153.0,153.0,304,price_ends_before_test_end(2020_freeze_or_delist)
NWFL,1998-03-04,2020-06-19,4194,18,176798.00453186035,288.0,144.0,144.0,286,price_ends_before_test_end(2020_freeze_or_delist)
NYV,2009-04-28,2020-07-02,2808,5,33654.50019836426,76.0,38.0,38.0,76,price_ends_before_test_end(2020_freeze_or_delist)
ET,2001-08-15,2020-06-19,4740,7,194996517.61317253,0.0,0.0,0.0,0,price_ends_before_test_end(2020_freeze_or_delist)
LFC,2003-12-17,2020-07-02,4161,5,4220036.015892029,976.0,488.0,488.0,906,price_ends_before_test_end(2020_freeze_or_delist)
PBIP,2005-03-30,2020-07-02,3285,21,102294.4983959198,202.0,101.0,101.0,196,price_ends_before_test_end(2020_freeze_or_delist)
PPL,1980-03-17,2020-06-19,10153,7,144678937.3456955,2868.0,1434.0,1434.0,2758,price_ends_before_test_end(2020_freeze_or_delist)
PPIH,1989-12-15,2020-07-02,6777,15,69288.49935531616,0.0,0.0,0.0,0,price_ends_before_test_end(2020_freeze_or_delist)
DNI,1998-06-24,2020-07-02,5543,7,432172.0104694367,0.0,0.0,0.0,0,price_ends_before_test_end(2020_freeze_or_delist)
PPG,1980-03-17,2020-06-19,10153,7,155979414.84527588,4770.0,2385.0,2385.0,4616,price_ends_before_test_end(2020_freeze_or_delist)
DNK,2007-01-03,2020-07-02,1226,1145,0.0,0.0,0.0,0.0,0,price_ends_before_test_end(2020_freeze_or_delist)
KTP,1999-07-06,2020-04-01,5220,7,64460.000467300415,18.0,9.0,9.0,18,price_ends_before_test_end(2020_freeze_or_delist)
DNR,1995-09-06,2020-07-02,6250,7,11156500.199747086,2788.0,1394.0,1394.0,2704,price_ends_before_test_end(2020_freeze_or_delist)
DO,1995-10-11,2020-04-01,6161,7,18300028.43055725,2252.0,1126.0,1126.0,2034,price_ends_before_test_end(2020_freeze_or_delist)
KVHI,1996-04-02,2020-04-01,6041,7,257482.49979019165,536.0,268.0,268.0,524,price_ends_before_test_end(2020_freeze_or_delist)
DOL,2006-06-16,2020-06-19,3524,5,1173499.976158142,104.0,52.0,52.0,104,price_ends_before_test_end(2020_freeze_or_delist)
PNRG,1980-03-17,2020-06-19,6654,38,156804.9976348877,158.0,79.0,79.0,156,price_ends_before_test_end(2020_freeze_or_delist)
PNQI,2008-06-13,2020-06-19,2957,13,2586914.971923828,466.0,233.0,233.0,458,price_ends_before_test_end(2020_freeze_or_delist)
DORM,1991-03-12,2020-04-01,7321,7,11925002.30140686,0.0,0.0,0.0,0,price_ends_before_test_end(2020_freeze_or_delist)
PMD,1987-01-22,2020-07-02,8198,10,143334.4981431961,418.0,188.0,230.0,412,price_ends_before_test_end(2020_freeze_or_delist)
PMBC,2000-01-26,2020-06-19,5080,7,189825.49772262573,242.0,121.0,121.0,238,price_ends_before_test_end(2020_freeze_or_delist)
PM,2008-03-17,2020-07-02,3097,5,406442285.1844788,3685.0,0.0,3685.0,3666,price_ends_before_test_end(2020_freeze_or_delist)
PLXS,1986-02-05,2020-07-02,8624,7,9773075.909233091,1311.0,509.0,802.0,1281,price_ends_before_test_end(2020_freeze_or_delist)
PLW,2007-10-11,2020-07-02,3204,5,1957429.9833297727,102.0,51.0,51.0,102,price_ends_before_test_end(2020_freeze_or_delist)
DPW,1996-12-17,2020-07-02,5925,7,443829.4993638992,1350.0,675.0,675.0,1348,price_ends_before_test_end(2020_freeze_or_delist)
PLT,1994-01-20,2020-07-02,6655,7,13683707.55519867,1312.0,656.0,656.0,1280,price_ends_before_test_end(2020_freeze_or_delist)
DRAD,2004-06-10,2020-07-02,4044,5,78147.4993467331,620.0,310.0,310.0,614,price_ends_before_test_end(2020_freeze_or_delist)
DRD,1994-05-16,2020-04-01,6517,7,525974.0147590637,812.0,406.0,406.0,812,price_ends_before_test_end(2020_freeze_or_delist)
ITUB,2002-02-25,2020-07-02,4622,5,155946371.65470123,1926.0,963.0,963.0,1808,price_ends_before_test_end(2020_freeze_or_delist)
DRE,1986-02-06,2020-07-02,8672,7,76275126.07154846,1884.0,942.0,942.0,1856,price_ends_before_test_end(2020_freeze_or_delist)
PLM,2000-10-12,2020-07-02,4785,8,103697.50204980372,310.0,155.0,155.0,296,price_ends_before_test_end(2020_freeze_or_delist)
PPR,1992-03-09,2020-07-02,7134,7,1890967.582130432,472.0,236.0,236.0,460,price_ends_before_test_end(2020_freeze_or_delist)
KSU,1980-03-17,2020-07-02,10099,92,119991901.4892578,4166.0,2083.0,2083.0,4040,price_ends_before_test_end(2020_freeze_or_delist)
KSU.P,1998-06-03,2020-07-02,2728,36,5598.999977111816,0.0,0.0,0.0,0,price_ends_before_test_end(2020_freeze_or_delist)
PRCP,1992-08-21,2020-07-02,6942,7,92548.00267219543,498.0,249.0,249.0,496,price_ends_before_test_end(2020_freeze_or_delist)
PTC,1989-12-08,2020-06-19,7692,7,61656781.85043335,930.0,465.0,465.0,918,price_ends_before_test_end(2020_freeze_or_delist)
DHX,2007-07-26,2020-04-01,3194,5,658429.9944400787,718.0,359.0,359.0,690,price_ends_before_test_end(2020_freeze_or_delist)
DHY,1998-07-29,2020-04-01,5455,7,670036.997461319,0.0,0.0,0.0,0,price_ends_before_test_end(2020_freeze_or_delist)
DIM,2006-06-16,2020-07-02,3533,5,721570.9930419922,0.0,0.0,0.0,0,price_ends_before_test_end(2020_freeze_or_delist)
PSTI,2003-07-15,2020-07-02,3693,77,520079.9989700317,1350.0,675.0,675.0,1338,price_ends_before_test_end(2020_freeze_or_delist)
DISCA,2005-07-08,2020-07-02,3773,5,108433932.06663132,3772.0,1886.0,1886.0,3752,price_ends_before_test_end(2020_freeze_or_delist)
DISCB,2005-11-10,2020-07-01,3679,5,3725.99983215332,54.0,27.0,27.0,50,price_ends_before_test_end(2020_freeze_or_delist)
DISCK,2008-09-18,2020-07-02,2968,5,64674835.311985016,544.0,272.0,272.0,536,price_ends_before_test_end(2020_freeze_or_delist)
PSM,2001-07-10,2020-07-01,1009,517,7455.9499044418335,0.0,0.0,0.0,0,price_ends_before_test_end(2020_freeze_or_delist)
PSLV,2010-10-29,2020-06-19,2426,5,5931286.482048035,2812.0,1406.0,1406.0,2812,price_ends_before_test_end(2020_freeze_or_delist)
PSK,2009-10-06,2020-06-19,2695,5,6363257.044219971,116.0,58.0,58.0,116,price_ends_before_test_end(2020_freeze_or_delist)
KR,1977-01-03,2020-04-01,10907,7,183022963.6039734,10254.0,5127.0,5127.0,9886,price_ends_before_test_end(2020_freeze_or_delist)
LAD,1996-12-18,2020-04-01,5860,7,25860728.39126587,2486.0,1243.0,1243.0,2466,price_ends_before_test_end(2020_freeze_or_delist)
KRA,2009-12-17,2020-04-01,2589,5,5028467.139911652,0.0,0.0,0.0,0,price_ends_before_test_end(2020_freeze_or_delist)
PSCH,2010-04-07,2020-06-19,2569,5,2029286.4860534668,114.0,57.0,57.0,114,price_ends_before_test_end(2020_freeze_or_delist)
PSB,1991-03-27,2020-07-02,7341,7,16446400.55847168,0.0,0.0,0.0,0,price_ends_before_test_end(2020_freeze_or_delist)
PS,2005-12-06,2020-07-02,2733,1148,27200988.33017349,0.0,0.0,0.0,0,price_ends_before_test_end(2020_freeze_or_delist)
DJCI,2009-10-29,2020-04-01,2623,5,27854.00061607361,140.0,70.0,70.0,140,price_ends_before_test_end(2020_freeze_or_delist)
FTF,2003-09-04,2020-04-01,4173,5,887237.0215892792,44.0,22.0,22.0,44,price_ends_before_test_end(2020_freeze_or_delist)
PRTK,2009-02-03,2020-07-02,2858,6,1905759.9828124049,1088.0,544.0,544.0,1088,price_ends_before_test_end(2020_freeze_or_delist)
PRSC,2003-08-20,2020-06-19,4236,5,4329074.424171448,460.0,230.0,230.0,444,price_ends_before_test_end(2020_freeze_or_delist)
DL,2008-07-30,2020-07-02,3003,5,366502.9936313629,0.0,0.0,0.0,0,price_ends_before_test_end(2020_freeze_or_delist)
KRNY,2005-02-24,2020-06-19,3857,5,3313313.005924225,322.0,161.0,161.0,308,price_ends_before_test_end(2020_freeze_or_delist)
DLR,2004-10-29,2020-06-19,3937,5,214079693.4288025,4070.0,2035.0,2035.0,3978,price_ends_before_test_end(2020_freeze_or_delist)
PRGX,1996-03-27,2020-07-02,6094,7,203423.0076789856,422.0,211.0,211.0,416,price_ends_before_test_end(2020_freeze_or_delist)
ACC,2004-08-16,2020-06-19,3990,5,34031214.33677673,1334.0,667.0,667.0,1284,price_ends_before_test_end(2020_freeze_or_delist)
PSCU,2010-04-07,2020-06-19,2537,8,148114.00413513184,114.0,57.0,57.0,114,price_ends_before_test_end(2020_freeze_or_delist)
PLC,2000-01-28,2020-06-29,1393,669,1768955.0159573555,0.0,0.0,0.0,0,price_ends_before_test_end(2020_freeze_or_delist)
DRR,2008-05-22,2020-04-01,2986,5,6277.000045776367,4526.0,2263.0,2263.0,4494,price_ends_before_test_end(2020_freeze_or_delist)
PLAG,2002-06-06,2020-07-02,2560,2534,38589.99944925308,0.0,0.0,0.0,0,price_ends_before_test_end(2020_freeze_or_delist)
PFIS,2002-06-11,2020-06-19,2959,53,311973.99559021,0.0,0.0,0.0,0,price_ends_before_test_end(2020_freeze_or_delist)
DVD,1996-10-04,2020-07-02,5976,7,28350.500226020813,288.0,144.0,144.0,244,price_ends_before_test_end(2020_freeze_or_delist)
LCI,1994-04-04,2020-04-01,6546,7,6779695.187520981,3334.0,1667.0,1667.0,3318,price_ends_before_test_end(2020_freeze_or_delist)
PFD,1991-01-25,2020-06-19,7407,7,381802.5005340576,240.0,120.0,120.0,240,price_ends_before_test_end(2020_freeze_or_delist)
PFBI,1996-05-17,2020-07-02,5783,8,338656.9935798645,188.0,94.0,94.0,182,price_ends_before_test_end(2020_freeze_or_delist)
LD,2008-06-25,2020-06-29,2986,25,0.0,102.0,51.0,51.0,102,price_ends_before_test_end(2020_freeze_or_delist)
LDL,1980-03-17,2020-07-02,10162,7,2039316.5321826932,546.0,273.0,273.0,540,price_ends_before_test_end(2020_freeze_or_delist)
PETS,1999-04-26,2020-06-19,5218,7,13733995.757102966,2590.0,1295.0,1295.0,2524,price_ends_before_test_end(2020_freeze_or_delist)
PERI,2006-01-31,2020-06-19,3609,5,1371509.0549945831,1014.0,507.0,507.0,1014,price_ends_before_test_end(2020_freeze_or_delist)
PEIX,2005-03-24,2020-07-02,3836,5,226605.99347949028,1202.0,601.0,601.0,1164,price_ends_before_test_end(2020_freeze_or_delist)
PEI,1973-05-03,2020-07-02,11013,13,6081047.968196869,1538.0,769.0,769.0,1508,price_ends_before_test_end(2020_freeze_or_delist)
DXB,2007-05-21,2020-04-01,3240,5,1897975.482749939,6.0,3.0,3.0,6,price_ends_before_test_end(2020_freeze_or_delist)
LBY,1993-06-18,2020-06-18,6799,7,225614.50203061104,566.0,283.0,283.0,564,price_ends_before_test_end(2020_freeze_or_delist)
FRG,2007-12-28,2020-07-02,2959,29,372835.6940422058,0.0,0.0,0.0,0,price_ends_before_test_end(2020_freeze_or_delist)
DXF,2010-11-23,2020-07-02,2418,5,8897.965516030788,0.0,0.0,0.0,0,price_ends_before_test_end(2020_freeze_or_delist)
PDP,2007-03-01,2020-06-19,3351,5,6533906.071853638,280.0,140.0,140.0,234,price_ends_before_test_end(2020_freeze_or_delist)
PDLI,1992-01-29,2020-07-02,7161,7,3098042.448234558,1418.0,709.0,709.0,1330,price_ends_before_test_end(2020_freeze_or_delist)
DXR,1983-07-25,2020-07-02,9133,8,22967.499542236328,412.0,206.0,206.0,406,price_ends_before_test_end(2020_freeze_or_delist)
DYAI,2008-01-16,2020-04-01,3074,5,493345.0049877167,0.0,0.0,0.0,0,price_ends_before_test_end(2020_freeze_or_delist)
PCYG,1999-10-27,2020-07-02,5010,17,176540.49997329712,314.0,157.0,157.0,314,price_ends_before_test_end(2020_freeze_or_delist)
PCY,2007-10-11,2020-06-19,3195,5,32466404.101371765,1074.0,537.0,537.0,1036,price_ends_before_test_end(2020_freeze_or_delist)
FRC,2010-12-09,2020-07-02,2407,5,108414752.94303894,1760.0,880.0,880.0,1744,price_ends_before_test_end(2020_freeze_or_delist)
DYNT,1983-12-01,2020-04-01,9159,7,13620.50005197525,368.0,184.0,184.0,358,price_ends_before_test_end(2020_freeze_or_delist)
EAI,2007-12-17,2020-07-02,921,1207,0.0,1.0,0.0,1.0,1,price_ends_before_test_end(2020_freeze_or_delist)
PBW,2005-03-03,2020-07-02,3861,5,1553853.0544281006,502.0,251.0,251.0,474,price_ends_before_test_end(2020_freeze_or_delist)
PBS,2005-06-23,2020-07-02,3779,5,151695.0002670288,386.0,193.0,193.0,366,price_ends_before_test_end(2020_freeze_or_delist)
PEB,2009-12-09,2020-06-19,2650,5,28696783.83331299,0.0,0.0,0.0,0,price_ends_before_test_end(2020_freeze_or_delist)
PBCT,1988-07-06,2020-07-02,8061,7,51960872.85728455,1790.0,895.0,895.0,1686,price_ends_before_test_end(2020_freeze_or_delist)
LBTYK,2005-09-08,2020-07-02,3730,5,72184185.01319885,800.0,400.0,400.0,798,price_ends_before_test_end(2020_freeze_or_delist)
PFN,2004-10-27,2020-06-19,3939,5,2085897.4883556368,52.0,26.0,26.0,48,price_ends_before_test_end(2020_freeze_or_delist)
PKO,2007-11-29,2020-07-02,3168,5,1845361.0004425049,44.0,22.0,22.0,42,price_ends_before_test_end(2020_freeze_or_delist)
PKBK,2003-06-23,2020-06-19,3945,9,330807.0075988769,226.0,113.0,113.0,220,price_ends_before_test_end(2020_freeze_or_delist)
DS,2002-10-10,2020-07-02,4463,5,1272759.033036232,0.0,0.0,0.0,0,price_ends_before_test_end(2020_freeze_or_delist)
PIPR,2004-01-02,2020-06-19,4145,5,6216606.1725616455,0.0,0.0,0.0,0,price_ends_before_test_end(2020_freeze_or_delist)
DSM,1989-11-22,2020-04-01,7648,7,843442.5210475922,916.0,458.0,458.0,890,price_ends_before_test_end(2020_freeze_or_delist)
DSPG,1994-02-14,2020-07-02,6643,7,2157112.994861603,0.0,0.0,0.0,0,price_ends_before_test_end(2020_freeze_or_delist)
PII,1987-09-16,2020-06-19,8257,7,61837833.12225342,2850.0,1425.0,1425.0,2786,price_ends_before_test_end(2020_freeze_or_delist)
PICO,1991-03-21,2020-07-02,7095,18,505804.4988155365,358.0,179.0,179.0,354,price_ends_before_test_end(2020_freeze_or_delist)
PIC,2010-04-01,2020-07-02,1457,159,1467967.5,0.0,0.0,0.0,0,price_ends_before_test_end(2020_freeze_or_delist)
LAWS,1980-03-17,2020-07-02,10162,7,724745.0075149536,18.0,0.0,18.0,18,price_ends_before_test_end(2020_freeze_or_delist)
DTF,1991-11-22,2020-04-01,7142,7,147904.9988746643,90.0,45.0,45.0,90,price_ends_before_test_end(2020_freeze_or_delist)
LAZ,2005-05-05,2020-07-02,3817,5,23518013.30604553,3339.0,1222.0,2117.0,3238,price_ends_before_test_end(2020_freeze_or_delist)
LBTYB,2004-06-09,2020-07-02,4028,14,2475.0,110.0,55.0,55.0,108,price_ends_before_test_end(2020_freeze_or_delist)
DTO,2008-06-17,2020-04-01,2969,5,149901.99584960938,258.0,129.0,129.0,132,price_ends_before_test_end(2020_freeze_or_delist)
LB,1982-04-01,2020-07-02,9647,7,118757996.80809976,0.0,0.0,0.0,0,price_ends_before_test_end(2020_freeze_or_delist)
LBAI,1999-01-04,2020-07-02,5411,7,1844284.0143203733,430.0,215.0,215.0,422,price_ends_before_test_end(2020_freeze_or_delist)
DTUL,2010-08-10,2020-06-29,2447,14,0.0,100.0,50.0,50.0,100,price_ends_before_test_end(2020_freeze_or_delist)
DTUS,2010-08-10,2020-07-02,2462,18,3114.999961853028,100.0,50.0,50.0,100,price_ends_before_test_end(2020_freeze_or_delist)
LBC,2001-12-26,2020-06-19,4328,170,394424.99656677246,0.0,0.0,0.0,0,price_ends_before_test_end(2020_freeze_or_delist)
FSBC,2007-08-31,2020-04-01,3168,5,8680.000305175781,0.0,0.0,0.0,0,price_ends_before_test_end(2020_freeze_or_delist)
DTYL,2010-08-10,2020-07-02,2457,22,0.0,104.0,52.0,52.0,104,price_ends_before_test_end(2020_freeze_or_delist)
PG,1970-01-02,2020-06-19,12731,7,860648109.7564697,2624.0,1312.0,1312.0,2624,price_ends_before_test_end(2020_freeze_or_delist)
PFSW,1999-12-02,2020-06-19,5158,7,118060.5004787445,574.0,287.0,287.0,560,price_ends_before_test_end(2020_freeze_or_delist)
DUO,2007-11-28,2020-04-01,2494,814,0.0,0.0,0.0,0.0,0,price_ends_before_test_end(2020_freeze_or_delist)
PFO,1992-02-06,2020-06-19,7145,7,210816.49842262268,114.0,57.0,57.0,114,price_ends_before_test_end(2020_freeze_or_delist)
LBTYA,2004-06-03,2020-07-02,4049,5,37758684.32226181,2596.0,1298.0,1298.0,2524,price_ends_before_test_end(2020_freeze_or_delist)
DTP,2000-01-03,2020-07-02,5016,62,1791779.4538497925,0.0,0.0,0.0,0,price_ends_before_test_end(2020_freeze_or_delist)
ETFC,1996-08-16,2020-07-02,6010,7,125777137.26425172,2308.0,1154.0,1154.0,2066,price_ends_before_test_end(2020_freeze_or_delist)
ETH,1993-03-16,2020-07-02,6876,7,4055972.1641540527,3227.0,632.0,2595.0,3191,price_ends_before_test_end(2020_freeze_or_delist)
ETM,1999-01-29,2020-07-02,5392,7,3283117.384839058,916.0,458.0,458.0,880,price_ends_before_test_end(2020_freeze_or_delist)
MNE,2003-07-30,2020-04-01,4198,5,73074.99885559082,42.0,21.0,21.0,40,price_ends_before_test_end(2020_freeze_or_delist)
MDRX,1999-07-26,2020-07-02,5270,7,14876106.852674484,3049.0,1262.0,1787.0,2851,price_ends_before_test_end(2020_freeze_or_delist)
MDT,1973-05-02,2020-07-02,11899,7,484952122.9450226,9323.0,4476.0,4847.0,8905,price_ends_before_test_end(2020_freeze_or_delist)
MDU,1973-02-21,2020-07-02,11949,6,28123521.43936157,1340.0,670.0,670.0,1312,price_ends_before_test_end(2020_freeze_or_delist)
MMX,2002-10-23,2020-06-19,368,4501,,0.0,0.0,0.0,0,price_ends_before_test_end(2020_freeze_or_delist)
FFG,1996-07-19,2020-04-01,5967,5,1167467.99659729,740.0,370.0,370.0,724,price_ends_before_test_end(2020_freeze_or_delist)
MDY,1995-05-04,2020-07-02,6336,7,358861958.14971924,908.0,454.0,454.0,802,price_ends_before_test_end(2020_freeze_or_delist)
MMP,2001-03-19,2020-07-02,4854,7,57638862.31155396,3518.0,1759.0,1759.0,3458,price_ends_before_test_end(2020_freeze_or_delist)
MMM,1970-01-02,2020-07-02,12740,7,469932634.6221924,7441.0,1495.0,5946.0,6961,price_ends_before_test_end(2020_freeze_or_delist)
MMLP,2002-11-01,2020-07-02,4447,5,784087.0057582855,1223.0,553.0,670.0,1210,price_ends_before_test_end(2020_freeze_or_delist)
FFHL,2006-12-19,2020-04-01,3343,5,40522.999119758606,644.0,322.0,322.0,628,price_ends_before_test_end(2020_freeze_or_delist)
MDYG,2005-11-15,2020-06-19,3598,11,5457247.024536133,104.0,52.0,52.0,104,price_ends_before_test_end(2020_freeze_or_delist)
MMC,1973-02-21,2020-06-19,11938,7,172093747.7443695,2438.0,1219.0,1219.0,2354,price_ends_before_test_end(2020_freeze_or_delist)
MMAC,1996-08-30,2020-07-02,6000,7,269180.49898147583,184.0,92.0,92.0,184,price_ends_before_test_end(2020_freeze_or_delist)
MLVF,2008-05-21,2020-07-02,3051,5,166745.99871635437,258.0,129.0,129.0,258,price_ends_before_test_end(2020_freeze_or_delist)
MDYV,2005-11-15,2020-07-02,3446,9,4786660.952377319,78.0,39.0,39.0,78,price_ends_before_test_end(2020_freeze_or_delist)
MLSS,1995-11-03,2020-07-02,6208,7,437584.0015649796,24.0,0.0,24.0,24,price_ends_before_test_end(2020_freeze_or_delist)
MLR,1994-08-02,2020-07-02,6527,7,1408752.9668807983,539.0,222.0,317.0,514,price_ends_before_test_end(2020_freeze_or_delist)
MED,1993-12-30,2020-07-02,6675,7,25862023.900604248,0.0,0.0,0.0,0,price_ends_before_test_end(2020_freeze_or_delist)
MLPI,2010-04-01,2020-07-02,2582,5,8580857.920360565,100.0,50.0,50.0,100,price_ends_before_test_end(2020_freeze_or_delist)
MLPG,2010-07-14,2020-07-02,2507,6,12813.499546051027,100.0,50.0,50.0,100,price_ends_before_test_end(2020_freeze_or_delist)
MEET,2003-09-04,2020-06-19,4228,5,5468566.429138184,1740.0,870.0,870.0,1740,price_ends_before_test_end(2020_freeze_or_delist)
MEI,1982-10-20,2020-07-02,9506,7,6174267.565727234,1364.0,530.0,834.0,1345,price_ends_before_test_end(2020_freeze_or_delist)
MLP,1994-04-25,2020-06-19,5791,35,126694.50030326845,354.0,177.0,177.0,248,price_ends_before_test_end(2020_freeze_or_delist)
MLN,2008-01-16,2020-06-19,3113,7,894740.9809112549,112.0,56.0,56.0,112,price_ends_before_test_end(2020_freeze_or_delist)
MDP,1980-03-17,2020-07-02,10162,7,21191897.9888916,2330.0,1165.0,1165.0,2306,price_ends_before_test_end(2020_freeze_or_delist)
MNP,1993-01-22,2020-07-02,6832,7,259463.4961605072,88.0,44.0,44.0,86,price_ends_before_test_end(2020_freeze_or_delist)
MDLZ,2001-06-13,2020-04-01,4731,5,313597312.4862671,3864.0,1932.0,1932.0,3864,price_ends_before_test_end(2020_freeze_or_delist)
FEO,2006-08-31,2020-07-02,3483,5,175265.99922180176,82.0,41.0,41.0,82,price_ends_before_test_end(2020_freeze_or_delist)
MRTN,1986-09-25,2020-06-19,8503,7,3670709.926128389,700.0,350.0,350.0,692,price_ends_before_test_end(2020_freeze_or_delist)
FCX,1995-07-10,2020-04-01,6227,7,231554006.24432564,8592.0,4296.0,4296.0,7702,price_ends_before_test_end(2020_freeze_or_delist)
MRLN,2003-11-12,2020-07-02,4188,5,342062.00680732727,424.0,212.0,212.0,422,price_ends_before_test_end(2020_freeze_or_delist)
FDEF,1993-07-20,2020-06-19,6726,79,1860492.0072555544,520.0,260.0,260.0,516,price_ends_before_test_end(2020_freeze_or_delist)
MCHP,1993-03-19,2020-07-02,6873,7,211666000.3616333,4026.0,2013.0,2013.0,3940,price_ends_before_test_end(2020_freeze_or_delist)
MCHX,2004-03-31,2020-07-02,4093,5,341995.0008690357,822.0,362.0,460.0,810,price_ends_before_test_end(2020_freeze_or_delist)
MCI,1980-03-17,2020-07-02,10162,7,301414.5124435425,38.0,0.0,38.0,37,price_ends_before_test_end(2020_freeze_or_delist)
MCK,1994-11-10,2020-07-02,6456,7,219357203.62854004,5760.0,1827.0,3933.0,5610,price_ends_before_test_end(2020_freeze_or_delist)
MCN,2004-08-02,2020-07-02,4009,5,453398.5065460205,141.0,56.0,85.0,140,price_ends_before_test_end(2020_freeze_or_delist)
MCO,1994-10-31,2020-07-02,6464,7,186572601.12304688,4892.0,1606.0,3286.0,4522,price_ends_before_test_end(2020_freeze_or_delist)
MPX,2001-03-01,2020-06-19,4857,7,293039.9932861328,598.0,299.0,299.0,588,price_ends_before_test_end(2020_freeze_or_delist)
MCR,1989-07-21,2020-07-02,7799,7,817163.5074615479,517.0,204.0,313.0,498,price_ends_before_test_end(2020_freeze_or_delist)
MLM,1994-02-17,2020-07-02,6637,7,137147675.18234253,2901.0,1038.0,1863.0,2842,price_ends_before_test_end(2020_freeze_or_delist)
MCRI,1993-08-06,2020-04-01,6712,7,1987253.4883499143,554.0,277.0,277.0,548,price_ends_before_test_end(2020_freeze_or_delist)
MPA,1992-11-04,2020-07-02,6966,7,253298.9990234375,234.0,117.0,117.0,232,price_ends_before_test_end(2020_freeze_or_delist)
MCS,1980-03-17,2020-07-02,10162,7,5005299.929141998,1592.0,642.0,950.0,1554,price_ends_before_test_end(2020_freeze_or_delist)
MOSY,2001-07-17,2020-07-02,4771,7,129856.50278329848,0.0,0.0,0.0,0,price_ends_before_test_end(2020_freeze_or_delist)
MCY,1985-11-20,2020-07-02,8726,5,11595869.967651367,1605.0,595.0,1010.0,1589,price_ends_before_test_end(2020_freeze_or_delist)
MD,1995-09-20,2020-07-02,6240,7,19623642.952013016,1989.0,897.0,1092.0,1831,price_ends_before_test_end(2020_freeze_or_delist)
MDC,1980-03-11,2020-07-02,10166,7,18081740.505981445,2544.0,1048.0,1496.0,2452,price_ends_before_test_end(2020_freeze_or_delist)
FE,1997-11-10,2020-04-01,5634,7,162748991.77474976,3162.0,1581.0,1581.0,3004,price_ends_before_test_end(2020_freeze_or_delist)
MDCA,1995-04-17,2020-06-19,6340,7,372049.5025873184,874.0,437.0,437.0,866,price_ends_before_test_end(2020_freeze_or_delist)
MDGL,2007-02-06,2020-07-02,3376,5,14981306.72607422,271.0,0.0,271.0,271,price_ends_before_test_end(2020_freeze_or_delist)
MOH,2003-07-02,2020-07-02,4281,5,82865767.9019928,3500.0,1750.0,1750.0,3430,price_ends_before_test_end(2020_freeze_or_delist)
MO,1962-01-02,2020-07-02,14728,5,409278448.83670807,2922.0,1461.0,1461.0,2586,price_ends_before_test_end(2020_freeze_or_delist)
MNTA,2004-06-22,2020-07-02,4037,5,19993196.39072418,1678.0,839.0,839.0,1614,price_ends_before_test_end(2020_freeze_or_delist)
MCRO,2009-06-09,2020-07-02,2432,18,5330.999946594238,64.0,32.0,32.0,62,price_ends_before_test_end(2020_freeze_or_delist)
MLI,1991-02-25,2020-07-02,7396,7,6130093.473339082,276.0,0.0,276.0,276,price_ends_before_test_end(2020_freeze_or_delist)
MLHR,1980-03-17,2020-07-02,10160,7,16253369.166946411,1452.0,726.0,726.0,1432,price_ends_before_test_end(2020_freeze_or_delist)
MEIP,2003-12-18,2020-07-02,3857,21,765925.0010251999,878.0,439.0,439.0,878,price_ends_before_test_end(2020_freeze_or_delist)
MHH,2008-11-19,2020-07-02,2725,10,321843.00689697266,267.0,127.0,140.0,265,price_ends_before_test_end(2020_freeze_or_delist)
MHF,1988-11-21,2020-07-02,7966,7,267853.9952278137,151.0,55.0,96.0,151,price_ends_before_test_end(2020_freeze_or_delist)
MHE,1993-07-23,2020-06-19,5908,12,34849.000549316406,42.0,21.0,21.0,42,price_ends_before_test_end(2020_freeze_or_delist)
MHD,1997-05-06,2020-07-02,5826,7,323514.99223709106,75.0,21.0,54.0,75,price_ends_before_test_end(2020_freeze_or_delist)
MGYR,2006-01-24,2020-07-01,2325,18,6082.499980926514,13.0,0.0,13.0,13,price_ends_before_test_end(2020_freeze_or_delist)
FISI,1999-06-25,2020-04-01,5227,5,843226.5148162842,438.0,219.0,219.0,434,price_ends_before_test_end(2020_freeze_or_delist)
MGV,2007-12-27,2020-07-02,3151,5,8149091.857910156,250.0,69.0,181.0,249,price_ends_before_test_end(2020_freeze_or_delist)
MGU,2005-08-26,2020-04-01,3674,5,830535.9764099121,190.0,95.0,95.0,188,price_ends_before_test_end(2020_freeze_or_delist)
FISV,1986-09-25,2020-07-02,8512,7,378886058.732605,3202.0,1601.0,1601.0,3114,price_ends_before_test_end(2020_freeze_or_delist)
MGRC,1984-11-13,2020-06-19,8973,7,6703826.945114136,590.0,295.0,295.0,574,price_ends_before_test_end(2020_freeze_or_delist)
MGPI,1988-10-21,2020-07-02,7987,7,5882929.516983032,1113.0,407.0,706.0,1109,price_ends_before_test_end(2020_freeze_or_delist)
MFG,2006-11-08,2020-07-02,3435,5,1258814.0332341194,568.0,207.0,361.0,548,price_ends_before_test_end(2020_freeze_or_delist)
MHI,2003-07-18,2020-07-02,4270,5,696239.0065670013,182.0,53.0,129.0,181,price_ends_before_test_end(2020_freeze_or_delist)
ABC,1995-04-04,2020-07-02,6357,7,109671688.32359314,1444.0,722.0,722.0,1282,price_ends_before_test_end(2020_freeze_or_delist)
MGIC,1991-08-30,2020-04-01,7201,7,185890.5031204224,603.0,234.0,369.0,543,price_ends_before_test_end(2020_freeze_or_delist)
MGI,2004-08-12,2020-07-02,4001,5,4381557.918155193,0.0,0.0,0.0,0,price_ends_before_test_end(2020_freeze_or_delist)
MGF,1987-05-20,2020-07-02,8348,7,343583.9992284775,117.0,38.0,79.0,117,price_ends_before_test_end(2020_freeze_or_delist)
MFIN,1996-05-23,2020-07-02,6069,7,472860.5120539665,113.0,0.0,113.0,113,price_ends_before_test_end(2020_freeze_or_delist)
MGEE,1980-03-17,2020-07-02,10162,7,7145926.00479126,732.0,259.0,473.0,723,price_ends_before_test_end(2020_freeze_or_delist)
MGC,2007-12-27,2020-07-02,3151,5,8947336.199951172,0.0,0.0,0.0,0,price_ends_before_test_end(2020_freeze_or_delist)
MGA,1984-10-05,2020-04-01,8945,7,44449107.9334259,4065.0,1488.0,2577.0,3907,price_ends_before_test_end(2020_freeze_or_delist)
MG,2009-10-08,2020-07-02,2702,5,1233785.0120067596,1195.0,432.0,763.0,1191,price_ends_before_test_end(2020_freeze_or_delist)
MFV,1989-11-17,2020-07-02,7712,7,92556.00185394289,304.0,131.0,173.0,304,price_ends_before_test_end(2020_freeze_or_delist)
MFT,1992-11-04,2020-07-02,6966,7,257827.49700546265,586.0,293.0,293.0,582,price_ends_before_test_end(2020_freeze_or_delist)
MFSF,1999-12-30,2020-04-01,5097,5,270819.9935913086,352.0,176.0,176.0,348,price_ends_before_test_end(2020_freeze_or_delist)
MFL,1997-09-29,2020-07-02,5728,7,1032014.5135879515,54.0,27.0,27.0,54,price_ends_before_test_end(2020_freeze_or_delist)
MGM,1988-05-02,2020-07-02,8108,7,189793999.962616,2836.0,0.0,2836.0,2816,price_ends_before_test_end(2020_freeze_or_delist)
FLIR,1993-06-22,2020-04-01,6744,7,33126672.84965515,2376.0,1188.0,1188.0,2246,price_ends_before_test_end(2020_freeze_or_delist)
MHK,1992-04-01,2020-04-01,7053,7,91357453.28979492,2795.0,980.0,1815.0,2727,price_ends_before_test_end(2020_freeze_or_delist)
MHLD,2008-05-06,2020-07-02,3060,5,129292.49964952467,126.0,0.0,126.0,126,price_ends_before_test_end(2020_freeze_or_delist)
MLAB,1984-02-29,2020-06-19,7551,48,9281388.259124756,522.0,261.0,261.0,514,price_ends_before_test_end(2020_freeze_or_delist)
MKTX,2004-11-05,2020-07-02,3941,5,108728559.81750488,2514.0,871.0,1643.0,2504,price_ends_before_test_end(2020_freeze_or_delist)
MKSI,1999-03-30,2020-07-02,5350,7,37162995.49865723,2027.0,737.0,1290.0,2007,price_ends_before_test_end(2020_freeze_or_delist)
MKL,1986-12-12,2020-06-19,8382,7,44076221.9543457,1576.0,788.0,788.0,1536,price_ends_before_test_end(2020_freeze_or_delist)
MELI,2007-08-10,2020-07-02,3247,5,310103799.7406006,62.0,0.0,62.0,62,price_ends_before_test_end(2020_freeze_or_delist)
MKC,1973-02-21,2020-07-02,11948,7,109640322.1031189,5331.0,1917.0,3414.0,5273,price_ends_before_test_end(2020_freeze_or_delist)
MKC-V,2003-10-09,2020-07-02,3517,11,135371.9970703125,0.0,0.0,0.0,0,price_ends_before_test_end(2020_freeze_or_delist)
MEN,1989-02-24,2020-04-01,7837,7,580604.9880981445,624.0,312.0,312.0,586,price_ends_before_test_end(2020_freeze_or_delist)
MEOH,1992-05-19,2020-07-02,7084,7,13404802.722930908,0.0,0.0,0.0,0,price_ends_before_test_end(2020_freeze_or_delist)
MIY,1992-11-04,2020-06-19,6957,7,507082.0083618164,182.0,91.0,91.0,182,price_ends_before_test_end(2020_freeze_or_delist)
MERC,1988-07-20,2020-07-02,8053,7,2516017.982339859,1054.0,407.0,647.0,1046,price_ends_before_test_end(2020_freeze_or_delist)
MITK,1989-01-03,2020-07-02,7416,10,2842086.0234498978,77.0,0.0,77.0,77,price_ends_before_test_end(2020_freeze_or_delist)
MFD,2004-03-26,2020-07-02,4096,5,340954.493021965,160.0,58.0,102.0,160,price_ends_before_test_end(2020_freeze_or_delist)
MESO,2010-01-22,2020-07-02,2134,56,464275.0058174133,0.0,0.0,0.0,0,price_ends_before_test_end(2020_freeze_or_delist)
MET,2000-04-05,2020-07-02,5093,7,240619724.9481201,5552.0,2776.0,2776.0,5224,price_ends_before_test_end(2020_freeze_or_delist)
MIND,1994-12-19,2020-07-02,6430,7,48882.99860954285,787.0,342.0,445.0,751,price_ends_before_test_end(2020_freeze_or_delist)
MIN,1988-03-11,2020-07-02,8143,7,1195391.994023323,275.0,57.0,218.0,275,price_ends_before_test_end(2020_freeze_or_delist)
FLAT,2010-08-10,2020-04-01,2428,5,0.0,104.0,52.0,52.0,104,price_ends_before_test_end(2020_freeze_or_delist)
MFA,1998-04-13,2020-07-02,5594,7,23938832.81092644,1638.0,819.0,819.0,1600,price_ends_before_test_end(2020_freeze_or_delist)
MIDU,2009-01-08,2020-07-02,2891,5,1420347.511768341,87.0,31.0,56.0,87,price_ends_before_test_end(2020_freeze_or_delist)
MIDD,1987-08-10,2020-06-19,8283,7,44938615.05699158,1734.0,867.0,867.0,1698,price_ends_before_test_end(2020_freeze_or_delist)
MICR,1992-02-24,2020-04-01,7080,7,9289.500057697296,0.0,0.0,0.0,0,price_ends_before_test_end(2020_freeze_or_delist)
MIC,2004-12-16,2020-06-19,3904,5,22539011.88135147,1710.0,855.0,855.0,1696,price_ends_before_test_end(2020_freeze_or_delist)
MHO,1993-11-03,2020-07-02,6714,7,9354934.886074066,1696.0,652.0,1044.0,1674,price_ends_before_test_end(2020_freeze_or_delist)
MFC,1999-09-24,2020-07-02,5227,7,34062627.10881233,1792.0,896.0,896.0,1710,price_ends_before_test_end(2020_freeze_or_delist)
MHN,1997-09-22,2020-06-19,5724,7,542811.4949226379,160.0,80.0,80.0,160,price_ends_before_test_end(2020_freeze_or_delist)
MINI,1994-02-17,2020-06-30,6638,7,9234083.912658691,1016.0,508.0,508.0,996,price_ends_before_test_end(2020_freeze_or_delist)
MCF,1994-04-04,2020-07-02,6610,7,733180.0141692162,982.0,491.0,491.0,952,price_ends_before_test_end(2020_freeze_or_delist)
MSA,1973-02-22,2020-06-19,11938,7,18560781.08901977,920.0,460.0,460.0,898,price_ends_before_test_end(2020_freeze_or_delist)
MSBF,2007-06-20,2020-07-02,3277,5,43549.49998855591,152.0,76.0,76.0,150,price_ends_before_test_end(2020_freeze_or_delist)
NEW,2000-01-04,2020-06-19,4469,210,1482034.9462985992,0.0,0.0,0.0,0,price_ends_before_test_end(2020_freeze_or_delist)
NEV,2009-10-12,2020-07-02,2700,5,881494.0104484558,0.0,0.0,0.0,0,price_ends_before_test_end(2020_freeze_or_delist)
MAC,1994-03-10,2020-04-01,6562,7,53186432.17601776,4145.0,1630.0,2515.0,4079,price_ends_before_test_end(2020_freeze_or_delist)
EVSI,2010-05-03,2020-07-02,2561,5,153322.50254154205,0.0,0.0,0.0,0,price_ends_before_test_end(2020_freeze_or_delist)
NETE,2008-10-17,2020-06-19,2938,5,112030.5028796196,626.0,313.0,313.0,626,price_ends_before_test_end(2020_freeze_or_delist)
EVT,2003-09-26,2020-04-01,4157,5,2842686.0332489014,50.0,25.0,25.0,46,price_ends_before_test_end(2020_freeze_or_delist)
MAG,2007-03-14,2020-06-19,3342,5,5012452.492237091,504.0,193.0,311.0,492,price_ends_before_test_end(2020_freeze_or_delist)
EVY,1999-01-27,2020-04-01,5330,7,120736.00101470949,112.0,56.0,56.0,112,price_ends_before_test_end(2020_freeze_or_delist)
NEOG,1989-08-23,2020-06-19,7767,7,12215347.288322449,1100.0,550.0,550.0,1088,price_ends_before_test_end(2020_freeze_or_delist)
MAGS,1993-03-23,2020-07-02,6872,7,45575.49868822098,408.0,200.0,208.0,390,price_ends_before_test_end(2020_freeze_or_delist)
MAIN,2007-10-09,2020-07-02,3206,5,11890364.083480837,3815.0,1588.0,2227.0,3799,price_ends_before_test_end(2020_freeze_or_delist)
MAN,1988-10-05,2020-07-02,7999,7,38965396.27304077,2914.0,1091.0,1823.0,2806,price_ends_before_test_end(2020_freeze_or_delist)
MAA,1994-01-28,2020-06-19,6645,7,76995030.79338074,1850.0,925.0,925.0,1702,price_ends_before_test_end(2020_freeze_or_delist)
MANH,1998-04-23,2020-07-02,5586,7,37059348.06442261,1761.0,684.0,1077.0,1731,price_ends_before_test_end(2020_freeze_or_delist)
EWV,2007-11-08,2020-06-19,3112,7,124413.00086975098,80.0,40.0,40.0,80,price_ends_before_test_end(2020_freeze_or_delist)
NCV,2003-03-31,2020-07-02,4346,5,1612837.9522323608,0.0,0.0,0.0,0,price_ends_before_test_end(2020_freeze_or_delist)
NCTY,2004-12-15,2020-06-19,3892,5,45647.998505830765,504.0,252.0,252.0,480,price_ends_before_test_end(2020_freeze_or_delist)
NCR,1996-12-11,2020-07-02,5929,7,26242871.27285004,2360.0,1180.0,1180.0,2344,price_ends_before_test_end(2020_freeze_or_delist)
EXD,2010-06-25,2020-04-01,2459,5,401798.4950065613,0.0,0.0,0.0,0,price_ends_before_test_end(2020_freeze_or_delist)
NCMI,2007-02-08,2020-06-19,3365,5,2703406.5277576447,1116.0,558.0,558.0,1094,price_ends_before_test_end(2020_freeze_or_delist)
EXFO,2000-06-30,2020-07-02,5033,7,56379.50075864792,750.0,375.0,375.0,742,price_ends_before_test_end(2020_freeze_or_delist)
NCB,2009-04-28,2020-07-02,2815,5,81577.00061798096,118.0,59.0,59.0,118,price_ends_before_test_end(2020_freeze_or_delist)
NBW,2002-10-22,2020-07-02,4455,5,180599.49779510495,0.0,0.0,0.0,0,price_ends_before_test_end(2020_freeze_or_delist)
NBR,1973-02-21,2020-06-19,11939,7,23225025.0,3056.0,1528.0,1528.0,3030,price_ends_before_test_end(2020_freeze_or_delist)
NBO,2002-09-26,2020-07-02,4473,5,117105.00116348268,108.0,54.0,54.0,108,price_ends_before_test_end(2020_freeze_or_delist)
NBL,1980-03-17,2020-07-02,10099,92,110776385.10494232,4204.0,2102.0,2102.0,4096,price_ends_before_test_end(2020_freeze_or_delist)
MANT,2002-02-07,2020-07-02,4633,5,11524970.572280884,1400.0,700.0,700.0,1348,price_ends_before_test_end(2020_freeze_or_delist)
MAR,1993-10-13,2020-07-02,6729,7,270968234.81521606,5840.0,2920.0,2920.0,5640,price_ends_before_test_end(2020_freeze_or_delist)
NEX,2007-01-03,2020-07-02,1393,1135,7730029.978013039,0.0,0.0,0.0,0,price_ends_before_test_end(2020_freeze_or_delist)
NFG,1973-05-03,2020-06-19,11889,7,27700143.397521973,1218.0,609.0,609.0,1188,price_ends_before_test_end(2020_freeze_or_delist)
LUB,1980-03-17,2020-04-01,10098,7,27185.00065803528,590.0,295.0,295.0,580,price_ends_before_test_end(2020_freeze_or_delist)
NOA,2006-11-22,2020-04-01,3361,5,1206514.5107746124,862.0,431.0,431.0,840,price_ends_before_test_end(2020_freeze_or_delist)
NNA,2008-07-07,2020-06-19,2853,17,805412.0221138,1166.0,583.0,583.0,1140,price_ends_before_test_end(2020_freeze_or_delist)
NMY,1993-03-18,2020-07-02,6874,7,367631.9987297058,162.0,81.0,81.0,162,price_ends_before_test_end(2020_freeze_or_delist)
LULU,2007-07-27,2020-06-19,3248,5,353361849.4796753,236.0,118.0,118.0,236,price_ends_before_test_end(2020_freeze_or_delist)
NM,2003-11-10,2023-12-13,5058,5,101621.2309947014,1506.0,753.0,753.0,1422,price_ends_before_test_end(2020_freeze_or_delist)
NLS,1999-05-05,2020-06-19,5317,7,1222075.525546074,1158.0,579.0,579.0,1146,price_ends_before_test_end(2020_freeze_or_delist)
NLOK,2002-02-01,2020-07-02,361,3186,137681315.53668976,0.0,0.0,0.0,0,price_ends_before_test_end(2020_freeze_or_delist)
NKG,2002-09-26,2020-07-02,4473,5,165372.0004081726,50.0,25.0,25.0,50,price_ends_before_test_end(2020_freeze_or_delist)
NJV,2009-04-28,2020-07-02,2814,5,42098.50063323975,50.0,25.0,25.0,50,price_ends_before_test_end(2020_freeze_or_delist)
NJR,1980-03-17,2020-07-02,10163,5,19312937.390995026,1018.0,509.0,509.0,1008,price_ends_before_test_end(2020_freeze_or_delist)
LXRX,2000-04-07,2020-06-19,5082,7,2742708.0057621,1590.0,795.0,795.0,1562,price_ends_before_test_end(2020_freeze_or_delist)
MA,2006-05-25,2020-07-02,3551,5,1078585693.0267334,4320.0,2160.0,2160.0,3650,price_ends_before_test_end(2020_freeze_or_delist)
NICK,1997-12-29,2020-04-01,5602,6,25046.499586105347,296.0,148.0,148.0,294,price_ends_before_test_end(2020_freeze_or_delist)
NIB,2008-06-25,2020-06-19,3018,5,546804.9964904785,770.0,385.0,385.0,756,price_ends_before_test_end(2020_freeze_or_delist)
NI,1973-02-21,2020-07-02,11949,7,84991474.70493317,2094.0,1047.0,1047.0,1938,price_ends_before_test_end(2020_freeze_or_delist)
NHLD,1987-06-23,2020-07-02,8324,7,8006.000101566315,0.0,0.0,0.0,0,price_ends_before_test_end(2020_freeze_or_delist)
NHF,2006-06-26,2020-06-19,3521,5,3176395.047569275,86.0,43.0,43.0,86,price_ends_before_test_end(2020_freeze_or_delist)
EV,1980-03-17,2020-07-02,10163,7,27023722.24197388,2134.0,1067.0,1067.0,1996,price_ends_before_test_end(2020_freeze_or_delist)
LYG,2001-11-28,2020-06-19,4672,5,15041512.646520138,0.0,0.0,0.0,0,price_ends_before_test_end(2020_freeze_or_delist)
NGS,2002-10-22,2020-06-19,4446,5,636571.0203170776,486.0,243.0,243.0,478,price_ends_before_test_end(2020_freeze_or_delist)
NGG,2005-08-10,2020-06-19,3741,5,28261212.93296814,1076.0,538.0,538.0,1058,price_ends_before_test_end(2020_freeze_or_delist)
EVK,2008-07-16,2020-04-01,2949,5,675.000011920929,230.0,115.0,115.0,218,price_ends_before_test_end(2020_freeze_or_delist)
NFLX,2002-05-23,2020-06-19,4551,5,2206793663.102722,6056.0,3028.0,3028.0,6056,price_ends_before_test_end(2020_freeze_or_delist)
M,1992-02-05,2020-07-02,7156,7,206920250.95009804,6533.0,3029.0,3504.0,5797,price_ends_before_test_end(2020_freeze_or_delist)
EVM,2002-08-28,2020-04-01,4429,5,623949.4984149933,206.0,103.0,103.0,206,price_ends_before_test_end(2020_freeze_or_delist)
NICE,1996-01-25,2020-07-02,6152,7,36015073.724365234,1058.0,529.0,529.0,998,price_ends_before_test_end(2020_freeze_or_delist)
PTE,2000-08-18,2020-07-02,4071,293,687358.9980393648,0.0,0.0,0.0,0,price_ends_before_test_end(2020_freeze_or_delist)
EXPD,1984-09-26,2020-04-01,8953,7,75504363.42658997,878.0,439.0,439.0,764,price_ends_before_test_end(2020_freeze_or_delist)
NAVB,1992-11-10,2020-07-02,6962,7,102304.99786138536,856.0,428.0,428.0,856,price_ends_before_test_end(2020_freeze_or_delist)
MUS,1998-05-04,2020-07-02,5579,7,346123.4968662262,568.0,284.0,284.0,566,price_ends_before_test_end(2020_freeze_or_delist)
MUR,1980-03-17,2020-06-19,10153,7,55558816.9271946,0.0,0.0,0.0,0,price_ends_before_test_end(2020_freeze_or_delist)
MUH,1998-03-03,2020-07-02,5622,7,275814.00446891785,56.0,28.0,28.0,56,price_ends_before_test_end(2020_freeze_or_delist)
MUC,1998-03-02,2020-06-19,5614,7,1129089.4950389862,56.0,28.0,28.0,56,price_ends_before_test_end(2020_freeze_or_delist)
FBC,1997-04-30,2020-07-02,5770,92,8656055.660247803,896.0,448.0,448.0,854,price_ends_before_test_end(2020_freeze_or_delist)
MTW,1990-03-26,2020-06-19,7619,7,4813570.649576187,2384.0,1192.0,1192.0,2268,price_ends_before_test_end(2020_freeze_or_delist)
MTT,2009-03-27,2020-07-02,2837,5,472389.9869918823,108.0,54.0,54.0,108,price_ends_before_test_end(2020_freeze_or_delist)
MTSL,1997-05-21,2020-06-19,5809,7,13557.999837398527,478.0,239.0,239.0,464,price_ends_before_test_end(2020_freeze_or_delist)
MBOT,1992-03-25,2020-07-02,7122,7,641935.0074768066,0.0,0.0,0.0,0,price_ends_before_test_end(2020_freeze_or_delist)
MTSC,1980-03-17,2020-07-02,10162,7,5362140.940475464,664.0,332.0,332.0,642,price_ends_before_test_end(2020_freeze_or_delist)
MTOR,2000-07-10,2020-06-19,5019,7,18370682.45954513,2002.0,1001.0,1001.0,2002,price_ends_before_test_end(2020_freeze_or_delist)
MBT,2000-06-30,2020-06-19,5024,7,28528943.34383011,1190.0,595.0,595.0,1136,price_ends_before_test_end(2020_freeze_or_delist)
MBI,1987-07-01,2020-07-02,8319,7,5873716.894388199,0.0,0.0,0.0,0,price_ends_before_test_end(2020_freeze_or_delist)
MTL,2004-10-29,2020-07-02,3946,5,119115.0015950203,0.0,0.0,0.0,0,price_ends_before_test_end(2020_freeze_or_delist)
MBWM,1999-07-20,2020-07-02,5274,7,1186540.006160736,473.0,233.0,240.0,473,price_ends_before_test_end(2020_freeze_or_delist)
MCA,1992-11-04,2020-07-02,6966,7,783601.0104179381,0.0,0.0,0.0,0,price_ends_before_test_end(2020_freeze_or_delist)
FBSS,1999-12-23,2020-07-02,5152,11,23435.00022888184,168.0,84.0,84.0,160,price_ends_before_test_end(2020_freeze_or_delist)
MCBC,1998-05-20,2020-06-19,5558,7,511758.9968681336,278.0,139.0,139.0,268,price_ends_before_test_end(2020_freeze_or_delist)
MSVB,1999-10-26,2020-07-02,5198,7,25575.000190734863,0.0,0.0,0.0,0,price_ends_before_test_end(2020_freeze_or_delist)
FCAU,2010-06-09,2020-07-02,2535,5,37005688.3972168,8668.0,4334.0,4334.0,8668,price_ends_before_test_end(2020_freeze_or_delist)
MSON,1992-01-23,2020-06-19,7156,7,1065314.9770736694,486.0,243.0,243.0,472,price_ends_before_test_end(2020_freeze_or_delist)
FCCO,1999-03-09,2020-06-19,5358,7,148431.99982643127,272.0,136.0,136.0,264,price_ends_before_test_end(2020_freeze_or_delist)
FCCY,1999-03-15,2020-07-02,5362,7,190285.4953289032,0.0,0.0,0.0,0,price_ends_before_test_end(2020_freeze_or_delist)
FCF,1992-06-10,2020-04-01,7005,7,4438700.932884216,666.0,333.0,333.0,634,price_ends_before_test_end(2020_freeze_or_delist)
MSGN,2010-01-25,2020-07-02,2629,5,10066197.315788267,0.0,0.0,0.0,0,price_ends_before_test_end(2020_freeze_or_delist)
MCD,1966-07-05,2020-07-02,13592,7,696602579.9827576,4472.0,2236.0,2236.0,4472,price_ends_before_test_end(2020_freeze_or_delist)
MTL.P,2010-07-01,2020-07-02,2346,8,14191.00008904934,0.0,0.0,0.0,0,price_ends_before_test_end(2020_freeze_or_delist)
FLOW,1983-03-10,2020-04-01,8932,591,8628729.229545593,0.0,0.0,0.0,0,price_ends_before_test_end(2020_freeze_or_delist)
MVC,2000-06-26,2020-07-02,5037,7,183268.50192546844,428.0,214.0,214.0,416,price_ends_before_test_end(2020_freeze_or_delist)
MVIN,2007-12-17,2020-07-02,783,1185,43574.99885559083,0.0,0.0,0.0,0,price_ends_before_test_end(2020_freeze_or_delist)
NAV,1962-01-02,2020-07-02,14727,7,13354365.362930298,4038.0,2019.0,2019.0,3824,price_ends_before_test_end(2020_freeze_or_delist)
NATR,2009-06-25,2020-04-01,2711,5,124733.0050945282,0.0,0.0,0.0,0,price_ends_before_test_end(2020_freeze_or_delist)
NATI,1995-03-14,2020-06-19,6363,7,22131167.510986328,840.0,420.0,420.0,822,price_ends_before_test_end(2020_freeze_or_delist)
MARK,2003-06-10,2020-07-02,4297,5,307471.4924812317,816.0,408.0,408.0,816,price_ends_before_test_end(2020_freeze_or_delist)
MARPS,1980-03-17,2020-04-01,8557,15,7992.999804019928,48.0,24.0,24.0,48,price_ends_before_test_end(2020_freeze_or_delist)
MAS,1980-03-17,2020-07-02,10162,7,124115059.3202591,2726.0,1363.0,1363.0,2616,price_ends_before_test_end(2020_freeze_or_delist)
MASI,2007-08-08,2020-07-02,3249,5,59875144.2489624,2604.0,1267.0,1337.0,2570,price_ends_before_test_end(2020_freeze_or_delist)
MAT,1976-06-17,2020-07-02,11108,7,44380371.75192833,0.0,0.0,0.0,0,price_ends_before_test_end(2020_freeze_or_delist)
NAII,1993-10-28,2020-06-19,6709,7,48560.00065803528,200.0,100.0,100.0,194,price_ends_before_test_end(2020_freeze_or_delist)
MZZ,2006-07-13,2020-07-02,3468,7,143383.49976539612,54.0,27.0,27.0,54,price_ends_before_test_end(2020_freeze_or_delist)
MZA,1993-11-15,2020-07-02,6705,7,76422.49989509583,0.0,0.0,0.0,0,price_ends_before_test_end(2020_freeze_or_delist)
MYY,2006-06-22,2020-07-02,3519,5,202036.49883270264,42.0,21.0,21.0,42,price_ends_before_test_end(2020_freeze_or_delist)
MBCN,2003-02-27,2020-07-02,4368,5,112216.49951934814,204.0,95.0,109.0,204,price_ends_before_test_end(2020_freeze_or_delist)
MATX,1973-05-03,2020-07-02,11898,7,5693176.517486572,994.0,497.0,497.0,994,price_ends_before_test_end(2020_freeze_or_delist)
MAV,2003-10-23,2020-07-02,4202,5,724417.5304412842,264.0,132.0,132.0,264,price_ends_before_test_end(2020_freeze_or_delist)
MYL,1980-03-17,2020-07-02,10162,7,110673433.27789308,8892.0,4446.0,4446.0,8696,price_ends_before_test_end(2020_freeze_or_delist)
MYJ,1992-05-18,2020-07-02,7085,7,513900.0,168.0,84.0,84.0,168,price_ends_before_test_end(2020_freeze_or_delist)
MAXR,2009-02-13,2020-07-02,2866,5,19104723.78296852,0.0,0.0,0.0,0,price_ends_before_test_end(2020_freeze_or_delist)
MYF,1992-03-16,2020-04-01,7065,7,326569.0077781677,110.0,55.0,55.0,110,price_ends_before_test_end(2020_freeze_or_delist)
MYC,1992-03-16,2020-06-19,7120,7,539292.5040721893,42.0,21.0,21.0,42,price_ends_before_test_end(2020_freeze_or_delist)
MXIM,1988-02-29,2020-07-02,8152,7,107998164.4290924,2840.0,1420.0,1420.0,2738,price_ends_before_test_end(2020_freeze_or_delist)
MXE,1990-08-15,2020-04-01,7465,7,32320.000171661377,0.0,0.0,0.0,0,price_ends_before_test_end(2020_freeze_or_delist)
MAYS,1984-12-13,2020-06-23,8923,9,3435.0000381469727,48.0,24.0,24.0,48,price_ends_before_test_end(2020_freeze_or_delist)
FAN,2008-06-27,2020-06-19,3016,5,330226.9983291626,0.0,0.0,0.0,0,price_ends_before_test_end(2020_freeze_or_delist)
MBB,2007-03-16,2020-07-02,3348,5,131190915.7699585,1483.0,633.0,850.0,1475,price_ends_before_test_end(2020_freeze_or_delist)
MWK,2000-10-25,2020-07-02,3530,814,133092.00103282928,0.0,0.0,0.0,0,price_ends_before_test_end(2020_freeze_or_delist)
MYOS,2010-11-01,2020-07-02,2251,123,12871.45009636879,458.0,229.0,229.0,458,price_ends_before_test_end(2020_freeze_or_delist)
PTEN,1993-11-02,2020-06-19,6650,7,31832125.5753994,3012.0,1506.0,1506.0,2880,price_ends_before_test_end(2020_freeze_or_delist)
DUC,1993-01-22,2020-07-02,6912,7,236256.00872039795,80.0,40.0,40.0,80,price_ends_before_test_end(2020_freeze_or_delist)
KOL,2008-01-15,2020-07-02,3139,5,233025.0011444092,1734.0,867.0,867.0,1476,price_ends_before_test_end(2020_freeze_or_delist)
SASR,1994-04-07,2020-07-02,6142,49,4982037.475776672,165.0,0.0,165.0,165,price_ends_before_test_end(2020_freeze_or_delist)
SAR,2007-03-27,2020-07-02,3315,5,1656854.9974441528,508.0,160.0,348.0,508,price_ends_before_test_end(2020_freeze_or_delist)
SAP,1995-09-18,2020-06-19,6218,7,83829281.83898926,0.0,0.0,0.0,0,price_ends_before_test_end(2020_freeze_or_delist)
SOHU,2000-07-12,2020-07-02,5025,7,3763694.9343681335,2557.0,1254.0,1303.0,2437,price_ends_before_test_end(2020_freeze_or_delist)
SANW,2010-06-14,2020-06-19,2515,5,31704.000854492188,372.0,186.0,186.0,368,price_ends_before_test_end(2020_freeze_or_delist)
SANM,1993-04-14,2020-07-02,6854,7,11224847.065734863,1607.0,653.0,954.0,1552,price_ends_before_test_end(2020_freeze_or_delist)
SAND,2010-02-22,2020-07-02,2589,6,13430245.241689682,40.0,20.0,20.0,40,price_ends_before_test_end(2020_freeze_or_delist)
GBL,1999-02-11,2020-07-02,5383,7,231805.00164031985,652.0,326.0,326.0,632,price_ends_before_test_end(2020_freeze_or_delist)
SALM,1999-07-01,2020-07-02,5261,7,90536.50159835815,530.0,265.0,265.0,524,price_ends_before_test_end(2020_freeze_or_delist)
SAL,1998-08-25,2020-07-02,4076,20,91371.00219726562,222.0,111.0,111.0,222,price_ends_before_test_end(2020_freeze_or_delist)
SAIA,2002-09-11,2020-07-02,4484,5,23510122.299194336,1465.0,554.0,911.0,1437,price_ends_before_test_end(2020_freeze_or_delist)
SATS,2008-01-02,2020-07-02,3148,5,13569615.889072418,976.0,488.0,488.0,878,price_ends_before_test_end(2020_freeze_or_delist)
SAH,1997-11-12,2020-07-02,5694,7,8959973.860836029,343.0,0.0,343.0,343,price_ends_before_test_end(2020_freeze_or_delist)
SAFT,2002-11-22,2020-07-02,4432,5,4435043.870544434,131.0,0.0,131.0,131,price_ends_before_test_end(2020_freeze_or_delist)
CPHC,2008-09-08,2020-04-01,2912,5,19075.99959373474,230.0,115.0,115.0,226,price_ends_before_test_end(2020_freeze_or_delist)
CPI,2009-01-02,2023-12-13,3763,5,9270.598511695862,0.0,0.0,0.0,0,price_ends_before_test_end(2020_freeze_or_delist)
SAA,2007-01-25,2020-06-19,3161,8,72148.00186157225,88.0,44.0,44.0,88,price_ends_before_test_end(2020_freeze_or_delist)
SA,2004-04-20,2020-07-02,4079,5,5926590.040969849,928.0,351.0,577.0,892,price_ends_before_test_end(2020_freeze_or_delist)
CPRX,2006-11-08,2020-06-19,3426,5,8341127.321195602,1546.0,773.0,773.0,1540,price_ends_before_test_end(2020_freeze_or_delist)
CPS,2010-05-27,2020-04-01,2479,5,6968431.966209413,850.0,425.0,425.0,850,price_ends_before_test_end(2020_freeze_or_delist)
RYU,2006-11-07,2020-07-02,3273,12,2499926.0486602783,548.0,274.0,274.0,548,price_ends_before_test_end(2020_freeze_or_delist)
RYT,2006-11-07,2020-07-02,3375,7,6702760.013580322,712.0,356.0,356.0,712,price_ends_before_test_end(2020_freeze_or_delist)
RYN,1994-02-17,2020-07-02,6640,7,15083436.770915983,0.0,0.0,0.0,0,price_ends_before_test_end(2020_freeze_or_delist)
RYJ,2006-05-19,2020-06-19,3546,5,209937.0038986206,46.0,23.0,23.0,46,price_ends_before_test_end(2020_freeze_or_delist)
CPF,1987-08-28,2020-04-01,8214,7,3316078.0097961426,594.0,297.0,297.0,578,price_ends_before_test_end(2020_freeze_or_delist)
RYH,2006-11-07,2020-07-02,3384,9,2491359.565734863,42.0,21.0,21.0,42,price_ends_before_test_end(2020_freeze_or_delist)
SAVA,2000-01-11,2020-07-02,5139,7,2548632.0070147514,439.0,0.0,439.0,439,price_ends_before_test_end(2020_freeze_or_delist)
SBAC,1999-06-16,2020-06-19,5287,7,174726216.5863037,2086.0,1043.0,1043.0,2030,price_ends_before_test_end(2020_freeze_or_delist)
JOBS,2004-09-29,2020-06-19,3959,5,11010688.05618286,816.0,408.0,408.0,746,price_ends_before_test_end(2020_freeze_or_delist)
JOE,1990-03-23,2020-06-19,7620,7,3278580.134296417,1006.0,503.0,503.0,880,price_ends_before_test_end(2020_freeze_or_delist)
SCHC,2010-01-14,2020-07-02,2635,5,8929154.381370544,272.0,107.0,165.0,269,price_ends_before_test_end(2020_freeze_or_delist)
SCHB,2009-11-03,2020-07-02,2684,5,59320085.25047302,993.0,397.0,596.0,963,price_ends_before_test_end(2020_freeze_or_delist)
SCD,2004-02-25,2020-07-02,4118,5,814975.9892463684,127.0,39.0,88.0,127,price_ends_before_test_end(2020_freeze_or_delist)
GCE,2007-12-10,2020-07-01,3119,18,1058.5000038146973,94.0,47.0,47.0,94,price_ends_before_test_end(2020_freeze_or_delist)
CORE,2005-04-13,2020-07-02,3833,5,7553535.156726837,978.0,489.0,489.0,970,price_ends_before_test_end(2020_freeze_or_delist)
CORN,2010-06-09,2020-07-02,2535,5,859665.006351471,2988.0,1494.0,1494.0,2974,price_ends_before_test_end(2020_freeze_or_delist)
CORT,2004-04-14,2020-04-01,4020,5,8912984.97800827,590.0,295.0,295.0,580,price_ends_before_test_end(2020_freeze_or_delist)
CORV,2003-07-15,2020-04-01,4209,5,350439.9882256985,0.0,0.0,0.0,0,price_ends_before_test_end(2020_freeze_or_delist)
SBRA,2002-04-02,2020-07-02,4508,11,31977945.51486969,0.0,0.0,0.0,0,price_ends_before_test_end(2020_freeze_or_delist)
SB,2008-05-30,2020-07-02,3045,5,402628.0062496662,1492.0,635.0,857.0,1440,price_ends_before_test_end(2020_freeze_or_delist)
COW,2007-10-25,2020-07-02,3131,92,253395.45459747317,1038.0,519.0,519.0,1016,price_ends_before_test_end(2020_freeze_or_delist)
SBM,2010-03-18,2020-07-02,1641,36,7889.999771118165,0.0,0.0,0.0,0,price_ends_before_test_end(2020_freeze_or_delist)
COWN,2006-07-13,2020-07-02,3518,5,3565572.003936768,628.0,314.0,314.0,628,price_ends_before_test_end(2020_freeze_or_delist)
SBLK,2007-12-03,2020-07-02,3168,5,4925239.476013184,2207.0,860.0,1347.0,2175,price_ends_before_test_end(2020_freeze_or_delist)
GCAP,2010-12-15,2020-07-02,2403,5,910742.0110225676,1136.0,568.0,568.0,1130,price_ends_before_test_end(2020_freeze_or_delist)
SBI,1992-02-05,2020-07-02,7076,23,239000.00100135803,300.0,79.0,221.0,298,price_ends_before_test_end(2020_freeze_or_delist)
SBH,2006-11-17,2020-06-19,3419,5,23502587.82992363,0.0,0.0,0.0,0,price_ends_before_test_end(2020_freeze_or_delist)
SBGI,1995-06-07,2020-07-02,6313,7,36651365.76843262,2821.0,1211.0,1610.0,2772,price_ends_before_test_end(2020_freeze_or_delist)
SBCF,1984-02-02,2020-07-02,8630,12,5197549.89862442,630.0,246.0,384.0,616,price_ends_before_test_end(2020_freeze_or_delist)
SBBX,1998-02-20,2020-07-02,3910,27,366389.5052909851,296.0,148.0,148.0,296,price_ends_before_test_end(2020_freeze_or_delist)
GBT,2010-10-18,2020-07-02,2361,31,47942487.83569336,0.0,0.0,0.0,0,price_ends_before_test_end(2020_freeze_or_delist)
SBB,2007-01-25,2020-07-02,3061,18,69287.99934387207,128.0,56.0,72.0,126,price_ends_before_test_end(2020_freeze_or_delist)
SBNY,2004-03-23,2020-07-02,4099,5,46667287.34321594,2170.0,643.0,1527.0,2149,price_ends_before_test_end(2020_freeze_or_delist)
RYE,2006-11-07,2020-07-02,3387,6,1064513.9917373655,114.0,57.0,57.0,114,price_ends_before_test_end(2020_freeze_or_delist)
PTI,2007-12-13,2020-07-02,2190,345,999908.0039024352,0.0,0.0,0.0,0,price_ends_before_test_end(2020_freeze_or_delist)
IXG,2001-11-27,2020-07-02,4577,12,1545447.9988098145,0.0,0.0,0.0,0,price_ends_before_test_end(2020_freeze_or_delist)
IWO,2000-07-28,2020-07-02,5014,7,102182215.73638916,576.0,288.0,288.0,566,price_ends_before_test_end(2020_freeze_or_delist)
CSCO,1990-02-16,2020-04-01,7589,7,965187156.626892,3036.0,1518.0,1518.0,3036,price_ends_before_test_end(2020_freeze_or_delist)
JTA,2004-01-29,2020-07-02,4136,5,377526.0011196137,46.0,23.0,23.0,46,price_ends_before_test_end(2020_freeze_or_delist)
JTD,2007-08-01,2020-07-02,3254,5,491529.0161132813,42.0,21.0,21.0,42,price_ends_before_test_end(2020_freeze_or_delist)
RP,2010-08-12,2020-07-02,2490,5,33628520.535469055,1298.0,649.0,649.0,1288,price_ends_before_test_end(2020_freeze_or_delist)
CSII,2006-06-28,2020-07-02,3465,92,11562448.800086975,1100.0,550.0,550.0,1092,price_ends_before_test_end(2020_freeze_or_delist)
JVA,2005-05-03,2020-06-19,3810,5,71479.00190353394,712.0,356.0,356.0,698,price_ends_before_test_end(2020_freeze_or_delist)
IWN,2000-07-28,2020-07-02,5011,7,114403764.1494751,116.0,58.0,58.0,116,price_ends_before_test_end(2020_freeze_or_delist)
JW-A,1982-09-14,2020-07-02,9053,10,10414947.83706665,0.0,0.0,0.0,0,price_ends_before_test_end(2020_freeze_or_delist)
CSQ,2004-04-01,2020-04-01,4028,5,3331710.960960388,246.0,123.0,123.0,246,price_ends_before_test_end(2020_freeze_or_delist)
ROLL,2005-08-10,2020-07-02,3750,5,15411545.513916016,904.0,452.0,452.0,896,price_ends_before_test_end(2020_freeze_or_delist)
CS,1995-05-16,2020-07-02,6328,7,30215359.514093403,4000.0,2000.0,2000.0,3560,price_ends_before_test_end(2020_freeze_or_delist)
JW-B,1982-09-14,2020-07-02,5893,69,17638.500213623047,0.0,0.0,0.0,0,price_ends_before_test_end(2020_freeze_or_delist)
JXI,2006-09-22,2020-07-02,3468,5,848204.4841766357,62.0,31.0,31.0,62,price_ends_before_test_end(2020_freeze_or_delist)
GABC,1993-05-21,2020-04-01,6765,7,1557254.5356750488,416.0,208.0,208.0,408,price_ends_before_test_end(2020_freeze_or_delist)
CSU,1997-10-31,2020-04-01,5640,7,469156.4995527268,0.0,0.0,0.0,0,price_ends_before_test_end(2020_freeze_or_delist)
IWL,2009-09-28,2020-06-19,2599,6,1310975.9994506836,0.0,0.0,0.0,0,price_ends_before_test_end(2020_freeze_or_delist)
CSV,1996-08-09,2020-07-02,6015,7,2251895.517063141,682.0,341.0,341.0,676,price_ends_before_test_end(2020_freeze_or_delist)
CSWC,1980-03-17,2020-07-02,10162,7,1780983.0250740051,0.0,0.0,0.0,0,price_ends_before_test_end(2020_freeze_or_delist)
CTAA,2007-01-03,2020-07-02,3099,232,359799.997329712,0.0,0.0,0.0,0,price_ends_before_test_end(2020_freeze_or_delist)
CTB,1980-03-18,2020-07-02,10161,7,8627140.870666504,0.0,0.0,0.0,0,price_ends_before_test_end(2020_freeze_or_delist)
RNWK,1997-11-21,2020-07-02,5688,7,55508.00053477287,436.0,218.0,218.0,394,price_ends_before_test_end(2020_freeze_or_delist)
RNR,1995-07-27,2020-06-19,6266,7,52288455.68847656,1576.0,788.0,788.0,1546,price_ends_before_test_end(2020_freeze_or_delist)
CTEK,2004-06-22,2020-07-02,4037,5,45021.49916887283,0.0,0.0,0.0,0,price_ends_before_test_end(2020_freeze_or_delist)
IWM,2000-05-26,2020-06-19,5048,7,3215133648.724365,2268.0,1134.0,1134.0,2024,price_ends_before_test_end(2020_freeze_or_delist)
CRY,1993-02-12,2020-07-02,6897,7,4764575.398635864,840.0,420.0,420.0,818,price_ends_before_test_end(2020_freeze_or_delist)
RRD,1980-03-17,2020-06-19,10153,7,2023353.015112877,1560.0,780.0,780.0,1514,price_ends_before_test_end(2020_freeze_or_delist)
RRGB,2002-07-19,2020-06-19,4512,5,7677486.679840088,3170.0,1585.0,1585.0,3048,price_ends_before_test_end(2020_freeze_or_delist)
CPST,2000-06-30,2020-07-02,5033,7,471156.0039281845,1470.0,735.0,735.0,1450,price_ends_before_test_end(2020_freeze_or_delist)
RYAAY,1997-05-29,2020-06-19,5804,7,35340349.712371826,2474.0,1237.0,1237.0,2390,price_ends_before_test_end(2020_freeze_or_delist)
IXC,2001-11-26,2020-06-19,4642,7,9955042.844200134,366.0,183.0,183.0,350,price_ends_before_test_end(2020_freeze_or_delist)
GAZ,2007-10-25,2020-07-02,3194,5,30551.20029449463,2670.0,1335.0,1335.0,2574,price_ends_before_test_end(2020_freeze_or_delist)
IX,1998-09-16,2020-07-02,5485,7,2573123.371124268,296.0,148.0,148.0,288,price_ends_before_test_end(2020_freeze_or_delist)
RXI,2006-09-21,2020-06-19,3429,5,769506.0153961182,80.0,40.0,40.0,80,price_ends_before_test_end(2020_freeze_or_delist)
JPS,2002-09-24,2020-07-02,4475,5,4825773.46391678,296.0,148.0,148.0,296,price_ends_before_test_end(2020_freeze_or_delist)
IWY,2009-09-28,2020-07-02,2697,5,8389974.909210205,100.0,50.0,50.0,100,price_ends_before_test_end(2020_freeze_or_delist)
IWV,2000-05-26,2020-07-02,5055,7,43549284.39254761,108.0,54.0,54.0,108,price_ends_before_test_end(2020_freeze_or_delist)
IWS,2001-08-03,2020-07-02,4749,7,44065976.32141113,106.0,53.0,53.0,106,price_ends_before_test_end(2020_freeze_or_delist)
IWR,2001-08-27,2020-07-02,4731,11,77718368.3052063,110.0,55.0,55.0,110,price_ends_before_test_end(2020_freeze_or_delist)
CREE,1993-02-09,2020-07-02,6900,7,61107903.63006592,2886.0,1443.0,1443.0,2654,price_ends_before_test_end(2020_freeze_or_delist)
RVSB,1993-10-25,2020-06-19,5799,54,308068.5016155243,270.0,135.0,135.0,264,price_ends_before_test_end(2020_freeze_or_delist)
IWP,2001-08-03,2020-07-02,4744,11,40350690.29464722,0.0,0.0,0.0,0,price_ends_before_test_end(2020_freeze_or_delist)
MFM,1986-11-18,2020-07-02,8474,7,512430.5025577545,644.0,301.0,343.0,642,price_ends_before_test_end(2020_freeze_or_delist)
IYG,2000-06-21,2020-07-02,5032,7,9430208.464431765,1148.0,574.0,574.0,1122,price_ends_before_test_end(2020_freeze_or_delist)
AAXN,2001-06-08,2020-04-01,4729,7,43745685.38360596,0.0,0.0,0.0,0,price_ends_before_test_end(2020_freeze_or_delist)
RTX,1970-01-02,2020-06-19,12729,7,479131593.08776855,0.0,0.0,0.0,0,price_ends_before_test_end(2020_freeze_or_delist)
JRJC,2004-10-15,2020-06-19,3947,5,90853.50031852722,556.0,278.0,278.0,536,price_ends_before_test_end(2020_freeze_or_delist)
RTM,2006-11-07,2020-07-02,3334,7,440514.9971008301,112.0,56.0,56.0,112,price_ends_before_test_end(2020_freeze_or_delist)
JRO,2004-07-28,2020-06-19,4003,5,1546637.9784107208,38.0,19.0,19.0,38,price_ends_before_test_end(2020_freeze_or_delist)
SONM,1995-08-10,2020-07-02,2202,2886,393278.5045385361,0.0,0.0,0.0,0,price_ends_before_test_end(2020_freeze_or_delist)
RTIX,2000-08-10,2020-07-02,4994,19,680915.9973144531,1036.0,518.0,518.0,1022,price_ends_before_test_end(2020_freeze_or_delist)
RST,2009-04-16,2020-06-19,2815,5,2707592.9383277893,990.0,495.0,495.0,926,price_ends_before_test_end(2020_freeze_or_delist)
CRUS,1989-06-09,2020-04-01,7764,7,36790780.33180237,4594.0,2297.0,2297.0,4338,price_ends_before_test_end(2020_freeze_or_delist)
SCHL,1992-02-25,2020-06-19,7133,7,4932800.109100342,1070.0,535.0,535.0,1014,price_ends_before_test_end(2020_freeze_or_delist)
CTIB,2003-05-29,2020-07-02,4305,5,10056.000185012816,296.0,148.0,148.0,286,price_ends_before_test_end(2020_freeze_or_delist)
SCHP,2010-08-05,2020-07-02,2495,5,33677467.556762695,280.0,140.0,140.0,280,price_ends_before_test_end(2020_freeze_or_delist)
SCHV,2009-12-15,2020-07-02,2655,5,29590843.64547729,89.0,34.0,55.0,89,price_ends_before_test_end(2020_freeze_or_delist)
GFY,2004-10-27,2020-07-02,3944,5,63790.5011177063,50.0,25.0,25.0,50,price_ends_before_test_end(2020_freeze_or_delist)
JDD,2003-09-29,2020-04-01,4156,5,410819.9902534485,132.0,66.0,66.0,132,price_ends_before_test_end(2020_freeze_or_delist)
GFN,2006-07-06,2020-04-01,3459,5,196498.49390983584,0.0,0.0,0.0,0,price_ends_before_test_end(2020_freeze_or_delist)
JE,2009-01-05,2020-07-02,2894,5,838850.979077816,0.0,0.0,0.0,0,price_ends_before_test_end(2020_freeze_or_delist)
CHK,1993-02-05,2020-04-01,6838,7,67435508.72944593,4502.0,2251.0,2251.0,4064,price_ends_before_test_end(2020_freeze_or_delist)
CHKP,1996-06-28,2020-04-01,5980,7,97523771.46339417,1656.0,828.0,828.0,1556,price_ends_before_test_end(2020_freeze_or_delist)
CHL,1997-10-22,2020-07-02,5711,7,41168461.12918854,3398.0,1699.0,1699.0,3192,price_ends_before_test_end(2020_freeze_or_delist)
IYC,2000-06-28,2020-07-02,4996,8,5928969.0284729,1018.0,509.0,509.0,1002,price_ends_before_test_end(2020_freeze_or_delist)
GFIN,2000-05-18,2020-07-02,805,645,71154.44927215576,0.0,0.0,0.0,0,price_ends_before_test_end(2020_freeze_or_delist)
GFED,1995-04-10,2020-06-19,6341,7,40576.99871063232,188.0,94.0,94.0,188,price_ends_before_test_end(2020_freeze_or_delist)
CHNR,1995-08-07,2020-07-02,6271,7,12506.000113487244,226.0,113.0,113.0,224,price_ends_before_test_end(2020_freeze_or_delist)
CHI,2002-06-27,2020-04-01,4472,5,1778382.0042610168,330.0,165.0,165.0,328,price_ends_before_test_end(2020_freeze_or_delist)
JG,2009-02-09,2020-04-01,2340,177,155212.9936695099,0.0,0.0,0.0,0,price_ends_before_test_end(2020_freeze_or_delist)
CHU,2000-06-21,2020-07-02,5040,7,3466124.092435837,1604.0,802.0,802.0,1486,price_ends_before_test_end(2020_freeze_or_delist)
CIDM,2003-11-10,2020-07-02,4190,5,28707.99920558929,634.0,317.0,317.0,634,price_ends_before_test_end(2020_freeze_or_delist)
CIF,1988-07-22,2020-04-01,7987,7,138873.99468421936,158.0,79.0,79.0,158,price_ends_before_test_end(2020_freeze_or_delist)
CIH,2003-06-02,2020-07-02,3136,327,158505.0015091896,0.0,0.0,0.0,0,price_ends_before_test_end(2020_freeze_or_delist)
CIK,1987-04-08,2020-04-01,8313,7,416141.0057544708,116.0,58.0,58.0,116,price_ends_before_test_end(2020_freeze_or_delist)
GEC,1999-06-11,2020-07-02,5299,7,28422.499811649323,0.0,0.0,0.0,0,price_ends_before_test_end(2020_freeze_or_delist)
CIR,1999-10-18,2020-07-02,5211,7,4165267.554616928,1054.0,527.0,527.0,1036,price_ends_before_test_end(2020_freeze_or_delist)
CIT,2009-12-10,2020-07-02,2658,5,40515950.36764145,0.0,0.0,0.0,0,price_ends_before_test_end(2020_freeze_or_delist)
CIZN,1999-10-19,2020-04-01,5147,5,21849.00064468384,156.0,78.0,78.0,152,price_ends_before_test_end(2020_freeze_or_delist)
CKH,1992-12-17,2020-07-02,6936,7,3402708.06388855,540.0,270.0,270.0,526,price_ends_before_test_end(2020_freeze_or_delist)
CLAR,1995-02-01,2020-04-01,5550,133,1467326.0232925415,0.0,0.0,0.0,0,price_ends_before_test_end(2020_freeze_or_delist)
CHSCP,2003-03-24,2020-04-01,4287,5,352080.4938316345,160.0,80.0,80.0,158,price_ends_before_test_end(2020_freeze_or_delist)
CLBS,1999-03-01,2020-07-02,5372,7,42390.00107049942,15.0,0.0,15.0,15,price_ends_before_test_end(2020_freeze_or_delist)
JCS,1981-11-18,2020-06-19,9729,7,164898.4941482544,394.0,197.0,197.0,386,price_ends_before_test_end(2020_freeze_or_delist)
JCP,1973-02-21,2020-04-01,11885,7,6524661.888450384,5052.0,2526.0,2526.0,5052,price_ends_before_test_end(2020_freeze_or_delist)
IYH,2000-06-16,2020-07-02,5043,7,10260262.148284912,0.0,0.0,0.0,0,price_ends_before_test_end(2020_freeze_or_delist)
IYJ,2000-07-14,2020-06-19,4969,13,4945840.493011475,92.0,46.0,46.0,84,price_ends_before_test_end(2020_freeze_or_delist)
CEMI,2000-10-18,2020-07-02,4894,92,256650.49831867215,842.0,421.0,421.0,842,price_ends_before_test_end(2020_freeze_or_delist)
IYK,2000-06-16,2020-07-02,4996,14,1419444.50340271,1074.0,537.0,537.0,1058,price_ends_before_test_end(2020_freeze_or_delist)
CEO,2001-02-27,2020-07-02,4868,7,14974756.269836426,3338.0,1669.0,1669.0,2786,price_ends_before_test_end(2020_freeze_or_delist)
GHL,2004-05-06,2023-11-30,4927,5,1063082.5648641586,922.0,461.0,461.0,866,price_ends_before_test_end(2020_freeze_or_delist)
IYM,2000-06-20,2020-07-02,4989,14,2838270.976257324,364.0,182.0,182.0,344,price_ends_before_test_end(2020_freeze_or_delist)
CERN,1986-12-05,2020-07-02,8462,7,137043888.09432983,120.0,60.0,60.0,120,price_ends_before_test_end(2020_freeze_or_delist)
CETV,1994-10-13,2020-07-02,6476,7,1691090.9691095352,662.0,331.0,331.0,640,price_ends_before_test_end(2020_freeze_or_delist)
IYR,2000-06-19,2020-07-02,5037,7,611696644.8795319,1774.0,887.0,887.0,1686,price_ends_before_test_end(2020_freeze_or_delist)
IYW,2000-05-19,2020-07-02,5062,7,25178538.29193115,0.0,0.0,0.0,0,price_ends_before_test_end(2020_freeze_or_delist)
AAWW,2005-11-09,2020-07-02,3686,5,12752931.184577942,644.0,322.0,322.0,576,price_ends_before_test_end(2020_freeze_or_delist)
IYY,2000-06-16,2020-07-02,5043,7,3639716.474914551,146.0,73.0,73.0,146,price_ends_before_test_end(2020_freeze_or_delist)
CFFN,1999-04-01,2020-04-01,5285,7,3529062.5200271606,318.0,159.0,159.0,298,price_ends_before_test_end(2020_freeze_or_delist)
JAZZ,2007-06-01,2020-04-01,3232,5,63774578.39813232,4516.0,2258.0,2258.0,4434,price_ends_before_test_end(2020_freeze_or_delist)
GGT,1994-10-11,2020-06-19,6469,7,463940.5090332031,194.0,97.0,97.0,194,price_ends_before_test_end(2020_freeze_or_delist)
CGO,2005-10-27,2020-04-01,3631,5,284265.0022506714,42.0,21.0,21.0,40,price_ends_before_test_end(2020_freeze_or_delist)
JBN,2007-02-16,2020-04-01,3304,5,20277.99963951111,8.0,4.0,4.0,8,price_ends_before_test_end(2020_freeze_or_delist)
JBR,2007-04-23,2020-04-01,3260,5,5865.000009536743,10.0,5.0,5.0,10,price_ends_before_test_end(2020_freeze_or_delist)
CHA,2002-11-14,2020-07-02,4438,5,2695140.937900543,1302.0,651.0,651.0,1254,price_ends_before_test_end(2020_freeze_or_delist)
CHAP,2007-12-28,2020-07-02,1038,1575,465361.6960644722,0.0,0.0,0.0,0,price_ends_before_test_end(2020_freeze_or_delist)
JCOM,1999-07-23,2020-07-02,5271,7,34607018.4753418,1678.0,839.0,839.0,1628,price_ends_before_test_end(2020_freeze_or_delist)
IYF,2000-05-31,2020-07-02,5054,7,21699921.38557434,1428.0,714.0,714.0,1394,price_ends_before_test_end(2020_freeze_or_delist)
IYE,2000-06-16,2020-07-02,5041,7,18975114.6191597,1874.0,937.0,937.0,1860,price_ends_before_test_end(2020_freeze_or_delist)
IYZ,2000-05-26,2020-07-02,5056,7,7300326.583766937,676.0,338.0,338.0,664,price_ends_before_test_end(2020_freeze_or_delist)
CLCT,1999-11-05,2020-07-02,5197,7,1671339.957523346,438.0,219.0,219.0,426,price_ends_before_test_end(2020_freeze_or_delist)
CLDB,1999-01-04,2020-07-02,5399,6,18760.499668121334,0.0,0.0,0.0,0,price_ends_before_test_end(2020_freeze_or_delist)
CLDX,1986-05-15,2020-04-01,8541,7,324413.4894132614,0.0,0.0,0.0,0,price_ends_before_test_end(2020_freeze_or_delist)
JKHY,1985-11-20,2020-06-19,8716,7,66318968.81713867,0.0,0.0,0.0,0,price_ends_before_test_end(2020_freeze_or_delist)
JKI,2004-07-13,2020-07-02,4016,5,989306.50100708,54.0,27.0,27.0,54,price_ends_before_test_end(2020_freeze_or_delist)
CNBKA,1987-05-20,2020-07-02,8348,7,654040.5120849609,248.0,124.0,124.0,244,price_ends_before_test_end(2020_freeze_or_delist)
JKJ,2004-07-13,2020-07-02,4021,5,479117.9916381836,100.0,50.0,50.0,100,price_ends_before_test_end(2020_freeze_or_delist)
CDXC,2008-06-25,2020-06-19,3018,5,957167.0004844666,0.0,0.0,0.0,0,price_ends_before_test_end(2020_freeze_or_delist)
CNC,2001-12-13,2020-06-19,4661,5,256754632.90424347,5198.0,2599.0,2599.0,5138,price_ends_before_test_end(2020_freeze_or_delist)
JKK,2004-07-13,2020-07-02,4007,5,669795.5032348633,86.0,43.0,43.0,84,price_ends_before_test_end(2020_freeze_or_delist)
SDOW,2010-02-18,2020-06-19,2601,5,79607844.06852722,148.0,74.0,74.0,148,price_ends_before_test_end(2020_freeze_or_delist)
JKL,2004-07-13,2020-06-19,4014,5,733562.5,76.0,38.0,38.0,74,price_ends_before_test_end(2020_freeze_or_delist)
JLL,1997-07-17,2020-06-19,5770,7,43967220.515441895,2326.0,1163.0,1163.0,2278,price_ends_before_test_end(2020_freeze_or_delist)
SDD,2007-01-25,2020-07-02,3048,12,44365.000438690186,93.0,41.0,52.0,92,price_ends_before_test_end(2020_freeze_or_delist)
JKH,2004-07-13,2020-07-02,4011,5,3897232.964324951,106.0,53.0,53.0,106,price_ends_before_test_end(2020_freeze_or_delist)
IXP,2001-11-28,2020-07-02,4624,6,926499.5140075684,188.0,94.0,94.0,186,price_ends_before_test_end(2020_freeze_or_delist)
CNR,1992-04-03,2020-04-01,7051,7,3619839.9588108063,0.0,0.0,0.0,0,price_ends_before_test_end(2020_freeze_or_delist)
IXN,2001-11-27,2020-07-02,4607,9,12978842.25921631,0.0,0.0,0.0,0,price_ends_before_test_end(2020_freeze_or_delist)
SCVL,1993-03-16,2020-07-02,6872,7,5862539.422798157,2060.0,1030.0,1030.0,2030,price_ends_before_test_end(2020_freeze_or_delist)
JMP,2007-05-11,2020-06-19,3301,5,38026.99992656708,788.0,394.0,394.0,766,price_ends_before_test_end(2020_freeze_or_delist)
GD,1977-01-03,2020-06-19,10962,7,230444949.34387207,2638.0,1319.0,1319.0,2352,price_ends_before_test_end(2020_freeze_or_delist)
SCOR,2007-06-28,2020-07-02,3276,5,1832918.4870123863,0.0,0.0,0.0,0,price_ends_before_test_end(2020_freeze_or_delist)
CNXN,1998-03-03,2020-04-01,5558,7,2846278.5512924194,0.0,0.0,0.0,0,price_ends_before_test_end(2020_freeze_or_delist)
SCL,1973-02-21,2020-07-02,11052,9,7901835.962295532,670.0,140.0,530.0,668,price_ends_before_test_end(2020_freeze_or_delist)
CO,2007-05-09,2020-07-02,3312,5,342984.50224399567,770.0,385.0,385.0,742,price_ends_before_test_end(2020_freeze_or_delist)
IXJ,2001-11-26,2020-07-02,4669,6,7315669.987487793,52.0,26.0,26.0,52,price_ends_before_test_end(2020_freeze_or_delist)
SCI,1980-03-17,2020-07-02,10157,7,39118865.59772492,80.0,40.0,40.0,80,price_ends_before_test_end(2020_freeze_or_delist)
SCZ,2007-12-12,2020-07-02,3161,5,61922088.50440979,497.0,167.0,330.0,493,price_ends_before_test_end(2020_freeze_or_delist)
JKG,2004-07-13,2020-07-02,4022,5,1392422.9675292969,38.0,19.0,19.0,38,price_ends_before_test_end(2020_freeze_or_delist)
JKF,2004-07-13,2020-07-02,4023,5,1023078.4908294678,102.0,51.0,51.0,102,price_ends_before_test_end(2020_freeze_or_delist)
CECE,1980-12-02,2020-07-02,9982,7,513483.0047845841,1012.0,506.0,506.0,994,price_ends_before_test_end(2020_freeze_or_delist)
CLGX,1989-11-22,2020-04-01,7648,7,23497077.717208862,1358.0,679.0,679.0,1328,price_ends_before_test_end(2020_freeze_or_delist)
CLI,1994-08-25,2020-07-02,6510,7,10461218.13993454,1282.0,641.0,641.0,1258,price_ends_before_test_end(2020_freeze_or_delist)
JHY,2010-08-11,2020-07-02,1248,1476,305578.995847702,0.0,0.0,0.0,0,price_ends_before_test_end(2020_freeze_or_delist)
CLMT,2006-01-26,2020-04-01,3570,5,624028.9898395538,1448.0,724.0,724.0,1430,price_ends_before_test_end(2020_freeze_or_delist)
GDO,2009-11-24,2020-04-01,2605,5,516982.5193405152,54.0,27.0,27.0,52,price_ends_before_test_end(2020_freeze_or_delist)
JJA,2007-10-25,2020-07-02,3187,5,8908.499908447266,104.0,52.0,52.0,104,price_ends_before_test_end(2020_freeze_or_delist)
JJC,2007-10-26,2020-07-02,3110,24,109600.60367584229,3182.0,1591.0,1591.0,2880,price_ends_before_test_end(2020_freeze_or_delist)
CLR,2007-05-15,2020-07-02,3308,5,72731542.05741882,4992.0,2496.0,2496.0,4922,price_ends_before_test_end(2020_freeze_or_delist)
JJE,2007-10-25,2020-06-29,3159,14,0.0,100.0,50.0,50.0,100,price_ends_before_test_end(2020_freeze_or_delist)
CLRO,1989-03-03,2020-04-01,7513,16,13305.999755859377,550.0,275.0,275.0,546,price_ends_before_test_end(2020_freeze_or_delist)
JJG,2007-10-25,2020-06-19,3185,5,77790.24868011475,722.0,361.0,361.0,646,price_ends_before_test_end(2020_freeze_or_delist)
JJM,2007-12-27,2020-07-02,3133,14,8061.199951171875,62.0,31.0,31.0,62,price_ends_before_test_end(2020_freeze_or_delist)
CLSN,1999-03-01,2020-07-02,5309,92,200160.0027918816,9740.0,634.0,9106.0,9722,price_ends_before_test_end(2020_freeze_or_delist)
CLUB,2006-06-02,2020-07-02,3546,5,188191.9953644276,648.0,324.0,324.0,618,price_ends_before_test_end(2020_freeze_or_delist)
JJN,2007-10-25,2020-07-02,3185,5,32409.750366210938,108.0,54.0,54.0,108,price_ends_before_test_end(2020_freeze_or_delist)
JJP,2008-06-25,2020-07-02,3005,13,5918.050003051758,64.0,32.0,32.0,64,price_ends_before_test_end(2020_freeze_or_delist)
CMA,1980-03-17,2020-04-01,10099,5,111535704.91981506,4352.0,2176.0,2176.0,4120,price_ends_before_test_end(2020_freeze_or_delist)
GHM,1980-03-17,2020-06-19,10153,7,497103.00426483154,798.0,399.0,399.0,794,price_ends_before_test_end(2020_freeze_or_delist)
JJS,2008-06-25,2020-04-01,2963,5,3870.450019836426,100.0,50.0,50.0,100,price_ends_before_test_end(2020_freeze_or_delist)
JJT,2008-06-25,2020-07-02,2994,9,0.0,102.0,51.0,51.0,102,price_ends_before_test_end(2020_freeze_or_delist)
CMD,1980-03-24,2020-07-02,10157,7,21363529.06112671,950.0,475.0,475.0,946,price_ends_before_test_end(2020_freeze_or_delist)
JJU,2008-06-25,2020-07-01,2998,13,4141.049957275391,104.0,52.0,52.0,104,price_ends_before_test_end(2020_freeze_or_delist)
JKD,2004-07-13,2020-07-02,4023,5,1397172.4853515625,100.0,50.0,50.0,100,price_ends_before_test_end(2020_freeze_or_delist)
JKE,2004-07-13,2020-07-02,4023,5,5190435.075378418,112.0,56.0,56.0,112,price_ends_before_test_end(2020_freeze_or_delist)
CMO,1985-09-05,2020-07-02,8778,7,4822553.991746903,0.0,0.0,0.0,0,price_ends_before_test_end(2020_freeze_or_delist)
COG,1990-02-08,2020-07-02,7659,7,130043123.23637009,0.0,0.0,0.0,0,price_ends_before_test_end(2020_freeze_or_delist)
IWF,2000-05-26,2020-07-02,5057,7,262596707.9269409,0.0,0.0,0.0,0,price_ends_before_test_end(2020_freeze_or_delist)
RUTH,2005-08-09,2020-07-02,3751,5,6705295.040607452,1306.0,653.0,653.0,1262,price_ends_before_test_end(2020_freeze_or_delist)
IWD,2000-05-26,2020-06-19,5048,7,239625779.72564697,954.0,477.0,477.0,944,price_ends_before_test_end(2020_freeze_or_delist)
RCII,1995-01-25,2020-07-02,6399,7,15149719.534111025,2542.0,1271.0,1271.0,2480,price_ends_before_test_end(2020_freeze_or_delist)
RCD,2006-11-07,2020-07-02,3401,5,361232.4928283692,1808.0,904.0,904.0,1808,price_ends_before_test_end(2020_freeze_or_delist)
RBS,2007-10-18,2020-07-02,3199,5,7184720.009422302,3504.0,1752.0,1752.0,3204,price_ends_before_test_end(2020_freeze_or_delist)
RBC,1980-03-17,2020-06-19,9917,10,18577294.70214844,1570.0,785.0,785.0,1484,price_ends_before_test_end(2020_freeze_or_delist)
KF,1984-08-22,2020-06-19,9031,7,133795.99838256836,90.0,45.0,45.0,84,price_ends_before_test_end(2020_freeze_or_delist)
RAVN,1980-03-17,2020-06-19,9537,16,3638268.927192688,1086.0,543.0,543.0,1072,price_ends_before_test_end(2020_freeze_or_delist)
KFRC,1995-08-15,2020-06-19,6256,7,4285065.042114258,0.0,0.0,0.0,0,price_ends_before_test_end(2020_freeze_or_delist)
ACH,2001-12-11,2020-07-02,4672,5,291336.9938850403,1064.0,532.0,532.0,932,price_ends_before_test_end(2020_freeze_or_delist)
RALS,2010-12-09,2020-07-02,2252,13,13527.999877929688,68.0,34.0,34.0,68,price_ends_before_test_end(2020_freeze_or_delist)
CZZ,2007-09-04,2020-07-02,3231,5,14802327.7012825,946.0,473.0,473.0,866,price_ends_before_test_end(2020_freeze_or_delist)
RAIL,2005-04-06,2020-06-19,3829,5,215968.50581169128,912.0,456.0,456.0,878,price_ends_before_test_end(2020_freeze_or_delist)
RADA,1985-06-24,2020-07-02,7896,14,885612.0090723038,550.0,275.0,275.0,540,price_ends_before_test_end(2020_freeze_or_delist)
RAD,1980-03-17,2020-07-02,10162,7,36501055.36007881,6870.0,3435.0,3435.0,6622,price_ends_before_test_end(2020_freeze_or_delist)
R,1980-01-02,2020-07-02,10214,7,29597538.792800903,2535.0,716.0,1819.0,2298,price_ends_before_test_end(2020_freeze_or_delist)
DBI,2005-06-29,2020-04-01,3715,5,23000750.0957489,0.0,0.0,0.0,0,price_ends_before_test_end(2020_freeze_or_delist)
GIFI,1997-04-04,2020-06-19,5842,7,187520.5012321472,374.0,187.0,187.0,364,price_ends_before_test_end(2020_freeze_or_delist)
FVE,2001-12-17,2020-04-01,4604,5,186145.00300884247,550.0,275.0,275.0,538,price_ends_before_test_end(2020_freeze_or_delist)
QUMU,1992-11-05,2020-07-02,6965,7,77074.00147914886,296.0,148.0,148.0,296,price_ends_before_test_end(2020_freeze_or_delist)
DCAR,2003-10-07,2020-04-01,4150,5,48612.999349832535,0.0,0.0,0.0,0,price_ends_before_test_end(2020_freeze_or_delist)
QTEC,2006-05-03,2020-06-19,3548,5,15196864.738464355,114.0,57.0,57.0,114,price_ends_before_test_end(2020_freeze_or_delist)
DBD,1981-12-31,2020-04-01,9645,7,11371306.05111122,1968.0,984.0,984.0,1936,price_ends_before_test_end(2020_freeze_or_delist)
IVE,2000-05-26,2020-07-02,5057,7,101890086.4265442,1268.0,634.0,634.0,1264,price_ends_before_test_end(2020_freeze_or_delist)
RCP,1999-07-26,2020-07-02,3715,536,73513.79899978638,0.0,0.0,0.0,0,price_ends_before_test_end(2020_freeze_or_delist)
CYRN,1999-07-13,2020-07-02,5279,7,29034.999427199364,366.0,183.0,183.0,366,price_ends_before_test_end(2020_freeze_or_delist)
CCF,1994-04-15,2023-11-14,7039,12,3326569.7745895386,268.0,134.0,134.0,268,price_ends_before_test_end(2020_freeze_or_delist)
RFV,2006-03-07,2020-06-19,3556,7,388816.50390625,70.0,35.0,35.0,66,price_ends_before_test_end(2020_freeze_or_delist)
CVTI,1994-10-28,2020-07-02,6465,7,1878535.043001175,1136.0,568.0,568.0,1120,price_ends_before_test_end(2020_freeze_or_delist)
GIB,1998-10-07,2020-06-19,5461,7,13393998.661994934,1244.0,622.0,622.0,1184,price_ends_before_test_end(2020_freeze_or_delist)
RFP,2010-12-10,2020-07-02,2406,5,1089580.0306081772,914.0,457.0,457.0,914,price_ends_before_test_end(2020_freeze_or_delist)
RFG,2006-03-07,2020-06-19,3517,11,957636.0397338868,82.0,41.0,41.0,82,price_ends_before_test_end(2020_freeze_or_delist)
CVU,1992-09-17,2020-04-01,6936,7,197174.99856948853,664.0,332.0,332.0,650,price_ends_before_test_end(2020_freeze_or_delist)
CVV,1999-03-01,2020-04-01,5308,7,32831.00012540817,326.0,163.0,163.0,318,price_ends_before_test_end(2020_freeze_or_delist)
CCCL,2007-12-17,2020-07-02,2710,99,42662.49998956919,452.0,226.0,226.0,450,price_ends_before_test_end(2020_freeze_or_delist)
CYRX,2005-08-22,2020-04-01,3678,5,5826192.048025131,0.0,0.0,0.0,0,price_ends_before_test_end(2020_freeze_or_delist)
ABB,2001-04-06,2020-07-02,4840,7,39528681.8031311,2866.0,1433.0,1433.0,2748,price_ends_before_test_end(2020_freeze_or_delist)
KDP,2008-05-07,2020-06-19,3052,5,70894425.28972626,0.0,0.0,0.0,0,price_ends_before_test_end(2020_freeze_or_delist)
CXDC,2007-10-04,2020-07-02,3209,5,73745.49767971039,446.0,223.0,223.0,410,price_ends_before_test_end(2020_freeze_or_delist)
CXO,2007-08-03,2020-07-02,3252,5,135997850.0,3544.0,1772.0,1772.0,3462,price_ends_before_test_end(2020_freeze_or_delist)
CY,1986-05-29,2020-04-01,8531,7,101513139.20559885,3696.0,1848.0,1848.0,3578,price_ends_before_test_end(2020_freeze_or_delist)
IVOG,2010-09-09,2020-07-02,2465,5,1404729.0168762207,0.0,0.0,0.0,0,price_ends_before_test_end(2020_freeze_or_delist)
REED,2007-05-01,2020-06-19,3303,5,183183.00080299377,842.0,421.0,421.0,830,price_ends_before_test_end(2020_freeze_or_delist)
CYBE,1987-12-17,2020-07-02,8201,7,773091.5029525757,408.0,204.0,204.0,402,price_ends_before_test_end(2020_freeze_or_delist)
RE,1995-10-03,2020-07-02,6231,7,71347098.42529297,1670.0,835.0,835.0,1634,price_ends_before_test_end(2020_freeze_or_delist)
RDS-A,2005-07-21,2020-07-02,3764,5,184156811.3147736,0.0,0.0,0.0,0,price_ends_before_test_end(2020_freeze_or_delist)
FXN,2007-05-10,2020-06-19,3281,6,896663.5222792625,1528.0,764.0,764.0,1526,price_ends_before_test_end(2020_freeze_or_delist)
CVS,1973-02-21,2020-04-01,11884,7,478510587.82844543,3716.0,1858.0,1858.0,3438,price_ends_before_test_end(2020_freeze_or_delist)
QSY,2007-02-23,2020-07-02,3136,7,188637.5026702881,0.0,0.0,0.0,0,price_ends_before_test_end(2020_freeze_or_delist)
KIQ,1996-05-24,2020-06-19,6059,7,20884.00030434132,94.0,47.0,47.0,94,price_ends_before_test_end(2020_freeze_or_delist)
PYS,2007-12-27,2020-06-30,3070,6,43477.4998664856,0.0,0.0,0.0,0,price_ends_before_test_end(2020_freeze_or_delist)
DG,2009-11-13,2020-04-01,2612,5,238518414.0609741,3312.0,1656.0,1656.0,3168,price_ends_before_test_end(2020_freeze_or_delist)
IVAC,1995-11-21,2020-07-02,6196,7,260187.0009183884,598.0,299.0,299.0,574,price_ends_before_test_end(2020_freeze_or_delist)
PXQ,2005-06-23,2020-07-02,3707,7,139126.99947357178,106.0,53.0,53.0,106,price_ends_before_test_end(2020_freeze_or_delist)
PXE,2005-10-26,2020-06-19,3687,5,171123.4962463379,1642.0,821.0,821.0,1640,price_ends_before_test_end(2020_freeze_or_delist)
PWC,2003-05-01,2020-07-02,4254,81,178733.00170898438,40.0,20.0,20.0,38,price_ends_before_test_end(2020_freeze_or_delist)
PWB,2005-03-03,2020-06-19,3852,5,1611231.0125350952,0.0,0.0,0.0,0,price_ends_before_test_end(2020_freeze_or_delist)
DGL,2007-01-05,2020-07-02,3396,5,639461.9979858398,104.0,52.0,52.0,104,price_ends_before_test_end(2020_freeze_or_delist)
IUSG,2000-07-28,2020-07-02,4983,7,35013380.48763275,146.0,73.0,73.0,146,price_ends_before_test_end(2020_freeze_or_delist)
GIGM,2000-02-18,2020-04-01,5061,7,21028.999865055084,368.0,184.0,184.0,308,price_ends_before_test_end(2020_freeze_or_delist)
SPPI,1996-09-26,2020-07-02,5965,7,4823671.912252903,0.0,0.0,0.0,0,price_ends_before_test_end(2020_freeze_or_delist)
CBLI,2006-07-25,2020-07-02,3510,5,55228.498432040215,916.0,458.0,458.0,906,price_ends_before_test_end(2020_freeze_or_delist)
PUK-P,2005-11-21,2020-07-02,3676,5,361060.00356674194,0.0,0.0,0.0,0,price_ends_before_test_end(2020_freeze_or_delist)
PUI,2005-10-26,2020-06-19,3676,5,875815.4939651489,78.0,39.0,39.0,78,price_ends_before_test_end(2020_freeze_or_delist)
ITW,1973-03-13,2020-07-02,11934,7,204020866.0148621,4154.0,2077.0,2077.0,3986,price_ends_before_test_end(2020_freeze_or_delist)
PTVCB,1986-05-13,2020-07-02,7460,20,299099.9900817871,0.0,0.0,0.0,0,price_ends_before_test_end(2020_freeze_or_delist)
PTVCA,1980-03-17,2020-07-02,3551,152,9528.00006866455,0.0,0.0,0.0,0,price_ends_before_test_end(2020_freeze_or_delist)
PTSI,1986-09-10,2020-06-19,8007,19,228377.49938964844,378.0,189.0,189.0,374,price_ends_before_test_end(2020_freeze_or_delist)
PTR,2000-04-06,2020-07-02,5090,7,4832610.506248474,2342.0,1171.0,1171.0,2120,price_ends_before_test_end(2020_freeze_or_delist)
PTNR,1999-10-27,2020-07-02,5178,7,10872.00002670288,792.0,396.0,396.0,734,price_ends_before_test_end(2020_freeze_or_delist)
FTR,1980-03-17,2020-04-01,10101,7,1401013.488805294,4124.0,2062.0,2062.0,3964,price_ends_before_test_end(2020_freeze_or_delist)
DCF,1995-11-29,2020-04-01,6110,10,271990.0032043457,0.0,0.0,0.0,0,price_ends_before_test_end(2020_freeze_or_delist)
PYT,2004-07-27,2020-06-30,3179,18,20075.000762939453,20.0,10.0,10.0,20,price_ends_before_test_end(2020_freeze_or_delist)
IVC,1984-05-11,2020-07-02,9111,7,2673340.4942035675,730.0,365.0,365.0,720,price_ends_before_test_end(2020_freeze_or_delist)
DCOM,1996-06-26,2020-04-01,5982,7,2340090.9863471985,434.0,217.0,217.0,422,price_ends_before_test_end(2020_freeze_or_delist)
KIRK,2002-07-30,2020-06-19,4505,5,606113.998067379,1654.0,827.0,827.0,1552,price_ends_before_test_end(2020_freeze_or_delist)
DCP,2005-12-06,2020-07-02,3668,5,19293335.75966358,0.0,0.0,0.0,0,price_ends_before_test_end(2020_freeze_or_delist)
DDF,1993-03-19,2020-07-02,6873,7,240935.5066776276,414.0,207.0,207.0,412,price_ends_before_test_end(2020_freeze_or_delist)
KL,2000-11-24,2020-07-02,4902,10,69059978.88565063,0.0,0.0,0.0,0,price_ends_before_test_end(2020_freeze_or_delist)
DDT,1998-10-14,2020-07-02,5465,7,324500.99573135376,18.0,9.0,9.0,18,price_ends_before_test_end(2020_freeze_or_delist)
ACER,2002-09-17,2023-11-20,5332,5,151449.20119810104,0.0,0.0,0.0,0,price_ends_before_test_end(2020_freeze_or_delist)
KLR,1997-03-27,2020-07-02,2588,744,80881.50238990784,0.0,0.0,0.0,0,price_ends_before_test_end(2020_freeze_or_delist)
FUE,2008-02-15,2020-07-02,3087,7,0.0,108.0,54.0,54.0,108,price_ends_before_test_end(2020_freeze_or_delist)
PYX,1995-04-03,2020-06-18,6345,7,2958066.0888671875,0.0,0.0,0.0,0,price_ends_before_test_end(2020_freeze_or_delist)
KMF,2010-11-24,2023-11-13,3264,5,848442.3756744862,624.0,312.0,312.0,624,price_ends_before_test_end(2020_freeze_or_delist)
FUD,2008-04-04,2020-04-01,3020,5,12652.000045776367,104.0,52.0,52.0,104,price_ends_before_test_end(2020_freeze_or_delist)
DEX,2007-07-26,2020-07-02,3258,5,513464.0120983124,434.0,217.0,217.0,434,price_ends_before_test_end(2020_freeze_or_delist)
KMT,1973-02-21,2020-07-02,11948,7,24557543.57070923,1588.0,794.0,794.0,1568,price_ends_before_test_end(2020_freeze_or_delist)
KMX,1997-02-04,2020-07-02,5892,7,116576095.56922913,2970.0,1485.0,1485.0,2760,price_ends_before_test_end(2020_freeze_or_delist)
QADA,2010-12-16,2020-07-02,2402,5,2165426.4629364014,408.0,204.0,204.0,408,price_ends_before_test_end(2020_freeze_or_delist)
KNL,2004-12-14,2020-07-02,3915,5,5630217.845726013,792.0,396.0,396.0,780,price_ends_before_test_end(2020_freeze_or_delist)
PZN,2007-10-25,2020-07-02,3194,5,371660.00356674194,504.0,252.0,252.0,496,price_ends_before_test_end(2020_freeze_or_delist)
PZD,2006-10-24,2020-06-19,3434,5,416998.0049133301,0.0,0.0,0.0,0,price_ends_before_test_end(2020_freeze_or_delist)
PYZ,2006-10-12,2020-06-19,3428,6,99091.50276184082,60.0,30.0,30.0,58,price_ends_before_test_end(2020_freeze_or_delist)
QEP,2010-06-16,2020-06-19,2521,5,20315478.89418602,1974.0,987.0,987.0,1972,price_ends_before_test_end(2020_freeze_or_delist)
CVR,1973-02-23,2020-04-01,11882,7,19085.500240325928,292.0,146.0,146.0,266,price_ends_before_test_end(2020_freeze_or_delist)
CYOU,2009-04-02,2020-04-01,2769,5,1969717.503118515,1282.0,641.0,641.0,1248,price_ends_before_test_end(2020_freeze_or_delist)
CEL,2007-02-07,2020-04-01,3311,5,44093.99971961975,1080.0,540.0,540.0,1014,price_ends_before_test_end(2020_freeze_or_delist)
CTL,1980-03-17,2020-07-02,10162,7,129964514.07928468,3848.0,1924.0,1924.0,3708,price_ends_before_test_end(2020_freeze_or_delist)
IVZ,1995-08-25,2020-04-01,6193,7,83601839.4490242,3728.0,1864.0,1864.0,3600,price_ends_before_test_end(2020_freeze_or_delist)
IVW,2000-05-26,2020-06-19,5047,7,95751142.89398192,54.0,27.0,27.0,48,price_ends_before_test_end(2020_freeze_or_delist)
CTXS,1995-12-08,2020-07-02,6184,7,195194711.9304657,4090.0,2045.0,2045.0,3850,price_ends_before_test_end(2020_freeze_or_delist)
CVA,1990-12-06,2020-04-01,7386,7,10289829.977989197,1524.0,762.0,762.0,1484,price_ends_before_test_end(2020_freeze_or_delist)
CTK,2007-11-14,2020-07-02,1688,815,182184.49873924252,0.0,0.0,0.0,0,price_ends_before_test_end(2020_freeze_or_delist)
IVOO,2010-09-09,2020-07-02,2457,5,3047804.8805236816,0.0,0.0,0.0,0,price_ends_before_test_end(2020_freeze_or_delist)
RLH,1998-04-03,2020-07-02,5497,7,490637.9885673523,752.0,376.0,376.0,738,price_ends_before_test_end(2020_freeze_or_delist)
CTZ,1999-09-27,2020-07-02,5137,31,674554.4953346252,0.0,0.0,0.0,0,price_ends_before_test_end(2020_freeze_or_delist)
KBAL,1980-03-17,2020-07-02,10162,7,1752392.9915428166,316.0,158.0,158.0,316,price_ends_before_test_end(2020_freeze_or_delist)
RJZ,2007-10-18,2020-07-01,2914,10,2911.0000371932983,102.0,51.0,51.0,102,price_ends_before_test_end(2020_freeze_or_delist)
IVR,2009-07-01,2020-06-19,2762,5,25406403.87160778,1532.0,766.0,766.0,1480,price_ends_before_test_end(2020_freeze_or_delist)
SPE,1993-05-28,2020-06-19,6802,7,214127.50010490415,0.0,0.0,0.0,0,price_ends_before_test_end(2020_freeze_or_delist)
CUO,1973-02-21,2020-04-01,11884,7,14618.99995803833,158.0,79.0,79.0,158,price_ends_before_test_end(2020_freeze_or_delist)
CUI,1999-09-15,2020-04-01,5170,7,54211.19954288006,492.0,246.0,246.0,492,price_ends_before_test_end(2020_freeze_or_delist)
RJN,2007-10-19,2020-07-02,3126,6,5034.500062465668,100.0,50.0,50.0,100,price_ends_before_test_end(2020_freeze_or_delist)
CUB,1980-03-17,2020-07-02,10162,7,15867607.96585083,1286.0,643.0,643.0,1246,price_ends_before_test_end(2020_freeze_or_delist)
CCL,1987-07-24,2020-07-02,8303,7,257214576.6002655,5076.0,2538.0,2538.0,4894,price_ends_before_test_end(2020_freeze_or_delist)
RIVE,2009-11-02,2020-07-02,1417,31,43084.99979972839,0.0,0.0,0.0,0,price_ends_before_test_end(2020_freeze_or_delist)
CUBB,2005-09-26,2020-07-02,2506,1015,0.0,0.0,0.0,0.0,0,price_ends_before_test_end(2020_freeze_or_delist)
SPAR,1984-06-19,2020-06-18,9021,14,3713947.868998527,896.0,448.0,448.0,878,price_ends_before_test_end(2020_freeze_or_delist)
CTIC,1997-03-21,2020-07-02,5860,7,152380.00096678734,0.0,0.0,0.0,0,price_ends_before_test_end(2020_freeze_or_delist)
IVV,2000-05-19,2020-07-02,5062,7,1370953634.3307495,222.0,111.0,111.0,190,price_ends_before_test_end(2020_freeze_or_delist)
RHS,2006-11-07,2020-07-02,3207,14,2418343.984985352,118.0,59.0,59.0,118,price_ends_before_test_end(2020_freeze_or_delist)
CVI,2007-10-23,2020-04-01,3132,5,21791403.10535431,0.0,0.0,0.0,0,price_ends_before_test_end(2020_freeze_or_delist)
RMG,1999-07-26,2020-07-02,2886,784,11945.999908447266,0.0,0.0,0.0,0,price_ends_before_test_end(2020_freeze_or_delist)
CVGI,2004-08-09,2020-04-01,3940,5,1358395.5035209656,808.0,404.0,404.0,798,price_ends_before_test_end(2020_freeze_or_delist)
CTRC,1991-02-08,2020-04-01,7342,7,77445.9995508194,0.0,0.0,0.0,0,price_ends_before_test_end(2020_freeze_or_delist)
CTV,2006-03-06,2023-12-28,4090,277,310387.010037899,65.0,9.0,56.0,52,price_gap_too_large
INTL,1995-03-06,2023-12-28,6647,883,140972.1495628357,519.0,259.0,260.0,515,price_gap_too_large
COE,1999-09-27,2023-12-28,5840,138,25565.000343322758,68.0,0.0,68.0,68,price_gap_too_large
RCB,2002-04-05,2023-12-28,4718,48,35527.50062942505,10.0,0.0,10.0,10,price_gap_too_large
GHG,2010-09-28,2023-12-28,3024,127,51880.00159263611,59.0,0.0,59.0,58,price_gap_too_large
MOTO,2005-06-27,2023-12-28,3490,161,32110.400390625,13.0,0.0,13.0,13,price_gap_too_large
OCCI,2004-04-12,2023-12-28,3050,462,708932.0093154907,21.0,0.0,21.0,21,price_gap_too_large
NE,1985-09-23,2023-12-28,9410,342,55158413.38443756,5117.0,2222.0,2895.0,4899,price_gap_too_large
GRN,2008-06-25,2023-12-28,3584,439,132799.5532989502,59.0,23.0,36.0,55,price_gap_too_large
OGI,2002-05-09,2023-12-28,4318,937,549343.3005720377,476.0,0.0,476.0,476,price_gap_too_large
AIM,1975-06-06,2023-12-28,11969,13,55128.4997805953,36.0,0.0,36.0,36,price_gap_too_large
EQ,1999-08-18,2023-12-28,5903,255,62420.50142288208,76.0,0.0,76.0,76,price_gap_too_large
RDIB,2000-01-05,2023-12-28,4816,27,41298.75,47.0,20.0,27.0,47,price_gap_too_large
CR,1980-03-17,2023-12-28,10352,1000,22909372.686767574,2568.0,942.0,1626.0,2531,price_gap_too_large
ETON,2001-07-06,2023-12-28,4336,441,219478.00316810608,116.0,0.0,116.0,116,price_gap_too_large
EIC,2007-05-30,2023-12-28,3818,19,482625.0078201294,18.0,0.0,18.0,18,price_gap_too_large
NET,1996-08-08,2023-12-28,6426,562,227156107.9410553,1062.0,0.0,1062.0,1062,price_gap_too_large
MTC,2003-02-21,2023-12-28,4965,251,72746.99737429619,44.0,0.0,44.0,44,price_gap_too_large
CRC,1992-04-16,2023-12-28,7764,118,27052926.45778656,2584.0,1048.0,1536.0,2574,price_gap_too_large
BRY,1987-07-01,2023-12-28,8744,169,5286090.083360672,175.0,0.0,175.0,173,price_gap_too_large
BST,2000-01-03,2023-12-28,5504,28,3097268.989086151,141.0,25.0,116.0,141,price_gap_too_large
ARB,2000-10-16,2023-12-28,4194,644,135759.49821472168,7.0,0.0,7.0,7,price_gap_too_large
BAM,1983-12-30,2023-12-28,9474,882,42628951.85775757,4015.0,1421.0,2594.0,3942,price_gap_too_large
BLD,2000-01-03,2023-12-28,5719,278,52775933.203125,574.0,0.0,574.0,574,price_gap_too_large
PJT,2000-10-03,2023-12-28,3209,113,13705344.091796877,170.0,0.0,170.0,170,price_gap_too_large
MOMO,2007-05-01,2023-12-28,4133,91,10275211.01322174,3466.0,1322.0,2144.0,3466,price_gap_too_large
EE,1989-07-07,2023-12-28,8239,650,3381339.503574372,1173.0,509.0,664.0,1106,price_gap_too_large
KGJI,2000-05-05,2023-12-28,5452,60,109.2034995034337,390.0,185.0,205.0,380,price_gap_too_large
CNF,2010-03-15,2023-12-28,3210,287,56380.00167608262,33.0,0.0,33.0,33,price_gap_too_large
DAO,2000-01-03,2023-12-28,5022,956,771356.0050964355,63.0,0.0,63.0,63,price_gap_too_large
PLTM,2010-03-31,2023-12-28,2917,780,288274.499130249,1488.0,711.0,777.0,1288,price_gap_too_large
BSM,2008-02-14,2023-12-28,3924,34,7864059.092998505,279.0,0.0,279.0,279,price_gap_too_large
BLBD,2002-08-09,2023-12-28,5079,24,4379129.006290436,123.0,0.0,123.0,123,price_gap_too_large
PRT,2000-11-20,2023-12-28,4705,313,279697.50344753265,56.0,0.0,56.0,56,price_gap_too_large
LAC,2008-09-18,2023-12-28,3025,1194,1690799.9855995178,7.0,0.0,7.0,7,price_gap_too_large
CREG,2004-03-05,2023-12-28,4912,90,23055.99902868271,433.0,208.0,225.0,433,price_gap_too_large
FINS,2007-08-30,2023-12-28,3303,15,614154.5094966888,17.0,0.0,17.0,17,price_gap_too_large
LTBR,2000-11-13,2023-12-28,5801,14,232553.0014038086,519.0,256.0,263.0,519,price_gap_too_large
ORGS,2010-07-28,2023-12-28,3050,332,38125.49864351749,7.0,0.0,7.0,7,price_gap_too_large
AIO,2000-01-03,2023-12-28,5056,953,1690406.014156342,27.0,0.0,27.0,27,price_gap_too_large
CFB,2010-12-29,2023-12-28,2812,562,1102622.030210495,49.0,0.0,49.0,49,price_gap_too_large
GNL,2004-02-23,2023-12-28,4904,22,11042394.099712372,293.0,0.0,293.0,293,price_gap_too_large
CPZ,2001-09-28,2023-12-28,4548,1246,666566.0007953644,21.0,0.0,21.0,21,price_gap_too_large
AJXA,2000-01-03,2023-12-28,5545,66,122824.9979019165,2.0,0.0,2.0,2,price_gap_too_large
AGE,2000-01-03,2023-12-28,5446,619,10567.499688267708,24.0,0.0,24.0,24,price_gap_too_large
ADXS,2005-07-28,2023-12-28,4536,150,7807.004902034998,1800.0,822.0,978.0,1800,price_gap_too_large
BE,2000-10-02,2023-12-28,4175,2282,53090508.79983902,751.0,0.0,751.0,751,price_gap_too_large
MNR,1987-10-01,2023-12-28,7462,1210,5047258.992624283,1034.0,452.0,582.0,1022,price_gap_too_large
BHR,2002-04-30,2023-12-28,4392,123,1163000.9935855863,89.0,0.0,89.0,89,price_gap_too_large
GPOR,1999-03-03,2023-12-28,6029,320,13810082.043457031,2807.0,1180.0,1627.0,2774,price_gap_too_large
NIU,1988-01-29,2023-12-28,4747,699,1333966.4883613586,117.0,0.0,117.0,117,price_gap_too_large
POL,1999-09-13,2023-12-28,6095,29,227416.29850029945,1504.0,654.0,850.0,1460,price_gap_too_large
ZIONP,2007-01-05,2023-12-28,4160,22,51364.95100784302,3.0,0.0,3.0,3,price_gap_too_large
MRNS,2007-12-27,2023-12-28,3438,344,3622946.5902090073,1337.0,580.0,757.0,1337,price_gap_too_large
ROSE,2006-02-13,2023-12-28,3666,522,18639.85015106201,1322.0,661.0,661.0,1268,price_gap_too_large
AI,1997-12-23,2023-12-28,6436,160,324376364.6305084,4103.0,966.0,3137.0,4089,price_gap_too_large
EBR-B,1996-10-24,2023-12-28,6223,29,116851.7699174881,4661.0,0.0,4661.0,4661,price_gap_too_large
PZG,2006-05-08,2023-12-28,4412,28,27762.700064480305,403.0,178.0,225.0,378,price_gap_too_large
KTB,2002-12-24,2023-12-28,4455,1179,18507399.89547729,198.0,0.0,198.0,198,price_gap_too_large
APM,2000-10-10,2023-12-28,5027,638,19822.50046730041,42.0,0.0,42.0,42,price_gap_too_large
BOOT,1994-04-08,2023-12-28,6831,804,53200434.56954956,2766.0,961.0,1805.0,2751,price_gap_too_large
CHRS,2001-07-16,2023-12-28,3024,1210,8945665.76347351,365.0,60.0,305.0,361,price_gap_too_large
UBOH,1996-04-02,2023-12-28,6387,14,7201.320942878723,80.0,27.0,53.0,80,price_gap_too_large
PFIN,1983-06-24,2023-12-28,9736,21,10463.544892072678,17.0,0.0,17.0,17,price_gap_too_large
AAN,1982-11-04,2023-12-28,10272,146,3312443.013477325,3343.0,1309.0,2034.0,3287,price_gap_too_large
ALC,2000-11-17,2023-12-28,5208,285,55923288.98086548,7.0,0.0,7.0,7,price_gap_too_large
BCDA,1995-10-25,2023-12-28,6828,254,50153.99998426437,54.0,0.0,54.0,54,price_gap_too_large
FHI,1992-01-02,2023-12-28,6814,40,28162638.21258545,211.0,0.0,211.0,211,price_gap_too_large
INMD,1992-10-08,2023-12-28,6017,2513,40292679.59537506,328.0,0.0,328.0,328,price_gap_too_large
NFE,2007-12-13,2023-12-28,3418,839,38717117.99259186,329.0,0.0,329.0,329,price_gap_too_large
NEXT,2010-05-06,2023-12-28,3407,19,4644440.093779564,147.0,0.0,147.0,147,price_gap_too_large
BEAT,2008-03-19,2023-12-28,3630,497,119160.99605560304,1290.0,635.0,655.0,1244,price_gap_too_large
KEM,1992-10-21,2023-12-28,7044,1176,17768266.555595398,1478.0,732.0,746.0,1454,price_gap_too_large
HTZ,2006-11-16,2023-12-28,4057,364,44113488.80901337,5618.0,2696.0,2922.0,5414,price_gap_too_large
FTAI,1996-01-03,2023-12-28,7017,39,24891505.799484253,175.0,0.0,175.0,175,price_gap_too_large
NMR,1995-05-16,2023-12-28,6627,46,4614336.982870102,1266.0,523.0,743.0,1242,price_gap_too_large
SPT,2006-07-14,2023-12-28,2918,819,32947021.13494873,139.0,0.0,139.0,139,price_gap_too_large
FTFT,2004-01-30,2023-12-28,4154,72,42273.0000525713,68.0,0.0,68.0,68,price_gap_too_large
GTLS,2006-07-26,2023-12-28,4387,5,70719704.4593811,1567.0,780.0,787.0,1551,sparse_news_in_test
JJSF,1986-02-04,2023-12-28,9552,7,9911886.64855957,1162.0,581.0,581.0,1148,sparse_news_in_test
K,1973-02-21,2023-12-28,12826,7,137389526.2650833,3725.0,1859.0,1866.0,3359,sparse_news_in_test
LNT,1973-02-21,2023-12-28,12827,7,73037559.84344482,1789.0,891.0,898.0,1769,sparse_news_in_test
KOF,1993-09-14,2023-12-28,7628,7,11971873.60534668,829.0,411.0,418.0,817,sparse_news_in_test
JBT,2008-07-22,2023-12-28,3887,5,14612919.089508057,1098.0,549.0,549.0,1074,sparse_news_in_test
LII,1999-07-29,2023-12-28,6145,7,87201034.66339111,1659.0,826.0,833.0,1621,sparse_news_in_test
KRG,2004-08-12,2023-12-28,4879,5,30847341.616630554,963.0,478.0,485.0,949,sparse_news_in_test
XLV,1998-12-22,2023-12-28,6295,7,1124710646.2085724,4420.0,2199.0,2221.0,4308,sparse_news_in_test
FSS,1980-03-17,2023-12-28,11041,6,15582728.382110596,1495.0,744.0,751.0,1465,sparse_news_in_test
CHD,1980-03-17,2023-12-28,11040,7,119096881.34651184,2921.0,1457.0,1464.0,2845,sparse_news_in_test
KWR,1980-03-17,2023-12-28,11040,7,14749542.11425781,809.0,401.0,408.0,781,sparse_news_in_test
KW,2007-12-03,2023-12-28,4046,5,11258715.8288002,967.0,480.0,487.0,937,sparse_news_in_test
JCI,1985-03-27,2023-12-28,9769,5,222382726.6082764,4352.0,2176.0,2176.0,4092,sparse_news_in_test
KAI,1992-11-03,2023-12-28,7845,7,12214211.319732666,953.0,473.0,480.0,943,sparse_news_in_test
LMT,1977-01-03,2023-12-28,11850,7,495985606.0928345,4477.0,2235.0,2242.0,4011,sparse_news_in_test
AJG,1984-06-20,2023-12-28,9962,7,167102765.80963135,2529.0,1261.0,1268.0,2497,sparse_news_in_test
JWN,1980-03-17,2023-12-28,11040,7,77650185.68267822,8864.0,4432.0,4432.0,8424,sparse_news_in_test
L,1980-03-17,2023-12-28,11040,7,42862620.25337219,1833.0,913.0,920.0,1649,sparse_news_in_test
KBH,1986-08-01,2023-12-28,9428,7,59062632.456588745,3053.0,1523.0,1530.0,2797,sparse_news_in_test
KLAC,1980-10-08,2023-12-28,10897,7,414972062.9821777,3771.0,1882.0,1889.0,3655,sparse_news_in_test
MRO,1970-01-02,2023-12-28,13618,7,259573651.1332512,6655.0,2708.0,3947.0,6515,sparse_news_in_test
KAR,2009-12-11,2023-12-28,3535,5,8393717.117118834,1329.0,661.0,668.0,1305,sparse_news_in_test
KBE,2005-11-15,2023-12-28,4560,5,96844749.41501616,1965.0,979.0,986.0,1807,sparse_news_in_test
LNC,1980-03-17,2023-12-28,11041,7,62633149.14054871,2625.0,1309.0,1316.0,2425,sparse_news_in_test
AVAV,2007-01-23,2023-12-28,4264,5,16742609.727096558,2397.0,1195.0,1202.0,2327,sparse_news_in_test
LYV,2005-12-21,2023-12-28,4535,5,131042146.4920044,2115.0,1054.0,1061.0,2039,sparse_news_in_test
GPI,1997-10-30,2023-12-28,6583,7,32523132.942199707,1679.0,836.0,843.0,1641,sparse_news_in_test
AWK,2008-04-23,2023-12-28,3949,5,126790476.23062134,2799.0,1396.0,1403.0,2751,sparse_news_in_test
KALU,2006-07-07,2023-12-28,4400,5,6392517.211914063,1321.0,657.0,664.0,1153,sparse_news_in_test
LXP,1993-10-22,2023-12-28,7600,7,17598201.030635834,1347.0,670.0,677.0,1321,sparse_news_in_test
AWR,1973-02-21,2023-12-28,12826,7,13819523.69003296,1579.0,786.0,793.0,1559,sparse_news_in_test
LXU,1980-01-02,2023-12-28,11092,7,6128322.800922394,855.0,424.0,431.0,849,sparse_news_in_test
RF,1980-03-17,2023-12-28,11040,7,150478324.7718811,5157.0,2528.0,2629.0,4675,sparse_news_in_test
TDW,1980-03-17,2023-12-28,11040,7,38217077.73590088,1222.0,604.0,618.0,1182,sparse_news_in_test
CPA,2005-12-15,2023-12-28,4539,5,35255828.549957275,2517.0,1255.0,1262.0,2471,sparse_news_in_test
CVCO,2003-07-01,2023-12-28,5160,5,16060564.826965334,615.0,304.0,311.0,599,sparse_news_in_test
AOS,1983-09-30,2023-12-28,10145,7,63532139.31274414,2967.0,1480.0,1487.0,2907,sparse_news_in_test
LYB,2010-04-28,2023-12-28,3442,5,166802157.79571533,4435.0,2214.0,2221.0,4395,sparse_news_in_test
LFUS,1992-09-22,2023-12-28,7875,7,20407692.652893063,955.0,474.0,481.0,947,sparse_news_in_test
LLY,1972-06-01,2023-12-28,13006,7,1187856187.9333496,7083.0,3538.0,3545.0,6739,sparse_news_in_test
BPOP,1980-03-17,2023-12-28,11041,5,27689544.70481873,1512.0,756.0,756.0,1398,sparse_news_in_test
CVBF,1983-04-04,2023-12-28,10270,7,17297569.34480667,599.0,296.0,303.0,559,sparse_news_in_test
CW,1980-03-17,2023-12-28,11040,7,27944162.770843506,1487.0,740.0,747.0,1473,sparse_news_in_test
LPLA,2010-11-18,2023-12-28,3299,5,142444983.00323486,1783.0,888.0,895.0,1769,sparse_news_in_test
LRN,2007-12-13,2023-12-28,4038,5,17043246.70276642,1025.0,509.0,516.0,1003,sparse_news_in_test
LSCC,1989-11-09,2023-12-28,8599,7,134272192.0085907,1059.0,526.0,533.0,1037,sparse_news_in_test
ADP,1980-03-17,2023-12-28,11041,5,357879671.723938,4648.0,1681.0,2967.0,4508,sparse_news_in_test
LSTR,1993-03-05,2023-12-28,7761,7,39521460.99472046,1053.0,523.0,530.0,995,sparse_news_in_test
LTC,1992-08-18,2023-12-28,7899,7,7026600.226974487,1353.0,673.0,680.0,1331,sparse_news_in_test
RGA,2008-09-12,2023-12-28,3850,5,50585126.88827515,1502.0,703.0,799.0,1490,sparse_news_in_test
RIG,1993-05-28,2023-12-28,7702,7,108299141.99085236,3713.0,1798.0,1915.0,3163,sparse_news_in_test
RHI,1980-03-17,2023-12-28,11040,7,59327342.08946228,2010.0,948.0,1062.0,1964,sparse_news_in_test
AER,2006-11-21,2023-12-28,4304,5,63583973.95763397,879.0,436.0,443.0,841,sparse_news_in_test
LPX,1980-03-17,2023-12-28,11040,7,45866247.12600708,2235.0,1114.0,1121.0,2161,sparse_news_in_test
AVGO,2009-08-06,2023-12-28,3624,5,1600065455.8135986,8305.0,4149.0,4156.0,8285,sparse_news_in_test
DHT,2005-10-13,2023-12-28,4583,5,21414112.66136169,1737.0,865.0,872.0,1717,sparse_news_in_test
AVT,1973-05-03,2023-12-28,12777,5,23214820.08972168,2181.0,1087.0,1094.0,2083,sparse_news_in_test
LPSN,2000-04-07,2023-12-28,5969,7,6829212.120175362,1209.0,601.0,608.0,1193,sparse_news_in_test
LECO,1994-04-07,2023-12-28,7485,7,53924760.106658936,1528.0,757.0,771.0,1484,sparse_news_in_test
LH,1990-03-29,2023-12-28,8503,7,143881594.8135376,3003.0,1498.0,1505.0,2925,sparse_news_in_test
IBKR,2007-05-04,2023-12-28,4193,5,72760626.45950317,2623.0,1308.0,1315.0,2547,sparse_news_in_test
REGN,1991-04-02,2023-12-28,8249,7,383562316.8487549,7394.0,3638.0,3756.0,7338,sparse_news_in_test
EXTR,1999-04-09,2023-12-28,6222,7,34235245.86935043,1237.0,615.0,622.0,1235,sparse_news_in_test
AZN,1993-05-12,2023-12-28,7714,7,304673504.4866562,3987.0,1990.0,1997.0,3757,sparse_news_in_test
AZO,1991-04-02,2023-12-28,8249,7,348193578.9550781,4499.0,2246.0,2253.0,4279,sparse_news_in_test
RIO,1990-06-28,2023-12-28,8440,7,193503522.47047424,2256.0,1032.0,1224.0,2100,sparse_news_in_test
JKS,2010-05-14,2023-12-28,3430,5,29890272.266197205,4092.0,2046.0,2046.0,3980,sparse_news_in_test
KBR,2006-11-16,2023-12-28,4307,5,66075714.87121582,2915.0,1454.0,1461.0,2825,sparse_news_in_test
JBHT,1983-11-22,2023-12-28,10108,7,117856410.50338744,3210.0,1605.0,1605.0,3128,sparse_news_in_test
LANC,1980-03-17,2023-12-28,11040,7,23124729.431915283,835.0,414.0,421.0,813,sparse_news_in_test
JBL,1993-05-03,2023-12-28,7721,7,109835104.43572998,3720.0,1860.0,1860.0,3464,sparse_news_in_test
LRCX,1984-05-04,2023-12-28,9994,7,640978833.3221436,1447.0,720.0,727.0,1447,sparse_news_in_test
JBLU,2002-04-12,2023-12-28,5467,5,71146411.05389595,3124.0,1562.0,1562.0,2872,sparse_news_in_test
LAMR,1996-08-02,2023-12-28,6898,7,38179064.29290772,1593.0,793.0,800.0,1557,sparse_news_in_test
CTAS,1983-08-19,2023-12-28,10173,7,158078882.49206543,3021.0,1507.0,1514.0,2941,sparse_news_in_test
IBN,2000-03-28,2023-12-28,5977,7,94899824.38192368,1421.0,707.0,714.0,1331,sparse_news_in_test
LGND,1992-11-18,2023-12-28,7834,7,6424132.025146484,2883.0,1438.0,1445.0,2863,sparse_news_in_test
AVA,1973-02-21,2023-12-28,12826,7,21627317.55218506,1495.0,744.0,751.0,1483,sparse_news_in_test
LZB,1973-02-21,2023-12-28,12826,7,9608445.660305023,1745.0,869.0,876.0,1707,sparse_news_in_test
JNJ,1962-01-02,2023-12-28,15605,7,1103771914.7613523,5856.0,2928.0,2928.0,5856,sparse_news_in_test
EXK,2006-04-26,2023-12-28,4450,5,6206313.916349411,1601.0,797.0,804.0,1521,sparse_news_in_test
GPC,1980-03-17,2023-12-28,11040,7,139757504.1229248,2777.0,1385.0,1392.0,2719,sparse_news_in_test
LOW,1980-03-17,2023-12-28,11040,7,543901699.8069763,6481.0,3237.0,3244.0,6059,sparse_news_in_test
RDY,2001-04-11,2023-12-28,5715,7,13732711.423110962,1987.0,948.0,1039.0,1915,sparse_news_in_test
AXP,1972-06-01,2023-12-28,13006,7,449926762.7555847,7573.0,3783.0,3790.0,7001,sparse_news_in_test
JACK,1992-03-05,2023-12-28,8014,7,24558083.30307007,4008.0,2004.0,2004.0,3882,sparse_news_in_test
LOPE,2008-11-20,2023-12-28,3801,5,20077130.082321167,1853.0,923.0,930.0,1769,sparse_news_in_test
AVB,1994-03-11,2023-12-28,7503,7,125027486.09313963,2711.0,1352.0,1359.0,2629,sparse_news_in_test
AXS,2003-07-01,2023-12-28,5160,5,25227386.67125702,1799.0,896.0,903.0,1745,sparse_news_in_test
RCL,1993-04-28,2023-12-28,7724,7,261706017.93518063,2381.0,1146.0,1235.0,2209,sparse_news_in_test
LMAT,2006-10-19,2023-12-28,4327,5,5246691.572380066,1131.0,562.0,569.0,1125,sparse_news_in_test
LOGI,1997-03-27,2023-12-28,6734,7,28792968.26915741,2057.0,1025.0,1032.0,1977,sparse_news_in_test
JNPR,1999-06-25,2023-12-28,6168,7,98217659.6075058,2912.0,1456.0,1456.0,2646,sparse_news_in_test
JNK,2007-12-04,2023-12-28,4045,5,723174533.5823059,4334.0,2167.0,2167.0,4254,sparse_news_in_test
EWD,1996-03-18,2023-12-28,6994,7,6863119.4677352905,653.0,309.0,344.0,589,sparse_news_in_test
BKR,1987-04-06,2023-12-28,9257,7,205593433.43257904,1978.0,0.0,1978.0,1978,sparse_news_in_train
DIS,1962-01-02,2023-12-28,15605,7,1079266799.3385315,10597.0,943.0,9654.0,10597,sparse_news_in_train
BKNG,1999-03-31,2023-12-28,6228,7,746131055.7128906,1900.0,0.0,1900.0,1900,sparse_news_in_train
PBR-A,2003-10-07,2023-12-28,5092,5,91722918.97702216,7693.0,0.0,7693.0,7693,sparse_news_in_train
AAPL,1980-12-12,2023-12-28,10852,7,9531593410.772703,9811.0,473.0,9338.0,9811,sparse_news_in_train
AMZN,1997-05-15,2023-12-28,6700,7,6467590775.385666,5338.0,278.0,5060.0,5338,sparse_news_in_train
WMT,1972-08-25,2023-12-28,12946,7,806498253.8665771,8697.0,11.0,8686.0,8697,sparse_news_in_train
TPR,2000-10-06,2023-12-28,5843,7,112728979.59194183,973.0,0.0,973.0,973,sparse_news_in_train
WKHS,2010-06-02,2023-12-28,3418,5,5214100.020268559,609.0,0.0,609.0,609,sparse_news_in_train
PFE,1972-06-01,2023-12-28,13006,7,874167873.9367485,3642.0,1821.0,1821.0,3642,sparse_news_in_train
BHC,1994-03-29,2023-12-28,7491,7,18795583.19582939,540.0,0.0,540.0,540,sparse_news_in_train
EQNR,2001-06-18,2023-12-28,5669,7,81605850.86812973,1671.0,0.0,1671.0,1671,sparse_news_in_train
IBM,1962-01-02,2023-12-28,15605,7,536325306.8710327,2191.0,1092.0,1099.0,2191,sparse_news_in_train
TGT,1973-02-21,2023-12-28,12826,7,498846716.9254303,4039.0,884.0,3155.0,4039,sparse_news_in_train
TECK,2002-07-18,2023-12-28,5400,5,133344263.6390686,741.0,0.0,741.0,741,sparse_news_in_train
BP,1970-01-02,2023-12-28,13618,7,283301877.0023346,820.0,311.0,509.0,820,sparse_news_in_train
LUV,1980-01-02,2023-12-28,11093,7,200254245.3765869,4757.0,2375.0,2382.0,4757,sparse_news_in_train
CVX,1962-01-02,2023-12-28,15605,7,1213510007.8353882,8688.0,0.0,8688.0,8688,sparse_news_in_train
JPM,1980-03-17,2023-12-28,11040,7,1323606492.8024292,5766.0,2883.0,2883.0,5766,sparse_news_in_train
GS,1999-05-04,2023-12-28,6205,7,681155470.3491211,8730.0,0.0,8730.0,8730,sparse_news_in_train
TFC,1980-03-18,2023-12-28,11039,7,315303919.8952674,817.0,0.0,817.0,817,sparse_news_in_train
DXC,1972-06-01,2023-12-28,12935,7,43864703.46736908,655.0,0.0,655.0,655,sparse_news_in_train
GATX,1973-02-21,2023-12-28,12827,5,14731790.130233765,549.0,0.0,549.0,549,sparse_news_in_train
GOOG,2004-08-19,2023-12-28,4874,5,2669762063.201523,11134.0,1204.0,9930.0,11134,sparse_news_in_train
IAC,1993-01-19,2023-12-28,7793,7,32535447.443580627,511.0,0.0,511.0,511,sparse_news_in_train
BLNK,2009-12-21,2023-12-28,3529,5,12763774.185848236,688.0,0.0,688.0,688,sparse_news_in_train
XOM,1970-01-02,2023-12-28,13618,7,1739087334.0911863,7935.0,589.0,7346.0,7935,sparse_news_in_train
MSFT,1986-03-13,2023-12-28,9526,7,7707393383.502197,8737.0,0.0,8737.0,8737,sparse_news_in_train
BB,1999-02-04,2023-12-28,6266,7,19526122.180843357,1480.0,0.0,1480.0,1478,sparse_news_in_train
INTC,1980-03-17,2023-12-28,11040,7,1223732400.3137589,13632.0,2475.0,11157.0,13632,sparse_news_in_train
SPY,1993-01-29,2023-12-28,7785,7,33248591428.260803,7239.0,14.0,7225.0,7239,sparse_news_in_train
LHX,1981-12-31,2023-12-28,10587,7,202224375.66833496,597.0,0.0,597.0,597,sparse_news_in_train
T,1983-11-21,2023-12-28,10108,7,553453665.0300503,9477.0,14.0,9463.0,9477,sparse_news_in_train
BA,1962-01-02,2023-12-28,15605,7,1053927650.250244,6085.0,10.0,6075.0,6085,sparse_news_in_train
AMN,2001-11-13,2023-12-28,5569,5,52260339.79682922,1305.0,0.0,1305.0,1305,sparse_news_in_train
F,1972-06-01,2023-12-28,13006,7,654888071.572113,2506.0,621.0,1885.0,2506,sparse_news_in_train
TSLA,2010-06-29,2023-12-28,3399,5,27968717819.21463,12462.0,1875.0,10587.0,12462,sparse_news_in_train
AMD,1980-03-17,2023-12-28,11040,7,5688640672.697449,9459.0,250.0,9209.0,9389,sparse_news_in_train
psec,2004-07-27,2023-12-28,4891,5,8693400.23303032,0.0,0.0,0.0,0,too_few_news_articles
pnc,1975-11-17,2023-12-28,12133,7,316242698.74191284,0.0,0.0,0.0,0,too_few_news_articles
prgo,1991-12-17,2023-12-28,8068,7,39157436.45477295,0.0,0.0,0.0,0,too_few_news_articles
ppbi,1997-06-25,2023-12-28,6672,7,11286819.327354431,0.0,0.0,0.0,0,too_few_news_articles
pkg,2000-01-28,2023-12-28,6018,7,79361822.0237732,0.0,0.0,0.0,0,too_few_news_articles
ABCB,1994-05-19,2023-12-28,7456,7,14754748.830604551,391.0,20.0,371.0,391,too_few_news_articles
pmt,2009-07-30,2023-12-28,3629,5,8155160.334348679,0.0,0.0,0.0,0,too_few_news_articles
pba,2010-10-06,2023-12-28,3330,5,23850993.972587585,0.0,0.0,0.0,0,too_few_news_articles
pgti,2006-06-28,2023-12-28,4406,5,10147680.236053469,0.0,0.0,0.0,0,too_few_news_articles
xme,2006-06-22,2023-12-28,4410,5,150426912.98789978,0.0,0.0,0.0,0,too_few_news_articles
tnc,1973-02-22,2023-12-28,12825,7,5648004.993438721,0.0,0.0,0.0,0,too_few_news_articles
xle,1998-12-22,2023-12-28,6295,7,1599382117.1920776,0.0,0.0,0.0,0,too_few_news_articles
vtv,2004-01-30,2023-12-28,5013,5,306943642.0539856,0.0,0.0,0.0,0,too_few_news_articles
rwt,1995-08-04,2023-12-28,7150,7,7502633.286547661,0.0,0.0,0.0,0,too_few_news_articles
tmo,1980-03-17,2023-12-28,11040,7,713577643.5821533,0.0,0.0,0.0,0,too_few_news_articles
ACWI,2008-03-28,2023-12-28,3967,5,289985992.4224853,479.0,75.0,404.0,473,too_few_news_articles
tmf,2009-04-16,2023-12-28,3702,5,170801938.2692337,0.0,0.0,0.0,0,too_few_news_articles
vnqi,2010-11-01,2023-12-28,3312,5,9422071.731758118,0.0,0.0,0.0,0,too_few_news_articles
vo,2004-01-30,2023-12-28,5013,5,126388792.6574707,0.0,0.0,0.0,0,too_few_news_articles
oneq,2003-10-01,2023-12-28,5096,5,12094388.527297974,0.0,0.0,0.0,0,too_few_news_articles
tfii,2005-11-15,2023-12-28,4560,5,27347505.193710327,0.0,0.0,0.0,0,too_few_news_articles
ltpz,2009-09-08,2023-12-28,3602,5,5548704.977989197,0.0,0.0,0.0,0,too_few_news_articles
tex,1980-03-19,2023-12-28,11038,7,41922152.7015686,0.0,0.0,0.0,0,too_few_news_articles
sxi,1973-02-21,2023-12-28,12826,7,7200976.413726807,0.0,0.0,0.0,0,too_few_news_articles
oef,2000-10-27,2023-12-28,5828,7,40940848.47717285,0.0,0.0,0.0,0,too_few_news_articles
xlb,1998-12-22,2023-12-28,6295,7,453631854.0649414,0.0,0.0,0.0,0,too_few_news_articles
nvda,1999-01-22,2023-12-28,6275,7,16118245171.19751,0.0,0.0,0.0,0,too_few_news_articles
vod,1988-11-02,2023-12-28,8857,7,53758395.98498344,0.0,0.0,0.0,0,too_few_news_articles
vpu,2004-01-30,2023-12-28,5013,5,25357762.103271484,0.0,0.0,0.0,0,too_few_news_articles
vpl,2005-03-10,2023-12-28,4734,5,26258378.307724,0.0,0.0,0.0,0,too_few_news_articles
vonv,2010-09-22,2023-12-28,3340,5,27710419.99282837,0.0,0.0,0.0,0,too_few_news_articles
tak,2010-01-05,2023-12-28,3520,5,29279757.09095001,0.0,0.0,0.0,0,too_few_news_articles
tap,1975-06-12,2023-12-28,12243,7,95468613.83247375,0.0,0.0,0.0,0,too_few_news_articles
tds,1981-12-15,2023-12-28,10598,7,20077781.69059753,0.0,0.0,0.0,0,too_few_news_articles
ACWX,2008-04-01,2023-12-28,3965,5,66885748.22483063,276.0,75.0,201.0,272,too_few_news_articles
spxu,2009-06-25,2023-12-28,3653,5,301040820.4131603,0.0,0.0,0.0,0,too_few_news_articles
txrh,2004-10-05,2023-12-28,4842,5,86803293.10417175,0.0,0.0,0.0,0,too_few_news_articles
uctt,2004-03-25,2023-12-28,4975,5,7270686.027908325,0.0,0.0,0.0,0,too_few_news_articles
vioo,2010-09-09,2023-12-28,3349,5,7956173.830413818,0.0,0.0,0.0,0,too_few_news_articles
well,1980-03-19,2023-12-28,11038,7,170067604.10461426,0.0,0.0,0.0,0,too_few_news_articles
wd,2010-12-15,2023-12-28,3281,5,13946234.441375732,0.0,0.0,0.0,0,too_few_news_articles
usph,1992-05-29,2023-12-28,7955,7,7520948.051452637,0.0,0.0,0.0,0,too_few_news_articles
relx,1994-10-06,2023-12-28,7359,7,22013232.220458984,0.0,0.0,0.0,0,too_few_news_articles
ibb,2001-02-12,2023-12-28,5756,7,189513480.3855896,0.0,0.0,0.0,0,too_few_news_articles
wire,1992-07-16,2023-12-28,7922,7,34078843.909454346,0.0,0.0,0.0,0,too_few_news_articles
AAXJ,2008-08-15,2023-12-28,3869,5,36021115.50064087,305.0,76.0,229.0,304,too_few_news_articles
ice,2005-11-16,2023-12-28,4559,5,250385933.79478452,0.0,0.0,0.0,0,too_few_news_articles
pcar,1980-03-17,2023-12-28,11040,7,185095820.08094788,0.0,0.0,0.0,0,too_few_news_articles
vgr,1987-10-08,2023-12-28,9128,7,7612286.532735825,0.0,0.0,0.0,0,too_few_news_articles
ung,2007-04-18,2023-12-28,4205,5,138798451.1989355,0.0,0.0,0.0,0,too_few_news_articles
unfi,1996-11-01,2023-12-28,6834,7,11879609.61432457,0.0,0.0,0.0,0,too_few_news_articles
ADUS,2009-10-28,2023-12-28,3566,5,7961157.936859131,388.0,0.0,388.0,387,too_few_news_articles
res,1984-06-11,2023-12-28,9969,7,10440471.24876976,0.0,0.0,0.0,0,too_few_news_articles
rily,2007-08-13,2023-12-28,4124,5,12846603.981590273,0.0,0.0,0.0,0,too_few_news_articles
kt,1999-05-26,2023-12-28,6189,7,10737688.1026268,0.0,0.0,0.0,0,too_few_news_articles
unf,1984-01-16,2023-12-28,10071,7,11069629.202270508,0.0,0.0,0.0,0,too_few_news_articles
lit,2010-07-23,2023-12-28,3382,5,25580723.742485046,0.0,0.0,0.0,0,too_few_news_articles
umbf,1980-03-17,2023-12-28,11040,7,18934916.05072021,0.0,0.0,0.0,0,too_few_news_articles
wabc,1980-03-17,2023-12-28,11040,7,6426343.79119873,0.0,0.0,0.0,0,too_few_news_articles
rock,1993-11-05,2023-12-28,7590,7,8450608.06941986,0.0,0.0,0.0,0,too_few_news_articles
rpv,2006-03-07,2023-12-28,4485,5,23493350.0,0.0,0.0,0.0,0,too_few_news_articles
lqd,2002-07-30,2023-12-28,5392,5,2134761676.237488,0.0,0.0,0.0,0,too_few_news_articles
pag,1996-10-23,2023-12-28,6841,7,41842516.88232422,0.0,0.0,0.0,0,too_few_news_articles
pacb,2010-10-27,2023-12-28,3315,5,38001185.51015854,0.0,0.0,0.0,0,too_few_news_articles
paa,1998-11-18,2023-12-28,6318,7,48113925.36621094,0.0,0.0,0.0,0,too_few_news_articles
ovv,2002-04-08,2023-12-28,5471,5,119425893.54553224,0.0,0.0,0.0,0,too_few_news_articles
phg,1980-03-17,2023-12-28,11040,7,21595368.05038452,0.0,0.0,0.0,0,too_few_news_articles
nok,1994-07-01,2023-12-28,7426,7,61856262.02654839,0.0,0.0,0.0,0,too_few_news_articles
zumz,2005-05-06,2023-12-28,4694,5,6203964.776420593,0.0,0.0,0.0,0,too_few_news_articles
faz,2008-11-19,2023-12-28,3802,5,34770010.32886505,0.0,0.0,0.0,0,too_few_news_articles
PSQ,2006-06-21,2023-12-28,4411,5,347613658.2441807,124.0,17.0,107.0,118,too_few_news_articles
PSMT,1997-09-02,2023-12-28,6625,7,9182354.556655884,373.0,0.0,373.0,371,too_few_news_articles
PRDO,1998-01-29,2023-12-28,6522,7,5130844.416618347,308.0,0.0,308.0,300,too_few_news_articles
DOG,2006-06-21,2023-12-28,4411,5,22915529.530525208,158.0,55.0,103.0,147,too_few_news_articles
DRH,2005-05-26,2023-12-28,4680,5,15849258.20786953,262.0,0.0,262.0,262,too_few_news_articles
DRN,2009-07-16,2023-12-28,3639,5,5090734.465074539,33.0,0.0,33.0,28,too_few_news_articles
DSGX,1999-01-27,2023-12-28,6272,7,8950067.603683472,155.0,0.0,155.0,155,too_few_news_articles
DSI,2006-11-17,2023-12-28,4306,5,9995065.640258787,458.0,58.0,400.0,456,too_few_news_articles
PHYS,2010-02-26,2023-12-28,3484,5,21880560.00137329,75.0,0.0,75.0,73,too_few_news_articles
PTY,2002-12-26,2023-12-28,5288,5,6156112.710571289,96.0,0.0,96.0,95,too_few_news_articles
DXD,2006-07-13,2023-12-28,4396,5,15186624.155044556,142.0,59.0,83.0,136,too_few_news_articles
PDM,2010-02-10,2023-12-28,3495,5,8399820.922398567,266.0,0.0,266.0,266,too_few_news_articles
OZK,1997-07-17,2023-12-28,6657,7,41902990.93132019,414.0,0.0,414.0,414,too_few_news_articles
EDV,2008-01-29,2023-12-28,4008,5,31040412.963867188,198.0,0.0,198.0,189,too_few_news_articles
EFG,2005-08-05,2023-12-28,4631,5,53969542.85011292,201.0,50.0,151.0,201,too_few_news_articles
EFV,2005-08-05,2023-12-28,4631,5,85052434.08622742,227.0,52.0,175.0,227,too_few_news_articles
ORA,2004-11-11,2023-12-28,4815,5,30420887.13684082,406.0,0.0,406.0,399,too_few_news_articles
OPI,2009-06-04,2023-12-28,3668,5,6163981.432962418,129.0,0.0,129.0,129,too_few_news_articles
EHC,1986-09-24,2023-12-28,9391,7,35572963.31863403,7.0,0.0,7.0,7,too_few_news_articles
OPCH,1996-08-15,2023-12-28,6889,7,48371240.6047821,355.0,0.0,355.0,355,too_few_news_articles
PEAK,1985-05-23,2023-12-28,9728,7,88486368.99280548,285.0,0.0,285.0,285,too_few_news_articles
DGS,2007-10-30,2023-12-28,4069,5,6213189.440345764,498.0,200.0,298.0,456,too_few_news_articles
PZA,2007-10-18,2023-12-28,4077,5,13067940.648555754,206.0,74.0,132.0,199,too_few_news_articles
DEI,2006-10-25,2023-12-28,4323,5,30112812.424707413,335.0,0.0,335.0,335,too_few_news_articles
CMPR,2005-09-30,2023-12-28,4592,5,6163627.159118652,247.0,0.0,247.0,247,too_few_news_articles
RWR,2001-08-27,2023-12-28,5620,7,19346512.38632202,498.0,58.0,440.0,491,too_few_news_articles
RWM,2007-01-25,2023-12-28,4262,5,40537921.66557312,167.0,71.0,96.0,166,too_few_news_articles
RWL,2008-03-07,2023-12-28,3981,5,5773119.211578369,240.0,54.0,186.0,235,too_few_news_articles
fdn,2006-06-23,2023-12-28,4409,5,66404439.37911987,0.0,0.0,0.0,0,too_few_news_articles
CRF,1987-11-05,2023-12-28,9108,7,5282788.573265076,160.0,43.0,117.0,155,too_few_news_articles
CRVL,1991-06-28,2023-12-28,8187,7,7613073.09951782,107.0,0.0,107.0,107,too_few_news_articles
RPT,1988-12-28,2023-12-28,8819,7,5091586.054420471,293.0,58.0,235.0,293,too_few_news_articles
RPG,2006-03-07,2023-12-28,4485,5,7088699.5688438425,310.0,50.0,260.0,303,too_few_news_articles
CSGS,1996-02-28,2023-12-28,7007,7,8530677.779769897,213.0,0.0,213.0,212,too_few_news_articles
CTRA,1990-02-08,2023-12-28,8537,7,166073328.4477234,442.0,0.0,442.0,442,too_few_news_articles
CUTR,2004-03-31,2023-12-28,4971,5,8438495.982074738,181.0,0.0,181.0,181,too_few_news_articles
CWB,2009-04-16,2023-12-28,3702,5,48830580.809021,463.0,228.0,235.0,443,too_few_news_articles
CWI,2007-01-17,2023-12-28,4268,5,8871656.88085556,192.0,71.0,121.0,191,too_few_news_articles
CWST,1997-10-29,2023-12-28,6584,7,20788347.61772156,291.0,0.0,291.0,291,too_few_news_articles
RAMP,1983-12-14,2023-12-28,10092,7,11174020.028686523,102.0,0.0,102.0,102,too_few_news_articles
QRTEA,2006-05-10,2023-12-28,4440,5,5949879.006797075,169.0,0.0,169.0,169,too_few_news_articles
QQEW,2006-05-02,2023-12-28,4446,5,11931380.252838137,271.0,45.0,226.0,268,too_few_news_articles
DDM,2006-06-21,2023-12-28,4411,5,17403737.44354248,220.0,73.0,147.0,216,too_few_news_articles
QLD,2006-06-21,2023-12-28,4411,5,224448030.50727844,224.0,60.0,164.0,186,too_few_news_articles
QID,2006-07-13,2023-12-28,4396,5,217862086.0923767,276.0,114.0,162.0,194,too_few_news_articles
OCSL,2008-06-12,2023-12-28,3914,5,9085079.259490969,122.0,0.0,122.0,122,too_few_news_articles
ENV,2010-07-29,2023-12-28,3378,5,23176565.35949707,331.0,0.0,331.0,329,too_few_news_articles
EPAC,2000-07-24,2023-12-28,5896,7,6825522.838592529,149.0,0.0,149.0,149,too_few_news_articles
NUGT,2010-12-08,2023-12-28,3286,5,81616255.99060059,479.0,0.0,479.0,479,too_few_news_articles
GGAL,2000-07-25,2023-12-28,5895,7,10069422.50676155,266.0,0.0,266.0,265,too_few_news_articles
JBSS,1991-12-04,2023-12-28,8077,7,5679993.086242676,436.0,218.0,218.0,428,too_few_news_articles
J,1980-03-17,2023-12-28,11040,7,70535301.88331604,0.0,0.0,0.0,0,too_few_news_articles
GL,1980-10-01,2023-12-28,10902,7,54458122.03330994,250.0,0.0,250.0,250,too_few_news_articles
GM,2010-11-18,2023-12-28,3299,5,481418454.0872574,129.0,10.0,119.0,129,too_few_news_articles
GMAB,2009-06-01,2023-12-28,3671,5,18092154.019737244,158.0,0.0,158.0,158,too_few_news_articles
INSM,2000-06-01,2023-12-28,5932,7,23364097.9888916,228.0,0.0,228.0,228,too_few_news_articles
GNR,2010-09-14,2023-12-28,3346,5,10343898.119735718,117.0,0.0,117.0,117,too_few_news_articles
GOF,2007-07-27,2023-12-28,4135,5,7741243.96457672,204.0,57.0,147.0,204,too_few_news_articles
GOGL,1997-02-07,2023-12-28,6768,7,11869646.488189695,259.0,0.0,259.0,259,too_few_news_articles
IBOC,1995-08-30,2023-12-28,7132,7,8774644.318008423,307.0,150.0,157.0,301,too_few_news_articles
GSG,2006-07-21,2023-12-28,4390,5,10307235.183906555,96.0,0.0,96.0,80,too_few_news_articles
GSY,2008-02-12,2023-12-28,3998,5,17735411.271476746,160.0,51.0,109.0,160,too_few_news_articles
GT,1962-01-02,2023-12-28,15605,7,43757791.988134384,7.0,0.0,7.0,7,too_few_news_articles
GTN,2002-08-30,2023-12-28,5369,5,7437749.234485626,456.0,0.0,456.0,455,too_few_news_articles
GVI,2007-01-11,2023-12-28,4271,5,11186625.246810911,99.0,46.0,53.0,99,too_few_news_articles
HUBB,1972-06-05,2023-12-28,12883,9,111143366.98622131,466.0,0.0,466.0,466,too_few_news_articles
HROW,2007-09-28,2023-12-28,4091,5,6668958.408164978,62.0,0.0,62.0,62,too_few_news_articles
HRI,2006-11-16,2023-12-28,4307,5,34096748.90289307,229.0,0.0,229.0,229,too_few_news_articles
HR,1993-05-27,2023-12-28,7703,7,45868091.68968201,359.0,0.0,359.0,358,too_few_news_articles
HOPE,1998-01-29,2023-12-28,6522,7,8194310.983848572,188.0,0.0,188.0,188,too_few_news_articles
JEF,1980-03-17,2023-12-28,11040,7,36817837.297058105,0.0,0.0,0.0,0,too_few_news_articles
CMF,2007-10-11,2023-12-28,4082,5,10851127.52494812,154.0,57.0,97.0,151,too_few_news_articles
GEN,1989-06-23,2023-12-28,8696,7,65620648.90851975,189.0,0.0,189.0,189,too_few_news_articles
KB,2001-11-13,2023-12-28,5569,5,7220960.066223144,449.0,221.0,228.0,409,too_few_news_articles
NTCT,1999-08-12,2023-12-28,6135,7,10661971.938705444,231.0,0.0,231.0,229,too_few_news_articles
NOVT,1999-03-24,2023-12-28,6233,7,19599764.545440678,104.0,0.0,104.0,104,too_few_news_articles
EVRG,1973-02-21,2023-12-28,12826,7,81479632.02857971,376.0,0.0,376.0,376,too_few_news_articles
EVRI,2005-09-23,2023-12-28,4597,5,11048110.861635208,214.0,0.0,214.0,214,too_few_news_articles
EWS,1996-03-18,2023-12-28,6994,7,6574074.144077301,62.0,0.0,62.0,53,too_few_news_articles
MUNI,2009-12-15,2023-12-28,3533,5,6473635.443878174,97.0,40.0,57.0,94,too_few_news_articles
MUFG,2001-04-02,2023-12-28,5722,7,24369225.681900974,188.0,0.0,188.0,188,too_few_news_articles
MTX,1992-10-23,2023-12-28,7852,7,8470428.336334229,317.0,0.0,317.0,317,too_few_news_articles
FBNC,1987-04-30,2023-12-28,9241,7,5359513.725280762,270.0,0.0,270.0,270,too_few_news_articles
FHB,2005-06-10,2023-12-28,4608,6,15304428.352546692,248.0,0.0,248.0,248,too_few_news_articles
LVS,2004-12-15,2023-12-28,4792,5,215661682.48939517,194.0,97.0,97.0,194,too_few_news_articles
LKFN,1997-08-14,2023-12-28,6637,7,6220989.96257782,447.0,220.0,227.0,441,too_few_news_articles
LIN,1992-06-17,2023-12-28,7942,7,565191789.2913818,7.0,0.0,7.0,7,too_few_news_articles
LGF-A,1998-11-17,2023-12-28,6319,7,7486901.871109009,7.0,0.0,7.0,7,too_few_news_articles
LCII,1985-05-29,2023-12-28,9725,7,20396786.38763428,7.0,0.0,7.0,7,too_few_news_articles
FTCS,2006-07-11,2023-12-28,4398,5,25976143.23310852,242.0,51.0,191.0,242,too_few_news_articles
FTS,2010-01-05,2023-12-28,3520,5,23388823.231506344,224.0,0.0,224.0,224,too_few_news_articles
KNX,1994-10-25,2023-12-28,7346,7,94457822.2492218,473.0,0.0,473.0,473,too_few_news_articles
KLIC,1973-02-21,2023-12-28,12826,7,21308651.77345276,416.0,0.0,416.0,413,too_few_news_articles
FXR,2007-05-10,2023-12-28,4189,5,6326021.590423584,454.0,59.0,395.0,452,too_few_news_articles
FXZ,2007-05-11,2023-12-28,4188,5,5852404.419708252,408.0,26.0,382.0,403,too_few_news_articles
GDEN,1999-01-04,2023-12-28,6288,7,6095074.390602112,116.0,0.0,116.0,116,too_few_news_articles
CLM,2002-08-02,2023-12-28,5389,5,9729912.395620346,168.0,59.0,109.0,167,too_few_news_articles
RWJ,2008-02-22,2023-12-28,3991,5,6519884.914398193,229.0,70.0,159.0,225,too_few_news_articles
CIGI,1995-01-20,2023-12-28,7286,7,8165062.110900879,212.0,0.0,212.0,212,too_few_news_articles
ASRT,1997-12-03,2023-12-28,6560,7,5952923.944282532,219.0,0.0,219.0,219,too_few_news_articles
VICR,1990-04-03,2023-12-28,8500,7,15745934.199523926,126.0,0.0,126.0,126,too_few_news_articles
VIAV,1993-11-17,2023-12-28,7582,7,15836997.71785736,253.0,0.0,253.0,253,too_few_news_articles
VGSH,2009-11-23,2023-12-28,3548,5,149662900.28381345,194.0,11.0,183.0,194,too_few_news_articles
VGLT,2010-01-04,2023-12-28,3521,5,88631204.68139648,159.0,16.0,143.0,156,too_few_news_articles
AUB,1993-10-06,2023-12-28,7612,7,10671270.098304749,217.0,0.0,217.0,217,too_few_news_articles
VEU,2007-03-08,2023-12-28,4233,5,119333168.13259123,360.0,55.0,305.0,351,too_few_news_articles
AVDL,1996-06-07,2023-12-28,6937,7,6281507.507324219,7.0,0.0,7.0,7,too_few_news_articles
VECO,1994-11-29,2023-12-28,7322,7,9584243.171405792,457.0,120.0,337.0,457,too_few_news_articles
VCSH,2009-11-23,2023-12-28,3548,5,311807395.21865845,451.0,75.0,376.0,450,too_few_news_articles
VCLT,2009-11-23,2023-12-28,3548,5,101916483.49952698,143.0,0.0,143.0,143,too_few_news_articles
VCIT,2009-11-23,2023-12-28,3548,5,413637479.1397095,340.0,42.0,298.0,338,too_few_news_articles
UWM,2007-01-25,2023-12-28,4262,5,28708335.954666138,132.0,53.0,79.0,132,too_few_news_articles
UTG,2004-02-25,2023-12-28,4996,5,6239096.516609192,218.0,56.0,162.0,218,too_few_news_articles
USRT,2007-05-04,2023-12-28,4193,5,10529065.159797668,65.0,0.0,65.0,65,too_few_news_articles
USIG,2007-01-11,2023-12-28,4271,5,39021378.97167206,75.0,0.0,75.0,75,too_few_news_articles
BAB,2009-11-17,2023-12-28,3552,5,6213802.062416077,304.0,117.0,187.0,290,too_few_news_articles
URTY,2010-02-11,2023-12-28,3494,5,27701459.437179565,22.0,0.0,22.0,22,too_few_news_articles
UPRO,2009-06-25,2023-12-28,3653,5,313170442.7848816,191.0,16.0,175.0,189,too_few_news_articles
CIM,2007-11-29,2023-12-28,4048,5,10654042.954158785,341.0,0.0,341.0,337,too_few_news_articles
UHAL,1994-11-04,2023-12-28,7338,7,9298607.846450806,199.0,0.0,199.0,199,too_few_news_articles
VOOV,2010-09-09,2023-12-28,3349,5,11684475.848388672,185.0,51.0,134.0,185,too_few_news_articles
UDOW,2010-02-11,2023-12-28,3494,5,149740787.6739502,169.0,53.0,116.0,168,too_few_news_articles
VOT,2006-08-25,2023-12-28,4365,5,25738578.23867797,410.0,59.0,351.0,407,too_few_news_articles
VSS,2009-04-06,2023-12-28,3709,5,22708762.6991272,241.0,55.0,186.0,238,too_few_news_articles
ewl,1996-03-18,2023-12-28,6994,7,26506589.151382446,0.0,0.0,0.0,0,too_few_news_articles
efa,2001-08-27,2023-12-28,5620,7,1123732323.449707,0.0,0.0,0.0,0,too_few_news_articles
cmre,2010-11-04,2023-12-28,3309,5,5172939.499807358,0.0,0.0,0.0,0,too_few_news_articles
cbz,1995-04-27,2023-12-28,7219,7,9994997.226905825,0.0,0.0,0.0,0,too_few_news_articles
cboe,2010-06-15,2023-12-28,3409,5,92220201.47781372,0.0,0.0,0.0,0,too_few_news_articles
ZROZ,2009-11-04,2023-12-28,3561,5,18982347.078323364,86.0,0.0,86.0,82,too_few_news_articles
XMHQ,2006-12-01,2023-12-28,4297,5,8216585.983657837,50.0,0.0,50.0,50,too_few_news_articles
ALT,2000-01-04,2023-12-28,6002,10,6493333.133983612,229.0,0.0,229.0,224,too_few_news_articles
XLG,2005-05-10,2023-12-28,4692,5,14106984.127044678,188.0,59.0,129.0,185,too_few_news_articles
AMEH,2009-03-11,2023-12-28,3727,5,5367584.076404572,109.0,0.0,109.0,109,too_few_news_articles
AMLP,2010-08-25,2023-12-28,3359,5,52324332.17029572,331.0,0.0,331.0,330,too_few_news_articles
WTRG,1980-03-17,2023-12-28,11040,7,44673483.89225006,364.0,0.0,364.0,364,too_few_news_articles
WINA,1993-08-25,2023-12-28,7641,7,6744328.337097168,461.0,198.0,263.0,455,too_few_news_articles
AOA,2008-11-11,2023-12-28,3808,5,5386029.980659485,109.0,35.0,74.0,109,too_few_news_articles
AOR,2008-11-19,2023-12-28,3802,5,10562508.116912842,157.0,50.0,107.0,157,too_few_news_articles
APPS,2006-07-06,2023-12-28,4401,5,15644287.965965273,371.0,0.0,371.0,371,too_few_news_articles
VXF,2002-01-04,2023-12-28,5534,5,38504245.34912109,250.0,21.0,229.0,248,too_few_news_articles
VV,2004-01-30,2023-12-28,5013,5,40416447.5692749,176.0,0.0,176.0,168,too_few_news_articles
VTWO,2010-09-22,2023-12-28,3340,5,94340350.17471312,301.0,73.0,228.0,300,too_few_news_articles
VTNR,1992-10-21,2023-12-28,7854,7,11810272.585630417,229.0,0.0,229.0,229,too_few_news_articles
VT,2008-06-26,2023-12-28,3904,5,144600534.0801239,301.0,0.0,301.0,294,too_few_news_articles
AROC,2007-08-21,2023-12-28,4118,5,9269274.600219728,350.0,0.0,350.0,350,too_few_news_articles
UCO,2008-11-25,2023-12-28,3798,5,71054088.08841705,322.0,70.0,252.0,320,too_few_news_articles
UMH,1985-02-20,2023-12-28,9793,7,5256335.945892334,153.0,0.0,153.0,153,too_few_news_articles
BDN,1986-07-24,2023-12-28,9434,7,9884162.07075119,252.0,0.0,252.0,252,too_few_news_articles
SPHQ,2005-12-06,2023-12-28,4546,5,27966655.216407776,367.0,27.0,340.0,367,too_few_news_articles
SUSA,2005-01-28,2023-12-28,4762,5,8253167.029953003,229.0,0.0,229.0,229,too_few_news_articles
SUB,2008-11-19,2023-12-28,3802,5,58234748.081970215,205.0,71.0,134.0,202,too_few_news_articles
BWX,2007-10-11,2023-12-28,4082,5,5159001.002025604,178.0,54.0,124.0,165,too_few_news_articles
BWXT,2010-08-02,2023-12-28,3376,5,32386698.19984436,259.0,0.0,259.0,259,too_few_news_articles
BXMT,1980-12-29,2023-12-28,10842,7,48437005.17539978,298.0,0.0,298.0,298,too_few_news_articles
BCRX,1994-03-04,2023-12-28,7508,7,18607647.858047485,462.0,0.0,462.0,462,too_few_news_articles
SPIB,2009-02-20,2023-12-28,3740,5,157014926.97429657,126.0,0.0,126.0,126,too_few_news_articles
BSV,2007-04-10,2023-12-28,4211,5,168950917.54951477,321.0,0.0,321.0,316,too_few_news_articles
CACC,1992-06-05,2023-12-28,7950,7,30451222.10388184,458.0,0.0,458.0,458,too_few_news_articles
CAL,1980-03-17,2023-12-28,11040,7,11433324.670791626,464.0,0.0,464.0,448,too_few_news_articles
SPIP,2007-05-30,2023-12-28,4176,5,10464611.371612549,30.0,0.0,30.0,30,too_few_news_articles
SPXL,2008-11-05,2023-12-28,3812,5,860504224.4018555,154.0,0.0,154.0,154,too_few_news_articles
SPXC,1980-03-17,2023-12-28,11040,7,13814288.174438477,161.0,0.0,161.0,161,too_few_news_articles
SPTM,2000-10-10,2023-12-28,5841,7,22990794.68975067,70.0,0.0,70.0,70,too_few_news_articles
SPTI,2007-05-30,2023-12-28,4176,5,95335888.98296356,71.0,0.0,71.0,71,too_few_news_articles
SPLG,2005-11-15,2023-12-28,4560,5,175753244.61231232,214.0,0.0,214.0,214,too_few_news_articles
SPSC,2010-04-22,2023-12-28,3446,5,22855858.95614624,237.0,0.0,237.0,237,too_few_news_articles
CADE,1985-10-16,2023-12-28,9628,7,28283704.46929932,293.0,0.0,293.0,292,too_few_news_articles
CBU,1985-11-26,2023-12-28,9599,7,14022449.983215332,349.0,0.0,349.0,349,too_few_news_articles
TBF,2009-08-20,2023-12-28,3614,5,15805692.969989777,169.0,55.0,114.0,161,too_few_news_articles
CCEP,1986-11-24,2023-12-28,9348,7,66971393.50547791,236.0,0.0,236.0,236,too_few_news_articles
CHCO,1987-06-26,2023-12-28,9200,7,5914723.555755615,401.0,102.0,299.0,383,too_few_news_articles
CENTA,2007-02-06,2023-12-28,4254,5,5660106.935501099,269.0,81.0,188.0,269,too_few_news_articles
TT,1980-03-17,2023-12-28,11040,7,225259461.0397339,405.0,0.0,405.0,405,too_few_news_articles
CEF,1986-04-03,2023-12-28,9512,7,7406977.347373964,63.0,0.0,63.0,63,too_few_news_articles
BIL,2007-05-30,2023-12-28,4176,5,622548629.151535,366.0,58.0,308.0,361,too_few_news_articles
BIV,2007-04-10,2023-12-28,4211,5,74671198.5572815,279.0,55.0,224.0,278,too_few_news_articles
BKD,2005-11-22,2023-12-28,4556,5,5263627.379179001,338.0,0.0,338.0,337,too_few_news_articles
TNA,2008-11-19,2023-12-28,3802,5,408373174.264431,476.0,174.0,302.0,326,too_few_news_articles
TELL,1988-08-03,2023-12-28,8921,7,13643214.758968351,379.0,0.0,379.0,379,too_few_news_articles
TMV,2009-04-16,2023-12-28,3702,5,44256641.71791077,351.0,112.0,239.0,255,too_few_news_articles
CDMO,1994-04-04,2023-12-28,7488,7,6698151.118469238,128.0,0.0,128.0,128,too_few_news_articles
TLK,1995-11-14,2023-12-28,7079,7,5028665.418720245,402.0,130.0,272.0,349,too_few_news_articles
TLH,2007-01-11,2023-12-28,4271,5,66218820.48339844,229.0,55.0,174.0,217,too_few_news_articles
SPDW,2007-04-26,2023-12-28,4199,5,87940917.29516983,79.0,0.0,79.0,79,too_few_news_articles
SPEM,2007-03-23,2023-12-28,4222,5,51574124.38278198,68.0,0.0,68.0,68,too_few_news_articles
TGNA,1980-03-17,2023-12-28,11040,7,29747188.261270523,383.0,0.0,383.0,383,too_few_news_articles
TGI,1996-10-25,2023-12-28,6839,7,9654860.61758995,483.0,0.0,483.0,483,too_few_news_articles
TFI,2007-09-13,2023-12-28,4102,5,31072301.358413696,105.0,0.0,105.0,100,too_few_news_articles
BLFS,1989-11-22,2023-12-28,8590,7,5710327.535057068,129.0,0.0,129.0,129,too_few_news_articles
SPMB,2009-01-30,2023-12-28,3754,5,18297538.883399963,27.0,0.0,27.0,27,too_few_news_articles
GPP,2010-11-24,2023-12-28,2437,315,594607.9904556274,68.0,0.0,68.0,68,too_few_price_rows
SPFI,2004-06-21,2023-12-28,1908,736,707264.9962425232,84.0,0.0,84.0,84,too_few_price_rows
JSML,2007-11-29,2023-12-28,2573,399,625333.2172393799,0.0,0.0,0.0,0,too_few_price_rows
GMBL,2010-07-07,2023-12-28,1870,148,539325.6047792435,57.0,0.0,57.0,57,too_few_price_rows
QUS,2007-06-05,2023-12-28,2449,1380,2521225.5073547363,140.0,0.0,140.0,140,too_few_price_rows
CARR,2007-12-27,2023-12-28,1002,3079,218127399.8090744,658.0,0.0,658.0,658,too_few_price_rows
GAN,2009-12-21,2023-12-28,954,1212,341542.50403642654,116.0,0.0,116.0,116,too_few_price_rows
KOD,2007-12-27,2023-12-28,1668,2689,1764642.0102596283,99.0,0.0,99.0,99,too_few_price_rows
LCR,2007-06-15,2023-12-28,1572,776,102811.45009994508,0.0,0.0,0.0,0,too_few_price_rows
FRHC,2005-12-08,2023-12-28,2725,66,8445228.771972656,49.0,0.0,49.0,49,too_few_price_rows
BNR,2009-11-20,2023-12-28,1521,871,70696.50099277496,58.0,0.0,58.0,58,too_few_price_rows
FITBP,2008-08-29,2023-12-28,2219,2248,273729.99782562256,6.0,0.0,6.0,6,too_few_price_rows
PCB,2006-12-21,2023-12-28,1891,834,406387.4894142151,102.0,0.0,102.0,102,too_few_price_rows
NTB,2010-05-17,2023-12-28,2543,996,5406126.355266571,282.0,0.0,282.0,282,too_few_price_rows
NTR,2007-07-12,2023-12-28,1540,1251,124131751.19400024,815.0,0.0,815.0,815,too_few_price_rows
TWLO,2003-10-10,2023-12-28,2721,1575,187936588.67645264,2034.0,0.0,2034.0,2034,too_few_price_rows
GNOM,2010-11-11,2023-12-28,1778,2214,655007.7077865601,19.0,0.0,19.0,19,too_few_price_rows
DOMO,2008-03-31,2023-12-28,1909,1339,5262852.006626129,196.0,0.0,196.0,196,too_few_price_rows
